11:21:15.320  INIT  user_agent=OAuth pypoe/0.1.0 (flipper) delay=0.0 min_gap=1.0
11:21:15.322  PRE   POST /api/trade/search/Standard  delay=0.000 min_gap=1.000 last=1784798475.321
11:21:15.322  ENF   delay=0.000 min_gap=1.000 jitter=1.678 gap=2.678 since_last=0.002 sleep=2.676
11:21:18.399  PARSE Account 3:5:60 → 2.500s/req pen=60s (used=2); Ip 8:10:60 → 1.094s/req pen=60s (used=2); Ip 15:60:120 → 5.200s/req pen=120s (used=8); Ip 60:300:1800 → 7.125s/req pen=1800s (used=37)  delay 0.000→8.125  min_gap→0  max_usage=62%
11:21:18.399  RAW   content-type: application/json
11:21:18.399  RAW   x-rate-limit-policy: trade-search-request-limit
11:21:18.399  RAW   x-rate-limit-rules: Account,Ip
11:21:18.399  RAW   x-rate-limit-account: 3:5:60
11:21:18.399  RAW   x-rate-limit-account-state: 2:5:0
11:21:18.399  RAW   x-rate-limit-ip: 8:10:60,15:60:120,60:300:1800
11:21:18.399  RAW   x-rate-limit-ip-state: 2:10:0,8:60:0,37:300:0
11:21:18.399  RAW   cf-cache-status: DYNAMIC
11:21:18.399  RAW   cf-ray: a1f99d37ad25eeb2-WAW
11:21:18.399  RESP  POST /api/trade/search/Standard → 200  3.076s  delay=8.125 min_gap=0.000 last=1784798478.400
11:21:18.399  PRE   GET /api/trade/fetch/70f7dda062bd9a3e901dced397c6a5b1a50baaa062b768adc128238bb5c24a41%2C990ac43fb32b6da19282053af77b940a807c67f0b56da64144bead9a73955613%2C8da08b463b181e850fac0ecc10e8fdf7d4cafc1d6ff7c029ced6dffc9ad9b2f9%2Ca4a4a143a702ca4078a0efe3bb0e7881d4ba91eb4ed8e0f20036320f745accd3%2C9f8288d718d4bf30a3372429a7703f8705037a72160e089645d6494ebf821117  delay=8.125 min_gap=0.000 last=1784798478.400
11:21:18.399  ENF   delay=8.125 min_gap=0.000 jitter=2.137 gap=10.262 since_last=0.000 sleep=10.262
11:21:29.284  PARSE Account 6:4:10 → 0.667s/req pen=10s (used=2); Ip 12:4:60 → 0.250s/req pen=60s (used=2); Ip 16:12:60 → 0.516s/req pen=60s (used=2)  delay 8.125→1.667  min_gap→0  max_usage=0%
11:21:29.284  RAW   content-type: application/json
11:21:29.284  RAW   x-rate-limit-policy: trade-fetch-request-limit
11:21:29.284  RAW   x-rate-limit-rules: Account,Ip
11:21:29.284  RAW   x-rate-limit-account: 6:4:10
11:21:29.284  RAW   x-rate-limit-account-state: 2:4:0
11:21:29.284  RAW   x-rate-limit-ip: 12:4:60,16:12:60
11:21:29.284  RAW   x-rate-limit-ip-state: 2:4:0,2:12:0
11:21:29.284  RAW   cf-cache-status: DYNAMIC
11:21:29.284  RAW   cf-ray: a1f99d7a2ac1eeb2-WAW
11:21:29.284  RESP  GET /api/trade/fetch/70f7dda062bd9a3e901dced397c6a5b1a50baaa062b768adc128238bb5c24a41%2C990ac43fb32b6da19282053af77b940a807c67f0b56da64144bead9a73955613%2C8da08b463b181e850fac0ecc10e8fdf7d4cafc1d6ff7c029ced6dffc9ad9b2f9%2Ca4a4a143a702ca4078a0efe3bb0e7881d4ba91eb4ed8e0f20036320f745accd3%2C9f8288d718d4bf30a3372429a7703f8705037a72160e089645d6494ebf821117 → 200  10.885s  delay=1.667 min_gap=0.000 last=1784798489.285
11:21:29.285  PRE   POST /api/trade/search/Standard  delay=1.667 min_gap=0.000 last=1784798489.285
11:21:29.285  ENF   delay=1.667 min_gap=0.000 jitter=2.420 gap=4.086 since_last=0.000 sleep=4.086
11:21:33.790  PARSE Account 3:5:60 → 2.500s/req pen=60s (used=2); Ip 8:10:60 → 1.094s/req pen=60s (used=2); Ip 15:60:120 → 4.800s/req pen=120s (used=7); Ip 60:300:1800 → 7.375s/req pen=1800s (used=39)  delay 1.667→8.375  min_gap→0  max_usage=65%
11:21:33.790  RAW   content-type: application/json
11:21:33.790  RAW   x-rate-limit-policy: trade-search-request-limit
11:21:33.790  RAW   x-rate-limit-rules: Account,Ip
11:21:33.790  RAW   x-rate-limit-account: 3:5:60
11:21:33.790  RAW   x-rate-limit-account-state: 2:5:0
11:21:33.790  RAW   x-rate-limit-ip: 8:10:60,15:60:120,60:300:1800
11:21:33.790  RAW   x-rate-limit-ip-state: 2:10:0,7:60:0,39:300:0
11:21:33.790  RAW   cf-cache-status: DYNAMIC
11:21:33.790  RAW   cf-ray: a1f99d979b28eeb2-WAW
11:21:33.790  RESP  POST /api/trade/search/Standard → 200  4.505s  delay=8.375 min_gap=0.000 last=1784798493.791
11:21:33.790  PRE   GET /api/trade/fetch/534d4756b7f44330b30f614831e452a5e813fa84cea5485a38adafd98e1d3fea%2C0495847f858003e6053eedb261951b318ecaeec770a9c09f9bea3e444357e11c%2C86a2ea49a3550a35d26eebbaa24f4ba28a99c74fd3b0bcdcf30cc90700e29ae7%2C7d7e2f3c3d70dad17d62c919768de0c05245787c879999c18423791e7b348d8c%2C270c7093e3d90d6ac164325676ae12c447cad5a5afa7410bb67ebbb2e768aacc  delay=8.375 min_gap=0.000 last=1784798493.791
11:21:33.790  ENF   delay=8.375 min_gap=0.000 jitter=1.233 gap=9.608 since_last=0.000 sleep=9.608
11:21:43.709  PARSE Account 6:4:10 → 0.500s/req pen=10s (used=1); Ip 12:4:60 → 0.208s/req pen=60s (used=1); Ip 16:12:60 → 0.516s/req pen=60s (used=2)  delay 8.375→1.516  min_gap→0  max_usage=0%
11:21:43.709  RAW   content-type: application/json
11:21:43.709  RAW   x-rate-limit-policy: trade-fetch-request-limit
11:21:43.709  RAW   x-rate-limit-rules: Account,Ip
11:21:43.709  RAW   x-rate-limit-account: 6:4:10
11:21:43.709  RAW   x-rate-limit-account-state: 1:4:0
11:21:43.709  RAW   x-rate-limit-ip: 12:4:60,16:12:60
11:21:43.709  RAW   x-rate-limit-ip-state: 1:4:0,2:12:0
11:21:43.709  RAW   cf-cache-status: DYNAMIC
11:21:43.709  RAW   cf-ray: a1f99dd64870eeb2-WAW
11:21:43.710  RESP  GET /api/trade/fetch/534d4756b7f44330b30f614831e452a5e813fa84cea5485a38adafd98e1d3fea%2C0495847f858003e6053eedb261951b318ecaeec770a9c09f9bea3e444357e11c%2C86a2ea49a3550a35d26eebbaa24f4ba28a99c74fd3b0bcdcf30cc90700e29ae7%2C7d7e2f3c3d70dad17d62c919768de0c05245787c879999c18423791e7b348d8c%2C270c7093e3d90d6ac164325676ae12c447cad5a5afa7410bb67ebbb2e768aacc → 200  9.919s  delay=1.516 min_gap=0.000 last=1784798503.710
11:21:43.710  PRE   POST /api/trade/search/Standard  delay=1.516 min_gap=0.000 last=1784798503.710
11:21:43.710  ENF   delay=1.516 min_gap=0.000 jitter=1.880 gap=3.396 since_last=0.000 sleep=3.396
11:21:47.530  PARSE Account 3:5:60 → 1.667s/req pen=60s (used=1); Ip 8:10:60 → 1.094s/req pen=60s (used=2); Ip 15:60:120 → 4.800s/req pen=120s (used=7); Ip 60:300:1800 → 7.625s/req pen=1800s (used=41)  delay 1.516→8.625  min_gap→0  max_usage=68%
11:21:47.530  RAW   content-type: application/json
11:21:47.530  RAW   x-rate-limit-policy: trade-search-request-limit
11:21:47.530  RAW   x-rate-limit-rules: Account,Ip
11:21:47.530  RAW   x-rate-limit-account: 3:5:60
11:21:47.530  RAW   x-rate-limit-account-state: 1:5:0
11:21:47.530  RAW   x-rate-limit-ip: 8:10:60,15:60:120,60:300:1800
11:21:47.530  RAW   x-rate-limit-ip-state: 2:10:0,7:60:0,41:300:0
11:21:47.530  RAW   cf-cache-status: DYNAMIC
11:21:47.530  RAW   cf-ray: a1f99ded6fe6eeb2-WAW
11:21:47.530  RESP  POST /api/trade/search/Standard → 200  3.820s  delay=8.625 min_gap=0.000 last=1784798507.531
11:21:47.530  PRE   GET /api/trade/fetch/3e12fd852f00d9027e3c79028e731cdcf808775edbd60b5ebfd32123c54fa82d%2C5fd8ebb20e37d67508b4cd25932129693819113e24595f82bf6404193a1cff6d%2C3d2da6de8e040ba7fc9c78b75e2f135c153455b2374f384829336dad9c317c62%2Cab3776be28755e20098af4420cc967d24601fc262392512fe9805408365d5ad9%2C4c67938189f2a46ed9944de9d60f7b88be0bc5aa190b1f73fb8c0612aaab61be  delay=8.625 min_gap=0.000 last=1784798507.531
11:21:47.530  ENF   delay=8.625 min_gap=0.000 jitter=2.062 gap=10.687 since_last=0.000 sleep=10.687
11:21:58.798  PARSE Account 6:4:10 → 0.500s/req pen=10s (used=1); Ip 12:4:60 → 0.208s/req pen=60s (used=1); Ip 16:12:60 → 0.516s/req pen=60s (used=2)  delay 8.625→1.516  min_gap→0  max_usage=0%
11:21:58.798  RAW   content-type: application/json
11:21:58.798  RAW   x-rate-limit-policy: trade-fetch-request-limit
11:21:58.798  RAW   x-rate-limit-rules: Account,Ip
11:21:58.798  RAW   x-rate-limit-account: 6:4:10
11:21:58.798  RAW   x-rate-limit-account-state: 1:4:0
11:21:58.798  RAW   x-rate-limit-ip: 12:4:60,16:12:60
11:21:58.798  RAW   x-rate-limit-ip-state: 1:4:0,2:12:0
11:21:58.798  RAW   cf-cache-status: DYNAMIC
11:21:58.798  RAW   cf-ray: a1f99e32e97feeb2-WAW
11:21:58.798  RESP  GET /api/trade/fetch/3e12fd852f00d9027e3c79028e731cdcf808775edbd60b5ebfd32123c54fa82d%2C5fd8ebb20e37d67508b4cd25932129693819113e24595f82bf6404193a1cff6d%2C3d2da6de8e040ba7fc9c78b75e2f135c153455b2374f384829336dad9c317c62%2Cab3776be28755e20098af4420cc967d24601fc262392512fe9805408365d5ad9%2C4c67938189f2a46ed9944de9d60f7b88be0bc5aa190b1f73fb8c0612aaab61be → 200  11.268s  delay=1.516 min_gap=0.000 last=1784798518.799
11:21:58.816  PRE   POST /api/trade/search/Standard  delay=1.516 min_gap=0.000 last=1784798518.799
11:21:58.816  ENF   delay=1.516 min_gap=0.000 jitter=2.043 gap=3.559 since_last=0.018 sleep=3.541
11:22:02.787  PARSE Account 3:5:60 → 1.667s/req pen=60s (used=1); Ip 8:10:60 → 1.094s/req pen=60s (used=2); Ip 15:60:120 → 5.200s/req pen=120s (used=8); Ip 60:300:1800 → 6.875s/req pen=1800s (used=35)  delay 1.516→7.875  min_gap→0  max_usage=58%
11:22:02.787  RAW   content-type: application/json
11:22:02.787  RAW   x-rate-limit-policy: trade-search-request-limit
11:22:02.787  RAW   x-rate-limit-rules: Account,Ip
11:22:02.787  RAW   x-rate-limit-account: 3:5:60
11:22:02.787  RAW   x-rate-limit-account-state: 1:5:0
11:22:02.787  RAW   x-rate-limit-ip: 8:10:60,15:60:120,60:300:1800
11:22:02.787  RAW   x-rate-limit-ip-state: 2:10:0,8:60:0,35:300:0
11:22:02.787  RAW   cf-cache-status: DYNAMIC
11:22:02.787  RAW   cf-ray: a1f99e4cce88eeb2-WAW
11:22:02.787  RESP  POST /api/trade/search/Standard → 200  3.970s  delay=7.875 min_gap=0.000 last=1784798522.787
11:22:02.787  PRE   GET /api/trade/fetch/bbc48b7fed1b33e15e47c8f5b4a240a50b47e459762a1f446c704d4b3232e91e%2C74e27cc7b9a32c15d122f40090412a5070999269f8fa129c8909529c38476fa5%2C649e76cbc5c685bce7b15b130f1bfcb6e83e0cde513b8a1f5fab9fd7ba439819%2Ca787d5fb9dd8a2ce86daa1a08a7474600a37e26c9416c9162071835d1253249a%2Ce44a52601cfaef9022367fffc098f2d3bb9506c6cfcd41a9b5f4a58f05af52e7  delay=7.875 min_gap=0.000 last=1784798522.787
11:22:02.787  ENF   delay=7.875 min_gap=0.000 jitter=1.035 gap=8.910 since_last=0.000 sleep=8.910
11:22:12.307  PARSE Account 6:4:10 → 0.500s/req pen=10s (used=1); Ip 12:4:60 → 0.208s/req pen=60s (used=1); Ip 16:12:60 → 0.516s/req pen=60s (used=2)  delay 7.875→1.516  min_gap→0  max_usage=0%
11:22:12.307  RAW   content-type: application/json
11:22:12.307  RAW   x-rate-limit-policy: trade-fetch-request-limit
11:22:12.307  RAW   x-rate-limit-rules: Account,Ip
11:22:12.307  RAW   x-rate-limit-account: 6:4:10
11:22:12.307  RAW   x-rate-limit-account-state: 1:4:0
11:22:12.307  RAW   x-rate-limit-ip: 12:4:60,16:12:60
11:22:12.307  RAW   x-rate-limit-ip-state: 1:4:0,2:12:0
11:22:12.307  RAW   cf-cache-status: DYNAMIC
11:22:12.307  RAW   cf-ray: a1f99e872a86eeb2-WAW
11:22:12.307  RESP  GET /api/trade/fetch/bbc48b7fed1b33e15e47c8f5b4a240a50b47e459762a1f446c704d4b3232e91e%2C74e27cc7b9a32c15d122f40090412a5070999269f8fa129c8909529c38476fa5%2C649e76cbc5c685bce7b15b130f1bfcb6e83e0cde513b8a1f5fab9fd7ba439819%2Ca787d5fb9dd8a2ce86daa1a08a7474600a37e26c9416c9162071835d1253249a%2Ce44a52601cfaef9022367fffc098f2d3bb9506c6cfcd41a9b5f4a58f05af52e7 → 200  9.520s  delay=1.516 min_gap=0.000 last=1784798532.308
11:22:12.307  PRE   POST /api/trade/search/Standard  delay=1.516 min_gap=0.000 last=1784798532.308
11:22:12.307  ENF   delay=1.516 min_gap=0.000 jitter=1.132 gap=2.648 since_last=0.000 sleep=2.648
11:22:15.366  PARSE Account 3:5:60 → 2.500s/req pen=60s (used=2); Ip 8:10:60 → 1.094s/req pen=60s (used=2); Ip 15:60:120 → 4.800s/req pen=120s (used=7); Ip 60:300:1800 → 7.125s/req pen=1800s (used=37)  delay 1.516→8.125  min_gap→0  max_usage=62%
11:22:15.366  RAW   content-type: application/json
11:22:15.366  RAW   x-rate-limit-policy: trade-search-request-limit
11:22:15.366  RAW   x-rate-limit-rules: Account,Ip
11:22:15.366  RAW   x-rate-limit-account: 3:5:60
11:22:15.366  RAW   x-rate-limit-account-state: 2:5:0
11:22:15.366  RAW   x-rate-limit-ip: 8:10:60,15:60:120,60:300:1800
11:22:15.366  RAW   x-rate-limit-ip-state: 2:10:0,7:60:0,37:300:0
11:22:15.366  RAW   cf-cache-status: DYNAMIC
11:22:15.366  RAW   cf-ray: a1f99e9b7e54eeb2-WAW
11:22:15.366  RESP  POST /api/trade/search/Standard → 200  3.059s  delay=8.125 min_gap=0.000 last=1784798535.367
11:22:15.366  PRE   GET /api/trade/fetch/534d4756b7f44330b30f614831e452a5e813fa84cea5485a38adafd98e1d3fea%2C0495847f858003e6053eedb261951b318ecaeec770a9c09f9bea3e444357e11c%2Cebb4c8aefd571afc4495dd492274ed8e8498ae20efb804b54922f66e29502885%2C7d7e2f3c3d70dad17d62c919768de0c05245787c879999c18423791e7b348d8c%2Cb242d46eb9c5c387af22770572b59bf69110dc2484d89a502208e0b0020fa2c9  delay=8.125 min_gap=0.000 last=1784798535.367
11:22:15.366  ENF   delay=8.125 min_gap=0.000 jitter=1.594 gap=9.719 since_last=0.000 sleep=9.719
11:22:25.361  PARSE Account 6:4:10 → 0.500s/req pen=10s (used=1); Ip 12:4:60 → 0.208s/req pen=60s (used=1); Ip 16:12:60 → 0.516s/req pen=60s (used=2)  delay 8.125→1.516  min_gap→0  max_usage=0%
11:22:25.361  RAW   content-type: application/json
11:22:25.361  RAW   x-rate-limit-policy: trade-fetch-request-limit
11:22:25.361  RAW   x-rate-limit-rules: Account,Ip
11:22:25.361  RAW   x-rate-limit-account: 6:4:10
11:22:25.361  RAW   x-rate-limit-account-state: 1:4:0
11:22:25.361  RAW   x-rate-limit-ip: 12:4:60,16:12:60
11:22:25.361  RAW   x-rate-limit-ip-state: 1:4:0,2:12:0
11:22:25.361  RAW   cf-cache-status: DYNAMIC
11:22:25.361  RAW   cf-ray: a1f99edad8daeeb2-WAW
11:22:25.361  RESP  GET /api/trade/fetch/534d4756b7f44330b30f614831e452a5e813fa84cea5485a38adafd98e1d3fea%2C0495847f858003e6053eedb261951b318ecaeec770a9c09f9bea3e444357e11c%2Cebb4c8aefd571afc4495dd492274ed8e8498ae20efb804b54922f66e29502885%2C7d7e2f3c3d70dad17d62c919768de0c05245787c879999c18423791e7b348d8c%2Cb242d46eb9c5c387af22770572b59bf69110dc2484d89a502208e0b0020fa2c9 → 200  9.994s  delay=1.516 min_gap=0.000 last=1784798545.361
11:22:25.361  PRE   POST /api/trade/search/Standard  delay=1.516 min_gap=0.000 last=1784798545.361
11:22:25.361  ENF   delay=1.516 min_gap=0.000 jitter=1.277 gap=2.793 since_last=0.000 sleep=2.793
11:22:28.672  PARSE Account 3:5:60 → 2.500s/req pen=60s (used=2); Ip 8:10:60 → 1.094s/req pen=60s (used=2); Ip 15:60:120 → 5.600s/req pen=120s (used=9); Ip 60:300:1800 → 7.375s/req pen=1800s (used=39)  delay 1.516→8.375  min_gap→0  max_usage=65%
11:22:28.672  RAW   content-type: application/json
11:22:28.672  RAW   x-rate-limit-policy: trade-search-request-limit
11:22:28.672  RAW   x-rate-limit-rules: Account,Ip
11:22:28.672  RAW   x-rate-limit-account: 3:5:60
11:22:28.672  RAW   x-rate-limit-account-state: 2:5:0
11:22:28.672  RAW   x-rate-limit-ip: 8:10:60,15:60:120,60:300:1800
11:22:28.672  RAW   x-rate-limit-ip-state: 2:10:0,9:60:0,39:300:0
11:22:28.672  RAW   cf-cache-status: DYNAMIC
11:22:28.672  RAW   cf-ray: a1f99eedf97eeeb2-WAW
11:22:28.672  RESP  POST /api/trade/search/Standard → 200  3.311s  delay=8.375 min_gap=0.000 last=1784798548.672
11:22:28.672  PRE   GET /api/trade/fetch/5d446994deb3dff4dc3bc9a5a65f4674c18a8f2c86a47ecf53c5f825fa727fec%2Cff29809d75858179fa0c790117aa756d670a35024b1f404cf2db926e4dab8f23%2C3db91dd97de5c696ab13a21d96e4ab615fc4c3b3effe784ab2306a8d2bb3815d%2Cc6da1e8bc8e83516a917925b5fb10458f2733cd62ebcdf42510f88dfabb41b12%2Caffb9b5efd906c77d084bca23476cb571d9b2418325022b5630b2086afb0b96a  delay=8.375 min_gap=0.000 last=1784798548.672
11:22:28.672  ENF   delay=8.375 min_gap=0.000 jitter=2.148 gap=10.523 since_last=0.000 sleep=10.523
11:22:39.534  PARSE Account 6:4:10 → 0.667s/req pen=10s (used=2); Ip 12:4:60 → 0.250s/req pen=60s (used=2); Ip 16:12:60 → 0.516s/req pen=60s (used=2)  delay 8.375→1.667  min_gap→0  max_usage=0%
11:22:39.534  RAW   content-type: application/json
11:22:39.534  RAW   x-rate-limit-policy: trade-fetch-request-limit
11:22:39.534  RAW   x-rate-limit-rules: Account,Ip
11:22:39.534  RAW   x-rate-limit-account: 6:4:10
11:22:39.534  RAW   x-rate-limit-account-state: 2:4:0
11:22:39.534  RAW   x-rate-limit-ip: 12:4:60,16:12:60
11:22:39.534  RAW   x-rate-limit-ip-state: 2:4:0,2:12:0
11:22:39.534  RAW   cf-cache-status: DYNAMIC
11:22:39.534  RAW   cf-ray: a1f99f32fc25eeb2-WAW
11:22:39.534  RESP  GET /api/trade/fetch/5d446994deb3dff4dc3bc9a5a65f4674c18a8f2c86a47ecf53c5f825fa727fec%2Cff29809d75858179fa0c790117aa756d670a35024b1f404cf2db926e4dab8f23%2C3db91dd97de5c696ab13a21d96e4ab615fc4c3b3effe784ab2306a8d2bb3815d%2Cc6da1e8bc8e83516a917925b5fb10458f2733cd62ebcdf42510f88dfabb41b12%2Caffb9b5efd906c77d084bca23476cb571d9b2418325022b5630b2086afb0b96a → 200  10.862s  delay=1.667 min_gap=0.000 last=1784798559.534
11:22:39.556  PRE   POST /api/trade/search/Standard  delay=1.667 min_gap=0.000 last=1784798559.534
11:22:39.556  ENF   delay=1.667 min_gap=0.000 jitter=1.744 gap=3.410 since_last=0.023 sleep=3.388
11:22:43.469  PARSE Account 3:5:60 → 2.500s/req pen=60s (used=2); Ip 8:10:60 → 1.094s/req pen=60s (used=2); Ip 15:60:120 → 5.600s/req pen=120s (used=9); Ip 60:300:1800 → 7.625s/req pen=1800s (used=41)  delay 1.667→8.625  min_gap→0  max_usage=68%
11:22:43.469  RAW   content-type: application/json
11:22:43.469  RAW   x-rate-limit-policy: trade-search-request-limit
11:22:43.469  RAW   x-rate-limit-rules: Account,Ip
11:22:43.469  RAW   x-rate-limit-account: 3:5:60
11:22:43.469  RAW   x-rate-limit-account-state: 2:5:0
11:22:43.469  RAW   x-rate-limit-ip: 8:10:60,15:60:120,60:300:1800
11:22:43.469  RAW   x-rate-limit-ip-state: 2:10:0,9:60:0,41:300:0
11:22:43.469  RAW   cf-cache-status: DYNAMIC
11:22:43.469  RAW   cf-ray: a1f99f4a68d3eeb2-WAW
11:22:43.469  RESP  POST /api/trade/search/Standard → 200  3.912s  delay=8.625 min_gap=0.000 last=1784798563.469
11:22:43.469  PRE   GET /api/trade/fetch/990ac43fb32b6da19282053af77b940a807c67f0b56da64144bead9a73955613%2C9f8288d718d4bf30a3372429a7703f8705037a72160e089645d6494ebf821117%2C3210020a501e567430652ec57beee6b1ba62cdd955a1004001dcac4d8de4e952%2C5fd8ebb20e37d67508b4cd25932129693819113e24595f82bf6404193a1cff6d%2Cf93c34461e8a3136913532d8892bcbc218ace4207956c8ce8cddfe060006c8c1  delay=8.625 min_gap=0.000 last=1784798563.469
11:22:43.469  ENF   delay=8.625 min_gap=0.000 jitter=2.443 gap=11.068 since_last=0.000 sleep=11.068
11:22:54.906  PARSE Account 6:4:10 → 0.500s/req pen=10s (used=1); Ip 12:4:60 → 0.208s/req pen=60s (used=1); Ip 16:12:60 → 0.516s/req pen=60s (used=2)  delay 8.625→1.516  min_gap→0  max_usage=0%
11:22:54.907  RAW   content-type: application/json
11:22:54.907  RAW   x-rate-limit-policy: trade-fetch-request-limit
11:22:54.907  RAW   x-rate-limit-rules: Account,Ip
11:22:54.907  RAW   x-rate-limit-account: 6:4:10
11:22:54.907  RAW   x-rate-limit-account-state: 1:4:0
11:22:54.907  RAW   x-rate-limit-ip: 12:4:60,16:12:60
11:22:54.907  RAW   x-rate-limit-ip-state: 1:4:0,2:12:0
11:22:54.907  RAW   cf-cache-status: DYNAMIC
11:22:54.907  RAW   cf-ray: a1f99f92ecd0eeb2-WAW
11:22:54.907  RESP  GET /api/trade/fetch/990ac43fb32b6da19282053af77b940a807c67f0b56da64144bead9a73955613%2C9f8288d718d4bf30a3372429a7703f8705037a72160e089645d6494ebf821117%2C3210020a501e567430652ec57beee6b1ba62cdd955a1004001dcac4d8de4e952%2C5fd8ebb20e37d67508b4cd25932129693819113e24595f82bf6404193a1cff6d%2Cf93c34461e8a3136913532d8892bcbc218ace4207956c8ce8cddfe060006c8c1 → 200  11.437s  delay=1.516 min_gap=0.000 last=1784798574.907
11:22:54.907  PRE   POST /api/trade/search/Standard  delay=1.516 min_gap=0.000 last=1784798574.907
11:22:54.907  ENF   delay=1.516 min_gap=0.000 jitter=1.209 gap=2.725 since_last=0.000 sleep=2.725
11:22:57.987  PARSE Account 3:5:60 → 2.500s/req pen=60s (used=2); Ip 8:10:60 → 1.094s/req pen=60s (used=2); Ip 15:60:120 → 5.600s/req pen=120s (used=9); Ip 60:300:1800 → 7.875s/req pen=1800s (used=43)  delay 1.516→8.875  min_gap→0  max_usage=72%
11:22:57.987  BACK  set 17s backoff at 72% usage
11:22:57.987  RAW   content-type: application/json
11:22:57.987  RAW   x-rate-limit-policy: trade-search-request-limit
11:22:57.987  RAW   x-rate-limit-rules: Account,Ip
11:22:57.987  RAW   x-rate-limit-account: 3:5:60
11:22:57.987  RAW   x-rate-limit-account-state: 2:5:0
11:22:57.987  RAW   x-rate-limit-ip: 8:10:60,15:60:120,60:300:1800
11:22:57.987  RAW   x-rate-limit-ip-state: 2:10:0,9:60:0,43:300:0
11:22:57.987  RAW   cf-cache-status: DYNAMIC
11:22:57.987  RAW   cf-ray: a1f99fa63856eeb2-WAW
11:22:57.987  RESP  POST /api/trade/search/Standard → 200  3.080s  delay=8.875 min_gap=0.000 last=1784798577.988
11:22:57.987  PRE   GET /api/trade/fetch/534d4756b7f44330b30f614831e452a5e813fa84cea5485a38adafd98e1d3fea%2C0495847f858003e6053eedb261951b318ecaeec770a9c09f9bea3e444357e11c%2Cccdfd3d5c3a29c33d9121560363fb392fcb47185c73daac4acd17bafc5f73beb%2C4ae092dd8291e214a47095960a47cde0c566ccdad2d314601eafc7fa1ce861a6%2C202b74cf377b8c40e3c001bc81ff4ecaceee6f1ee883dab94bdc2faaa7701aa6  delay=8.875 min_gap=0.000 last=1784798577.988
11:22:57.987  BACK  sleep=16.7
11:23:14.654  ENF   delay=8.875 min_gap=0.000 jitter=1.349 gap=10.224 since_last=0.000 sleep=10.224
11:23:25.220  PARSE Account 6:4:10 → 0.500s/req pen=10s (used=1); Ip 12:4:60 → 0.208s/req pen=60s (used=1); Ip 16:12:60 → 0.516s/req pen=60s (used=2)  delay 8.875→1.516  min_gap→0  max_usage=0%
11:23:25.220  RAW   content-type: application/json
11:23:25.220  RAW   x-rate-limit-policy: trade-fetch-request-limit
11:23:25.220  RAW   x-rate-limit-rules: Account,Ip
11:23:25.220  RAW   x-rate-limit-account: 6:4:10
11:23:25.220  RAW   x-rate-limit-account-state: 1:4:0
11:23:25.220  RAW   x-rate-limit-ip: 12:4:60,16:12:60
11:23:25.220  RAW   x-rate-limit-ip-state: 1:4:0,2:12:0
11:23:25.220  RAW   cf-cache-status: DYNAMIC
11:23:25.220  RAW   cf-ray: a1f9a0508b65eeb2-WAW
11:23:25.220  RESP  GET /api/trade/fetch/534d4756b7f44330b30f614831e452a5e813fa84cea5485a38adafd98e1d3fea%2C0495847f858003e6053eedb261951b318ecaeec770a9c09f9bea3e444357e11c%2Cccdfd3d5c3a29c33d9121560363fb392fcb47185c73daac4acd17bafc5f73beb%2C4ae092dd8291e214a47095960a47cde0c566ccdad2d314601eafc7fa1ce861a6%2C202b74cf377b8c40e3c001bc81ff4ecaceee6f1ee883dab94bdc2faaa7701aa6 → 200  27.233s  delay=1.516 min_gap=0.000 last=1784798605.221
11:23:25.220  PRE   POST /api/trade/search/Standard  delay=1.516 min_gap=0.000 last=1784798605.221
11:23:25.220  ENF   delay=1.516 min_gap=0.000 jitter=1.013 gap=2.529 since_last=0.000 sleep=2.529
11:23:28.291  PARSE Account 3:5:60 → 1.667s/req pen=60s (used=1); Ip 8:10:60 → 1.094s/req pen=60s (used=2); Ip 15:60:120 → 4.800s/req pen=120s (used=7); Ip 60:300:1800 → 7.125s/req pen=1800s (used=37)  delay 1.516→8.125  min_gap→0  max_usage=62%
11:23:28.291  RAW   content-type: application/json
11:23:28.291  RAW   x-rate-limit-policy: trade-search-request-limit
11:23:28.291  RAW   x-rate-limit-rules: Account,Ip
11:23:28.291  RAW   x-rate-limit-account: 3:5:60
11:23:28.291  RAW   x-rate-limit-account-state: 1:5:0
11:23:28.291  RAW   x-rate-limit-ip: 8:10:60,15:60:120,60:300:1800
11:23:28.291  RAW   x-rate-limit-ip-state: 2:10:0,7:60:0,37:300:0
11:23:28.291  RAW   cf-cache-status: DYNAMIC
11:23:28.291  RAW   cf-ray: a1f9a0627a45eeb2-WAW
11:23:28.291  RESP  POST /api/trade/search/Standard → 200  3.070s  delay=8.125 min_gap=0.000 last=1784798608.291
11:23:28.291  PRE   GET /api/trade/fetch/ab3776be28755e20098af4420cc967d24601fc262392512fe9805408365d5ad9%2C5fd8ebb20e37d67508b4cd25932129693819113e24595f82bf6404193a1cff6d%2C4c67938189f2a46ed9944de9d60f7b88be0bc5aa190b1f73fb8c0612aaab61be%2C95ab01918839760df2b4efca2e8d97207e22eb4b6ab3f149cc1acc0e275e6f26%2Cb402b2ec5f029a31e50b27a46467824fe70001c61eb007ce9debdc7fb9638b15  delay=8.125 min_gap=0.000 last=1784798608.291
11:23:28.291  ENF   delay=8.125 min_gap=0.000 jitter=1.086 gap=9.211 since_last=0.000 sleep=9.211
11:23:38.064  PARSE Account 6:4:10 → 0.500s/req pen=10s (used=1); Ip 12:4:60 → 0.208s/req pen=60s (used=1); Ip 16:12:60 → 0.516s/req pen=60s (used=2)  delay 8.125→1.516  min_gap→0  max_usage=0%
11:23:38.064  RAW   content-type: application/json
11:23:38.064  RAW   x-rate-limit-policy: trade-fetch-request-limit
11:23:38.064  RAW   x-rate-limit-rules: Account,Ip
11:23:38.064  RAW   x-rate-limit-account: 6:4:10
11:23:38.064  RAW   x-rate-limit-account-state: 1:4:0
11:23:38.064  RAW   x-rate-limit-ip: 12:4:60,16:12:60
11:23:38.064  RAW   x-rate-limit-ip-state: 1:4:0,2:12:0
11:23:38.064  RAW   cf-cache-status: DYNAMIC
11:23:38.064  RAW   cf-ray: a1f9a09f686feeb2-WAW
11:23:38.064  RESP  GET /api/trade/fetch/ab3776be28755e20098af4420cc967d24601fc262392512fe9805408365d5ad9%2C5fd8ebb20e37d67508b4cd25932129693819113e24595f82bf6404193a1cff6d%2C4c67938189f2a46ed9944de9d60f7b88be0bc5aa190b1f73fb8c0612aaab61be%2C95ab01918839760df2b4efca2e8d97207e22eb4b6ab3f149cc1acc0e275e6f26%2Cb402b2ec5f029a31e50b27a46467824fe70001c61eb007ce9debdc7fb9638b15 → 200  9.773s  delay=1.516 min_gap=0.000 last=1784798618.065
11:23:38.084  PRE   POST /api/trade/search/Standard  delay=1.516 min_gap=0.000 last=1784798618.065
11:23:38.084  ENF   delay=1.516 min_gap=0.000 jitter=1.274 gap=2.790 since_last=0.020 sleep=2.770
11:23:41.529  PARSE Account 3:5:60 → 1.667s/req pen=60s (used=1); Ip 8:10:60 → 1.094s/req pen=60s (used=2); Ip 15:60:120 → 4.800s/req pen=120s (used=7); Ip 60:300:1800 → 7.375s/req pen=1800s (used=39)  delay 1.516→8.375  min_gap→0  max_usage=65%
11:23:41.529  RAW   content-type: application/json
11:23:41.529  RAW   x-rate-limit-policy: trade-search-request-limit
11:23:41.529  RAW   x-rate-limit-rules: Account,Ip
11:23:41.529  RAW   x-rate-limit-account: 3:5:60
11:23:41.529  RAW   x-rate-limit-account-state: 1:5:0
11:23:41.529  RAW   x-rate-limit-ip: 8:10:60,15:60:120,60:300:1800
11:23:41.529  RAW   x-rate-limit-ip-state: 2:10:0,7:60:0,39:300:0
11:23:41.529  RAW   cf-cache-status: DYNAMIC
11:23:41.529  RAW   cf-ray: a1f9a0b45aa9eeb2-WAW
11:23:41.529  RESP  POST /api/trade/search/Standard → 200  3.444s  delay=8.375 min_gap=0.000 last=1784798621.529
11:23:41.529  PRE   GET /api/trade/fetch/3250d6fe13667763e686f61a2e85897af6999ed776a686f2e36456dceadf475b%2C2bf99278846e91c4f91f2a12cb7e973be66aff2f4891aba541eb831b999d9df3%2C56a635e2689704c1f4e33ceb9a0977b376a133edd231db33e2b34b0d872adf92%2Cd52e76e13e62b6684fe8611d800161860b71f8a6b9056f0d8f578a8c4fcc3cb6%2C98d689a9eee66e763fdf0e4b82f742cbfbfad32b6ef912faeb6ee9c3b3c82468  delay=8.375 min_gap=0.000 last=1784798621.529
11:23:41.529  ENF   delay=8.375 min_gap=0.000 jitter=1.345 gap=9.720 since_last=0.000 sleep=9.720
11:23:51.612  PARSE Account 6:4:10 → 0.500s/req pen=10s (used=1); Ip 12:4:60 → 0.208s/req pen=60s (used=1); Ip 16:12:60 → 0.516s/req pen=60s (used=2)  delay 8.375→1.516  min_gap→0  max_usage=0%
11:23:51.612  RAW   content-type: application/json
11:23:51.612  RAW   x-rate-limit-policy: trade-fetch-request-limit
11:23:51.612  RAW   x-rate-limit-rules: Account,Ip
11:23:51.612  RAW   x-rate-limit-account: 6:4:10
11:23:51.612  RAW   x-rate-limit-account-state: 1:4:0
11:23:51.612  RAW   x-rate-limit-ip: 12:4:60,16:12:60
11:23:51.612  RAW   x-rate-limit-ip-state: 1:4:0,2:12:0
11:23:51.612  RAW   cf-cache-status: DYNAMIC
11:23:51.612  RAW   cf-ray: a1f9a0f55babeeb2-WAW
11:23:51.612  RESP  GET /api/trade/fetch/3250d6fe13667763e686f61a2e85897af6999ed776a686f2e36456dceadf475b%2C2bf99278846e91c4f91f2a12cb7e973be66aff2f4891aba541eb831b999d9df3%2C56a635e2689704c1f4e33ceb9a0977b376a133edd231db33e2b34b0d872adf92%2Cd52e76e13e62b6684fe8611d800161860b71f8a6b9056f0d8f578a8c4fcc3cb6%2C98d689a9eee66e763fdf0e4b82f742cbfbfad32b6ef912faeb6ee9c3b3c82468 → 200  10.083s  delay=1.516 min_gap=0.000 last=1784798631.613
11:23:51.612  PRE   POST /api/trade/search/Standard  delay=1.516 min_gap=0.000 last=1784798631.613
11:23:51.612  ENF   delay=1.516 min_gap=0.000 jitter=2.264 gap=3.780 since_last=0.000 sleep=3.779
11:23:55.876  PARSE Account 3:5:60 → 1.667s/req pen=60s (used=1); Ip 8:10:60 → 0.859s/req pen=60s (used=1); Ip 15:60:120 → 4.800s/req pen=120s (used=7); Ip 60:300:1800 → 7.625s/req pen=1800s (used=41)  delay 1.516→8.625  min_gap→0  max_usage=68%
11:23:55.876  RAW   content-type: application/json
11:23:55.876  RAW   x-rate-limit-policy: trade-search-request-limit
11:23:55.876  RAW   x-rate-limit-rules: Account,Ip
11:23:55.876  RAW   x-rate-limit-account: 3:5:60
11:23:55.876  RAW   x-rate-limit-account-state: 1:5:0
11:23:55.876  RAW   x-rate-limit-ip: 8:10:60,15:60:120,60:300:1800
11:23:55.876  RAW   x-rate-limit-ip-state: 1:10:0,7:60:0,41:300:0
11:23:55.876  RAW   cf-cache-status: DYNAMIC
11:23:55.876  RAW   cf-ray: a1f9a10f3be5eeb2-WAW
11:23:55.877  RESP  POST /api/trade/search/Standard → 200  4.264s  delay=8.625 min_gap=0.000 last=1784798635.877
11:23:55.877  PRE   GET /api/trade/fetch/534d4756b7f44330b30f614831e452a5e813fa84cea5485a38adafd98e1d3fea%2C0495847f858003e6053eedb261951b318ecaeec770a9c09f9bea3e444357e11c%2C86a2ea49a3550a35d26eebbaa24f4ba28a99c74fd3b0bcdcf30cc90700e29ae7%2C2994cf0ff4e6f0ada1734194ac0a287c629c20072f92b84c282d66969508b3df%2C7d7e2f3c3d70dad17d62c919768de0c05245787c879999c18423791e7b348d8c  delay=8.625 min_gap=0.000 last=1784798635.877
11:23:55.877  ENF   delay=8.625 min_gap=0.000 jitter=2.114 gap=10.739 since_last=0.000 sleep=10.739
11:24:07.002  PARSE Account 6:4:10 → 0.500s/req pen=10s (used=1); Ip 12:4:60 → 0.208s/req pen=60s (used=1); Ip 16:12:60 → 0.516s/req pen=60s (used=2)  delay 8.625→1.516  min_gap→0  max_usage=0%
11:24:07.002  RAW   content-type: application/json
11:24:07.002  RAW   x-rate-limit-policy: trade-fetch-request-limit
11:24:07.002  RAW   x-rate-limit-rules: Account,Ip
11:24:07.002  RAW   x-rate-limit-account: 6:4:10
11:24:07.002  RAW   x-rate-limit-account-state: 1:4:0
11:24:07.002  RAW   x-rate-limit-ip: 12:4:60,16:12:60
11:24:07.002  RAW   x-rate-limit-ip-state: 1:4:0,2:12:0
11:24:07.002  RAW   cf-cache-status: DYNAMIC
11:24:07.002  RAW   cf-ray: a1f9a1555be5eeb2-WAW
11:24:07.002  RESP  GET /api/trade/fetch/534d4756b7f44330b30f614831e452a5e813fa84cea5485a38adafd98e1d3fea%2C0495847f858003e6053eedb261951b318ecaeec770a9c09f9bea3e444357e11c%2C86a2ea49a3550a35d26eebbaa24f4ba28a99c74fd3b0bcdcf30cc90700e29ae7%2C2994cf0ff4e6f0ada1734194ac0a287c629c20072f92b84c282d66969508b3df%2C7d7e2f3c3d70dad17d62c919768de0c05245787c879999c18423791e7b348d8c → 200  11.125s  delay=1.516 min_gap=0.000 last=1784798647.003
11:24:07.002  PRE   POST /api/trade/search/Standard  delay=1.516 min_gap=0.000 last=1784798647.003
11:24:07.002  ENF   delay=1.516 min_gap=0.000 jitter=1.412 gap=2.927 since_last=0.000 sleep=2.927
11:24:10.375  PARSE Account 3:5:60 → 1.667s/req pen=60s (used=1); Ip 8:10:60 → 0.859s/req pen=60s (used=1); Ip 15:60:120 → 5.200s/req pen=120s (used=8); Ip 60:300:1800 → 6.875s/req pen=1800s (used=35)  delay 1.516→7.875  min_gap→0  max_usage=58%
11:24:10.375  RAW   content-type: application/json
11:24:10.375  RAW   x-rate-limit-policy: trade-search-request-limit
11:24:10.375  RAW   x-rate-limit-rules: Account,Ip
11:24:10.375  RAW   x-rate-limit-account: 3:5:60
11:24:10.375  RAW   x-rate-limit-account-state: 1:5:0
11:24:10.375  RAW   x-rate-limit-ip: 8:10:60,15:60:120,60:300:1800
11:24:10.375  RAW   x-rate-limit-ip-state: 1:10:0,8:60:0,35:300:0
11:24:10.375  RAW   cf-cache-status: DYNAMIC
11:24:10.375  RAW   cf-ray: a1f9a16a1fb5eeb2-WAW
11:24:10.375  RESP  POST /api/trade/search/Standard → 200  3.373s  delay=7.875 min_gap=0.000 last=1784798650.376
11:24:10.375  PRE   GET /api/trade/fetch/8082edf6e0db8f5d9aa498fcaba65ee29b81c6e4a109cc5268bd5796cb30ee52%2Cd52e76e13e62b6684fe8611d800161860b71f8a6b9056f0d8f578a8c4fcc3cb6%2Cb40291838ff112f5cc99058b262882c73823804756868f7a0fa5ad3551d5ccf7%2C5490851fe5829677a68f3da2c216373fc285d1c4f92abff67ef4975ae3534b80%2C84a15b875f10e5039391c8c465dcf9fd257ca5bee4bf4bb26b677e6529c498ca  delay=7.875 min_gap=0.000 last=1784798650.376
11:24:10.375  ENF   delay=7.875 min_gap=0.000 jitter=1.081 gap=8.956 since_last=0.000 sleep=8.956
11:24:19.691  PARSE Account 6:4:10 → 0.500s/req pen=10s (used=1); Ip 12:4:60 → 0.208s/req pen=60s (used=1); Ip 16:12:60 → 0.516s/req pen=60s (used=2)  delay 7.875→1.516  min_gap→0  max_usage=0%
11:24:19.691  RAW   content-type: application/json
11:24:19.691  RAW   x-rate-limit-policy: trade-fetch-request-limit
11:24:19.691  RAW   x-rate-limit-rules: Account,Ip
11:24:19.691  RAW   x-rate-limit-account: 6:4:10
11:24:19.691  RAW   x-rate-limit-account-state: 1:4:0
11:24:19.691  RAW   x-rate-limit-ip: 12:4:60,16:12:60
11:24:19.691  RAW   x-rate-limit-ip-state: 1:4:0,2:12:0
11:24:19.691  RAW   cf-cache-status: DYNAMIC
11:24:19.691  RAW   cf-ray: a1f9a1a4dc41eeb2-WAW
11:24:19.691  RESP  GET /api/trade/fetch/8082edf6e0db8f5d9aa498fcaba65ee29b81c6e4a109cc5268bd5796cb30ee52%2Cd52e76e13e62b6684fe8611d800161860b71f8a6b9056f0d8f578a8c4fcc3cb6%2Cb40291838ff112f5cc99058b262882c73823804756868f7a0fa5ad3551d5ccf7%2C5490851fe5829677a68f3da2c216373fc285d1c4f92abff67ef4975ae3534b80%2C84a15b875f10e5039391c8c465dcf9fd257ca5bee4bf4bb26b677e6529c498ca → 200  9.315s  delay=1.516 min_gap=0.000 last=1784798659.692
11:24:19.711  PRE   POST /api/trade/search/Standard  delay=1.516 min_gap=0.000 last=1784798659.692
11:24:19.711  ENF   delay=1.516 min_gap=0.000 jitter=1.784 gap=3.299 since_last=0.020 sleep=3.279
11:24:23.530  PARSE Account 3:5:60 → 1.667s/req pen=60s (used=1); Ip 8:10:60 → 1.094s/req pen=60s (used=2); Ip 15:60:120 → 5.200s/req pen=120s (used=8); Ip 60:300:1800 → 7.125s/req pen=1800s (used=37)  delay 1.516→8.125  min_gap→0  max_usage=62%
11:24:23.530  RAW   content-type: application/json
11:24:23.530  RAW   x-rate-limit-policy: trade-search-request-limit
11:24:23.530  RAW   x-rate-limit-rules: Account,Ip
11:24:23.530  RAW   x-rate-limit-account: 3:5:60
11:24:23.530  RAW   x-rate-limit-account-state: 1:5:0
11:24:23.530  RAW   x-rate-limit-ip: 8:10:60,15:60:120,60:300:1800
11:24:23.530  RAW   x-rate-limit-ip-state: 2:10:0,8:60:0,37:300:0
11:24:23.530  RAW   cf-cache-status: DYNAMIC
11:24:23.530  RAW   cf-ray: a1f9a1bbbfbaeeb2-WAW
11:24:23.530  RESP  POST /api/trade/search/Standard → 200  3.819s  delay=8.125 min_gap=0.000 last=1784798663.531
11:24:23.530  PRE   GET /api/trade/fetch/70f7dda062bd9a3e901dced397c6a5b1a50baaa062b768adc128238bb5c24a41%2C990ac43fb32b6da19282053af77b940a807c67f0b56da64144bead9a73955613%2C8da08b463b181e850fac0ecc10e8fdf7d4cafc1d6ff7c029ced6dffc9ad9b2f9%2Ca4a4a143a702ca4078a0efe3bb0e7881d4ba91eb4ed8e0f20036320f745accd3%2C9f8288d718d4bf30a3372429a7703f8705037a72160e089645d6494ebf821117  delay=8.125 min_gap=0.000 last=1784798663.531
11:24:23.530  ENF   delay=8.125 min_gap=0.000 jitter=1.240 gap=9.365 since_last=0.000 sleep=9.364
11:24:33.351  PARSE Account 6:4:10 → 0.500s/req pen=10s (used=1); Ip 12:4:60 → 0.208s/req pen=60s (used=1); Ip 16:12:60 → 0.516s/req pen=60s (used=2)  delay 8.125→1.516  min_gap→0  max_usage=0%
11:24:33.351  RAW   content-type: application/json
11:24:33.351  RAW   x-rate-limit-policy: trade-fetch-request-limit
11:24:33.351  RAW   x-rate-limit-rules: Account,Ip
11:24:33.351  RAW   x-rate-limit-account: 6:4:10
11:24:33.351  RAW   x-rate-limit-account-state: 1:4:0
11:24:33.351  RAW   x-rate-limit-ip: 12:4:60,16:12:60
11:24:33.351  RAW   x-rate-limit-ip-state: 1:4:0,2:12:0
11:24:33.351  RAW   cf-cache-status: DYNAMIC
11:24:33.351  RAW   cf-ray: a1f9a1f99f4feeb2-WAW
11:24:33.351  RESP  GET /api/trade/fetch/70f7dda062bd9a3e901dced397c6a5b1a50baaa062b768adc128238bb5c24a41%2C990ac43fb32b6da19282053af77b940a807c67f0b56da64144bead9a73955613%2C8da08b463b181e850fac0ecc10e8fdf7d4cafc1d6ff7c029ced6dffc9ad9b2f9%2Ca4a4a143a702ca4078a0efe3bb0e7881d4ba91eb4ed8e0f20036320f745accd3%2C9f8288d718d4bf30a3372429a7703f8705037a72160e089645d6494ebf821117 → 200  9.820s  delay=1.516 min_gap=0.000 last=1784798673.351
11:24:33.351  PRE   POST /api/trade/search/Standard  delay=1.516 min_gap=0.000 last=1784798673.351
11:24:33.351  ENF   delay=1.516 min_gap=0.000 jitter=1.222 gap=2.738 since_last=0.000 sleep=2.738
11:24:36.644  PARSE Account 3:5:60 → 1.667s/req pen=60s (used=1); Ip 8:10:60 → 0.859s/req pen=60s (used=1); Ip 15:60:120 → 5.200s/req pen=120s (used=8); Ip 60:300:1800 → 7.375s/req pen=1800s (used=39)  delay 1.516→8.375  min_gap→0  max_usage=65%
11:24:36.644  RAW   content-type: application/json
11:24:36.644  RAW   x-rate-limit-policy: trade-search-request-limit
11:24:36.644  RAW   x-rate-limit-rules: Account,Ip
11:24:36.644  RAW   x-rate-limit-account: 3:5:60
11:24:36.644  RAW   x-rate-limit-account-state: 1:5:0
11:24:36.644  RAW   x-rate-limit-ip: 8:10:60,15:60:120,60:300:1800
11:24:36.644  RAW   x-rate-limit-ip-state: 1:10:0,8:60:0,39:300:0
11:24:36.644  RAW   cf-cache-status: DYNAMIC
11:24:36.644  RAW   cf-ray: a1f9a20d9af2eeb2-WAW
11:24:36.644  RESP  POST /api/trade/search/Standard → 200  3.293s  delay=8.375 min_gap=0.000 last=1784798676.645
11:24:36.644  PRE   GET /api/trade/fetch/534d4756b7f44330b30f614831e452a5e813fa84cea5485a38adafd98e1d3fea%2C0495847f858003e6053eedb261951b318ecaeec770a9c09f9bea3e444357e11c%2C2994cf0ff4e6f0ada1734194ac0a287c629c20072f92b84c282d66969508b3df%2Cebb4c8aefd571afc4495dd492274ed8e8498ae20efb804b54922f66e29502885%2C4ae092dd8291e214a47095960a47cde0c566ccdad2d314601eafc7fa1ce861a6  delay=8.375 min_gap=0.000 last=1784798676.645
11:24:36.644  ENF   delay=8.375 min_gap=0.000 jitter=1.422 gap=9.797 since_last=0.000 sleep=9.797
11:24:46.751  PARSE Account 6:4:10 → 0.500s/req pen=10s (used=1); Ip 12:4:60 → 0.208s/req pen=60s (used=1); Ip 16:12:60 → 0.516s/req pen=60s (used=2)  delay 8.375→1.516  min_gap→0  max_usage=0%
11:24:46.751  RAW   content-type: application/json
11:24:46.751  RAW   x-rate-limit-policy: trade-fetch-request-limit
11:24:46.751  RAW   x-rate-limit-rules: Account,Ip
11:24:46.751  RAW   x-rate-limit-account: 6:4:10
11:24:46.751  RAW   x-rate-limit-account-state: 1:4:0
11:24:46.751  RAW   x-rate-limit-ip: 12:4:60,16:12:60
11:24:46.752  RAW   x-rate-limit-ip-state: 1:4:0,2:12:0
11:24:46.752  RAW   cf-cache-status: DYNAMIC
11:24:46.752  RAW   cf-ray: a1f9a24e4971eeb2-WAW
11:24:46.752  RESP  GET /api/trade/fetch/534d4756b7f44330b30f614831e452a5e813fa84cea5485a38adafd98e1d3fea%2C0495847f858003e6053eedb261951b318ecaeec770a9c09f9bea3e444357e11c%2C2994cf0ff4e6f0ada1734194ac0a287c629c20072f92b84c282d66969508b3df%2Cebb4c8aefd571afc4495dd492274ed8e8498ae20efb804b54922f66e29502885%2C4ae092dd8291e214a47095960a47cde0c566ccdad2d314601eafc7fa1ce861a6 → 200  10.107s  delay=1.516 min_gap=0.000 last=1784798686.752
11:24:46.752  PRE   POST /api/trade/search/Standard  delay=1.516 min_gap=0.000 last=1784798686.752
11:24:46.752  ENF   delay=1.516 min_gap=0.000 jitter=1.359 gap=2.874 since_last=0.000 sleep=2.874
11:24:50.170  PARSE Account 3:5:60 → 1.667s/req pen=60s (used=1); Ip 8:10:60 → 1.094s/req pen=60s (used=2); Ip 15:60:120 → 5.200s/req pen=120s (used=8); Ip 60:300:1800 → 7.625s/req pen=1800s (used=41)  delay 1.516→8.625  min_gap→0  max_usage=68%
11:24:50.170  RAW   content-type: application/json
11:24:50.170  RAW   x-rate-limit-policy: trade-search-request-limit
11:24:50.170  RAW   x-rate-limit-rules: Account,Ip
11:24:50.170  RAW   x-rate-limit-account: 3:5:60
11:24:50.170  RAW   x-rate-limit-account-state: 1:5:0
11:24:50.170  RAW   x-rate-limit-ip: 8:10:60,15:60:120,60:300:1800
11:24:50.170  RAW   x-rate-limit-ip-state: 2:10:0,8:60:0,41:300:0
11:24:50.170  RAW   cf-cache-status: DYNAMIC
11:24:50.170  RAW   cf-ray: a1f9a2623f24eeb2-WAW
11:24:50.170  RESP  POST /api/trade/search/Standard → 200  3.418s  delay=8.625 min_gap=0.000 last=1784798690.171
11:24:50.170  PRE   GET /api/trade/fetch/ab3776be28755e20098af4420cc967d24601fc262392512fe9805408365d5ad9%2C5fd8ebb20e37d67508b4cd25932129693819113e24595f82bf6404193a1cff6d%2C4c67938189f2a46ed9944de9d60f7b88be0bc5aa190b1f73fb8c0612aaab61be%2C3e5039749ac59e50173724a2e9119414928e75f7b2a088c87637ef97272050a4%2C6f3a0cbc16c900c4e5d33e183b2b2f1c9eddc788d4ea7827ebfa0b54e14983f3  delay=8.625 min_gap=0.000 last=1784798690.171
11:24:50.170  ENF   delay=8.625 min_gap=0.000 jitter=1.777 gap=10.402 since_last=0.000 sleep=10.402
11:25:00.939  PARSE Account 6:4:10 → 0.500s/req pen=10s (used=1); Ip 12:4:60 → 0.208s/req pen=60s (used=1); Ip 16:12:60 → 0.516s/req pen=60s (used=2)  delay 8.625→1.516  min_gap→0  max_usage=0%
11:25:00.939  RAW   content-type: application/json
11:25:00.939  RAW   x-rate-limit-policy: trade-fetch-request-limit
11:25:00.939  RAW   x-rate-limit-rules: Account,Ip
11:25:00.939  RAW   x-rate-limit-account: 6:4:10
11:25:00.939  RAW   x-rate-limit-account-state: 1:4:0
11:25:00.939  RAW   x-rate-limit-ip: 12:4:60,16:12:60
11:25:00.939  RAW   x-rate-limit-ip-state: 1:4:0,2:12:0
11:25:00.939  RAW   cf-cache-status: DYNAMIC
11:25:00.939  RAW   cf-ray: a1f9a2a69dcfeeb2-WAW
11:25:00.939  RESP  GET /api/trade/fetch/ab3776be28755e20098af4420cc967d24601fc262392512fe9805408365d5ad9%2C5fd8ebb20e37d67508b4cd25932129693819113e24595f82bf6404193a1cff6d%2C4c67938189f2a46ed9944de9d60f7b88be0bc5aa190b1f73fb8c0612aaab61be%2C3e5039749ac59e50173724a2e9119414928e75f7b2a088c87637ef97272050a4%2C6f3a0cbc16c900c4e5d33e183b2b2f1c9eddc788d4ea7827ebfa0b54e14983f3 → 200  10.768s  delay=1.516 min_gap=0.000 last=1784798700.939
11:25:00.966  PRE   POST /api/trade/search/Standard  delay=1.516 min_gap=0.000 last=1784798700.939
11:25:00.966  ENF   delay=1.516 min_gap=0.000 jitter=1.830 gap=3.346 since_last=0.027 sleep=3.319
11:25:04.682  PARSE Account 3:5:60 → 1.667s/req pen=60s (used=1); Ip 8:10:60 → 1.094s/req pen=60s (used=2); Ip 15:60:120 → 5.200s/req pen=120s (used=8); Ip 60:300:1800 → 6.750s/req pen=1800s (used=34)  delay 1.516→7.750  min_gap→0  max_usage=57%
11:25:04.682  RAW   content-type: application/json
11:25:04.682  RAW   x-rate-limit-policy: trade-search-request-limit
11:25:04.682  RAW   x-rate-limit-rules: Account,Ip
11:25:04.682  RAW   x-rate-limit-account: 3:5:60
11:25:04.682  RAW   x-rate-limit-account-state: 1:5:0
11:25:04.682  RAW   x-rate-limit-ip: 8:10:60,15:60:120,60:300:1800
11:25:04.682  RAW   x-rate-limit-ip-state: 2:10:0,8:60:0,34:300:0
11:25:04.682  RAW   cf-cache-status: DYNAMIC
11:25:04.682  RAW   cf-ray: a1f9a2bdcdeeeeb2-WAW
11:25:04.682  RESP  POST /api/trade/search/Standard → 200  3.716s  delay=7.750 min_gap=0.000 last=1784798704.682
11:25:04.682  PRE   GET /api/trade/fetch/3d467536a31fff65326ef322b37f5e00166b9080896451ab73dcf5911b05df22%2C94734132d3279757f2c2461a34085841ebee54bd09c2181d8129bbe0a8b0c6a2%2C8f8136c7acd1169636088a156d378ea0ed2f3a0733b243a779ffd9e705cfd386%2C483dfb2cfb46107c22b4ec3eb846960405ac0bea1973c5406b04ef8576471b63%2C5490851fe5829677a68f3da2c216373fc285d1c4f92abff67ef4975ae3534b80  delay=7.750 min_gap=0.000 last=1784798704.683
11:25:04.682  ENF   delay=7.750 min_gap=0.000 jitter=2.047 gap=9.797 since_last=0.000 sleep=9.797
11:25:14.932  PARSE Account 6:4:10 → 0.500s/req pen=10s (used=1); Ip 12:4:60 → 0.208s/req pen=60s (used=1); Ip 16:12:60 → 0.516s/req pen=60s (used=2)  delay 7.750→1.516  min_gap→0  max_usage=0%
11:25:14.932  RAW   content-type: application/json
11:25:14.932  RAW   x-rate-limit-policy: trade-fetch-request-limit
11:25:14.932  RAW   x-rate-limit-rules: Account,Ip
11:25:14.932  RAW   x-rate-limit-account: 6:4:10
11:25:14.932  RAW   x-rate-limit-account-state: 1:4:0
11:25:14.932  RAW   x-rate-limit-ip: 12:4:60,16:12:60
11:25:14.932  RAW   x-rate-limit-ip-state: 1:4:0,2:12:0
11:25:14.932  RAW   cf-cache-status: DYNAMIC
11:25:14.932  RAW   cf-ray: a1f9a2fd8a57eeb2-WAW
11:25:14.932  RESP  GET /api/trade/fetch/3d467536a31fff65326ef322b37f5e00166b9080896451ab73dcf5911b05df22%2C94734132d3279757f2c2461a34085841ebee54bd09c2181d8129bbe0a8b0c6a2%2C8f8136c7acd1169636088a156d378ea0ed2f3a0733b243a779ffd9e705cfd386%2C483dfb2cfb46107c22b4ec3eb846960405ac0bea1973c5406b04ef8576471b63%2C5490851fe5829677a68f3da2c216373fc285d1c4f92abff67ef4975ae3534b80 → 200  10.250s  delay=1.516 min_gap=0.000 last=1784798714.932
11:25:14.932  PRE   POST /api/trade/search/Standard  delay=1.516 min_gap=0.000 last=1784798714.932
11:25:14.932  ENF   delay=1.516 min_gap=0.000 jitter=2.035 gap=3.550 since_last=0.000 sleep=3.550
11:25:19.013  PARSE Account 3:5:60 → 1.667s/req pen=60s (used=1); Ip 8:10:60 → 1.094s/req pen=60s (used=2); Ip 15:60:120 → 4.800s/req pen=120s (used=7); Ip 60:300:1800 → 7.000s/req pen=1800s (used=36)  delay 1.516→8.000  min_gap→0  max_usage=60%
11:25:19.013  RAW   content-type: application/json
11:25:19.013  RAW   x-rate-limit-policy: trade-search-request-limit
11:25:19.013  RAW   x-rate-limit-rules: Account,Ip
11:25:19.013  RAW   x-rate-limit-account: 3:5:60
11:25:19.013  RAW   x-rate-limit-account-state: 1:5:0
11:25:19.013  RAW   x-rate-limit-ip: 8:10:60,15:60:120,60:300:1800
11:25:19.013  RAW   x-rate-limit-ip-state: 2:10:0,7:60:0,36:300:0
11:25:19.013  RAW   cf-cache-status: DYNAMIC
11:25:19.013  RAW   cf-ray: a1f9a3168e2eeeb2-WAW
11:25:19.013  RESP  POST /api/trade/search/Standard → 200  4.081s  delay=8.000 min_gap=0.000 last=1784798719.014
11:25:19.013  PRE   GET /api/trade/fetch/534d4756b7f44330b30f614831e452a5e813fa84cea5485a38adafd98e1d3fea%2C0495847f858003e6053eedb261951b318ecaeec770a9c09f9bea3e444357e11c%2C9d5927738bf204deda9befaca7cec56c3f12cd06a508783a684e1fa9f5956cbc%2Cf9b35ade5f1bb4a14951785d8dcf7a282b9d1d9d10b28425e512b62600e6f245%2C270c7093e3d90d6ac164325676ae12c447cad5a5afa7410bb67ebbb2e768aacc  delay=8.000 min_gap=0.000 last=1784798719.014
11:25:19.013  ENF   delay=8.000 min_gap=0.000 jitter=2.252 gap=10.252 since_last=0.000 sleep=10.252
11:25:29.566  PARSE Account 6:4:10 → 0.500s/req pen=10s (used=1); Ip 12:4:60 → 0.208s/req pen=60s (used=1); Ip 16:12:60 → 0.516s/req pen=60s (used=2)  delay 8.000→1.516  min_gap→0  max_usage=0%
11:25:29.566  RAW   content-type: application/json
11:25:29.566  RAW   x-rate-limit-policy: trade-fetch-request-limit
11:25:29.566  RAW   x-rate-limit-rules: Account,Ip
11:25:29.566  RAW   x-rate-limit-account: 6:4:10
11:25:29.566  RAW   x-rate-limit-account-state: 1:4:0
11:25:29.566  RAW   x-rate-limit-ip: 12:4:60,16:12:60
11:25:29.566  RAW   x-rate-limit-ip-state: 1:4:0,2:12:0
11:25:29.566  RAW   cf-cache-status: DYNAMIC
11:25:29.566  RAW   cf-ray: a1f9a359fb61eeb2-WAW
11:25:29.566  RESP  GET /api/trade/fetch/534d4756b7f44330b30f614831e452a5e813fa84cea5485a38adafd98e1d3fea%2C0495847f858003e6053eedb261951b318ecaeec770a9c09f9bea3e444357e11c%2C9d5927738bf204deda9befaca7cec56c3f12cd06a508783a684e1fa9f5956cbc%2Cf9b35ade5f1bb4a14951785d8dcf7a282b9d1d9d10b28425e512b62600e6f245%2C270c7093e3d90d6ac164325676ae12c447cad5a5afa7410bb67ebbb2e768aacc → 200  10.552s  delay=1.516 min_gap=0.000 last=1784798729.566
11:25:29.566  PRE   POST /api/trade/search/Standard  delay=1.516 min_gap=0.000 last=1784798729.566
11:25:29.566  ENF   delay=1.516 min_gap=0.000 jitter=1.572 gap=3.088 since_last=0.000 sleep=3.088
11:25:33.013  PARSE Account 3:5:60 → 1.667s/req pen=60s (used=1); Ip 8:10:60 → 1.094s/req pen=60s (used=2); Ip 15:60:120 → 4.800s/req pen=120s (used=7); Ip 60:300:1800 → 7.250s/req pen=1800s (used=38)  delay 1.516→8.250  min_gap→0  max_usage=63%
11:25:33.013  RAW   content-type: application/json
11:25:33.013  RAW   x-rate-limit-policy: trade-search-request-limit
11:25:33.013  RAW   x-rate-limit-rules: Account,Ip
11:25:33.013  RAW   x-rate-limit-account: 3:5:60
11:25:33.013  RAW   x-rate-limit-account-state: 1:5:0
11:25:33.013  RAW   x-rate-limit-ip: 8:10:60,15:60:120,60:300:1800
11:25:33.013  RAW   x-rate-limit-ip-state: 2:10:0,7:60:0,38:300:0
11:25:33.013  RAW   cf-cache-status: DYNAMIC
11:25:33.013  RAW   cf-ray: a1f9a36f1d84eeb2-WAW
11:25:33.013  RESP  POST /api/trade/search/Standard → 200  3.447s  delay=8.250 min_gap=0.000 last=1784798733.013
11:25:33.013  PRE   GET /api/trade/fetch/5490851fe5829677a68f3da2c216373fc285d1c4f92abff67ef4975ae3534b80%2Cd110125b0601c3537c43926f99e1acb1d4e89ec2a4d6b8299f7e3348da9d38e6%2C391cec766619433fddd23e3e39c8a0f0ef612fefdfba7cc8568052eefe07f9d7%2C2a374da28b8b6c2a4ce3e55d955b4765b05df66ae21cab822586bf8c22e74744%2Ccc590777a09dc37051aa0cfcb1c29bceaaa6a7dd50e684f41d12b8ce563ae0a0  delay=8.250 min_gap=0.000 last=1784798733.013
11:25:33.013  ENF   delay=8.250 min_gap=0.000 jitter=2.278 gap=10.528 since_last=0.000 sleep=10.528
11:25:43.850  PARSE Account 6:4:10 → 0.500s/req pen=10s (used=1); Ip 12:4:60 → 0.208s/req pen=60s (used=1); Ip 16:12:60 → 0.516s/req pen=60s (used=2)  delay 8.250→1.516  min_gap→0  max_usage=0%
11:25:43.850  RAW   content-type: application/json
11:25:43.850  RAW   x-rate-limit-policy: trade-fetch-request-limit
11:25:43.850  RAW   x-rate-limit-rules: Account,Ip
11:25:43.850  RAW   x-rate-limit-account: 6:4:10
11:25:43.850  RAW   x-rate-limit-account-state: 1:4:0
11:25:43.850  RAW   x-rate-limit-ip: 12:4:60,16:12:60
11:25:43.850  RAW   x-rate-limit-ip-state: 1:4:0,2:12:0
11:25:43.850  RAW   cf-cache-status: DYNAMIC
11:25:43.850  RAW   cf-ray: a1f9a3b32d01eeb2-WAW
11:25:43.850  RESP  GET /api/trade/fetch/5490851fe5829677a68f3da2c216373fc285d1c4f92abff67ef4975ae3534b80%2Cd110125b0601c3537c43926f99e1acb1d4e89ec2a4d6b8299f7e3348da9d38e6%2C391cec766619433fddd23e3e39c8a0f0ef612fefdfba7cc8568052eefe07f9d7%2C2a374da28b8b6c2a4ce3e55d955b4765b05df66ae21cab822586bf8c22e74744%2Ccc590777a09dc37051aa0cfcb1c29bceaaa6a7dd50e684f41d12b8ce563ae0a0 → 200  10.837s  delay=1.516 min_gap=0.000 last=1784798743.850
11:25:43.875  PRE   POST /api/trade/search/Standard  delay=1.516 min_gap=0.000 last=1784798743.850
11:25:43.875  ENF   delay=1.516 min_gap=0.000 jitter=1.810 gap=3.325 since_last=0.026 sleep=3.299
11:25:47.495  PARSE Account 3:5:60 → 1.667s/req pen=60s (used=1); Ip 8:10:60 → 1.094s/req pen=60s (used=2); Ip 15:60:120 → 4.800s/req pen=120s (used=7); Ip 60:300:1800 → 7.500s/req pen=1800s (used=40)  delay 1.516→8.500  min_gap→0  max_usage=67%
11:25:47.495  RAW   content-type: application/json
11:25:47.496  RAW   x-rate-limit-policy: trade-search-request-limit
11:25:47.496  RAW   x-rate-limit-rules: Account,Ip
11:25:47.496  RAW   x-rate-limit-account: 3:5:60
11:25:47.496  RAW   x-rate-limit-account-state: 1:5:0
11:25:47.496  RAW   x-rate-limit-ip: 8:10:60,15:60:120,60:300:1800
11:25:47.496  RAW   x-rate-limit-ip-state: 2:10:0,7:60:0,40:300:0
11:25:47.496  RAW   cf-cache-status: DYNAMIC
11:25:47.496  RAW   cf-ray: a1f9a3c9de30eeb2-WAW
11:25:47.496  RESP  POST /api/trade/search/Standard → 200  3.620s  delay=8.500 min_gap=0.000 last=1784798747.496
11:25:47.496  PRE   GET /api/trade/fetch/990ac43fb32b6da19282053af77b940a807c67f0b56da64144bead9a73955613%2Cab3776be28755e20098af4420cc967d24601fc262392512fe9805408365d5ad9%2C5fd8ebb20e37d67508b4cd25932129693819113e24595f82bf6404193a1cff6d%2C4c67938189f2a46ed9944de9d60f7b88be0bc5aa190b1f73fb8c0612aaab61be%2C02f152680c4b6c4ac4f640fc0a45eddd925708c5e164ad761e5bdb22395b7846  delay=8.500 min_gap=0.000 last=1784798747.496
11:25:47.496  ENF   delay=8.500 min_gap=0.000 jitter=1.554 gap=10.054 since_last=0.000 sleep=10.054
11:25:57.816  PARSE Account 6:4:10 → 0.500s/req pen=10s (used=1); Ip 12:4:60 → 0.208s/req pen=60s (used=1); Ip 16:12:60 → 0.516s/req pen=60s (used=2)  delay 8.500→1.516  min_gap→0  max_usage=0%
11:25:57.817  RAW   content-type: application/json
11:25:57.817  RAW   x-rate-limit-policy: trade-fetch-request-limit
11:25:57.817  RAW   x-rate-limit-rules: Account,Ip
11:25:57.817  RAW   x-rate-limit-account: 6:4:10
11:25:57.817  RAW   x-rate-limit-account-state: 1:4:0
11:25:57.817  RAW   x-rate-limit-ip: 12:4:60,16:12:60
11:25:57.817  RAW   x-rate-limit-ip-state: 1:4:0,2:12:0
11:25:57.817  RAW   cf-cache-status: DYNAMIC
11:25:57.817  RAW   cf-ray: a1f9a40abf74eeb2-WAW
11:25:57.817  RESP  GET /api/trade/fetch/990ac43fb32b6da19282053af77b940a807c67f0b56da64144bead9a73955613%2Cab3776be28755e20098af4420cc967d24601fc262392512fe9805408365d5ad9%2C5fd8ebb20e37d67508b4cd25932129693819113e24595f82bf6404193a1cff6d%2C4c67938189f2a46ed9944de9d60f7b88be0bc5aa190b1f73fb8c0612aaab61be%2C02f152680c4b6c4ac4f640fc0a45eddd925708c5e164ad761e5bdb22395b7846 → 200  10.321s  delay=1.516 min_gap=0.000 last=1784798757.817
11:25:57.817  PRE   POST /api/trade/search/Standard  delay=1.516 min_gap=0.000 last=1784798757.817
11:25:57.817  ENF   delay=1.516 min_gap=0.000 jitter=1.874 gap=3.390 since_last=0.000 sleep=3.390
11:26:01.547  PARSE Account 3:5:60 → 1.667s/req pen=60s (used=1); Ip 8:10:60 → 1.094s/req pen=60s (used=2); Ip 15:60:120 → 4.800s/req pen=120s (used=7); Ip 60:300:1800 → 6.750s/req pen=1800s (used=34)  delay 1.516→7.750  min_gap→0  max_usage=57%
11:26:01.547  RAW   content-type: application/json
11:26:01.547  RAW   x-rate-limit-policy: trade-search-request-limit
11:26:01.547  RAW   x-rate-limit-rules: Account,Ip
11:26:01.547  RAW   x-rate-limit-account: 3:5:60
11:26:01.547  RAW   x-rate-limit-account-state: 1:5:0
11:26:01.547  RAW   x-rate-limit-ip: 8:10:60,15:60:120,60:300:1800
11:26:01.547  RAW   x-rate-limit-ip-state: 2:10:0,7:60:0,34:300:0
11:26:01.547  RAW   cf-cache-status: DYNAMIC
11:26:01.547  RAW   cf-ray: a1f9a4219c05eeb2-WAW
11:26:01.547  RESP  POST /api/trade/search/Standard → 200  3.730s  delay=7.750 min_gap=0.000 last=1784798761.548
11:26:01.547  PRE   GET /api/trade/fetch/534d4756b7f44330b30f614831e452a5e813fa84cea5485a38adafd98e1d3fea%2C0495847f858003e6053eedb261951b318ecaeec770a9c09f9bea3e444357e11c%2C86a2ea49a3550a35d26eebbaa24f4ba28a99c74fd3b0bcdcf30cc90700e29ae7%2C7d7e2f3c3d70dad17d62c919768de0c05245787c879999c18423791e7b348d8c%2Cebb4c8aefd571afc4495dd492274ed8e8498ae20efb804b54922f66e29502885  delay=7.750 min_gap=0.000 last=1784798761.548
11:26:01.547  ENF   delay=7.750 min_gap=0.000 jitter=1.782 gap=9.532 since_last=0.000 sleep=9.532
11:26:11.417  PARSE Account 6:4:10 → 0.500s/req pen=10s (used=1); Ip 12:4:60 → 0.208s/req pen=60s (used=1); Ip 16:12:60 → 0.516s/req pen=60s (used=2)  delay 7.750→1.516  min_gap→0  max_usage=0%
11:26:11.417  RAW   content-type: application/json
11:26:11.417  RAW   x-rate-limit-policy: trade-fetch-request-limit
11:26:11.417  RAW   x-rate-limit-rules: Account,Ip
11:26:11.417  RAW   x-rate-limit-account: 6:4:10
11:26:11.417  RAW   x-rate-limit-account-state: 1:4:0
11:26:11.417  RAW   x-rate-limit-ip: 12:4:60,16:12:60
11:26:11.417  RAW   x-rate-limit-ip-state: 1:4:0,2:12:0
11:26:11.418  RAW   cf-cache-status: DYNAMIC
11:26:11.418  RAW   cf-ray: a1f9a45f4982eeb2-WAW
11:26:11.418  RESP  GET /api/trade/fetch/534d4756b7f44330b30f614831e452a5e813fa84cea5485a38adafd98e1d3fea%2C0495847f858003e6053eedb261951b318ecaeec770a9c09f9bea3e444357e11c%2C86a2ea49a3550a35d26eebbaa24f4ba28a99c74fd3b0bcdcf30cc90700e29ae7%2C7d7e2f3c3d70dad17d62c919768de0c05245787c879999c18423791e7b348d8c%2Cebb4c8aefd571afc4495dd492274ed8e8498ae20efb804b54922f66e29502885 → 200  9.870s  delay=1.516 min_gap=0.000 last=1784798771.418
11:26:11.418  PRE   POST /api/trade/search/Standard  delay=1.516 min_gap=0.000 last=1784798771.418
11:26:11.418  ENF   delay=1.516 min_gap=0.000 jitter=2.260 gap=3.776 since_last=0.000 sleep=3.776
11:26:15.497  PARSE Account 3:5:60 → 1.667s/req pen=60s (used=1); Ip 8:10:60 → 0.859s/req pen=60s (used=1); Ip 15:60:120 → 4.800s/req pen=120s (used=7); Ip 60:300:1800 → 7.000s/req pen=1800s (used=36)  delay 1.516→8.000  min_gap→0  max_usage=60%
11:26:15.497  RAW   content-type: application/json
11:26:15.497  RAW   x-rate-limit-policy: trade-search-request-limit
11:26:15.497  RAW   x-rate-limit-rules: Account,Ip
11:26:15.497  RAW   x-rate-limit-account: 3:5:60
11:26:15.497  RAW   x-rate-limit-account-state: 1:5:0
11:26:15.497  RAW   x-rate-limit-ip: 8:10:60,15:60:120,60:300:1800
11:26:15.497  RAW   x-rate-limit-ip-state: 1:10:0,7:60:0,36:300:0
11:26:15.497  RAW   cf-cache-status: DYNAMIC
11:26:15.497  RAW   cf-ray: a1f9a478fa2aeeb2-WAW
11:26:15.497  RESP  POST /api/trade/search/Standard → 200  4.079s  delay=8.000 min_gap=0.000 last=1784798775.497
11:26:15.497  PRE   GET /api/trade/fetch/ab3776be28755e20098af4420cc967d24601fc262392512fe9805408365d5ad9%2C5fd8ebb20e37d67508b4cd25932129693819113e24595f82bf6404193a1cff6d%2C4c67938189f2a46ed9944de9d60f7b88be0bc5aa190b1f73fb8c0612aaab61be%2C0b6a770c174a129db8a9f4019a810662383f718d17c3e7eef4ce4b13c4449ac2%2Cb402b2ec5f029a31e50b27a46467824fe70001c61eb007ce9debdc7fb9638b15  delay=8.000 min_gap=0.000 last=1784798775.497
11:26:15.497  ENF   delay=8.000 min_gap=0.000 jitter=2.154 gap=10.154 since_last=0.000 sleep=10.154
11:26:25.926  PARSE Account 6:4:10 → 0.500s/req pen=10s (used=1); Ip 12:4:60 → 0.208s/req pen=60s (used=1); Ip 16:12:60 → 0.516s/req pen=60s (used=2)  delay 8.000→1.516  min_gap→0  max_usage=0%
11:26:25.926  RAW   content-type: application/json
11:26:25.926  RAW   x-rate-limit-policy: trade-fetch-request-limit
11:26:25.926  RAW   x-rate-limit-rules: Account,Ip
11:26:25.926  RAW   x-rate-limit-account: 6:4:10
11:26:25.927  RAW   x-rate-limit-account-state: 1:4:0
11:26:25.927  RAW   x-rate-limit-ip: 12:4:60,16:12:60
11:26:25.927  RAW   x-rate-limit-ip-state: 1:4:0,2:12:0
11:26:25.927  RAW   cf-cache-status: DYNAMIC
11:26:25.927  RAW   cf-ray: a1f9a4ba5f2aeeb2-WAW
11:26:25.927  RESP  GET /api/trade/fetch/ab3776be28755e20098af4420cc967d24601fc262392512fe9805408365d5ad9%2C5fd8ebb20e37d67508b4cd25932129693819113e24595f82bf6404193a1cff6d%2C4c67938189f2a46ed9944de9d60f7b88be0bc5aa190b1f73fb8c0612aaab61be%2C0b6a770c174a129db8a9f4019a810662383f718d17c3e7eef4ce4b13c4449ac2%2Cb402b2ec5f029a31e50b27a46467824fe70001c61eb007ce9debdc7fb9638b15 → 200  10.429s  delay=1.516 min_gap=0.000 last=1784798785.927
11:26:25.953  PRE   POST /api/trade/search/Standard  delay=1.516 min_gap=0.000 last=1784798785.927
11:26:25.953  ENF   delay=1.516 min_gap=0.000 jitter=1.941 gap=3.457 since_last=0.027 sleep=3.430
11:26:29.686  PARSE Account 3:5:60 → 1.667s/req pen=60s (used=1); Ip 8:10:60 → 1.094s/req pen=60s (used=2); Ip 15:60:120 → 5.600s/req pen=120s (used=9); Ip 60:300:1800 → 7.250s/req pen=1800s (used=38)  delay 1.516→8.250  min_gap→0  max_usage=63%
11:26:29.686  RAW   content-type: application/json
11:26:29.686  RAW   x-rate-limit-policy: trade-search-request-limit
11:26:29.686  RAW   x-rate-limit-rules: Account,Ip
11:26:29.686  RAW   x-rate-limit-account: 3:5:60
11:26:29.686  RAW   x-rate-limit-account-state: 1:5:0
11:26:29.686  RAW   x-rate-limit-ip: 8:10:60,15:60:120,60:300:1800
11:26:29.686  RAW   x-rate-limit-ip-state: 2:10:0,9:60:0,38:300:0
11:26:29.686  RAW   cf-cache-status: DYNAMIC
11:26:29.686  RAW   cf-ray: a1f9a4d1ab95eeb2-WAW
11:26:29.686  RESP  POST /api/trade/search/Standard → 200  3.733s  delay=8.250 min_gap=0.000 last=1784798789.687
11:26:29.686  PRE   GET /api/trade/fetch/103efb8d488debb7d7f096bc3f8662f716f32c0225f7732a664ca9630b6eff79%2C56a635e2689704c1f4e33ceb9a0977b376a133edd231db33e2b34b0d872adf92%2Cd52e76e13e62b6684fe8611d800161860b71f8a6b9056f0d8f578a8c4fcc3cb6%2C22da89def9978df5d476912216bd5033f53c30166fc2f12cf1d93ce8f7d5721e%2C64744ce959ac531a97e48dcf9e3ce528d05acedb5c1f0045d022df5116837536  delay=8.250 min_gap=0.000 last=1784798789.687
11:26:29.687  ENF   delay=8.250 min_gap=0.000 jitter=2.179 gap=10.429 since_last=0.000 sleep=10.429
11:26:40.642  PARSE Account 6:4:10 → 0.500s/req pen=10s (used=1); Ip 12:4:60 → 0.208s/req pen=60s (used=1); Ip 16:12:60 → 0.516s/req pen=60s (used=2)  delay 8.250→1.516  min_gap→0  max_usage=0%
11:26:40.642  RAW   content-type: application/json
11:26:40.642  RAW   x-rate-limit-policy: trade-fetch-request-limit
11:26:40.642  RAW   x-rate-limit-rules: Account,Ip
11:26:40.642  RAW   x-rate-limit-account: 6:4:10
11:26:40.642  RAW   x-rate-limit-account-state: 1:4:0
11:26:40.642  RAW   x-rate-limit-ip: 12:4:60,16:12:60
11:26:40.642  RAW   x-rate-limit-ip-state: 1:4:0,2:12:0
11:26:40.642  RAW   cf-cache-status: DYNAMIC
11:26:40.642  RAW   cf-ray: a1f9a514b861eeb2-WAW
11:26:40.642  RESP  GET /api/trade/fetch/103efb8d488debb7d7f096bc3f8662f716f32c0225f7732a664ca9630b6eff79%2C56a635e2689704c1f4e33ceb9a0977b376a133edd231db33e2b34b0d872adf92%2Cd52e76e13e62b6684fe8611d800161860b71f8a6b9056f0d8f578a8c4fcc3cb6%2C22da89def9978df5d476912216bd5033f53c30166fc2f12cf1d93ce8f7d5721e%2C64744ce959ac531a97e48dcf9e3ce528d05acedb5c1f0045d022df5116837536 → 200  10.956s  delay=1.516 min_gap=0.000 last=1784798800.643
11:26:40.642  PRE   POST /api/trade/search/Standard  delay=1.516 min_gap=0.000 last=1784798800.643
11:26:40.643  ENF   delay=1.516 min_gap=0.000 jitter=1.923 gap=3.439 since_last=0.000 sleep=3.439
11:26:44.537  PARSE Account 3:5:60 → 1.667s/req pen=60s (used=1); Ip 8:10:60 → 1.094s/req pen=60s (used=2); Ip 15:60:120 → 5.600s/req pen=120s (used=9); Ip 60:300:1800 → 7.500s/req pen=1800s (used=40)  delay 1.516→8.500  min_gap→0  max_usage=67%
11:26:44.537  RAW   content-type: application/json
11:26:44.537  RAW   x-rate-limit-policy: trade-search-request-limit
11:26:44.537  RAW   x-rate-limit-rules: Account,Ip
11:26:44.537  RAW   x-rate-limit-account: 3:5:60
11:26:44.537  RAW   x-rate-limit-account-state: 1:5:0
11:26:44.537  RAW   x-rate-limit-ip: 8:10:60,15:60:120,60:300:1800
11:26:44.537  RAW   x-rate-limit-ip-state: 2:10:0,9:60:0,40:300:0
11:26:44.537  RAW   cf-cache-status: DYNAMIC
11:26:44.537  RAW   cf-ray: a1f9a52d8ad8eeb2-WAW
11:26:44.537  RESP  POST /api/trade/search/Standard → 200  3.895s  delay=8.500 min_gap=0.000 last=1784798804.538
11:26:44.537  PRE   GET /api/trade/fetch/534d4756b7f44330b30f614831e452a5e813fa84cea5485a38adafd98e1d3fea%2C0495847f858003e6053eedb261951b318ecaeec770a9c09f9bea3e444357e11c%2C9d5927738bf204deda9befaca7cec56c3f12cd06a508783a684e1fa9f5956cbc%2Cb242d46eb9c5c387af22770572b59bf69110dc2484d89a502208e0b0020fa2c9%2Cf9b35ade5f1bb4a14951785d8dcf7a282b9d1d9d10b28425e512b62600e6f245  delay=8.500 min_gap=0.000 last=1784798804.538
11:26:44.538  ENF   delay=8.500 min_gap=0.000 jitter=2.016 gap=10.516 since_last=0.000 sleep=10.516
11:26:55.335  PARSE Account 6:4:10 → 0.500s/req pen=10s (used=1); Ip 12:4:60 → 0.208s/req pen=60s (used=1); Ip 16:12:60 → 0.516s/req pen=60s (used=2)  delay 8.500→1.516  min_gap→0  max_usage=0%
11:26:55.335  RAW   content-type: application/json
11:26:55.335  RAW   x-rate-limit-policy: trade-fetch-request-limit
11:26:55.335  RAW   x-rate-limit-rules: Account,Ip
11:26:55.335  RAW   x-rate-limit-account: 6:4:10
11:26:55.335  RAW   x-rate-limit-account-state: 1:4:0
11:26:55.335  RAW   x-rate-limit-ip: 12:4:60,16:12:60
11:26:55.335  RAW   x-rate-limit-ip-state: 1:4:0,2:12:0
11:26:55.335  RAW   cf-cache-status: DYNAMIC
11:26:55.335  RAW   cf-ray: a1f9a5721e1deeb2-WAW
11:26:55.335  RESP  GET /api/trade/fetch/534d4756b7f44330b30f614831e452a5e813fa84cea5485a38adafd98e1d3fea%2C0495847f858003e6053eedb261951b318ecaeec770a9c09f9bea3e444357e11c%2C9d5927738bf204deda9befaca7cec56c3f12cd06a508783a684e1fa9f5956cbc%2Cb242d46eb9c5c387af22770572b59bf69110dc2484d89a502208e0b0020fa2c9%2Cf9b35ade5f1bb4a14951785d8dcf7a282b9d1d9d10b28425e512b62600e6f245 → 200  10.797s  delay=1.516 min_gap=0.000 last=1784798815.336
11:26:55.335  PRE   POST /api/trade/search/Standard  delay=1.516 min_gap=0.000 last=1784798815.336
11:26:55.335  ENF   delay=1.516 min_gap=0.000 jitter=2.114 gap=3.629 since_last=0.000 sleep=3.629
11:26:59.290  PARSE Account 3:5:60 → 1.667s/req pen=60s (used=1); Ip 8:10:60 → 0.859s/req pen=60s (used=1); Ip 15:60:120 → 5.600s/req pen=120s (used=9); Ip 60:300:1800 → 7.750s/req pen=1800s (used=42)  delay 1.516→8.750  min_gap→0  max_usage=70%
11:26:59.290  BACK  set 0s backoff at 70% usage
11:26:59.290  RAW   content-type: application/json
11:26:59.290  RAW   x-rate-limit-policy: trade-search-request-limit
11:26:59.290  RAW   x-rate-limit-rules: Account,Ip
11:26:59.290  RAW   x-rate-limit-account: 3:5:60
11:26:59.290  RAW   x-rate-limit-account-state: 1:5:0
11:26:59.290  RAW   x-rate-limit-ip: 8:10:60,15:60:120,60:300:1800
11:26:59.290  RAW   x-rate-limit-ip-state: 1:10:0,9:60:0,42:300:0
11:26:59.290  RAW   cf-cache-status: DYNAMIC
11:26:59.290  RAW   cf-ray: a1f9a58a8819eeb2-WAW
11:26:59.290  RESP  POST /api/trade/search/Standard → 200  3.954s  delay=8.750 min_gap=0.000 last=1784798819.291
11:26:59.290  PRE   GET /api/trade/fetch/d52e76e13e62b6684fe8611d800161860b71f8a6b9056f0d8f578a8c4fcc3cb6%2C5490851fe5829677a68f3da2c216373fc285d1c4f92abff67ef4975ae3534b80%2Cd42d48d94489906877cc0adf6e65a4e12badfaef0527725974725b71c1c639d6%2C0dd96b3a0587a3b073a3f539650f0d05dc83bebddad764b5b4a67d58567003ea%2C734c5f357f4c7f13b3cfeace327356cdc533219c68bfe19b732bef96fde569dc  delay=8.750 min_gap=0.000 last=1784798819.291
11:26:59.290  ENF   delay=8.750 min_gap=0.000 jitter=1.880 gap=10.630 since_last=0.000 sleep=10.630
11:27:10.204  PARSE Account 6:4:10 → 0.500s/req pen=10s (used=1); Ip 12:4:60 → 0.208s/req pen=60s (used=1); Ip 16:12:60 → 0.516s/req pen=60s (used=2)  delay 8.750→1.516  min_gap→0  max_usage=0%
11:27:10.204  RAW   content-type: application/json
11:27:10.204  RAW   x-rate-limit-policy: trade-fetch-request-limit
11:27:10.204  RAW   x-rate-limit-rules: Account,Ip
11:27:10.204  RAW   x-rate-limit-account: 6:4:10
11:27:10.204  RAW   x-rate-limit-account-state: 1:4:0
11:27:10.204  RAW   x-rate-limit-ip: 12:4:60,16:12:60
11:27:10.204  RAW   x-rate-limit-ip-state: 1:4:0,2:12:0
11:27:10.204  RAW   cf-cache-status: DYNAMIC
11:27:10.204  RAW   cf-ray: a1f9a5cf0b5feeb2-WAW
11:27:10.204  RESP  GET /api/trade/fetch/d52e76e13e62b6684fe8611d800161860b71f8a6b9056f0d8f578a8c4fcc3cb6%2C5490851fe5829677a68f3da2c216373fc285d1c4f92abff67ef4975ae3534b80%2Cd42d48d94489906877cc0adf6e65a4e12badfaef0527725974725b71c1c639d6%2C0dd96b3a0587a3b073a3f539650f0d05dc83bebddad764b5b4a67d58567003ea%2C734c5f357f4c7f13b3cfeace327356cdc533219c68bfe19b732bef96fde569dc → 200  10.914s  delay=1.516 min_gap=0.000 last=1784798830.205
11:27:10.230  PRE   POST /api/trade/search/Standard  delay=1.516 min_gap=0.000 last=1784798830.205
11:27:10.230  ENF   delay=1.516 min_gap=0.000 jitter=1.311 gap=2.826 since_last=0.026 sleep=2.801
11:27:13.403  PARSE Account 3:5:60 → 1.667s/req pen=60s (used=1); Ip 8:10:60 → 0.859s/req pen=60s (used=1); Ip 15:60:120 → 5.600s/req pen=120s (used=9); Ip 60:300:1800 → 6.875s/req pen=1800s (used=35)  delay 1.516→7.875  min_gap→0  max_usage=60%
11:27:13.403  RAW   content-type: application/json
11:27:13.403  RAW   x-rate-limit-policy: trade-search-request-limit
11:27:13.403  RAW   x-rate-limit-rules: Account,Ip
11:27:13.403  RAW   x-rate-limit-account: 3:5:60
11:27:13.403  RAW   x-rate-limit-account-state: 1:5:0
11:27:13.403  RAW   x-rate-limit-ip: 8:10:60,15:60:120,60:300:1800
11:27:13.403  RAW   x-rate-limit-ip-state: 1:10:0,9:60:0,35:300:0
11:27:13.403  RAW   cf-cache-status: DYNAMIC
11:27:13.403  RAW   cf-ray: a1f9a5e27c05eeb2-WAW
11:27:13.403  RESP  POST /api/trade/search/Standard → 200  3.173s  delay=7.875 min_gap=0.000 last=1784798833.403
11:27:13.403  PRE   GET /api/trade/fetch/52c885f2351ad739b9efd5a4310dcbf4e30689a557e7baf95637197b05bf6bf7%2C7491b0ef10b21dc6acd69bb15bae1016d325dc2a0c1a4bf5f7c2c53d9dc33d32%2C0d128cb7773768bc11f1115a982d8a12bcc48c93d5812e5b2f114ea3222e30e9%2C5512297e3694b470ae90bec69835c945bbb9114551517d1e44df8ee0ee38e448%2C1804fbab11b8a96604f40ca5ac11a594310964aff2ab82373d7e27edfa9a94ff  delay=7.875 min_gap=0.000 last=1784798833.403
11:27:13.403  ENF   delay=7.875 min_gap=0.000 jitter=2.039 gap=9.914 since_last=0.000 sleep=9.914
11:27:23.584  PARSE Account 6:4:10 → 0.500s/req pen=10s (used=1); Ip 12:4:60 → 0.208s/req pen=60s (used=1); Ip 16:12:60 → 0.516s/req pen=60s (used=2)  delay 7.875→1.516  min_gap→0  max_usage=0%
11:27:23.584  RAW   content-type: application/json
11:27:23.584  RAW   x-rate-limit-policy: trade-fetch-request-limit
11:27:23.584  RAW   x-rate-limit-rules: Account,Ip
11:27:23.584  RAW   x-rate-limit-account: 6:4:10
11:27:23.584  RAW   x-rate-limit-account-state: 1:4:0
11:27:23.584  RAW   x-rate-limit-ip: 12:4:60,16:12:60
11:27:23.584  RAW   x-rate-limit-ip-state: 1:4:0,2:12:0
11:27:23.584  RAW   cf-cache-status: DYNAMIC
11:27:23.584  RAW   cf-ray: a1f9a622c8f8eeb2-WAW
11:27:23.584  RESP  GET /api/trade/fetch/52c885f2351ad739b9efd5a4310dcbf4e30689a557e7baf95637197b05bf6bf7%2C7491b0ef10b21dc6acd69bb15bae1016d325dc2a0c1a4bf5f7c2c53d9dc33d32%2C0d128cb7773768bc11f1115a982d8a12bcc48c93d5812e5b2f114ea3222e30e9%2C5512297e3694b470ae90bec69835c945bbb9114551517d1e44df8ee0ee38e448%2C1804fbab11b8a96604f40ca5ac11a594310964aff2ab82373d7e27edfa9a94ff → 200  10.181s  delay=1.516 min_gap=0.000 last=1784798843.585
11:27:23.584  PRE   POST /api/trade/search/Standard  delay=1.516 min_gap=0.000 last=1784798843.585
11:27:23.584  ENF   delay=1.516 min_gap=0.000 jitter=1.938 gap=3.453 since_last=0.000 sleep=3.453
11:27:27.391  PARSE Account 3:5:60 → 1.667s/req pen=60s (used=1); Ip 8:10:60 → 0.859s/req pen=60s (used=1); Ip 15:60:120 → 5.200s/req pen=120s (used=8); Ip 60:300:1800 → 7.125s/req pen=1800s (used=37)  delay 1.516→8.125  min_gap→0  max_usage=62%
11:27:27.391  RAW   content-type: application/json
11:27:27.391  RAW   x-rate-limit-policy: trade-search-request-limit
11:27:27.391  RAW   x-rate-limit-rules: Account,Ip
11:27:27.391  RAW   x-rate-limit-account: 3:5:60
11:27:27.391  RAW   x-rate-limit-account-state: 1:5:0
11:27:27.391  RAW   x-rate-limit-ip: 8:10:60,15:60:120,60:300:1800
11:27:27.391  RAW   x-rate-limit-ip-state: 1:10:0,8:60:0,37:300:0
11:27:27.391  RAW   cf-cache-status: DYNAMIC
11:27:27.391  RAW   cf-ray: a1f9a63a0fdceeb2-WAW
11:27:27.391  RESP  POST /api/trade/search/Standard → 200  3.807s  delay=8.125 min_gap=0.000 last=1784798847.392
11:27:27.391  PRE   GET /api/trade/fetch/534d4756b7f44330b30f614831e452a5e813fa84cea5485a38adafd98e1d3fea%2C0495847f858003e6053eedb261951b318ecaeec770a9c09f9bea3e444357e11c%2C7d7e2f3c3d70dad17d62c919768de0c05245787c879999c18423791e7b348d8c%2C9d5927738bf204deda9befaca7cec56c3f12cd06a508783a684e1fa9f5956cbc%2Cebb4c8aefd571afc4495dd492274ed8e8498ae20efb804b54922f66e29502885  delay=8.125 min_gap=0.000 last=1784798847.392
11:27:27.391  ENF   delay=8.125 min_gap=0.000 jitter=2.495 gap=10.620 since_last=0.000 sleep=10.620
11:27:38.477  PARSE Account 6:4:10 → 0.500s/req pen=10s (used=1); Ip 12:4:60 → 0.208s/req pen=60s (used=1); Ip 16:12:60 → 0.516s/req pen=60s (used=2)  delay 8.125→1.516  min_gap→0  max_usage=0%
11:27:38.477  RAW   content-type: application/json
11:27:38.477  RAW   x-rate-limit-policy: trade-fetch-request-limit
11:27:38.477  RAW   x-rate-limit-rules: Account,Ip
11:27:38.477  RAW   x-rate-limit-account: 6:4:10
11:27:38.477  RAW   x-rate-limit-account-state: 1:4:0
11:27:38.478  RAW   x-rate-limit-ip: 12:4:60,16:12:60
11:27:38.478  RAW   x-rate-limit-ip-state: 1:4:0,2:12:0
11:27:38.478  RAW   cf-cache-status: DYNAMIC
11:27:38.478  RAW   cf-ray: a1f9a67e988aeeb2-WAW
11:27:38.478  RESP  GET /api/trade/fetch/534d4756b7f44330b30f614831e452a5e813fa84cea5485a38adafd98e1d3fea%2C0495847f858003e6053eedb261951b318ecaeec770a9c09f9bea3e444357e11c%2C7d7e2f3c3d70dad17d62c919768de0c05245787c879999c18423791e7b348d8c%2C9d5927738bf204deda9befaca7cec56c3f12cd06a508783a684e1fa9f5956cbc%2Cebb4c8aefd571afc4495dd492274ed8e8498ae20efb804b54922f66e29502885 → 200  11.086s  delay=1.516 min_gap=0.000 last=1784798858.478
11:27:38.478  PRE   POST /api/trade/search/Standard  delay=1.516 min_gap=0.000 last=1784798858.478
11:27:38.478  ENF   delay=1.516 min_gap=0.000 jitter=1.162 gap=2.678 since_last=0.000 sleep=2.677
11:27:41.747  PARSE Account 3:5:60 → 1.667s/req pen=60s (used=1); Ip 8:10:60 → 0.859s/req pen=60s (used=1); Ip 15:60:120 → 5.200s/req pen=120s (used=8); Ip 60:300:1800 → 7.375s/req pen=1800s (used=39)  delay 1.516→8.375  min_gap→0  max_usage=65%
11:27:41.747  RAW   content-type: application/json
11:27:41.747  RAW   x-rate-limit-policy: trade-search-request-limit
11:27:41.748  RAW   x-rate-limit-rules: Account,Ip
11:27:41.748  RAW   x-rate-limit-account: 3:5:60
11:27:41.748  RAW   x-rate-limit-account-state: 1:5:0
11:27:41.748  RAW   x-rate-limit-ip: 8:10:60,15:60:120,60:300:1800
11:27:41.748  RAW   x-rate-limit-ip-state: 1:10:0,8:60:0,39:300:0
11:27:41.748  RAW   cf-cache-status: DYNAMIC
11:27:41.748  RAW   cf-ray: a1f9a6923e4beeb2-WAW
11:27:41.748  RESP  POST /api/trade/search/Standard → 200  3.270s  delay=8.375 min_gap=0.000 last=1784798861.748
11:27:41.748  PRE   GET /api/trade/fetch/fca261794759e27fed79e8a997bea367f802e891a47e135ab5a872b6bc16af36%2C9006cdcaf398c7af32c3bde661a4eeab0a9687caa138c9bb74182bbf4d26c2b1%2C0e84b8956dca33a4f16aaf615efba3e37e95104360a0753888ec9b5163e9b6a5%2Ca9e19898c1e98d383e0f7b1ceeb5300fe6c455df4f627243e117ea6c08ccd19f%2C6c30c80cb932d124b82b28ec9d87023d732bd8672909d0049a1debebc0d741d4  delay=8.375 min_gap=0.000 last=1784798861.748
11:27:41.748  ENF   delay=8.375 min_gap=0.000 jitter=1.322 gap=9.697 since_last=0.000 sleep=9.697
11:27:51.792  PARSE Account 6:4:10 → 0.500s/req pen=10s (used=1); Ip 12:4:60 → 0.208s/req pen=60s (used=1); Ip 16:12:60 → 0.516s/req pen=60s (used=2)  delay 8.375→1.516  min_gap→0  max_usage=0%
11:27:51.792  RAW   content-type: application/json
11:27:51.792  RAW   x-rate-limit-policy: trade-fetch-request-limit
11:27:51.792  RAW   x-rate-limit-rules: Account,Ip
11:27:51.792  RAW   x-rate-limit-account: 6:4:10
11:27:51.792  RAW   x-rate-limit-account-state: 1:4:0
11:27:51.792  RAW   x-rate-limit-ip: 12:4:60,16:12:60
11:27:51.792  RAW   x-rate-limit-ip-state: 1:4:0,2:12:0
11:27:51.792  RAW   cf-cache-status: DYNAMIC
11:27:51.792  RAW   cf-ray: a1f9a6d2882aeeb2-WAW
11:27:51.792  RESP  GET /api/trade/fetch/fca261794759e27fed79e8a997bea367f802e891a47e135ab5a872b6bc16af36%2C9006cdcaf398c7af32c3bde661a4eeab0a9687caa138c9bb74182bbf4d26c2b1%2C0e84b8956dca33a4f16aaf615efba3e37e95104360a0753888ec9b5163e9b6a5%2Ca9e19898c1e98d383e0f7b1ceeb5300fe6c455df4f627243e117ea6c08ccd19f%2C6c30c80cb932d124b82b28ec9d87023d732bd8672909d0049a1debebc0d741d4 → 200  10.044s  delay=1.516 min_gap=0.000 last=1784798871.793
11:27:51.819  PRE   POST /api/trade/search/Standard  delay=1.516 min_gap=0.000 last=1784798871.793
11:27:51.819  ENF   delay=1.516 min_gap=0.000 jitter=2.451 gap=3.967 since_last=0.027 sleep=3.940
11:27:56.368  PARSE Account 3:5:60 → 1.667s/req pen=60s (used=1); Ip 8:10:60 → 0.859s/req pen=60s (used=1); Ip 15:60:120 → 5.200s/req pen=120s (used=8); Ip 60:300:1800 → 7.625s/req pen=1800s (used=41)  delay 1.516→8.625  min_gap→0  max_usage=68%
11:27:56.368  RAW   content-type: application/json
11:27:56.368  RAW   x-rate-limit-policy: trade-search-request-limit
11:27:56.368  RAW   x-rate-limit-rules: Account,Ip
11:27:56.368  RAW   x-rate-limit-account: 3:5:60
11:27:56.368  RAW   x-rate-limit-account-state: 1:5:0
11:27:56.368  RAW   x-rate-limit-ip: 8:10:60,15:60:120,60:300:1800
11:27:56.368  RAW   x-rate-limit-ip-state: 1:10:0,8:60:0,41:300:0
11:27:56.368  RAW   cf-cache-status: DYNAMIC
11:27:56.368  RAW   cf-ray: a1f9a6ed8c94eeb2-WAW
11:27:56.368  RESP  POST /api/trade/search/Standard → 200  4.549s  delay=8.625 min_gap=0.000 last=1784798876.368
11:27:56.368  PRE   GET /api/trade/fetch/fc6cb2e72ecfd537434f7beef1f969fba9c9373dd2f94ef5a20f73d9e9dbdeaf%2Cf009dbb37b19af25d526e94b660bfa65c32d9898e54b7693adb471e772d11fbb%2C557ee72483dd4a811c49a82abf8cf115d55d9eac0cc29b8589cff353994546c0%2Cacf4ca34a7a879d0476ae560ac0ead89cd5fe69ab8977e5df4cb282ecbb0b8b9%2C41d55357dc30e0cb05ecbc3bc24c8310ce41273da04bb09180e167656a7e6d0f  delay=8.625 min_gap=0.000 last=1784798876.368
11:27:56.368  ENF   delay=8.625 min_gap=0.000 jitter=2.230 gap=10.855 since_last=0.000 sleep=10.855
11:28:07.741  PARSE Account 6:4:10 → 0.500s/req pen=10s (used=1); Ip 12:4:60 → 0.208s/req pen=60s (used=1); Ip 16:12:60 → 0.445s/req pen=60s (used=1)  delay 8.625→1.500  min_gap→0  max_usage=0%
11:28:07.742  RAW   content-type: application/json
11:28:07.742  RAW   x-rate-limit-policy: trade-fetch-request-limit
11:28:07.742  RAW   x-rate-limit-rules: Account,Ip
11:28:07.742  RAW   x-rate-limit-account: 6:4:10
11:28:07.742  RAW   x-rate-limit-account-state: 1:4:0
11:28:07.742  RAW   x-rate-limit-ip: 12:4:60,16:12:60
11:28:07.742  RAW   x-rate-limit-ip-state: 1:4:0,1:12:0
11:28:07.742  RAW   cf-cache-status: DYNAMIC
11:28:07.742  RAW   cf-ray: a1f9a7352bf2eeb2-WAW
11:28:07.742  RESP  GET /api/trade/fetch/fc6cb2e72ecfd537434f7beef1f969fba9c9373dd2f94ef5a20f73d9e9dbdeaf%2Cf009dbb37b19af25d526e94b660bfa65c32d9898e54b7693adb471e772d11fbb%2C557ee72483dd4a811c49a82abf8cf115d55d9eac0cc29b8589cff353994546c0%2Cacf4ca34a7a879d0476ae560ac0ead89cd5fe69ab8977e5df4cb282ecbb0b8b9%2C41d55357dc30e0cb05ecbc3bc24c8310ce41273da04bb09180e167656a7e6d0f → 200  11.373s  delay=1.500 min_gap=0.000 last=1784798887.742
11:28:07.742  PRE   POST /api/trade/search/Standard  delay=1.500 min_gap=0.000 last=1784798887.742
11:28:07.742  ENF   delay=1.500 min_gap=0.000 jitter=1.142 gap=2.642 since_last=0.000 sleep=2.642
11:28:10.840  PARSE Account 3:5:60 → 1.667s/req pen=60s (used=1); Ip 8:10:60 → 0.859s/req pen=60s (used=1); Ip 15:60:120 → 5.200s/req pen=120s (used=8); Ip 60:300:1800 → 7.000s/req pen=1800s (used=36)  delay 1.500→8.000  min_gap→0  max_usage=60%
11:28:10.840  RAW   content-type: application/json
11:28:10.840  RAW   x-rate-limit-policy: trade-search-request-limit
11:28:10.840  RAW   x-rate-limit-rules: Account,Ip
11:28:10.840  RAW   x-rate-limit-account: 3:5:60
11:28:10.840  RAW   x-rate-limit-account-state: 1:5:0
11:28:10.840  RAW   x-rate-limit-ip: 8:10:60,15:60:120,60:300:1800
11:28:10.840  RAW   x-rate-limit-ip-state: 1:10:0,8:60:0,36:300:0
11:28:10.840  RAW   cf-cache-status: DYNAMIC
11:28:10.840  RAW   cf-ray: a1f9a748e9b6eeb2-WAW
11:28:10.840  RESP  POST /api/trade/search/Standard → 200  3.098s  delay=8.000 min_gap=0.000 last=1784798890.841
11:28:10.840  PRE   GET /api/trade/fetch/534d4756b7f44330b30f614831e452a5e813fa84cea5485a38adafd98e1d3fea%2C0495847f858003e6053eedb261951b318ecaeec770a9c09f9bea3e444357e11c%2C270c7093e3d90d6ac164325676ae12c447cad5a5afa7410bb67ebbb2e768aacc%2Cccdfd3d5c3a29c33d9121560363fb392fcb47185c73daac4acd17bafc5f73beb%2Cf9b35ade5f1bb4a14951785d8dcf7a282b9d1d9d10b28425e512b62600e6f245  delay=8.000 min_gap=0.000 last=1784798890.841
11:28:10.840  ENF   delay=8.000 min_gap=0.000 jitter=1.147 gap=9.147 since_last=0.000 sleep=9.147
11:28:20.477  PARSE Account 6:4:10 → 0.500s/req pen=10s (used=1); Ip 12:4:60 → 0.208s/req pen=60s (used=1); Ip 16:12:60 → 0.516s/req pen=60s (used=2)  delay 8.000→1.516  min_gap→0  max_usage=0%
11:28:20.477  RAW   content-type: application/json
11:28:20.477  RAW   x-rate-limit-policy: trade-fetch-request-limit
11:28:20.477  RAW   x-rate-limit-rules: Account,Ip
11:28:20.477  RAW   x-rate-limit-account: 6:4:10
11:28:20.477  RAW   x-rate-limit-account-state: 1:4:0
11:28:20.477  RAW   x-rate-limit-ip: 12:4:60,16:12:60
11:28:20.477  RAW   x-rate-limit-ip-state: 1:4:0,2:12:0
11:28:20.477  RAW   cf-cache-status: DYNAMIC
11:28:20.477  RAW   cf-ray: a1f9a784fefaeeb2-WAW
11:28:20.477  RESP  GET /api/trade/fetch/534d4756b7f44330b30f614831e452a5e813fa84cea5485a38adafd98e1d3fea%2C0495847f858003e6053eedb261951b318ecaeec770a9c09f9bea3e444357e11c%2C270c7093e3d90d6ac164325676ae12c447cad5a5afa7410bb67ebbb2e768aacc%2Cccdfd3d5c3a29c33d9121560363fb392fcb47185c73daac4acd17bafc5f73beb%2Cf9b35ade5f1bb4a14951785d8dcf7a282b9d1d9d10b28425e512b62600e6f245 → 200  9.636s  delay=1.516 min_gap=0.000 last=1784798900.477
11:28:20.477  PRE   POST /api/trade/search/Standard  delay=1.516 min_gap=0.000 last=1784798900.477
11:28:20.477  ENF   delay=1.516 min_gap=0.000 jitter=1.739 gap=3.254 since_last=0.000 sleep=3.254
11:28:24.231  PARSE Account 3:5:60 → 1.667s/req pen=60s (used=1); Ip 8:10:60 → 0.859s/req pen=60s (used=1); Ip 15:60:120 → 5.200s/req pen=120s (used=8); Ip 60:300:1800 → 7.250s/req pen=1800s (used=38)  delay 1.516→8.250  min_gap→0  max_usage=63%
11:28:24.231  RAW   content-type: application/json
11:28:24.231  RAW   x-rate-limit-policy: trade-search-request-limit
11:28:24.231  RAW   x-rate-limit-rules: Account,Ip
11:28:24.231  RAW   x-rate-limit-account: 3:5:60
11:28:24.231  RAW   x-rate-limit-account-state: 1:5:0
11:28:24.231  RAW   x-rate-limit-ip: 8:10:60,15:60:120,60:300:1800
11:28:24.231  RAW   x-rate-limit-ip-state: 1:10:0,8:60:0,38:300:0
11:28:24.231  RAW   cf-cache-status: DYNAMIC
11:28:24.231  RAW   cf-ray: a1f9a79c5a15eeb2-WAW
11:28:24.231  RESP  POST /api/trade/search/Standard → 200  3.754s  delay=8.250 min_gap=0.000 last=1784798904.232
11:28:24.231  PRE   GET /api/trade/fetch/c4977f817e8912e895e8975c5f3c612f1f166750227699fde67344913787d3f3%2C41d55357dc30e0cb05ecbc3bc24c8310ce41273da04bb09180e167656a7e6d0f%2Cca13acc695ceab7beaeb6f8e0d7f42df01b82be57faaf4470e3ece7e859ecfa7%2C12c28f586e7aabc63199f90b53474082f1e24a093cc1265c0cf646a8e0815599%2Ca0e784f220d79d2beebf4ebc776362111d560f6757304819dff7d8baa67bfbf3  delay=8.250 min_gap=0.000 last=1784798904.232
11:28:24.231  ENF   delay=8.250 min_gap=0.000 jitter=1.768 gap=10.018 since_last=0.000 sleep=10.018
11:28:34.825  PARSE Account 6:4:10 → 0.500s/req pen=10s (used=1); Ip 12:4:60 → 0.208s/req pen=60s (used=1); Ip 16:12:60 → 0.516s/req pen=60s (used=2)  delay 8.250→1.516  min_gap→0  max_usage=0%
11:28:34.825  RAW   content-type: application/json
11:28:34.825  RAW   x-rate-limit-policy: trade-fetch-request-limit
11:28:34.825  RAW   x-rate-limit-rules: Account,Ip
11:28:34.825  RAW   x-rate-limit-account: 6:4:10
11:28:34.825  RAW   x-rate-limit-account-state: 1:4:0
11:28:34.825  RAW   x-rate-limit-ip: 12:4:60,16:12:60
11:28:34.825  RAW   x-rate-limit-ip-state: 1:4:0,2:12:0
11:28:34.825  RAW   cf-cache-status: DYNAMIC
11:28:34.825  RAW   cf-ray: a1f9a7de1fe1eeb2-WAW
11:28:34.825  RESP  GET /api/trade/fetch/c4977f817e8912e895e8975c5f3c612f1f166750227699fde67344913787d3f3%2C41d55357dc30e0cb05ecbc3bc24c8310ce41273da04bb09180e167656a7e6d0f%2Cca13acc695ceab7beaeb6f8e0d7f42df01b82be57faaf4470e3ece7e859ecfa7%2C12c28f586e7aabc63199f90b53474082f1e24a093cc1265c0cf646a8e0815599%2Ca0e784f220d79d2beebf4ebc776362111d560f6757304819dff7d8baa67bfbf3 → 200  10.594s  delay=1.516 min_gap=0.000 last=1784798914.826
11:28:34.852  PRE   POST /api/trade/search/Standard  delay=1.516 min_gap=0.000 last=1784798914.826
11:28:34.852  ENF   delay=1.516 min_gap=0.000 jitter=2.438 gap=3.954 since_last=0.026 sleep=3.927
11:28:39.282  PARSE Account 3:5:60 → 1.667s/req pen=60s (used=1); Ip 8:10:60 → 0.859s/req pen=60s (used=1); Ip 15:60:120 → 5.200s/req pen=120s (used=8); Ip 60:300:1800 → 7.500s/req pen=1800s (used=40)  delay 1.516→8.500  min_gap→0  max_usage=67%
11:28:39.282  RAW   content-type: application/json
11:28:39.282  RAW   x-rate-limit-policy: trade-search-request-limit
11:28:39.282  RAW   x-rate-limit-rules: Account,Ip
11:28:39.282  RAW   x-rate-limit-account: 3:5:60
11:28:39.282  RAW   x-rate-limit-account-state: 1:5:0
11:28:39.282  RAW   x-rate-limit-ip: 8:10:60,15:60:120,60:300:1800
11:28:39.282  RAW   x-rate-limit-ip-state: 1:10:0,8:60:0,40:300:0
11:28:39.282  RAW   cf-cache-status: DYNAMIC
11:28:39.282  RAW   cf-ray: a1f9a7fa6c57eeb2-WAW
11:28:39.282  RESP  POST /api/trade/search/Standard → 200  4.431s  delay=8.500 min_gap=0.000 last=1784798919.283
11:28:39.282  PRE   GET /api/trade/fetch/990ac43fb32b6da19282053af77b940a807c67f0b56da64144bead9a73955613%2C9f8288d718d4bf30a3372429a7703f8705037a72160e089645d6494ebf821117%2C3210020a501e567430652ec57beee6b1ba62cdd955a1004001dcac4d8de4e952%2Cf93c34461e8a3136913532d8892bcbc218ace4207956c8ce8cddfe060006c8c1%2Cab3776be28755e20098af4420cc967d24601fc262392512fe9805408365d5ad9  delay=8.500 min_gap=0.000 last=1784798919.283
11:28:39.282  ENF   delay=8.500 min_gap=0.000 jitter=2.234 gap=10.734 since_last=0.000 sleep=10.734
11:28:50.550  PARSE Account 6:4:10 → 0.500s/req pen=10s (used=1); Ip 12:4:60 → 0.208s/req pen=60s (used=1); Ip 16:12:60 → 0.516s/req pen=60s (used=2)  delay 8.500→1.516  min_gap→0  max_usage=0%
11:28:50.550  RAW   content-type: application/json
11:28:50.550  RAW   x-rate-limit-policy: trade-fetch-request-limit
11:28:50.550  RAW   x-rate-limit-rules: Account,Ip
11:28:50.550  RAW   x-rate-limit-account: 6:4:10
11:28:50.550  RAW   x-rate-limit-account-state: 1:4:0
11:28:50.550  RAW   x-rate-limit-ip: 12:4:60,16:12:60
11:28:50.550  RAW   x-rate-limit-ip-state: 1:4:0,2:12:0
11:28:50.550  RAW   cf-cache-status: DYNAMIC
11:28:50.550  RAW   cf-ray: a1f9a840ae49eeb2-WAW
11:28:50.550  RESP  GET /api/trade/fetch/990ac43fb32b6da19282053af77b940a807c67f0b56da64144bead9a73955613%2C9f8288d718d4bf30a3372429a7703f8705037a72160e089645d6494ebf821117%2C3210020a501e567430652ec57beee6b1ba62cdd955a1004001dcac4d8de4e952%2Cf93c34461e8a3136913532d8892bcbc218ace4207956c8ce8cddfe060006c8c1%2Cab3776be28755e20098af4420cc967d24601fc262392512fe9805408365d5ad9 → 200  11.268s  delay=1.516 min_gap=0.000 last=1784798930.551
11:28:50.551  PRE   POST /api/trade/search/Standard  delay=1.516 min_gap=0.000 last=1784798930.551
11:28:50.551  ENF   delay=1.516 min_gap=0.000 jitter=2.173 gap=3.689 since_last=0.000 sleep=3.689
11:28:54.795  PARSE Account 3:5:60 → 1.667s/req pen=60s (used=1); Ip 8:10:60 → 0.859s/req pen=60s (used=1); Ip 15:60:120 → 4.800s/req pen=120s (used=7); Ip 60:300:1800 → 7.750s/req pen=1800s (used=42)  delay 1.516→8.750  min_gap→0  max_usage=70%
11:28:54.795  BACK  set 0s backoff at 70% usage
11:28:54.795  RAW   content-type: application/json
11:28:54.795  RAW   x-rate-limit-policy: trade-search-request-limit
11:28:54.795  RAW   x-rate-limit-rules: Account,Ip
11:28:54.795  RAW   x-rate-limit-account: 3:5:60
11:28:54.795  RAW   x-rate-limit-account-state: 1:5:0
11:28:54.795  RAW   x-rate-limit-ip: 8:10:60,15:60:120,60:300:1800
11:28:54.795  RAW   x-rate-limit-ip-state: 1:10:0,7:60:0,42:300:0
11:28:54.795  RAW   cf-cache-status: DYNAMIC
11:28:54.795  RAW   cf-ray: a1f9a85b0c5aeeb2-WAW
11:28:54.795  RESP  POST /api/trade/search/Standard → 200  4.244s  delay=8.750 min_gap=0.000 last=1784798934.796
11:28:54.795  PRE   GET /api/trade/fetch/534d4756b7f44330b30f614831e452a5e813fa84cea5485a38adafd98e1d3fea%2C0495847f858003e6053eedb261951b318ecaeec770a9c09f9bea3e444357e11c%2Cccdfd3d5c3a29c33d9121560363fb392fcb47185c73daac4acd17bafc5f73beb%2Cf9b35ade5f1bb4a14951785d8dcf7a282b9d1d9d10b28425e512b62600e6f245%2Cebb4c8aefd571afc4495dd492274ed8e8498ae20efb804b54922f66e29502885  delay=8.750 min_gap=0.000 last=1784798934.796
11:28:54.795  ENF   delay=8.750 min_gap=0.000 jitter=1.923 gap=10.673 since_last=0.000 sleep=10.673
11:29:05.960  PARSE Account 6:4:10 → 0.500s/req pen=10s (used=1); Ip 12:4:60 → 0.208s/req pen=60s (used=1); Ip 16:12:60 → 0.445s/req pen=60s (used=1)  delay 8.750→1.500  min_gap→0  max_usage=0%
11:29:05.960  RAW   content-type: application/json
11:29:05.960  RAW   x-rate-limit-policy: trade-fetch-request-limit
11:29:05.960  RAW   x-rate-limit-rules: Account,Ip
11:29:05.960  RAW   x-rate-limit-account: 6:4:10
11:29:05.960  RAW   x-rate-limit-account-state: 1:4:0
11:29:05.960  RAW   x-rate-limit-ip: 12:4:60,16:12:60
11:29:05.960  RAW   x-rate-limit-ip-state: 1:4:0,1:12:0
11:29:05.960  RAW   cf-cache-status: DYNAMIC
11:29:05.960  RAW   cf-ray: a1f9a8a13e1deeb2-WAW
11:29:05.960  RESP  GET /api/trade/fetch/534d4756b7f44330b30f614831e452a5e813fa84cea5485a38adafd98e1d3fea%2C0495847f858003e6053eedb261951b318ecaeec770a9c09f9bea3e444357e11c%2Cccdfd3d5c3a29c33d9121560363fb392fcb47185c73daac4acd17bafc5f73beb%2Cf9b35ade5f1bb4a14951785d8dcf7a282b9d1d9d10b28425e512b62600e6f245%2Cebb4c8aefd571afc4495dd492274ed8e8498ae20efb804b54922f66e29502885 → 200  11.164s  delay=1.500 min_gap=0.000 last=1784798945.961
11:29:05.960  PRE   POST /api/trade/search/Standard  delay=1.500 min_gap=0.000 last=1784798945.961
11:29:05.960  ENF   delay=1.500 min_gap=0.000 jitter=2.378 gap=3.878 since_last=0.000 sleep=3.878
11:29:10.214  PARSE Account 3:5:60 → 1.667s/req pen=60s (used=1); Ip 8:10:60 → 0.859s/req pen=60s (used=1); Ip 15:60:120 → 4.800s/req pen=120s (used=7); Ip 60:300:1800 → 6.875s/req pen=1800s (used=35)  delay 1.500→7.875  min_gap→0  max_usage=58%
11:29:10.214  RAW   content-type: application/json
11:29:10.214  RAW   x-rate-limit-policy: trade-search-request-limit
11:29:10.214  RAW   x-rate-limit-rules: Account,Ip
11:29:10.214  RAW   x-rate-limit-account: 3:5:60
11:29:10.214  RAW   x-rate-limit-account-state: 1:5:0
11:29:10.214  RAW   x-rate-limit-ip: 8:10:60,15:60:120,60:300:1800
11:29:10.214  RAW   x-rate-limit-ip-state: 1:10:0,7:60:0,35:300:0
11:29:10.214  RAW   cf-cache-status: DYNAMIC
11:29:10.214  RAW   cf-ray: a1f9a8bc8d17eeb2-WAW
11:29:10.214  RESP  POST /api/trade/search/Standard → 200  4.253s  delay=7.875 min_gap=0.000 last=1784798950.214
11:29:10.214  PRE   GET /api/trade/fetch/5fd8ebb20e37d67508b4cd25932129693819113e24595f82bf6404193a1cff6d%2Cab3776be28755e20098af4420cc967d24601fc262392512fe9805408365d5ad9%2C4c67938189f2a46ed9944de9d60f7b88be0bc5aa190b1f73fb8c0612aaab61be%2Cf4822564d8f9232b302775a7fc1a35c99bf085beae973acc6119ec7b36298480%2Cb402b2ec5f029a31e50b27a46467824fe70001c61eb007ce9debdc7fb9638b15  delay=7.875 min_gap=0.000 last=1784798950.214
11:29:10.214  ENF   delay=7.875 min_gap=0.000 jitter=1.532 gap=9.407 since_last=0.000 sleep=9.407
11:29:19.906  PARSE Account 6:4:10 → 0.500s/req pen=10s (used=1); Ip 12:4:60 → 0.208s/req pen=60s (used=1); Ip 16:12:60 → 0.445s/req pen=60s (used=1)  delay 7.875→1.500  min_gap→0  max_usage=0%
11:29:19.906  RAW   content-type: application/json
11:29:19.906  RAW   x-rate-limit-policy: trade-fetch-request-limit
11:29:19.906  RAW   x-rate-limit-rules: Account,Ip
11:29:19.906  RAW   x-rate-limit-account: 6:4:10
11:29:19.906  RAW   x-rate-limit-account-state: 1:4:0
11:29:19.907  RAW   x-rate-limit-ip: 12:4:60,16:12:60
11:29:19.907  RAW   x-rate-limit-ip-state: 1:4:0,1:12:0
11:29:19.907  RAW   cf-cache-status: DYNAMIC
11:29:19.907  RAW   cf-ray: a1f9a8f9ac81eeb2-WAW
11:29:19.907  RESP  GET /api/trade/fetch/5fd8ebb20e37d67508b4cd25932129693819113e24595f82bf6404193a1cff6d%2Cab3776be28755e20098af4420cc967d24601fc262392512fe9805408365d5ad9%2C4c67938189f2a46ed9944de9d60f7b88be0bc5aa190b1f73fb8c0612aaab61be%2Cf4822564d8f9232b302775a7fc1a35c99bf085beae973acc6119ec7b36298480%2Cb402b2ec5f029a31e50b27a46467824fe70001c61eb007ce9debdc7fb9638b15 → 200  9.692s  delay=1.500 min_gap=0.000 last=1784798959.907
11:29:19.933  PRE   POST /api/trade/search/Standard  delay=1.500 min_gap=0.000 last=1784798959.907
11:29:19.933  ENF   delay=1.500 min_gap=0.000 jitter=1.472 gap=2.972 since_last=0.026 sleep=2.946
11:29:23.255  PARSE Account 3:5:60 → 1.667s/req pen=60s (used=1); Ip 8:10:60 → 0.859s/req pen=60s (used=1); Ip 15:60:120 → 4.400s/req pen=120s (used=6); Ip 60:300:1800 → 7.000s/req pen=1800s (used=36)  delay 1.500→8.000  min_gap→0  max_usage=60%
11:29:23.255  RAW   content-type: application/json
11:29:23.255  RAW   x-rate-limit-policy: trade-search-request-limit
11:29:23.255  RAW   x-rate-limit-rules: Account,Ip
11:29:23.255  RAW   x-rate-limit-account: 3:5:60
11:29:23.255  RAW   x-rate-limit-account-state: 1:5:0
11:29:23.255  RAW   x-rate-limit-ip: 8:10:60,15:60:120,60:300:1800
11:29:23.255  RAW   x-rate-limit-ip-state: 1:10:0,6:60:0,36:300:0
11:29:23.255  RAW   cf-cache-status: DYNAMIC
11:29:23.255  RAW   cf-ray: a1f9a90e2a196d0e-WAW
11:29:23.255  RESP  POST /api/trade/search/Standard → 200  3.322s  delay=8.000 min_gap=0.000 last=1784798963.256
11:29:23.255  PRE   GET /api/trade/fetch/3d467536a31fff65326ef322b37f5e00166b9080896451ab73dcf5911b05df22%2C94734132d3279757f2c2461a34085841ebee54bd09c2181d8129bbe0a8b0c6a2%2C8f8136c7acd1169636088a156d378ea0ed2f3a0733b243a779ffd9e705cfd386%2C5490851fe5829677a68f3da2c216373fc285d1c4f92abff67ef4975ae3534b80%2C483dfb2cfb46107c22b4ec3eb846960405ac0bea1973c5406b04ef8576471b63  delay=8.000 min_gap=0.000 last=1784798963.256
11:29:23.255  ENF   delay=8.000 min_gap=0.000 jitter=1.521 gap=9.521 since_last=0.000 sleep=9.521
11:29:33.139  PARSE Account 6:4:10 → 0.500s/req pen=10s (used=1); Ip 12:4:60 → 0.208s/req pen=60s (used=1); Ip 16:12:60 → 0.516s/req pen=60s (used=2)  delay 8.000→1.516  min_gap→0  max_usage=0%
11:29:33.139  RAW   content-type: application/json
11:29:33.139  RAW   x-rate-limit-policy: trade-fetch-request-limit
11:29:33.139  RAW   x-rate-limit-rules: Account,Ip
11:29:33.139  RAW   x-rate-limit-account: 6:4:10
11:29:33.139  RAW   x-rate-limit-account-state: 1:4:0
11:29:33.139  RAW   x-rate-limit-ip: 12:4:60,16:12:60
11:29:33.139  RAW   x-rate-limit-ip-state: 1:4:0,2:12:0
11:29:33.139  RAW   cf-cache-status: DYNAMIC
11:29:33.139  RAW   cf-ray: a1f9a94bdb966d0e-WAW
11:29:33.139  RESP  GET /api/trade/fetch/3d467536a31fff65326ef322b37f5e00166b9080896451ab73dcf5911b05df22%2C94734132d3279757f2c2461a34085841ebee54bd09c2181d8129bbe0a8b0c6a2%2C8f8136c7acd1169636088a156d378ea0ed2f3a0733b243a779ffd9e705cfd386%2C5490851fe5829677a68f3da2c216373fc285d1c4f92abff67ef4975ae3534b80%2C483dfb2cfb46107c22b4ec3eb846960405ac0bea1973c5406b04ef8576471b63 → 200  9.884s  delay=1.516 min_gap=0.000 last=1784798973.140
11:29:33.139  PRE   POST /api/trade/search/Standard  delay=1.516 min_gap=0.000 last=1784798973.140
11:29:33.139  ENF   delay=1.516 min_gap=0.000 jitter=1.055 gap=2.571 since_last=0.000 sleep=2.571
11:29:36.118  PARSE Account 3:5:60 → 1.667s/req pen=60s (used=1); Ip 8:10:60 → 0.859s/req pen=60s (used=1); Ip 15:60:120 → 4.400s/req pen=120s (used=6); Ip 60:300:1800 → 7.250s/req pen=1800s (used=38)  delay 1.516→8.250  min_gap→0  max_usage=63%
11:29:36.118  RAW   content-type: application/json
11:29:36.118  RAW   x-rate-limit-policy: trade-search-request-limit
11:29:36.118  RAW   x-rate-limit-rules: Account,Ip
11:29:36.118  RAW   x-rate-limit-account: 3:5:60
11:29:36.118  RAW   x-rate-limit-account-state: 1:5:0
11:29:36.118  RAW   x-rate-limit-ip: 8:10:60,15:60:120,60:300:1800
11:29:36.118  RAW   x-rate-limit-ip-state: 1:10:0,6:60:0,38:300:0
11:29:36.118  RAW   cf-cache-status: DYNAMIC
11:29:36.118  RAW   cf-ray: a1f9a95e39d16d0e-WAW
11:29:36.118  RESP  POST /api/trade/search/Standard → 200  2.979s  delay=8.250 min_gap=0.000 last=1784798976.119
11:29:36.119  PRE   GET /api/trade/fetch/534d4756b7f44330b30f614831e452a5e813fa84cea5485a38adafd98e1d3fea%2C0495847f858003e6053eedb261951b318ecaeec770a9c09f9bea3e444357e11c%2Cccdfd3d5c3a29c33d9121560363fb392fcb47185c73daac4acd17bafc5f73beb%2C4ae092dd8291e214a47095960a47cde0c566ccdad2d314601eafc7fa1ce861a6%2Cf9b35ade5f1bb4a14951785d8dcf7a282b9d1d9d10b28425e512b62600e6f245  delay=8.250 min_gap=0.000 last=1784798976.119
11:29:36.119  ENF   delay=8.250 min_gap=0.000 jitter=2.178 gap=10.428 since_last=0.000 sleep=10.428
11:29:46.846  PARSE Account 6:4:10 → 0.500s/req pen=10s (used=1); Ip 12:4:60 → 0.208s/req pen=60s (used=1); Ip 16:12:60 → 0.516s/req pen=60s (used=2)  delay 8.250→1.516  min_gap→0  max_usage=0%
11:29:46.846  RAW   content-type: application/json
11:29:46.846  RAW   x-rate-limit-policy: trade-fetch-request-limit
11:29:46.846  RAW   x-rate-limit-rules: Account,Ip
11:29:46.846  RAW   x-rate-limit-account: 6:4:10
11:29:46.846  RAW   x-rate-limit-account-state: 1:4:0
11:29:46.846  RAW   x-rate-limit-ip: 12:4:60,16:12:60
11:29:46.846  RAW   x-rate-limit-ip-state: 1:4:0,2:12:0
11:29:46.846  RAW   cf-cache-status: DYNAMIC
11:29:46.846  RAW   cf-ray: a1f9a9a1f8866d0e-WAW
11:29:46.846  RESP  GET /api/trade/fetch/534d4756b7f44330b30f614831e452a5e813fa84cea5485a38adafd98e1d3fea%2C0495847f858003e6053eedb261951b318ecaeec770a9c09f9bea3e444357e11c%2Cccdfd3d5c3a29c33d9121560363fb392fcb47185c73daac4acd17bafc5f73beb%2C4ae092dd8291e214a47095960a47cde0c566ccdad2d314601eafc7fa1ce861a6%2Cf9b35ade5f1bb4a14951785d8dcf7a282b9d1d9d10b28425e512b62600e6f245 → 200  10.727s  delay=1.516 min_gap=0.000 last=1784798986.847
11:29:46.846  PRE   POST /api/trade/search/Standard  delay=1.516 min_gap=0.000 last=1784798986.847
11:29:46.846  ENF   delay=1.516 min_gap=0.000 jitter=1.795 gap=3.311 since_last=0.000 sleep=3.310
11:29:50.508  PARSE Account 3:5:60 → 1.667s/req pen=60s (used=1); Ip 8:10:60 → 0.859s/req pen=60s (used=1); Ip 15:60:120 → 4.400s/req pen=120s (used=6); Ip 60:300:1800 → 7.500s/req pen=1800s (used=40)  delay 1.516→8.500  min_gap→0  max_usage=67%
11:29:50.508  RAW   content-type: application/json
11:29:50.508  RAW   x-rate-limit-policy: trade-search-request-limit
11:29:50.508  RAW   x-rate-limit-rules: Account,Ip
11:29:50.508  RAW   x-rate-limit-account: 3:5:60
11:29:50.508  RAW   x-rate-limit-account-state: 1:5:0
11:29:50.508  RAW   x-rate-limit-ip: 8:10:60,15:60:120,60:300:1800
11:29:50.508  RAW   x-rate-limit-ip-state: 1:10:0,6:60:0,40:300:0
11:29:50.508  RAW   cf-cache-status: DYNAMIC
11:29:50.508  RAW   cf-ray: a1f9a9b88f336d0e-WAW
11:29:50.508  RESP  POST /api/trade/search/Standard → 200  3.661s  delay=8.500 min_gap=0.000 last=1784798990.508
11:29:50.508  PRE   GET /api/trade/fetch/5490851fe5829677a68f3da2c216373fc285d1c4f92abff67ef4975ae3534b80%2Cd110125b0601c3537c43926f99e1acb1d4e89ec2a4d6b8299f7e3348da9d38e6%2C391cec766619433fddd23e3e39c8a0f0ef612fefdfba7cc8568052eefe07f9d7%2C2a374da28b8b6c2a4ce3e55d955b4765b05df66ae21cab822586bf8c22e74744%2Ccc590777a09dc37051aa0cfcb1c29bceaaa6a7dd50e684f41d12b8ce563ae0a0  delay=8.500 min_gap=0.000 last=1784798990.508
11:29:50.508  ENF   delay=8.500 min_gap=0.000 jitter=2.490 gap=10.990 since_last=0.000 sleep=10.990
11:30:01.880  PARSE Account 6:4:10 → 0.500s/req pen=10s (used=1); Ip 12:4:60 → 0.208s/req pen=60s (used=1); Ip 16:12:60 → 0.516s/req pen=60s (used=2)  delay 8.500→1.516  min_gap→0  max_usage=0%
11:30:01.880  RAW   content-type: application/json
11:30:01.880  RAW   x-rate-limit-policy: trade-fetch-request-limit
11:30:01.880  RAW   x-rate-limit-rules: Account,Ip
11:30:01.880  RAW   x-rate-limit-account: 6:4:10
11:30:01.880  RAW   x-rate-limit-account-state: 1:4:0
11:30:01.880  RAW   x-rate-limit-ip: 12:4:60,16:12:60
11:30:01.881  RAW   x-rate-limit-ip-state: 1:4:0,2:12:0
11:30:01.881  RAW   cf-cache-status: DYNAMIC
11:30:01.881  RAW   cf-ray: a1f9a9ff6ecb6d0e-WAW
11:30:01.881  RESP  GET /api/trade/fetch/5490851fe5829677a68f3da2c216373fc285d1c4f92abff67ef4975ae3534b80%2Cd110125b0601c3537c43926f99e1acb1d4e89ec2a4d6b8299f7e3348da9d38e6%2C391cec766619433fddd23e3e39c8a0f0ef612fefdfba7cc8568052eefe07f9d7%2C2a374da28b8b6c2a4ce3e55d955b4765b05df66ae21cab822586bf8c22e74744%2Ccc590777a09dc37051aa0cfcb1c29bceaaa6a7dd50e684f41d12b8ce563ae0a0 → 200  11.372s  delay=1.516 min_gap=0.000 last=1784799001.881
11:30:01.906  PRE   POST /api/trade/search/Standard  delay=1.516 min_gap=0.000 last=1784799001.881
11:30:01.906  ENF   delay=1.516 min_gap=0.000 jitter=1.313 gap=2.828 since_last=0.026 sleep=2.803
11:30:05.072  PARSE Account 3:5:60 → 1.667s/req pen=60s (used=1); Ip 8:10:60 → 1.094s/req pen=60s (used=2); Ip 15:60:120 → 4.800s/req pen=120s (used=7); Ip 60:300:1800 → 6.750s/req pen=1800s (used=34)  delay 1.516→7.750  min_gap→0  max_usage=57%
11:30:05.072  RAW   content-type: application/json
11:30:05.072  RAW   x-rate-limit-policy: trade-search-request-limit
11:30:05.072  RAW   x-rate-limit-rules: Account,Ip
11:30:05.072  RAW   x-rate-limit-account: 3:5:60
11:30:05.072  RAW   x-rate-limit-account-state: 1:5:0
11:30:05.072  RAW   x-rate-limit-ip: 8:10:60,15:60:120,60:300:1800
11:30:05.072  RAW   x-rate-limit-ip-state: 2:10:0,7:60:0,34:300:0
11:30:05.072  RAW   cf-cache-status: DYNAMIC
11:30:05.072  RAW   cf-ray: a1f9aa137c226d0e-WAW
11:30:05.072  RESP  POST /api/trade/search/Standard → 200  3.165s  delay=7.750 min_gap=0.000 last=1784799005.072
11:30:05.072  PRE   GET /api/trade/fetch/7491b0ef10b21dc6acd69bb15bae1016d325dc2a0c1a4bf5f7c2c53d9dc33d32%2C52c885f2351ad739b9efd5a4310dcbf4e30689a557e7baf95637197b05bf6bf7%2C5512297e3694b470ae90bec69835c945bbb9114551517d1e44df8ee0ee38e448%2C0d128cb7773768bc11f1115a982d8a12bcc48c93d5812e5b2f114ea3222e30e9%2Cfca261794759e27fed79e8a997bea367f802e891a47e135ab5a872b6bc16af36  delay=7.750 min_gap=0.000 last=1784799005.072
11:30:05.072  ENF   delay=7.750 min_gap=0.000 jitter=1.249 gap=8.999 since_last=0.000 sleep=8.999
11:30:14.413  PARSE Account 6:4:10 → 0.500s/req pen=10s (used=1); Ip 12:4:60 → 0.208s/req pen=60s (used=1); Ip 16:12:60 → 0.516s/req pen=60s (used=2)  delay 7.750→1.516  min_gap→0  max_usage=0%
11:30:14.413  RAW   content-type: application/json
11:30:14.413  RAW   x-rate-limit-policy: trade-fetch-request-limit
11:30:14.413  RAW   x-rate-limit-rules: Account,Ip
11:30:14.413  RAW   x-rate-limit-account: 6:4:10
11:30:14.413  RAW   x-rate-limit-account-state: 1:4:0
11:30:14.413  RAW   x-rate-limit-ip: 12:4:60,16:12:60
11:30:14.413  RAW   x-rate-limit-ip-state: 1:4:0,2:12:0
11:30:14.413  RAW   cf-cache-status: DYNAMIC
11:30:14.413  RAW   cf-ray: a1f9aa4dff986d0e-WAW
11:30:14.413  RESP  GET /api/trade/fetch/7491b0ef10b21dc6acd69bb15bae1016d325dc2a0c1a4bf5f7c2c53d9dc33d32%2C52c885f2351ad739b9efd5a4310dcbf4e30689a557e7baf95637197b05bf6bf7%2C5512297e3694b470ae90bec69835c945bbb9114551517d1e44df8ee0ee38e448%2C0d128cb7773768bc11f1115a982d8a12bcc48c93d5812e5b2f114ea3222e30e9%2Cfca261794759e27fed79e8a997bea367f802e891a47e135ab5a872b6bc16af36 → 200  9.341s  delay=1.516 min_gap=0.000 last=1784799014.414
11:30:14.413  PRE   POST /api/trade/search/Standard  delay=1.516 min_gap=0.000 last=1784799014.414
11:30:14.413  ENF   delay=1.516 min_gap=0.000 jitter=1.557 gap=3.072 since_last=0.000 sleep=3.072
11:30:17.847  PARSE Account 3:5:60 → 2.500s/req pen=60s (used=2); Ip 8:10:60 → 1.094s/req pen=60s (used=2); Ip 15:60:120 → 4.800s/req pen=120s (used=7); Ip 60:300:1800 → 7.000s/req pen=1800s (used=36)  delay 1.516→8.000  min_gap→0  max_usage=60%
11:30:17.847  RAW   content-type: application/json
11:30:17.847  RAW   x-rate-limit-policy: trade-search-request-limit
11:30:17.847  RAW   x-rate-limit-rules: Account,Ip
11:30:17.847  RAW   x-rate-limit-account: 3:5:60
11:30:17.847  RAW   x-rate-limit-account-state: 2:5:0
11:30:17.847  RAW   x-rate-limit-ip: 8:10:60,15:60:120,60:300:1800
11:30:17.847  RAW   x-rate-limit-ip-state: 2:10:0,7:60:0,36:300:0
11:30:17.847  RAW   cf-cache-status: DYNAMIC
11:30:17.847  RAW   cf-ray: a1f9aa634eb56d0e-WAW
11:30:17.847  RESP  POST /api/trade/search/Standard → 200  3.434s  delay=8.000 min_gap=0.000 last=1784799017.848
11:30:17.847  PRE   GET /api/trade/fetch/534d4756b7f44330b30f614831e452a5e813fa84cea5485a38adafd98e1d3fea%2C0495847f858003e6053eedb261951b318ecaeec770a9c09f9bea3e444357e11c%2C4ae092dd8291e214a47095960a47cde0c566ccdad2d314601eafc7fa1ce861a6%2Cb242d46eb9c5c387af22770572b59bf69110dc2484d89a502208e0b0020fa2c9%2C2994cf0ff4e6f0ada1734194ac0a287c629c20072f92b84c282d66969508b3df  delay=8.000 min_gap=0.000 last=1784799017.848
11:30:17.847  ENF   delay=8.000 min_gap=0.000 jitter=2.196 gap=10.196 since_last=0.000 sleep=10.195
11:30:28.449  PARSE Account 6:4:10 → 0.500s/req pen=10s (used=1); Ip 12:4:60 → 0.208s/req pen=60s (used=1); Ip 16:12:60 → 0.516s/req pen=60s (used=2)  delay 8.000→1.516  min_gap→0  max_usage=0%
11:30:28.449  RAW   content-type: application/json
11:30:28.449  RAW   x-rate-limit-policy: trade-fetch-request-limit
11:30:28.449  RAW   x-rate-limit-rules: Account,Ip
11:30:28.449  RAW   x-rate-limit-account: 6:4:10
11:30:28.449  RAW   x-rate-limit-account-state: 1:4:0
11:30:28.449  RAW   x-rate-limit-ip: 12:4:60,16:12:60
11:30:28.449  RAW   x-rate-limit-ip-state: 1:4:0,2:12:0
11:30:28.449  RAW   cf-cache-status: DYNAMIC
11:30:28.449  RAW   cf-ray: a1f9aaa548fe6d0e-WAW
11:30:28.449  RESP  GET /api/trade/fetch/534d4756b7f44330b30f614831e452a5e813fa84cea5485a38adafd98e1d3fea%2C0495847f858003e6053eedb261951b318ecaeec770a9c09f9bea3e444357e11c%2C4ae092dd8291e214a47095960a47cde0c566ccdad2d314601eafc7fa1ce861a6%2Cb242d46eb9c5c387af22770572b59bf69110dc2484d89a502208e0b0020fa2c9%2C2994cf0ff4e6f0ada1734194ac0a287c629c20072f92b84c282d66969508b3df → 200  10.601s  delay=1.516 min_gap=0.000 last=1784799028.449
11:30:28.449  PRE   POST /api/trade/search/Standard  delay=1.516 min_gap=0.000 last=1784799028.449
11:30:28.449  ENF   delay=1.516 min_gap=0.000 jitter=1.465 gap=2.980 since_last=0.000 sleep=2.980
11:30:31.865  PARSE Account 3:5:60 → 2.500s/req pen=60s (used=2); Ip 8:10:60 → 1.094s/req pen=60s (used=2); Ip 15:60:120 → 4.800s/req pen=120s (used=7); Ip 60:300:1800 → 7.250s/req pen=1800s (used=38)  delay 1.516→8.250  min_gap→0  max_usage=63%
11:30:31.865  RAW   content-type: application/json
11:30:31.865  RAW   x-rate-limit-policy: trade-search-request-limit
11:30:31.865  RAW   x-rate-limit-rules: Account,Ip
11:30:31.865  RAW   x-rate-limit-account: 3:5:60
11:30:31.865  RAW   x-rate-limit-account-state: 2:5:0
11:30:31.865  RAW   x-rate-limit-ip: 8:10:60,15:60:120,60:300:1800
11:30:31.865  RAW   x-rate-limit-ip-state: 2:10:0,7:60:0,38:300:0
11:30:31.865  RAW   cf-cache-status: DYNAMIC
11:30:31.865  RAW   cf-ray: a1f9aaba78b36d0e-WAW
11:30:31.865  RESP  POST /api/trade/search/Standard → 200  3.416s  delay=8.250 min_gap=0.000 last=1784799031.866
11:30:31.865  PRE   GET /api/trade/fetch/fca261794759e27fed79e8a997bea367f802e891a47e135ab5a872b6bc16af36%2C9006cdcaf398c7af32c3bde661a4eeab0a9687caa138c9bb74182bbf4d26c2b1%2C0e84b8956dca33a4f16aaf615efba3e37e95104360a0753888ec9b5163e9b6a5%2Ca9e19898c1e98d383e0f7b1ceeb5300fe6c455df4f627243e117ea6c08ccd19f%2C6c30c80cb932d124b82b28ec9d87023d732bd8672909d0049a1debebc0d741d4  delay=8.250 min_gap=0.000 last=1784799031.866
11:30:31.865  ENF   delay=8.250 min_gap=0.000 jitter=1.646 gap=9.896 since_last=0.000 sleep=9.896
11:30:42.130  PARSE Account 6:4:10 → 0.500s/req pen=10s (used=1); Ip 12:4:60 → 0.208s/req pen=60s (used=1); Ip 16:12:60 → 0.516s/req pen=60s (used=2)  delay 8.250→1.516  min_gap→0  max_usage=0%
11:30:42.130  RAW   content-type: application/json
11:30:42.130  RAW   x-rate-limit-policy: trade-fetch-request-limit
11:30:42.130  RAW   x-rate-limit-rules: Account,Ip
11:30:42.130  RAW   x-rate-limit-account: 6:4:10
11:30:42.130  RAW   x-rate-limit-account-state: 1:4:0
11:30:42.130  RAW   x-rate-limit-ip: 12:4:60,16:12:60
11:30:42.130  RAW   x-rate-limit-ip-state: 1:4:0,2:12:0
11:30:42.130  RAW   cf-cache-status: DYNAMIC
11:30:42.130  RAW   cf-ray: a1f9aafb0c226d0e-WAW
11:30:42.130  RESP  GET /api/trade/fetch/fca261794759e27fed79e8a997bea367f802e891a47e135ab5a872b6bc16af36%2C9006cdcaf398c7af32c3bde661a4eeab0a9687caa138c9bb74182bbf4d26c2b1%2C0e84b8956dca33a4f16aaf615efba3e37e95104360a0753888ec9b5163e9b6a5%2Ca9e19898c1e98d383e0f7b1ceeb5300fe6c455df4f627243e117ea6c08ccd19f%2C6c30c80cb932d124b82b28ec9d87023d732bd8672909d0049a1debebc0d741d4 → 200  10.265s  delay=1.516 min_gap=0.000 last=1784799042.131
11:30:42.157  PRE   POST /api/trade/search/Standard  delay=1.516 min_gap=0.000 last=1784799042.131
11:30:42.157  ENF   delay=1.516 min_gap=0.000 jitter=1.567 gap=3.082 since_last=0.027 sleep=3.055
11:30:45.720  PARSE Account 3:5:60 → 2.500s/req pen=60s (used=2); Ip 8:10:60 → 1.094s/req pen=60s (used=2); Ip 15:60:120 → 4.800s/req pen=120s (used=7); Ip 60:300:1800 → 7.500s/req pen=1800s (used=40)  delay 1.516→8.500  min_gap→0  max_usage=67%
11:30:45.720  RAW   content-type: application/json
11:30:45.720  RAW   x-rate-limit-policy: trade-search-request-limit
11:30:45.720  RAW   x-rate-limit-rules: Account,Ip
11:30:45.720  RAW   x-rate-limit-account: 3:5:60
11:30:45.720  RAW   x-rate-limit-account-state: 2:5:0
11:30:45.720  RAW   x-rate-limit-ip: 8:10:60,15:60:120,60:300:1800
11:30:45.720  RAW   x-rate-limit-ip-state: 2:10:0,7:60:0,40:300:0
11:30:45.721  RAW   cf-cache-status: DYNAMIC
11:30:45.721  RAW   cf-ray: a1f9ab109bc06d0e-WAW
11:30:45.721  RESP  POST /api/trade/search/Standard → 200  3.563s  delay=8.500 min_gap=0.000 last=1784799045.721
11:30:45.721  PRE   GET /api/trade/fetch/f0e0c6fcaa8bd3939edcae146f489e4549f9afe47d63919ec6294fa37564e41e%2C94e6a53d6901f77873145eb48aff8b9dc592f08b215d6588b4078a14f1a0956c%2C91baeba639722e217486a870a9de3992d120b574eb0b91d483fe191835aef42c%2C3ada2852c69af8b5a22c6b4cc9cfbd6f24426a7f7549a415ffb078f153de6529%2C67192c373d1ebe5f326fa2d5a174f760fe7d8e5dd007e984ae8b794e482a7858  delay=8.500 min_gap=0.000 last=1784799045.721
11:30:45.721  ENF   delay=8.500 min_gap=0.000 jitter=2.009 gap=10.509 since_last=0.000 sleep=10.509
11:30:56.683  PARSE Account 6:4:10 → 0.500s/req pen=10s (used=1); Ip 12:4:60 → 0.208s/req pen=60s (used=1); Ip 16:12:60 → 0.516s/req pen=60s (used=2)  delay 8.500→1.516  min_gap→0  max_usage=0%
11:30:56.683  RAW   content-type: application/json
11:30:56.683  RAW   x-rate-limit-policy: trade-fetch-request-limit
11:30:56.683  RAW   x-rate-limit-rules: Account,Ip
11:30:56.683  RAW   x-rate-limit-account: 6:4:10
11:30:56.683  RAW   x-rate-limit-account-state: 1:4:0
11:30:56.683  RAW   x-rate-limit-ip: 12:4:60,16:12:60
11:30:56.683  RAW   x-rate-limit-ip-state: 1:4:0,2:12:0
11:30:56.683  RAW   cf-cache-status: DYNAMIC
11:30:56.683  RAW   cf-ray: a1f9ab557fa36d0e-WAW
11:30:56.683  RESP  GET /api/trade/fetch/f0e0c6fcaa8bd3939edcae146f489e4549f9afe47d63919ec6294fa37564e41e%2C94e6a53d6901f77873145eb48aff8b9dc592f08b215d6588b4078a14f1a0956c%2C91baeba639722e217486a870a9de3992d120b574eb0b91d483fe191835aef42c%2C3ada2852c69af8b5a22c6b4cc9cfbd6f24426a7f7549a415ffb078f153de6529%2C67192c373d1ebe5f326fa2d5a174f760fe7d8e5dd007e984ae8b794e482a7858 → 200  10.962s  delay=1.516 min_gap=0.000 last=1784799056.683
11:30:56.683  PRE   POST /api/trade/search/Standard  delay=1.516 min_gap=0.000 last=1784799056.683
11:30:56.683  ENF   delay=1.516 min_gap=0.000 jitter=1.422 gap=2.938 since_last=0.000 sleep=2.938
11:31:00.037  PARSE Account 3:5:60 → 2.500s/req pen=60s (used=2); Ip 8:10:60 → 1.094s/req pen=60s (used=2); Ip 15:60:120 → 5.600s/req pen=120s (used=9); Ip 60:300:1800 → 7.750s/req pen=1800s (used=42)  delay 1.516→8.750  min_gap→0  max_usage=70%
11:31:00.037  BACK  set 0s backoff at 70% usage
11:31:00.037  RAW   content-type: application/json
11:31:00.037  RAW   x-rate-limit-policy: trade-search-request-limit
11:31:00.037  RAW   x-rate-limit-rules: Account,Ip
11:31:00.037  RAW   x-rate-limit-account: 3:5:60
11:31:00.037  RAW   x-rate-limit-account-state: 2:5:0
11:31:00.037  RAW   x-rate-limit-ip: 8:10:60,15:60:120,60:300:1800
11:31:00.037  RAW   x-rate-limit-ip-state: 2:10:0,9:60:0,42:300:0
11:31:00.037  RAW   cf-cache-status: DYNAMIC
11:31:00.037  RAW   cf-ray: a1f9ab6aa9056d0e-WAW
11:31:00.037  RESP  POST /api/trade/search/Standard → 200  3.354s  delay=8.750 min_gap=0.000 last=1784799060.038
11:31:00.038  PRE   GET /api/trade/fetch/534d4756b7f44330b30f614831e452a5e813fa84cea5485a38adafd98e1d3fea%2C0495847f858003e6053eedb261951b318ecaeec770a9c09f9bea3e444357e11c%2Cb242d46eb9c5c387af22770572b59bf69110dc2484d89a502208e0b0020fa2c9%2C270c7093e3d90d6ac164325676ae12c447cad5a5afa7410bb67ebbb2e768aacc%2C86a2ea49a3550a35d26eebbaa24f4ba28a99c74fd3b0bcdcf30cc90700e29ae7  delay=8.750 min_gap=0.000 last=1784799060.038
11:31:00.038  ENF   delay=8.750 min_gap=0.000 jitter=1.159 gap=9.909 since_last=0.000 sleep=9.909
11:31:10.456  PARSE Account 6:4:10 → 0.500s/req pen=10s (used=1); Ip 12:4:60 → 0.208s/req pen=60s (used=1); Ip 16:12:60 → 0.516s/req pen=60s (used=2)  delay 8.750→1.516  min_gap→0  max_usage=0%
11:31:10.456  RAW   content-type: application/json
11:31:10.456  RAW   x-rate-limit-policy: trade-fetch-request-limit
11:31:10.456  RAW   x-rate-limit-rules: Account,Ip
11:31:10.456  RAW   x-rate-limit-account: 6:4:10
11:31:10.456  RAW   x-rate-limit-account-state: 1:4:0
11:31:10.456  RAW   x-rate-limit-ip: 12:4:60,16:12:60
11:31:10.456  RAW   x-rate-limit-ip-state: 1:4:0,2:12:0
11:31:10.456  RAW   cf-cache-status: DYNAMIC
11:31:10.456  RAW   cf-ray: a1f9abab3d836d0e-WAW
11:31:10.456  RESP  GET /api/trade/fetch/534d4756b7f44330b30f614831e452a5e813fa84cea5485a38adafd98e1d3fea%2C0495847f858003e6053eedb261951b318ecaeec770a9c09f9bea3e444357e11c%2Cb242d46eb9c5c387af22770572b59bf69110dc2484d89a502208e0b0020fa2c9%2C270c7093e3d90d6ac164325676ae12c447cad5a5afa7410bb67ebbb2e768aacc%2C86a2ea49a3550a35d26eebbaa24f4ba28a99c74fd3b0bcdcf30cc90700e29ae7 → 200  10.418s  delay=1.516 min_gap=0.000 last=1784799070.457
11:31:10.456  PRE   POST /api/trade/search/Standard  delay=1.516 min_gap=0.000 last=1784799070.457
11:31:10.456  ENF   delay=1.516 min_gap=0.000 jitter=2.151 gap=3.667 since_last=0.000 sleep=3.667
11:31:14.507  PARSE Account 3:5:60 → 1.667s/req pen=60s (used=1); Ip 8:10:60 → 1.094s/req pen=60s (used=2); Ip 15:60:120 → 5.600s/req pen=120s (used=9); Ip 60:300:1800 → 6.875s/req pen=1800s (used=35)  delay 1.516→7.875  min_gap→0  max_usage=60%
11:31:14.507  RAW   content-type: application/json
11:31:14.507  RAW   x-rate-limit-policy: trade-search-request-limit
11:31:14.507  RAW   x-rate-limit-rules: Account,Ip
11:31:14.507  RAW   x-rate-limit-account: 3:5:60
11:31:14.507  RAW   x-rate-limit-account-state: 1:5:0
11:31:14.507  RAW   x-rate-limit-ip: 8:10:60,15:60:120,60:300:1800
11:31:14.507  RAW   x-rate-limit-ip-state: 2:10:0,9:60:0,35:300:0
11:31:14.507  RAW   cf-cache-status: DYNAMIC
11:31:14.507  RAW   cf-ray: a1f9abc54f2a6d0e-WAW
11:31:14.507  RESP  POST /api/trade/search/Standard → 200  4.050s  delay=7.875 min_gap=0.000 last=1784799074.507
11:31:14.507  PRE   GET /api/trade/fetch/3ada2852c69af8b5a22c6b4cc9cfbd6f24426a7f7549a415ffb078f153de6529%2C91baeba639722e217486a870a9de3992d120b574eb0b91d483fe191835aef42c%2Cea4ed4b0318aed892be64c387b4673dc63234cb1bc2e7bcabdfc479775866d9b%2Cf9577386470fd62bf1e0e9eece3f786630931ba0b5eaa2df1606107f7913675e%2C9180232f46e4d315d75cddcbb77213a0d401e692268977dc63ba892808fd5feb  delay=7.875 min_gap=0.000 last=1784799074.507
11:31:14.507  ENF   delay=7.875 min_gap=0.000 jitter=2.165 gap=10.040 since_last=0.000 sleep=10.040
11:31:24.920  PARSE Account 6:4:10 → 0.500s/req pen=10s (used=1); Ip 12:4:60 → 0.208s/req pen=60s (used=1); Ip 16:12:60 → 0.516s/req pen=60s (used=2)  delay 7.875→1.516  min_gap→0  max_usage=0%
11:31:24.921  RAW   content-type: application/json
11:31:24.921  RAW   x-rate-limit-policy: trade-fetch-request-limit
11:31:24.921  RAW   x-rate-limit-rules: Account,Ip
11:31:24.921  RAW   x-rate-limit-account: 6:4:10
11:31:24.921  RAW   x-rate-limit-account-state: 1:4:0
11:31:24.921  RAW   x-rate-limit-ip: 12:4:60,16:12:60
11:31:24.921  RAW   x-rate-limit-ip-state: 1:4:0,2:12:0
11:31:24.921  RAW   cf-cache-status: DYNAMIC
11:31:24.921  RAW   cf-ray: a1f9ac067f366d0e-WAW
11:31:24.921  RESP  GET /api/trade/fetch/3ada2852c69af8b5a22c6b4cc9cfbd6f24426a7f7549a415ffb078f153de6529%2C91baeba639722e217486a870a9de3992d120b574eb0b91d483fe191835aef42c%2Cea4ed4b0318aed892be64c387b4673dc63234cb1bc2e7bcabdfc479775866d9b%2Cf9577386470fd62bf1e0e9eece3f786630931ba0b5eaa2df1606107f7913675e%2C9180232f46e4d315d75cddcbb77213a0d401e692268977dc63ba892808fd5feb → 200  10.414s  delay=1.516 min_gap=0.000 last=1784799084.921
11:31:24.947  PRE   POST /api/trade/search/Standard  delay=1.516 min_gap=0.000 last=1784799084.921
11:31:24.947  ENF   delay=1.516 min_gap=0.000 jitter=2.464 gap=3.980 since_last=0.026 sleep=3.953
11:31:29.320  PARSE Account 3:5:60 → 1.667s/req pen=60s (used=1); Ip 8:10:60 → 1.094s/req pen=60s (used=2); Ip 15:60:120 → 5.600s/req pen=120s (used=9); Ip 60:300:1800 → 7.125s/req pen=1800s (used=37)  delay 1.516→8.125  min_gap→0  max_usage=62%
11:31:29.320  RAW   content-type: application/json
11:31:29.320  RAW   x-rate-limit-policy: trade-search-request-limit
11:31:29.320  RAW   x-rate-limit-rules: Account,Ip
11:31:29.320  RAW   x-rate-limit-account: 3:5:60
11:31:29.320  RAW   x-rate-limit-account-state: 1:5:0
11:31:29.320  RAW   x-rate-limit-ip: 8:10:60,15:60:120,60:300:1800
11:31:29.320  RAW   x-rate-limit-ip-state: 2:10:0,9:60:0,37:300:0
11:31:29.320  RAW   cf-cache-status: DYNAMIC
11:31:29.320  RAW   cf-ray: a1f9ac21af756d0e-WAW
11:31:29.320  RESP  POST /api/trade/search/Standard → 200  4.373s  delay=8.125 min_gap=0.000 last=1784799089.320
11:31:29.320  PRE   GET /api/trade/fetch/e472184002dba96fd8b434b7c854132250e727d9666406837a4f1cd8e4252063%2Cd110125b0601c3537c43926f99e1acb1d4e89ec2a4d6b8299f7e3348da9d38e6%2C391cec766619433fddd23e3e39c8a0f0ef612fefdfba7cc8568052eefe07f9d7%2C2a374da28b8b6c2a4ce3e55d955b4765b05df66ae21cab822586bf8c22e74744%2C546e57869923597f735f5f95d5c0d15ab6a940c9c36f004ef87a5522e19d05c4  delay=8.125 min_gap=0.000 last=1784799089.320
11:31:29.320  ENF   delay=8.125 min_gap=0.000 jitter=2.036 gap=10.161 since_last=0.000 sleep=10.161
11:31:39.880  PARSE Account 6:4:10 → 0.500s/req pen=10s (used=1); Ip 12:4:60 → 0.208s/req pen=60s (used=1); Ip 16:12:60 → 0.516s/req pen=60s (used=2)  delay 8.125→1.516  min_gap→0  max_usage=0%
11:31:39.880  RAW   content-type: application/json
11:31:39.880  RAW   x-rate-limit-policy: trade-fetch-request-limit
11:31:39.880  RAW   x-rate-limit-rules: Account,Ip
11:31:39.881  RAW   x-rate-limit-account: 6:4:10
11:31:39.881  RAW   x-rate-limit-account-state: 1:4:0
11:31:39.881  RAW   x-rate-limit-ip: 12:4:60,16:12:60
11:31:39.881  RAW   x-rate-limit-ip-state: 1:4:0,2:12:0
11:31:39.881  RAW   cf-cache-status: DYNAMIC
11:31:39.881  RAW   cf-ray: a1f9ac63cdc46d0e-WAW
11:31:39.881  RESP  GET /api/trade/fetch/e472184002dba96fd8b434b7c854132250e727d9666406837a4f1cd8e4252063%2Cd110125b0601c3537c43926f99e1acb1d4e89ec2a4d6b8299f7e3348da9d38e6%2C391cec766619433fddd23e3e39c8a0f0ef612fefdfba7cc8568052eefe07f9d7%2C2a374da28b8b6c2a4ce3e55d955b4765b05df66ae21cab822586bf8c22e74744%2C546e57869923597f735f5f95d5c0d15ab6a940c9c36f004ef87a5522e19d05c4 → 200  10.560s  delay=1.516 min_gap=0.000 last=1784799099.881
11:31:39.881  PRE   POST /api/trade/search/Standard  delay=1.516 min_gap=0.000 last=1784799099.881
11:31:39.881  ENF   delay=1.516 min_gap=0.000 jitter=1.809 gap=3.324 since_last=0.000 sleep=3.324
11:31:43.655  PARSE Account 3:5:60 → 1.667s/req pen=60s (used=1); Ip 8:10:60 → 1.094s/req pen=60s (used=2); Ip 15:60:120 → 5.600s/req pen=120s (used=9); Ip 60:300:1800 → 7.375s/req pen=1800s (used=39)  delay 1.516→8.375  min_gap→0  max_usage=65%
11:31:43.655  RAW   content-type: application/json
11:31:43.655  RAW   x-rate-limit-policy: trade-search-request-limit
11:31:43.655  RAW   x-rate-limit-rules: Account,Ip
11:31:43.655  RAW   x-rate-limit-account: 3:5:60
11:31:43.655  RAW   x-rate-limit-account-state: 1:5:0
11:31:43.655  RAW   x-rate-limit-ip: 8:10:60,15:60:120,60:300:1800
11:31:43.655  RAW   x-rate-limit-ip-state: 2:10:0,9:60:0,39:300:0
11:31:43.655  RAW   cf-cache-status: DYNAMIC
11:31:43.655  RAW   cf-ray: a1f9ac7b095c6d0e-WAW
11:31:43.655  RESP  POST /api/trade/search/Standard → 200  3.774s  delay=8.375 min_gap=0.000 last=1784799103.655
11:31:43.655  PRE   GET /api/trade/fetch/534d4756b7f44330b30f614831e452a5e813fa84cea5485a38adafd98e1d3fea%2C0495847f858003e6053eedb261951b318ecaeec770a9c09f9bea3e444357e11c%2Cccdfd3d5c3a29c33d9121560363fb392fcb47185c73daac4acd17bafc5f73beb%2C202b74cf377b8c40e3c001bc81ff4ecaceee6f1ee883dab94bdc2faaa7701aa6%2C7d7e2f3c3d70dad17d62c919768de0c05245787c879999c18423791e7b348d8c  delay=8.375 min_gap=0.000 last=1784799103.655
11:31:43.655  ENF   delay=8.375 min_gap=0.000 jitter=1.423 gap=9.798 since_last=0.000 sleep=9.798
11:31:53.746  PARSE Account 6:4:10 → 0.500s/req pen=10s (used=1); Ip 12:4:60 → 0.208s/req pen=60s (used=1); Ip 16:12:60 → 0.516s/req pen=60s (used=2)  delay 8.375→1.516  min_gap→0  max_usage=0%
11:31:53.746  RAW   content-type: application/json
11:31:53.746  RAW   x-rate-limit-policy: trade-fetch-request-limit
11:31:53.746  RAW   x-rate-limit-rules: Account,Ip
11:31:53.746  RAW   x-rate-limit-account: 6:4:10
11:31:53.746  RAW   x-rate-limit-account-state: 1:4:0
11:31:53.746  RAW   x-rate-limit-ip: 12:4:60,16:12:60
11:31:53.746  RAW   x-rate-limit-ip-state: 1:4:0,2:12:0
11:31:53.746  RAW   cf-cache-status: DYNAMIC
11:31:53.746  RAW   cf-ray: a1f9acbb1ede6d0e-WAW
11:31:53.746  RESP  GET /api/trade/fetch/534d4756b7f44330b30f614831e452a5e813fa84cea5485a38adafd98e1d3fea%2C0495847f858003e6053eedb261951b318ecaeec770a9c09f9bea3e444357e11c%2Cccdfd3d5c3a29c33d9121560363fb392fcb47185c73daac4acd17bafc5f73beb%2C202b74cf377b8c40e3c001bc81ff4ecaceee6f1ee883dab94bdc2faaa7701aa6%2C7d7e2f3c3d70dad17d62c919768de0c05245787c879999c18423791e7b348d8c → 200  10.091s  delay=1.516 min_gap=0.000 last=1784799113.747
11:31:53.746  PRE   POST /api/trade/search/Standard  delay=1.516 min_gap=0.000 last=1784799113.747
11:31:53.746  ENF   delay=1.516 min_gap=0.000 jitter=1.409 gap=2.924 since_last=0.000 sleep=2.924
11:31:57.066  PARSE Account 3:5:60 → 2.500s/req pen=60s (used=2); Ip 8:10:60 → 1.094s/req pen=60s (used=2); Ip 15:60:120 → 5.200s/req pen=120s (used=8); Ip 60:300:1800 → 7.625s/req pen=1800s (used=41)  delay 1.516→8.625  min_gap→0  max_usage=68%
11:31:57.066  RAW   content-type: application/json
11:31:57.066  RAW   x-rate-limit-policy: trade-search-request-limit
11:31:57.066  RAW   x-rate-limit-rules: Account,Ip
11:31:57.066  RAW   x-rate-limit-account: 3:5:60
11:31:57.066  RAW   x-rate-limit-account-state: 2:5:0
11:31:57.066  RAW   x-rate-limit-ip: 8:10:60,15:60:120,60:300:1800
11:31:57.066  RAW   x-rate-limit-ip-state: 2:10:0,8:60:0,41:300:0
11:31:57.066  RAW   cf-cache-status: DYNAMIC
11:31:57.066  RAW   cf-ray: a1f9accf3ac26d0e-WAW
11:31:57.066  RESP  POST /api/trade/search/Standard → 200  3.319s  delay=8.625 min_gap=0.000 last=1784799117.066
11:31:57.066  PRE   GET /api/trade/fetch/d110125b0601c3537c43926f99e1acb1d4e89ec2a4d6b8299f7e3348da9d38e6%2C391cec766619433fddd23e3e39c8a0f0ef612fefdfba7cc8568052eefe07f9d7%2C2a374da28b8b6c2a4ce3e55d955b4765b05df66ae21cab822586bf8c22e74744%2C796fedabc669bbb86343ab28c4c33029a0647d2638ae707ce521d3b6fa24ee29%2C19c76ed2a2c3ae17899e07c7b3c887b34acbf9ffd0d5ef7ac636be19412cf4fb  delay=8.625 min_gap=0.000 last=1784799117.066
11:31:57.066  ENF   delay=8.625 min_gap=0.000 jitter=1.369 gap=9.994 since_last=0.000 sleep=9.994
11:32:07.410  PARSE Account 6:4:10 → 0.667s/req pen=10s (used=2); Ip 12:4:60 → 0.250s/req pen=60s (used=2); Ip 16:12:60 → 0.516s/req pen=60s (used=2)  delay 8.625→1.667  min_gap→0  max_usage=0%
11:32:07.410  RAW   content-type: application/json
11:32:07.410  RAW   x-rate-limit-policy: trade-fetch-request-limit
11:32:07.410  RAW   x-rate-limit-rules: Account,Ip
11:32:07.410  RAW   x-rate-limit-account: 6:4:10
11:32:07.410  RAW   x-rate-limit-account-state: 2:4:0
11:32:07.410  RAW   x-rate-limit-ip: 12:4:60,16:12:60
11:32:07.410  RAW   x-rate-limit-ip-state: 2:4:0,2:12:0
11:32:07.410  RAW   cf-cache-status: DYNAMIC
11:32:07.410  RAW   cf-ray: a1f9ad1029676d0e-WAW
11:32:07.410  RESP  GET /api/trade/fetch/d110125b0601c3537c43926f99e1acb1d4e89ec2a4d6b8299f7e3348da9d38e6%2C391cec766619433fddd23e3e39c8a0f0ef612fefdfba7cc8568052eefe07f9d7%2C2a374da28b8b6c2a4ce3e55d955b4765b05df66ae21cab822586bf8c22e74744%2C796fedabc669bbb86343ab28c4c33029a0647d2638ae707ce521d3b6fa24ee29%2C19c76ed2a2c3ae17899e07c7b3c887b34acbf9ffd0d5ef7ac636be19412cf4fb → 200  10.344s  delay=1.667 min_gap=0.000 last=1784799127.411
11:32:07.434  PRE   POST /api/trade/search/Standard  delay=1.667 min_gap=0.000 last=1784799127.411
11:32:07.435  ENF   delay=1.667 min_gap=0.000 jitter=1.103 gap=2.770 since_last=0.024 sleep=2.746
11:32:10.603  PARSE Account 3:5:60 → 2.500s/req pen=60s (used=2); Ip 8:10:60 → 1.094s/req pen=60s (used=2); Ip 15:60:120 → 5.200s/req pen=120s (used=8); Ip 60:300:1800 → 6.750s/req pen=1800s (used=34)  delay 1.667→7.750  min_gap→0  max_usage=57%
11:32:10.603  RAW   content-type: application/json
11:32:10.603  RAW   x-rate-limit-policy: trade-search-request-limit
11:32:10.603  RAW   x-rate-limit-rules: Account,Ip
11:32:10.603  RAW   x-rate-limit-account: 3:5:60
11:32:10.603  RAW   x-rate-limit-account-state: 2:5:0
11:32:10.603  RAW   x-rate-limit-ip: 8:10:60,15:60:120,60:300:1800
11:32:10.603  RAW   x-rate-limit-ip-state: 2:10:0,8:60:0,34:300:0
11:32:10.603  RAW   cf-cache-status: DYNAMIC
11:32:10.603  RAW   cf-ray: a1f9ad23ae456d0e-WAW
11:32:10.603  RESP  POST /api/trade/search/Standard → 200  3.168s  delay=7.750 min_gap=0.000 last=1784799130.604
11:32:10.603  PRE   GET /api/trade/fetch/7491b0ef10b21dc6acd69bb15bae1016d325dc2a0c1a4bf5f7c2c53d9dc33d32%2Ca67b3d41bfd462f99f3d2b154267ffc7385d53f1431b4af78aa4e9ed3f490346%2C01b86a265e8b21bf7d136672c213b82667f64e695b50347d3d52c06b37a75c25%2C1a3ec6c3cfd67880e1e48a0fa25532a111ba5089d8278625a73ecb9785dfe373%2C4c531d37513050a274e204f1c02b0190f8d19b0fc3b87fcfd4b0a6251fc53244  delay=7.750 min_gap=0.000 last=1784799130.604
11:32:10.603  ENF   delay=7.750 min_gap=0.000 jitter=2.082 gap=9.832 since_last=0.000 sleep=9.832
11:32:20.825  PARSE Account 6:4:10 → 0.667s/req pen=10s (used=2); Ip 12:4:60 → 0.250s/req pen=60s (used=2); Ip 16:12:60 → 0.516s/req pen=60s (used=2)  delay 7.750→1.667  min_gap→0  max_usage=0%
11:32:20.825  RAW   content-type: application/json
11:32:20.825  RAW   x-rate-limit-policy: trade-fetch-request-limit
11:32:20.825  RAW   x-rate-limit-rules: Account,Ip
11:32:20.825  RAW   x-rate-limit-account: 6:4:10
11:32:20.825  RAW   x-rate-limit-account-state: 2:4:0
11:32:20.825  RAW   x-rate-limit-ip: 12:4:60,16:12:60
11:32:20.825  RAW   x-rate-limit-ip-state: 2:4:0,2:12:0
11:32:20.825  RAW   cf-cache-status: DYNAMIC
11:32:20.825  RAW   cf-ray: a1f9ad63bd646d0e-WAW
11:32:20.825  RESP  GET /api/trade/fetch/7491b0ef10b21dc6acd69bb15bae1016d325dc2a0c1a4bf5f7c2c53d9dc33d32%2Ca67b3d41bfd462f99f3d2b154267ffc7385d53f1431b4af78aa4e9ed3f490346%2C01b86a265e8b21bf7d136672c213b82667f64e695b50347d3d52c06b37a75c25%2C1a3ec6c3cfd67880e1e48a0fa25532a111ba5089d8278625a73ecb9785dfe373%2C4c531d37513050a274e204f1c02b0190f8d19b0fc3b87fcfd4b0a6251fc53244 → 200  10.222s  delay=1.667 min_gap=0.000 last=1784799140.826
11:32:20.825  PRE   POST /api/trade/search/Standard  delay=1.667 min_gap=0.000 last=1784799140.826
11:32:20.825  ENF   delay=1.667 min_gap=0.000 jitter=1.775 gap=3.442 since_last=0.000 sleep=3.441
11:32:24.783  PARSE Account 3:5:60 → 2.500s/req pen=60s (used=2); Ip 8:10:60 → 1.094s/req pen=60s (used=2); Ip 15:60:120 → 5.200s/req pen=120s (used=8); Ip 60:300:1800 → 7.000s/req pen=1800s (used=36)  delay 1.667→8.000  min_gap→0  max_usage=60%
11:32:24.783  RAW   content-type: application/json
11:32:24.783  RAW   x-rate-limit-policy: trade-search-request-limit
11:32:24.783  RAW   x-rate-limit-rules: Account,Ip
11:32:24.783  RAW   x-rate-limit-account: 3:5:60
11:32:24.783  RAW   x-rate-limit-account-state: 2:5:0
11:32:24.783  RAW   x-rate-limit-ip: 8:10:60,15:60:120,60:300:1800
11:32:24.783  RAW   x-rate-limit-ip-state: 2:10:0,8:60:0,36:300:0
11:32:24.783  RAW   cf-cache-status: DYNAMIC
11:32:24.784  RAW   cf-ray: a1f9ad7bbeb16d0e-WAW
11:32:24.784  RESP  POST /api/trade/search/Standard → 200  3.958s  delay=8.000 min_gap=0.000 last=1784799144.784
11:32:24.784  PRE   GET /api/trade/fetch/534d4756b7f44330b30f614831e452a5e813fa84cea5485a38adafd98e1d3fea%2C0495847f858003e6053eedb261951b318ecaeec770a9c09f9bea3e444357e11c%2Cb242d46eb9c5c387af22770572b59bf69110dc2484d89a502208e0b0020fa2c9%2C4ae092dd8291e214a47095960a47cde0c566ccdad2d314601eafc7fa1ce861a6%2Cf9b35ade5f1bb4a14951785d8dcf7a282b9d1d9d10b28425e512b62600e6f245  delay=8.000 min_gap=0.000 last=1784799144.784
11:32:24.784  ENF   delay=8.000 min_gap=0.000 jitter=1.879 gap=9.879 since_last=0.000 sleep=9.879
11:32:35.132  PARSE Account 6:4:10 → 0.667s/req pen=10s (used=2); Ip 12:4:60 → 0.250s/req pen=60s (used=2); Ip 16:12:60 → 0.516s/req pen=60s (used=2)  delay 8.000→1.667  min_gap→0  max_usage=0%
11:32:35.132  RAW   content-type: application/json
11:32:35.132  RAW   x-rate-limit-policy: trade-fetch-request-limit
11:32:35.132  RAW   x-rate-limit-rules: Account,Ip
11:32:35.132  RAW   x-rate-limit-account: 6:4:10
11:32:35.132  RAW   x-rate-limit-account-state: 2:4:0
11:32:35.132  RAW   x-rate-limit-ip: 12:4:60,16:12:60
11:32:35.132  RAW   x-rate-limit-ip-state: 2:4:0,2:12:0
11:32:35.132  RAW   cf-cache-status: DYNAMIC
11:32:35.132  RAW   cf-ray: a1f9adbca90f6d0e-WAW
11:32:35.132  RESP  GET /api/trade/fetch/534d4756b7f44330b30f614831e452a5e813fa84cea5485a38adafd98e1d3fea%2C0495847f858003e6053eedb261951b318ecaeec770a9c09f9bea3e444357e11c%2Cb242d46eb9c5c387af22770572b59bf69110dc2484d89a502208e0b0020fa2c9%2C4ae092dd8291e214a47095960a47cde0c566ccdad2d314601eafc7fa1ce861a6%2Cf9b35ade5f1bb4a14951785d8dcf7a282b9d1d9d10b28425e512b62600e6f245 → 200  10.348s  delay=1.667 min_gap=0.000 last=1784799155.132
11:32:35.132  PRE   POST /api/trade/search/Standard  delay=1.667 min_gap=0.000 last=1784799155.132
11:32:35.132  ENF   delay=1.667 min_gap=0.000 jitter=1.587 gap=3.254 since_last=0.000 sleep=3.253
11:32:38.850  PARSE Account 3:5:60 → 2.500s/req pen=60s (used=2); Ip 8:10:60 → 1.094s/req pen=60s (used=2); Ip 15:60:120 → 5.200s/req pen=120s (used=8); Ip 60:300:1800 → 7.250s/req pen=1800s (used=38)  delay 1.667→8.250  min_gap→0  max_usage=63%
11:32:38.851  RAW   content-type: application/json
11:32:38.851  RAW   x-rate-limit-policy: trade-search-request-limit
11:32:38.851  RAW   x-rate-limit-rules: Account,Ip
11:32:38.851  RAW   x-rate-limit-account: 3:5:60
11:32:38.851  RAW   x-rate-limit-account-state: 2:5:0
11:32:38.851  RAW   x-rate-limit-ip: 8:10:60,15:60:120,60:300:1800
11:32:38.851  RAW   x-rate-limit-ip-state: 2:10:0,8:60:0,38:300:0
11:32:38.851  RAW   cf-cache-status: DYNAMIC
11:32:38.851  RAW   cf-ray: a1f9add3e9106d0e-WAW
11:32:38.851  RESP  POST /api/trade/search/Standard → 200  3.719s  delay=8.250 min_gap=0.000 last=1784799158.851
11:32:38.851  PRE   GET /api/trade/fetch/1a3ec6c3cfd67880e1e48a0fa25532a111ba5089d8278625a73ecb9785dfe373%2C0db67c4bb0469044c202356e17f40ab8a56f6599b16cb55a08d2f355158aa975%2Ce15b5db41ee4ca10ef04724145f8bde16f3a26d209589723d1c5df97bdb675d8%2C76d131a84e63a098300e87bc13b46d2fea4b52fdfa89a27536c5ae170ff0d1ad%2Cbd2e976f754f9ec886bef52a6c519ff26dde5ed06fcbb7955cf405dd9061e203  delay=8.250 min_gap=0.000 last=1784799158.851
11:32:38.851  ENF   delay=8.250 min_gap=0.000 jitter=1.015 gap=9.265 since_last=0.000 sleep=9.265
11:32:48.660  PARSE Account 6:4:10 → 0.667s/req pen=10s (used=2); Ip 12:4:60 → 0.250s/req pen=60s (used=2); Ip 16:12:60 → 0.516s/req pen=60s (used=2)  delay 8.250→1.667  min_gap→0  max_usage=0%
11:32:48.660  RAW   content-type: application/json
11:32:48.660  RAW   x-rate-limit-policy: trade-fetch-request-limit
11:32:48.660  RAW   x-rate-limit-rules: Account,Ip
11:32:48.660  RAW   x-rate-limit-account: 6:4:10
11:32:48.660  RAW   x-rate-limit-account-state: 2:4:0
11:32:48.660  RAW   x-rate-limit-ip: 12:4:60,16:12:60
11:32:48.660  RAW   x-rate-limit-ip-state: 2:4:0,2:12:0
11:32:48.660  RAW   cf-cache-status: DYNAMIC
11:32:48.660  RAW   cf-ray: a1f9ae10bf2d6d0e-WAW
11:32:48.660  RESP  GET /api/trade/fetch/1a3ec6c3cfd67880e1e48a0fa25532a111ba5089d8278625a73ecb9785dfe373%2C0db67c4bb0469044c202356e17f40ab8a56f6599b16cb55a08d2f355158aa975%2Ce15b5db41ee4ca10ef04724145f8bde16f3a26d209589723d1c5df97bdb675d8%2C76d131a84e63a098300e87bc13b46d2fea4b52fdfa89a27536c5ae170ff0d1ad%2Cbd2e976f754f9ec886bef52a6c519ff26dde5ed06fcbb7955cf405dd9061e203 → 200  9.809s  delay=1.667 min_gap=0.000 last=1784799168.661
11:32:48.686  PRE   POST /api/trade/search/Standard  delay=1.667 min_gap=0.000 last=1784799168.661
11:32:48.686  ENF   delay=1.667 min_gap=0.000 jitter=1.883 gap=3.550 since_last=0.026 sleep=3.524
11:32:52.743  PARSE Account 3:5:60 → 2.500s/req pen=60s (used=2); Ip 8:10:60 → 1.094s/req pen=60s (used=2); Ip 15:60:120 → 5.200s/req pen=120s (used=8); Ip 60:300:1800 → 7.500s/req pen=1800s (used=40)  delay 1.667→8.500  min_gap→0  max_usage=67%
11:32:52.743  RAW   content-type: application/json
11:32:52.743  RAW   x-rate-limit-policy: trade-search-request-limit
11:32:52.743  RAW   x-rate-limit-rules: Account,Ip
11:32:52.743  RAW   x-rate-limit-account: 3:5:60
11:32:52.743  RAW   x-rate-limit-account-state: 2:5:0
11:32:52.743  RAW   x-rate-limit-ip: 8:10:60,15:60:120,60:300:1800
11:32:52.743  RAW   x-rate-limit-ip-state: 2:10:0,8:60:0,40:300:0
11:32:52.743  RAW   cf-cache-status: DYNAMIC
11:32:52.743  RAW   cf-ray: a1f9ae2a5cda6d0e-WAW
11:32:52.743  RESP  POST /api/trade/search/Standard → 200  4.057s  delay=8.500 min_gap=0.000 last=1784799172.743
11:32:52.743  PRE   GET /api/trade/fetch/5429f8056eb356298f7b98a655d76dca80534812d7950281c152e00920b74cb8%2Cfcd909c1f7cb653d2a35e1b688a94769e470d1117a4cc10f123e801e620b6073%2Ce255eb2bceb81626ef352f14a177de71cdc0756045e71255a66a17aa77a29d05%2C9fb7ae5ffa2d0e2fbf36606ddd5b92a18918a145fe6ff15ebb29d083eef39865%2Cd5349303a7d404bb5fdd81fff4c34d635cf6422c1fcb04e5932040d992972605  delay=8.500 min_gap=0.000 last=1784799172.743
11:32:52.743  ENF   delay=8.500 min_gap=0.000 jitter=1.588 gap=10.088 since_last=0.000 sleep=10.088
11:33:03.329  PARSE Account 6:4:10 → 0.500s/req pen=10s (used=1); Ip 12:4:60 → 0.208s/req pen=60s (used=1); Ip 16:12:60 → 0.516s/req pen=60s (used=2)  delay 8.500→1.516  min_gap→0  max_usage=0%
11:33:03.330  RAW   content-type: application/json
11:33:03.330  RAW   x-rate-limit-policy: trade-fetch-request-limit
11:33:03.330  RAW   x-rate-limit-rules: Account,Ip
11:33:03.330  RAW   x-rate-limit-account: 6:4:10
11:33:03.330  RAW   x-rate-limit-account-state: 1:4:0
11:33:03.330  RAW   x-rate-limit-ip: 12:4:60,16:12:60
11:33:03.330  RAW   x-rate-limit-ip-state: 1:4:0,2:12:0
11:33:03.330  RAW   cf-cache-status: DYNAMIC
11:33:03.330  RAW   cf-ray: a1f9ae6cbf826d0e-WAW
11:33:03.330  RESP  GET /api/trade/fetch/5429f8056eb356298f7b98a655d76dca80534812d7950281c152e00920b74cb8%2Cfcd909c1f7cb653d2a35e1b688a94769e470d1117a4cc10f123e801e620b6073%2Ce255eb2bceb81626ef352f14a177de71cdc0756045e71255a66a17aa77a29d05%2C9fb7ae5ffa2d0e2fbf36606ddd5b92a18918a145fe6ff15ebb29d083eef39865%2Cd5349303a7d404bb5fdd81fff4c34d635cf6422c1fcb04e5932040d992972605 → 200  10.586s  delay=1.516 min_gap=0.000 last=1784799183.330
11:33:03.330  PRE   POST /api/trade/search/Standard  delay=1.516 min_gap=0.000 last=1784799183.330
11:33:03.330  ENF   delay=1.516 min_gap=0.000 jitter=2.003 gap=3.519 since_last=0.000 sleep=3.518
11:33:07.350  PARSE Account 3:5:60 → 1.667s/req pen=60s (used=1); Ip 8:10:60 → 1.094s/req pen=60s (used=2); Ip 15:60:120 → 5.200s/req pen=120s (used=8); Ip 60:300:1800 → 6.750s/req pen=1800s (used=34)  delay 1.516→7.750  min_gap→0  max_usage=57%
11:33:07.350  RAW   content-type: application/json
11:33:07.350  RAW   x-rate-limit-policy: trade-search-request-limit
11:33:07.350  RAW   x-rate-limit-rules: Account,Ip
11:33:07.350  RAW   x-rate-limit-account: 3:5:60
11:33:07.350  RAW   x-rate-limit-account-state: 1:5:0
11:33:07.350  RAW   x-rate-limit-ip: 8:10:60,15:60:120,60:300:1800
11:33:07.350  RAW   x-rate-limit-ip-state: 2:10:0,8:60:0,34:300:0
11:33:07.350  RAW   cf-cache-status: DYNAMIC
11:33:07.350  RAW   cf-ray: a1f9ae85d9526d0e-WAW
11:33:07.350  RESP  POST /api/trade/search/Standard → 200  4.020s  delay=7.750 min_gap=0.000 last=1784799187.351
11:33:07.350  PRE   GET /api/trade/fetch/534d4756b7f44330b30f614831e452a5e813fa84cea5485a38adafd98e1d3fea%2C0495847f858003e6053eedb261951b318ecaeec770a9c09f9bea3e444357e11c%2Cb242d46eb9c5c387af22770572b59bf69110dc2484d89a502208e0b0020fa2c9%2Cf9b35ade5f1bb4a14951785d8dcf7a282b9d1d9d10b28425e512b62600e6f245%2C9d5927738bf204deda9befaca7cec56c3f12cd06a508783a684e1fa9f5956cbc  delay=7.750 min_gap=0.000 last=1784799187.351
11:33:07.351  ENF   delay=7.750 min_gap=0.000 jitter=1.891 gap=9.641 since_last=0.000 sleep=9.641
11:33:17.477  PARSE Account 6:4:10 → 0.500s/req pen=10s (used=1); Ip 12:4:60 → 0.208s/req pen=60s (used=1); Ip 16:12:60 → 0.516s/req pen=60s (used=2)  delay 7.750→1.516  min_gap→0  max_usage=0%
11:33:17.477  RAW   content-type: application/json
11:33:17.477  RAW   x-rate-limit-policy: trade-fetch-request-limit
11:33:17.477  RAW   x-rate-limit-rules: Account,Ip
11:33:17.477  RAW   x-rate-limit-account: 6:4:10
11:33:17.477  RAW   x-rate-limit-account-state: 1:4:0
11:33:17.477  RAW   x-rate-limit-ip: 12:4:60,16:12:60
11:33:17.477  RAW   x-rate-limit-ip-state: 1:4:0,2:12:0
11:33:17.477  RAW   cf-cache-status: DYNAMIC
11:33:17.477  RAW   cf-ray: a1f9aec538aa6d0e-WAW
11:33:17.477  RESP  GET /api/trade/fetch/534d4756b7f44330b30f614831e452a5e813fa84cea5485a38adafd98e1d3fea%2C0495847f858003e6053eedb261951b318ecaeec770a9c09f9bea3e444357e11c%2Cb242d46eb9c5c387af22770572b59bf69110dc2484d89a502208e0b0020fa2c9%2Cf9b35ade5f1bb4a14951785d8dcf7a282b9d1d9d10b28425e512b62600e6f245%2C9d5927738bf204deda9befaca7cec56c3f12cd06a508783a684e1fa9f5956cbc → 200  10.126s  delay=1.516 min_gap=0.000 last=1784799197.478
11:33:17.477  PRE   POST /api/trade/search/Standard  delay=1.516 min_gap=0.000 last=1784799197.478
11:33:17.477  ENF   delay=1.516 min_gap=0.000 jitter=2.371 gap=3.887 since_last=0.000 sleep=3.886
11:33:21.986  PARSE Account 3:5:60 → 1.667s/req pen=60s (used=1); Ip 8:10:60 → 1.094s/req pen=60s (used=2); Ip 15:60:120 → 5.200s/req pen=120s (used=8); Ip 60:300:1800 → 7.000s/req pen=1800s (used=36)  delay 1.516→8.000  min_gap→0  max_usage=60%
11:33:21.986  RAW   content-type: application/json
11:33:21.986  RAW   x-rate-limit-policy: trade-search-request-limit
11:33:21.986  RAW   x-rate-limit-rules: Account,Ip
11:33:21.986  RAW   x-rate-limit-account: 3:5:60
11:33:21.986  RAW   x-rate-limit-account-state: 1:5:0
11:33:21.986  RAW   x-rate-limit-ip: 8:10:60,15:60:120,60:300:1800
11:33:21.986  RAW   x-rate-limit-ip-state: 2:10:0,8:60:0,36:300:0
11:33:21.986  RAW   cf-cache-status: DYNAMIC
11:33:21.986  RAW   cf-ray: a1f9aee08f7e6d0e-WAW
11:33:21.986  RESP  POST /api/trade/search/Standard → 200  4.509s  delay=8.000 min_gap=0.000 last=1784799201.987
11:33:21.986  PRE   GET /api/trade/fetch/5429f8056eb356298f7b98a655d76dca80534812d7950281c152e00920b74cb8%2Cfcd909c1f7cb653d2a35e1b688a94769e470d1117a4cc10f123e801e620b6073%2Cd5349303a7d404bb5fdd81fff4c34d635cf6422c1fcb04e5932040d992972605%2C5af7257abb3aae9adfff6a4f3960d545cf464774b7ef3f23255a02b88b0e213f%2Cb25d22414e4d03f8371b768511cdd46bf7e3800a63ec182efb47618a83642339  delay=8.000 min_gap=0.000 last=1784799201.987
11:33:21.986  ENF   delay=8.000 min_gap=0.000 jitter=1.423 gap=9.423 since_last=0.000 sleep=9.423
11:33:31.887  PARSE Account 6:4:10 → 0.500s/req pen=10s (used=1); Ip 12:4:60 → 0.208s/req pen=60s (used=1); Ip 16:12:60 → 0.516s/req pen=60s (used=2)  delay 8.000→1.516  min_gap→0  max_usage=0%
11:33:31.887  RAW   content-type: application/json
11:33:31.887  RAW   x-rate-limit-policy: trade-fetch-request-limit
11:33:31.887  RAW   x-rate-limit-rules: Account,Ip
11:33:31.887  RAW   x-rate-limit-account: 6:4:10
11:33:31.887  RAW   x-rate-limit-account-state: 1:4:0
11:33:31.887  RAW   x-rate-limit-ip: 12:4:60,16:12:60
11:33:31.887  RAW   x-rate-limit-ip-state: 1:4:0,2:12:0
11:33:31.887  RAW   cf-cache-status: DYNAMIC
11:33:31.887  RAW   cf-ray: a1f9af1f5e636d0e-WAW
11:33:31.887  RESP  GET /api/trade/fetch/5429f8056eb356298f7b98a655d76dca80534812d7950281c152e00920b74cb8%2Cfcd909c1f7cb653d2a35e1b688a94769e470d1117a4cc10f123e801e620b6073%2Cd5349303a7d404bb5fdd81fff4c34d635cf6422c1fcb04e5932040d992972605%2C5af7257abb3aae9adfff6a4f3960d545cf464774b7ef3f23255a02b88b0e213f%2Cb25d22414e4d03f8371b768511cdd46bf7e3800a63ec182efb47618a83642339 → 200  9.901s  delay=1.516 min_gap=0.000 last=1784799211.888
11:33:31.914  PRE   POST /api/trade/search/Standard  delay=1.516 min_gap=0.000 last=1784799211.888
11:33:31.914  ENF   delay=1.516 min_gap=0.000 jitter=2.268 gap=3.783 since_last=0.027 sleep=3.757
11:33:36.117  PARSE Account 3:5:60 → 2.500s/req pen=60s (used=2); Ip 8:10:60 → 1.094s/req pen=60s (used=2); Ip 15:60:120 → 5.200s/req pen=120s (used=8); Ip 60:300:1800 → 7.250s/req pen=1800s (used=38)  delay 1.516→8.250  min_gap→0  max_usage=63%
11:33:36.117  RAW   content-type: application/json
11:33:36.117  RAW   x-rate-limit-policy: trade-search-request-limit
11:33:36.117  RAW   x-rate-limit-rules: Account,Ip
11:33:36.117  RAW   x-rate-limit-account: 3:5:60
11:33:36.117  RAW   x-rate-limit-account-state: 2:5:0
11:33:36.117  RAW   x-rate-limit-ip: 8:10:60,15:60:120,60:300:1800
11:33:36.117  RAW   x-rate-limit-ip-state: 2:10:0,8:60:0,38:300:0
11:33:36.117  RAW   cf-cache-status: DYNAMIC
11:33:36.117  RAW   cf-ray: a1f9af39f9e36d0e-WAW
11:33:36.117  RESP  POST /api/trade/search/Standard → 200  4.203s  delay=8.250 min_gap=0.000 last=1784799216.118
11:33:36.118  PRE   GET /api/trade/fetch/5429f8056eb356298f7b98a655d76dca80534812d7950281c152e00920b74cb8%2Cfcd909c1f7cb653d2a35e1b688a94769e470d1117a4cc10f123e801e620b6073%2Cd5349303a7d404bb5fdd81fff4c34d635cf6422c1fcb04e5932040d992972605%2C39cfb56e528b399778de6daef3506aa211e42344383441a029a61caafb3e3aa3%2C5af7257abb3aae9adfff6a4f3960d545cf464774b7ef3f23255a02b88b0e213f  delay=8.250 min_gap=0.000 last=1784799216.118
11:33:36.118  ENF   delay=8.250 min_gap=0.000 jitter=1.121 gap=9.371 since_last=0.000 sleep=9.371
11:33:45.862  PARSE Account 6:4:10 → 0.500s/req pen=10s (used=1); Ip 12:4:60 → 0.208s/req pen=60s (used=1); Ip 16:12:60 → 0.516s/req pen=60s (used=2)  delay 8.250→1.516  min_gap→0  max_usage=0%
11:33:45.862  RAW   content-type: application/json
11:33:45.862  RAW   x-rate-limit-policy: trade-fetch-request-limit
11:33:45.862  RAW   x-rate-limit-rules: Account,Ip
11:33:45.862  RAW   x-rate-limit-account: 6:4:10
11:33:45.862  RAW   x-rate-limit-account-state: 1:4:0
11:33:45.862  RAW   x-rate-limit-ip: 12:4:60,16:12:60
11:33:45.862  RAW   x-rate-limit-ip-state: 1:4:0,2:12:0
11:33:45.862  RAW   cf-cache-status: DYNAMIC
11:33:45.862  RAW   cf-ray: a1f9af775e306d0e-WAW
11:33:45.862  RESP  GET /api/trade/fetch/5429f8056eb356298f7b98a655d76dca80534812d7950281c152e00920b74cb8%2Cfcd909c1f7cb653d2a35e1b688a94769e470d1117a4cc10f123e801e620b6073%2Cd5349303a7d404bb5fdd81fff4c34d635cf6422c1fcb04e5932040d992972605%2C39cfb56e528b399778de6daef3506aa211e42344383441a029a61caafb3e3aa3%2C5af7257abb3aae9adfff6a4f3960d545cf464774b7ef3f23255a02b88b0e213f → 200  9.745s  delay=1.516 min_gap=0.000 last=1784799225.863
11:33:45.863  PRE   POST /api/trade/search/Standard  delay=1.516 min_gap=0.000 last=1784799225.863
11:33:45.863  ENF   delay=1.516 min_gap=0.000 jitter=1.596 gap=3.111 since_last=0.000 sleep=3.111
11:33:49.392  PARSE Account 3:5:60 → 2.500s/req pen=60s (used=2); Ip 8:10:60 → 1.094s/req pen=60s (used=2); Ip 15:60:120 → 5.200s/req pen=120s (used=8); Ip 60:300:1800 → 7.500s/req pen=1800s (used=40)  delay 1.516→8.500  min_gap→0  max_usage=67%
11:33:49.392  RAW   content-type: application/json
11:33:49.392  RAW   x-rate-limit-policy: trade-search-request-limit
11:33:49.392  RAW   x-rate-limit-rules: Account,Ip
11:33:49.392  RAW   x-rate-limit-account: 3:5:60
11:33:49.392  RAW   x-rate-limit-account-state: 2:5:0
11:33:49.392  RAW   x-rate-limit-ip: 8:10:60,15:60:120,60:300:1800
11:33:49.392  RAW   x-rate-limit-ip-state: 2:10:0,8:60:0,40:300:0
11:33:49.392  RAW   cf-cache-status: DYNAMIC
11:33:49.392  RAW   cf-ray: a1f9af8d1bbf6d0e-WAW
11:33:49.392  RESP  POST /api/trade/search/Standard → 200  3.530s  delay=8.500 min_gap=0.000 last=1784799229.393
11:33:49.392  PRE   GET /api/trade/fetch/534d4756b7f44330b30f614831e452a5e813fa84cea5485a38adafd98e1d3fea%2C0495847f858003e6053eedb261951b318ecaeec770a9c09f9bea3e444357e11c%2C4ae092dd8291e214a47095960a47cde0c566ccdad2d314601eafc7fa1ce861a6%2Cccdfd3d5c3a29c33d9121560363fb392fcb47185c73daac4acd17bafc5f73beb%2Cebb4c8aefd571afc4495dd492274ed8e8498ae20efb804b54922f66e29502885  delay=8.500 min_gap=0.000 last=1784799229.393
11:33:49.392  ENF   delay=8.500 min_gap=0.000 jitter=1.406 gap=9.906 since_last=0.000 sleep=9.906
11:33:59.718  PARSE Account 6:4:10 → 0.500s/req pen=10s (used=1); Ip 12:4:60 → 0.208s/req pen=60s (used=1); Ip 16:12:60 → 0.516s/req pen=60s (used=2)  delay 8.500→1.516  min_gap→0  max_usage=0%
11:33:59.718  RAW   content-type: application/json
11:33:59.718  RAW   x-rate-limit-policy: trade-fetch-request-limit
11:33:59.718  RAW   x-rate-limit-rules: Account,Ip
11:33:59.718  RAW   x-rate-limit-account: 6:4:10
11:33:59.718  RAW   x-rate-limit-account-state: 1:4:0
11:33:59.718  RAW   x-rate-limit-ip: 12:4:60,16:12:60
11:33:59.718  RAW   x-rate-limit-ip-state: 1:4:0,2:12:0
11:33:59.718  RAW   cf-cache-status: DYNAMIC
11:33:59.718  RAW   cf-ray: a1f9afcda91e6d0e-WAW
11:33:59.718  RESP  GET /api/trade/fetch/534d4756b7f44330b30f614831e452a5e813fa84cea5485a38adafd98e1d3fea%2C0495847f858003e6053eedb261951b318ecaeec770a9c09f9bea3e444357e11c%2C4ae092dd8291e214a47095960a47cde0c566ccdad2d314601eafc7fa1ce861a6%2Cccdfd3d5c3a29c33d9121560363fb392fcb47185c73daac4acd17bafc5f73beb%2Cebb4c8aefd571afc4495dd492274ed8e8498ae20efb804b54922f66e29502885 → 200  10.326s  delay=1.516 min_gap=0.000 last=1784799239.719
11:33:59.719  PRE   POST /api/trade/search/Standard  delay=1.516 min_gap=0.000 last=1784799239.719
11:33:59.719  ENF   delay=1.516 min_gap=0.000 jitter=2.008 gap=3.524 since_last=0.000 sleep=3.524
11:34:03.796  PARSE Account 3:5:60 → 2.500s/req pen=60s (used=2); Ip 8:10:60 → 1.094s/req pen=60s (used=2); Ip 15:60:120 → 5.200s/req pen=120s (used=8); Ip 60:300:1800 → 6.875s/req pen=1800s (used=35)  delay 1.516→7.875  min_gap→0  max_usage=58%
11:34:03.796  RAW   content-type: application/json
11:34:03.796  RAW   x-rate-limit-policy: trade-search-request-limit
11:34:03.796  RAW   x-rate-limit-rules: Account,Ip
11:34:03.796  RAW   x-rate-limit-account: 3:5:60
11:34:03.796  RAW   x-rate-limit-account-state: 2:5:0
11:34:03.796  RAW   x-rate-limit-ip: 8:10:60,15:60:120,60:300:1800
11:34:03.796  RAW   x-rate-limit-ip-state: 2:10:0,8:60:0,35:300:0
11:34:03.796  RAW   cf-cache-status: DYNAMIC
11:34:03.796  RAW   cf-ray: a1f9afe64cc96d0e-WAW
11:34:03.796  RESP  POST /api/trade/search/Standard → 200  4.077s  delay=7.875 min_gap=0.000 last=1784799243.796
11:34:03.796  PRE   GET /api/trade/fetch/5429f8056eb356298f7b98a655d76dca80534812d7950281c152e00920b74cb8%2Cfcd909c1f7cb653d2a35e1b688a94769e470d1117a4cc10f123e801e620b6073%2Cd5349303a7d404bb5fdd81fff4c34d635cf6422c1fcb04e5932040d992972605%2C5af7257abb3aae9adfff6a4f3960d545cf464774b7ef3f23255a02b88b0e213f%2C427d31a39ece9a8672a2f131c86547845e08481f270baa6e24503bcf58f37122  delay=7.875 min_gap=0.000 last=1784799243.796
11:34:03.796  ENF   delay=7.875 min_gap=0.000 jitter=2.081 gap=9.956 since_last=0.000 sleep=9.956
11:34:14.171  PARSE Account 6:4:10 → 0.500s/req pen=10s (used=1); Ip 12:4:60 → 0.208s/req pen=60s (used=1); Ip 16:12:60 → 0.516s/req pen=60s (used=2)  delay 7.875→1.516  min_gap→0  max_usage=0%
11:34:14.171  RAW   content-type: application/json
11:34:14.171  RAW   x-rate-limit-policy: trade-fetch-request-limit
11:34:14.171  RAW   x-rate-limit-rules: Account,Ip
11:34:14.171  RAW   x-rate-limit-account: 6:4:10
11:34:14.171  RAW   x-rate-limit-account-state: 1:4:0
11:34:14.171  RAW   x-rate-limit-ip: 12:4:60,16:12:60
11:34:14.171  RAW   x-rate-limit-ip-state: 1:4:0,2:12:0
11:34:14.171  RAW   cf-cache-status: DYNAMIC
11:34:14.172  RAW   cf-ray: a1f9b027fa306d0e-WAW
11:34:14.172  RESP  GET /api/trade/fetch/5429f8056eb356298f7b98a655d76dca80534812d7950281c152e00920b74cb8%2Cfcd909c1f7cb653d2a35e1b688a94769e470d1117a4cc10f123e801e620b6073%2Cd5349303a7d404bb5fdd81fff4c34d635cf6422c1fcb04e5932040d992972605%2C5af7257abb3aae9adfff6a4f3960d545cf464774b7ef3f23255a02b88b0e213f%2C427d31a39ece9a8672a2f131c86547845e08481f270baa6e24503bcf58f37122 → 200  10.375s  delay=1.516 min_gap=0.000 last=1784799254.172
11:34:14.197  PRE   POST /api/trade/search/Standard  delay=1.516 min_gap=0.000 last=1784799254.172
11:34:14.197  ENF   delay=1.516 min_gap=0.000 jitter=2.238 gap=3.753 since_last=0.026 sleep=3.728
11:34:18.420  PARSE Account 3:5:60 → 1.667s/req pen=60s (used=1); Ip 8:10:60 → 1.094s/req pen=60s (used=2); Ip 15:60:120 → 5.200s/req pen=120s (used=8); Ip 60:300:1800 → 7.125s/req pen=1800s (used=37)  delay 1.516→8.125  min_gap→0  max_usage=62%
11:34:18.421  RAW   content-type: application/json
11:34:18.421  RAW   x-rate-limit-policy: trade-search-request-limit
11:34:18.421  RAW   x-rate-limit-rules: Account,Ip
11:34:18.421  RAW   x-rate-limit-account: 3:5:60
11:34:18.421  RAW   x-rate-limit-account-state: 1:5:0
11:34:18.421  RAW   x-rate-limit-ip: 8:10:60,15:60:120,60:300:1800
11:34:18.421  RAW   x-rate-limit-ip-state: 2:10:0,8:60:0,37:300:0
11:34:18.421  RAW   cf-cache-status: DYNAMIC
11:34:18.421  RAW   cf-ray: a1f9b0420aea6d0e-WAW
11:34:18.421  RESP  POST /api/trade/search/Standard → 200  4.223s  delay=8.125 min_gap=0.000 last=1784799258.421
11:34:18.421  PRE   GET /api/trade/fetch/f0e0c6fcaa8bd3939edcae146f489e4549f9afe47d63919ec6294fa37564e41e%2C94e6a53d6901f77873145eb48aff8b9dc592f08b215d6588b4078a14f1a0956c%2C3ada2852c69af8b5a22c6b4cc9cfbd6f24426a7f7549a415ffb078f153de6529%2C67192c373d1ebe5f326fa2d5a174f760fe7d8e5dd007e984ae8b794e482a7858%2C91baeba639722e217486a870a9de3992d120b574eb0b91d483fe191835aef42c  delay=8.125 min_gap=0.000 last=1784799258.421
11:34:18.421  ENF   delay=8.125 min_gap=0.000 jitter=1.645 gap=9.770 since_last=0.000 sleep=9.770
11:34:28.531  PARSE Account 6:4:10 → 0.500s/req pen=10s (used=1); Ip 12:4:60 → 0.208s/req pen=60s (used=1); Ip 16:12:60 → 0.516s/req pen=60s (used=2)  delay 8.125→1.516  min_gap→0  max_usage=0%
11:34:28.531  RAW   content-type: application/json
11:34:28.531  RAW   x-rate-limit-policy: trade-fetch-request-limit
11:34:28.531  RAW   x-rate-limit-rules: Account,Ip
11:34:28.531  RAW   x-rate-limit-account: 6:4:10
11:34:28.531  RAW   x-rate-limit-account-state: 1:4:0
11:34:28.531  RAW   x-rate-limit-ip: 12:4:60,16:12:60
11:34:28.531  RAW   x-rate-limit-ip-state: 1:4:0,2:12:0
11:34:28.531  RAW   cf-cache-status: DYNAMIC
11:34:28.531  RAW   cf-ray: a1f9b08239446d0e-WAW
11:34:28.531  RESP  GET /api/trade/fetch/f0e0c6fcaa8bd3939edcae146f489e4549f9afe47d63919ec6294fa37564e41e%2C94e6a53d6901f77873145eb48aff8b9dc592f08b215d6588b4078a14f1a0956c%2C3ada2852c69af8b5a22c6b4cc9cfbd6f24426a7f7549a415ffb078f153de6529%2C67192c373d1ebe5f326fa2d5a174f760fe7d8e5dd007e984ae8b794e482a7858%2C91baeba639722e217486a870a9de3992d120b574eb0b91d483fe191835aef42c → 200  10.110s  delay=1.516 min_gap=0.000 last=1784799268.532
11:34:28.531  PRE   POST /api/trade/search/Standard  delay=1.516 min_gap=0.000 last=1784799268.532
11:34:28.531  ENF   delay=1.516 min_gap=0.000 jitter=2.142 gap=3.657 since_last=0.000 sleep=3.657
11:34:32.592  PARSE Account 3:5:60 → 1.667s/req pen=60s (used=1); Ip 8:10:60 → 1.094s/req pen=60s (used=2); Ip 15:60:120 → 5.200s/req pen=120s (used=8); Ip 60:300:1800 → 7.375s/req pen=1800s (used=39)  delay 1.516→8.375  min_gap→0  max_usage=65%
11:34:32.592  RAW   content-type: application/json
11:34:32.592  RAW   x-rate-limit-policy: trade-search-request-limit
11:34:32.592  RAW   x-rate-limit-rules: Account,Ip
11:34:32.592  RAW   x-rate-limit-account: 3:5:60
11:34:32.592  RAW   x-rate-limit-account-state: 1:5:0
11:34:32.592  RAW   x-rate-limit-ip: 8:10:60,15:60:120,60:300:1800
11:34:32.592  RAW   x-rate-limit-ip-state: 2:10:0,8:60:0,39:300:0
11:34:32.592  RAW   cf-cache-status: DYNAMIC
11:34:32.592  RAW   cf-ray: a1f9b09b387c6d0e-WAW
11:34:32.592  RESP  POST /api/trade/search/Standard → 200  4.060s  delay=8.375 min_gap=0.000 last=1784799272.592
11:34:32.592  PRE   GET /api/trade/fetch/534d4756b7f44330b30f614831e452a5e813fa84cea5485a38adafd98e1d3fea%2C0495847f858003e6053eedb261951b318ecaeec770a9c09f9bea3e444357e11c%2Cb242d46eb9c5c387af22770572b59bf69110dc2484d89a502208e0b0020fa2c9%2C7d7e2f3c3d70dad17d62c919768de0c05245787c879999c18423791e7b348d8c%2C9d5927738bf204deda9befaca7cec56c3f12cd06a508783a684e1fa9f5956cbc  delay=8.375 min_gap=0.000 last=1784799272.592
11:34:32.592  ENF   delay=8.375 min_gap=0.000 jitter=1.607 gap=9.982 since_last=0.000 sleep=9.982
11:34:42.857  PARSE Account 6:4:10 → 0.500s/req pen=10s (used=1); Ip 12:4:60 → 0.208s/req pen=60s (used=1); Ip 16:12:60 → 0.516s/req pen=60s (used=2)  delay 8.375→1.516  min_gap→0  max_usage=0%
11:34:42.858  RAW   content-type: application/json
11:34:42.858  RAW   x-rate-limit-policy: trade-fetch-request-limit
11:34:42.858  RAW   x-rate-limit-rules: Account,Ip
11:34:42.858  RAW   x-rate-limit-account: 6:4:10
11:34:42.858  RAW   x-rate-limit-account-state: 1:4:0
11:34:42.858  RAW   x-rate-limit-ip: 12:4:60,16:12:60
11:34:42.858  RAW   x-rate-limit-ip-state: 1:4:0,2:12:0
11:34:42.858  RAW   cf-cache-status: DYNAMIC
11:34:42.858  RAW   cf-ray: a1f9b0dc1ffe6d0e-WAW
11:34:42.858  RESP  GET /api/trade/fetch/534d4756b7f44330b30f614831e452a5e813fa84cea5485a38adafd98e1d3fea%2C0495847f858003e6053eedb261951b318ecaeec770a9c09f9bea3e444357e11c%2Cb242d46eb9c5c387af22770572b59bf69110dc2484d89a502208e0b0020fa2c9%2C7d7e2f3c3d70dad17d62c919768de0c05245787c879999c18423791e7b348d8c%2C9d5927738bf204deda9befaca7cec56c3f12cd06a508783a684e1fa9f5956cbc → 200  10.265s  delay=1.516 min_gap=0.000 last=1784799282.858
11:34:42.858  PRE   POST /api/trade/search/Standard  delay=1.516 min_gap=0.000 last=1784799282.858
11:34:42.858  ENF   delay=1.516 min_gap=0.000 jitter=2.449 gap=3.965 since_last=0.000 sleep=3.965
11:34:47.248  PARSE Account 3:5:60 → 1.667s/req pen=60s (used=1); Ip 8:10:60 → 1.094s/req pen=60s (used=2); Ip 15:60:120 → 4.800s/req pen=120s (used=7); Ip 60:300:1800 → 7.625s/req pen=1800s (used=41)  delay 1.516→8.625  min_gap→0  max_usage=68%
11:34:47.248  RAW   content-type: application/json
11:34:47.248  RAW   x-rate-limit-policy: trade-search-request-limit
11:34:47.248  RAW   x-rate-limit-rules: Account,Ip
11:34:47.248  RAW   x-rate-limit-account: 3:5:60
11:34:47.248  RAW   x-rate-limit-account-state: 1:5:0
11:34:47.248  RAW   x-rate-limit-ip: 8:10:60,15:60:120,60:300:1800
11:34:47.248  RAW   x-rate-limit-ip-state: 2:10:0,7:60:0,41:300:0
11:34:47.248  RAW   cf-cache-status: DYNAMIC
11:34:47.248  RAW   cf-ray: a1f9b0f6aa736d0e-WAW
11:34:47.248  RESP  POST /api/trade/search/Standard → 200  4.390s  delay=8.625 min_gap=0.000 last=1784799287.249
11:34:47.248  PRE   GET /api/trade/fetch/91baeba639722e217486a870a9de3992d120b574eb0b91d483fe191835aef42c%2C3ada2852c69af8b5a22c6b4cc9cfbd6f24426a7f7549a415ffb078f153de6529%2Cea4ed4b0318aed892be64c387b4673dc63234cb1bc2e7bcabdfc479775866d9b%2C9180232f46e4d315d75cddcbb77213a0d401e692268977dc63ba892808fd5feb%2C5dc1e0dc4406d067ac5b921035f22f44cdc1cd52a3431565b908b71c91787f63  delay=8.625 min_gap=0.000 last=1784799287.249
11:34:47.248  ENF   delay=8.625 min_gap=0.000 jitter=1.147 gap=9.772 since_last=0.000 sleep=9.772
11:34:57.353  PARSE Account 6:4:10 → 0.500s/req pen=10s (used=1); Ip 12:4:60 → 0.208s/req pen=60s (used=1); Ip 16:12:60 → 0.516s/req pen=60s (used=2)  delay 8.625→1.516  min_gap→0  max_usage=0%
11:34:57.353  RAW   content-type: application/json
11:34:57.353  RAW   x-rate-limit-policy: trade-fetch-request-limit
11:34:57.353  RAW   x-rate-limit-rules: Account,Ip
11:34:57.353  RAW   x-rate-limit-account: 6:4:10
11:34:57.353  RAW   x-rate-limit-account-state: 1:4:0
11:34:57.353  RAW   x-rate-limit-ip: 12:4:60,16:12:60
11:34:57.353  RAW   x-rate-limit-ip-state: 1:4:0,2:12:0
11:34:57.353  RAW   cf-cache-status: DYNAMIC
11:34:57.353  RAW   cf-ray: a1f9b13668db6d0e-WAW
11:34:57.353  RESP  GET /api/trade/fetch/91baeba639722e217486a870a9de3992d120b574eb0b91d483fe191835aef42c%2C3ada2852c69af8b5a22c6b4cc9cfbd6f24426a7f7549a415ffb078f153de6529%2Cea4ed4b0318aed892be64c387b4673dc63234cb1bc2e7bcabdfc479775866d9b%2C9180232f46e4d315d75cddcbb77213a0d401e692268977dc63ba892808fd5feb%2C5dc1e0dc4406d067ac5b921035f22f44cdc1cd52a3431565b908b71c91787f63 → 200  10.105s  delay=1.516 min_gap=0.000 last=1784799297.354
11:34:57.437  PRE   POST /api/trade/search/Standard  delay=1.516 min_gap=0.000 last=1784799297.354
11:34:57.437  ENF   delay=1.516 min_gap=0.000 jitter=2.174 gap=3.690 since_last=0.084 sleep=3.607
11:35:01.382  PARSE Account 3:5:60 → 1.667s/req pen=60s (used=1); Ip 8:10:60 → 1.094s/req pen=60s (used=2); Ip 15:60:120 → 4.800s/req pen=120s (used=7); Ip 60:300:1800 → 6.750s/req pen=1800s (used=34)  delay 1.516→7.750  min_gap→0  max_usage=57%
11:35:01.382  RAW   content-type: application/json
11:35:01.382  RAW   x-rate-limit-policy: trade-search-request-limit
11:35:01.382  RAW   x-rate-limit-rules: Account,Ip
11:35:01.382  RAW   x-rate-limit-account: 3:5:60
11:35:01.382  RAW   x-rate-limit-account-state: 1:5:0
11:35:01.382  RAW   x-rate-limit-ip: 8:10:60,15:60:120,60:300:1800
11:35:01.382  RAW   x-rate-limit-ip-state: 2:10:0,7:60:0,34:300:0
11:35:01.382  RAW   cf-cache-status: DYNAMIC
11:35:01.382  RAW   cf-ray: a1f9b14f89d86d0e-WAW
11:35:01.383  RESP  POST /api/trade/search/Standard → 200  3.945s  delay=7.750 min_gap=0.000 last=1784799301.383
11:35:01.383  PRE   GET /api/trade/fetch/06433aac73627348769547d908b0ab0dcbdd3121111cb9a9bf8b55c3d0d45eb0%2C2c14e0d9437d1b13c9e3f361d546c965bdf1787f062bee76e341f7d585f3b588%2C996a4633c721465d0fe7536554c575fd7b7920c3f573ac058e98d767ef8f8e4b%2Cfff80327f9c9114b03921380d449fb1343ba87258c81660bdcb979ca0f9e5b12%2C68216306ceccdace72e575dc6be36a99545f9744cea5f809e2836e44e82462e2  delay=7.750 min_gap=0.000 last=1784799301.383
11:35:01.383  ENF   delay=7.750 min_gap=0.000 jitter=1.864 gap=9.614 since_last=0.000 sleep=9.614
11:35:11.405  PARSE Account 6:4:10 → 0.500s/req pen=10s (used=1); Ip 12:4:60 → 0.208s/req pen=60s (used=1); Ip 16:12:60 → 0.516s/req pen=60s (used=2)  delay 7.750→1.516  min_gap→0  max_usage=0%
11:35:11.405  RAW   content-type: application/json
11:35:11.405  RAW   x-rate-limit-policy: trade-fetch-request-limit
11:35:11.405  RAW   x-rate-limit-rules: Account,Ip
11:35:11.405  RAW   x-rate-limit-account: 6:4:10
11:35:11.405  RAW   x-rate-limit-account-state: 1:4:0
11:35:11.405  RAW   x-rate-limit-ip: 12:4:60,16:12:60
11:35:11.405  RAW   x-rate-limit-ip-state: 1:4:0,2:12:0
11:35:11.405  RAW   cf-cache-status: DYNAMIC
11:35:11.405  RAW   cf-ray: a1f9b18dc9a36d0e-WAW
11:35:11.405  RESP  GET /api/trade/fetch/06433aac73627348769547d908b0ab0dcbdd3121111cb9a9bf8b55c3d0d45eb0%2C2c14e0d9437d1b13c9e3f361d546c965bdf1787f062bee76e341f7d585f3b588%2C996a4633c721465d0fe7536554c575fd7b7920c3f573ac058e98d767ef8f8e4b%2Cfff80327f9c9114b03921380d449fb1343ba87258c81660bdcb979ca0f9e5b12%2C68216306ceccdace72e575dc6be36a99545f9744cea5f809e2836e44e82462e2 → 200  10.022s  delay=1.516 min_gap=0.000 last=1784799311.405
11:35:11.431  PRE   POST /api/trade/search/Standard  delay=1.516 min_gap=0.000 last=1784799311.405
11:35:11.431  ENF   delay=1.516 min_gap=0.000 jitter=2.256 gap=3.772 since_last=0.026 sleep=3.745
11:35:15.567  PARSE Account 3:5:60 → 1.667s/req pen=60s (used=1); Ip 8:10:60 → 0.859s/req pen=60s (used=1); Ip 15:60:120 → 4.800s/req pen=120s (used=7); Ip 60:300:1800 → 7.000s/req pen=1800s (used=36)  delay 1.516→8.000  min_gap→0  max_usage=60%
11:35:15.567  RAW   content-type: application/json
11:35:15.567  RAW   x-rate-limit-policy: trade-search-request-limit
11:35:15.567  RAW   x-rate-limit-rules: Account,Ip
11:35:15.567  RAW   x-rate-limit-account: 3:5:60
11:35:15.567  RAW   x-rate-limit-account-state: 1:5:0
11:35:15.567  RAW   x-rate-limit-ip: 8:10:60,15:60:120,60:300:1800
11:35:15.567  RAW   x-rate-limit-ip-state: 1:10:0,7:60:0,36:300:0
11:35:15.567  RAW   cf-cache-status: DYNAMIC
11:35:15.567  RAW   cf-ray: a1f9b1a7ef256d0e-WAW
11:35:15.567  RESP  POST /api/trade/search/Standard → 200  4.136s  delay=8.000 min_gap=0.000 last=1784799315.568
11:35:15.567  PRE   GET /api/trade/fetch/fcd909c1f7cb653d2a35e1b688a94769e470d1117a4cc10f123e801e620b6073%2C5429f8056eb356298f7b98a655d76dca80534812d7950281c152e00920b74cb8%2Ce255eb2bceb81626ef352f14a177de71cdc0756045e71255a66a17aa77a29d05%2C9fb7ae5ffa2d0e2fbf36606ddd5b92a18918a145fe6ff15ebb29d083eef39865%2Cd5349303a7d404bb5fdd81fff4c34d635cf6422c1fcb04e5932040d992972605  delay=8.000 min_gap=0.000 last=1784799315.568
11:35:15.567  ENF   delay=8.000 min_gap=0.000 jitter=1.429 gap=9.429 since_last=0.000 sleep=9.429
11:35:25.383  PARSE Account 6:4:10 → 0.500s/req pen=10s (used=1); Ip 12:4:60 → 0.208s/req pen=60s (used=1); Ip 16:12:60 → 0.516s/req pen=60s (used=2)  delay 8.000→1.516  min_gap→0  max_usage=0%
11:35:25.383  RAW   content-type: application/json
11:35:25.383  RAW   x-rate-limit-policy: trade-fetch-request-limit
11:35:25.383  RAW   x-rate-limit-rules: Account,Ip
11:35:25.383  RAW   x-rate-limit-account: 6:4:10
11:35:25.383  RAW   x-rate-limit-account-state: 1:4:0
11:35:25.383  RAW   x-rate-limit-ip: 12:4:60,16:12:60
11:35:25.383  RAW   x-rate-limit-ip-state: 1:4:0,2:12:0
11:35:25.383  RAW   cf-cache-status: DYNAMIC
11:35:25.383  RAW   cf-ray: a1f9b1e53b756d0e-WAW
11:35:25.383  RESP  GET /api/trade/fetch/fcd909c1f7cb653d2a35e1b688a94769e470d1117a4cc10f123e801e620b6073%2C5429f8056eb356298f7b98a655d76dca80534812d7950281c152e00920b74cb8%2Ce255eb2bceb81626ef352f14a177de71cdc0756045e71255a66a17aa77a29d05%2C9fb7ae5ffa2d0e2fbf36606ddd5b92a18918a145fe6ff15ebb29d083eef39865%2Cd5349303a7d404bb5fdd81fff4c34d635cf6422c1fcb04e5932040d992972605 → 200  9.816s  delay=1.516 min_gap=0.000 last=1784799325.384
11:35:25.383  PRE   POST /api/trade/search/Standard  delay=1.516 min_gap=0.000 last=1784799325.384
11:35:25.383  ENF   delay=1.516 min_gap=0.000 jitter=1.077 gap=2.593 since_last=0.000 sleep=2.593
11:35:28.418  PARSE Account 3:5:60 → 1.667s/req pen=60s (used=1); Ip 8:10:60 → 1.094s/req pen=60s (used=2); Ip 15:60:120 → 5.600s/req pen=120s (used=9); Ip 60:300:1800 → 7.250s/req pen=1800s (used=38)  delay 1.516→8.250  min_gap→0  max_usage=63%
11:35:28.418  RAW   content-type: application/json
11:35:28.418  RAW   x-rate-limit-policy: trade-search-request-limit
11:35:28.418  RAW   x-rate-limit-rules: Account,Ip
11:35:28.418  RAW   x-rate-limit-account: 3:5:60
11:35:28.418  RAW   x-rate-limit-account-state: 1:5:0
11:35:28.418  RAW   x-rate-limit-ip: 8:10:60,15:60:120,60:300:1800
11:35:28.418  RAW   x-rate-limit-ip-state: 2:10:0,9:60:0,38:300:0
11:35:28.418  RAW   cf-cache-status: DYNAMIC
11:35:28.418  RAW   cf-ray: a1f9b1f7db1a6d0e-WAW
11:35:28.418  RESP  POST /api/trade/search/Standard → 200  3.034s  delay=8.250 min_gap=0.000 last=1784799328.418
11:35:28.418  PRE   GET /api/trade/fetch/534d4756b7f44330b30f614831e452a5e813fa84cea5485a38adafd98e1d3fea%2C0495847f858003e6053eedb261951b318ecaeec770a9c09f9bea3e444357e11c%2C270c7093e3d90d6ac164325676ae12c447cad5a5afa7410bb67ebbb2e768aacc%2C7d7e2f3c3d70dad17d62c919768de0c05245787c879999c18423791e7b348d8c%2Cf9b35ade5f1bb4a14951785d8dcf7a282b9d1d9d10b28425e512b62600e6f245  delay=8.250 min_gap=0.000 last=1784799328.418
11:35:28.418  ENF   delay=8.250 min_gap=0.000 jitter=1.917 gap=10.167 since_last=0.000 sleep=10.167
11:35:39.041  PARSE Account 6:4:10 → 0.500s/req pen=10s (used=1); Ip 12:4:60 → 0.208s/req pen=60s (used=1); Ip 16:12:60 → 0.516s/req pen=60s (used=2)  delay 8.250→1.516  min_gap→0  max_usage=0%
11:35:39.041  RAW   content-type: application/json
11:35:39.041  RAW   x-rate-limit-policy: trade-fetch-request-limit
11:35:39.041  RAW   x-rate-limit-rules: Account,Ip
11:35:39.041  RAW   x-rate-limit-account: 6:4:10
11:35:39.041  RAW   x-rate-limit-account-state: 1:4:0
11:35:39.041  RAW   x-rate-limit-ip: 12:4:60,16:12:60
11:35:39.041  RAW   x-rate-limit-ip-state: 1:4:0,2:12:0
11:35:39.041  RAW   cf-cache-status: DYNAMIC
11:35:39.041  RAW   cf-ray: a1f9b23a2b5b6d0e-WAW
11:35:39.041  RESP  GET /api/trade/fetch/534d4756b7f44330b30f614831e452a5e813fa84cea5485a38adafd98e1d3fea%2C0495847f858003e6053eedb261951b318ecaeec770a9c09f9bea3e444357e11c%2C270c7093e3d90d6ac164325676ae12c447cad5a5afa7410bb67ebbb2e768aacc%2C7d7e2f3c3d70dad17d62c919768de0c05245787c879999c18423791e7b348d8c%2Cf9b35ade5f1bb4a14951785d8dcf7a282b9d1d9d10b28425e512b62600e6f245 → 200  10.623s  delay=1.516 min_gap=0.000 last=1784799339.041
11:35:39.041  PRE   POST /api/trade/search/Standard  delay=1.516 min_gap=0.000 last=1784799339.041
11:35:39.041  ENF   delay=1.516 min_gap=0.000 jitter=1.016 gap=2.532 since_last=0.000 sleep=2.532
11:35:41.973  PARSE Account 3:5:60 → 2.500s/req pen=60s (used=2); Ip 8:10:60 → 1.094s/req pen=60s (used=2); Ip 15:60:120 → 5.600s/req pen=120s (used=9); Ip 60:300:1800 → 7.500s/req pen=1800s (used=40)  delay 1.516→8.500  min_gap→0  max_usage=67%
11:35:41.973  RAW   content-type: application/json
11:35:41.973  RAW   x-rate-limit-policy: trade-search-request-limit
11:35:41.973  RAW   x-rate-limit-rules: Account,Ip
11:35:41.973  RAW   x-rate-limit-account: 3:5:60
11:35:41.973  RAW   x-rate-limit-account-state: 2:5:0
11:35:41.973  RAW   x-rate-limit-ip: 8:10:60,15:60:120,60:300:1800
11:35:41.973  RAW   x-rate-limit-ip-state: 2:10:0,9:60:0,40:300:0
11:35:41.973  RAW   cf-cache-status: DYNAMIC
11:35:41.973  RAW   cf-ray: a1f9b24cdeba6d0e-WAW
11:35:41.973  RESP  POST /api/trade/search/Standard → 200  2.931s  delay=8.500 min_gap=0.000 last=1784799341.973
11:35:41.973  PRE   GET /api/trade/fetch/5429f8056eb356298f7b98a655d76dca80534812d7950281c152e00920b74cb8%2Cfcd909c1f7cb653d2a35e1b688a94769e470d1117a4cc10f123e801e620b6073%2Cd5349303a7d404bb5fdd81fff4c34d635cf6422c1fcb04e5932040d992972605%2Cb25d22414e4d03f8371b768511cdd46bf7e3800a63ec182efb47618a83642339%2C5af7257abb3aae9adfff6a4f3960d545cf464774b7ef3f23255a02b88b0e213f  delay=8.500 min_gap=0.000 last=1784799341.973
11:35:41.973  ENF   delay=8.500 min_gap=0.000 jitter=1.947 gap=10.447 since_last=0.000 sleep=10.447
11:35:52.796  PARSE Account 6:4:10 → 0.500s/req pen=10s (used=1); Ip 12:4:60 → 0.208s/req pen=60s (used=1); Ip 16:12:60 → 0.516s/req pen=60s (used=2)  delay 8.500→1.516  min_gap→0  max_usage=0%
11:35:52.797  RAW   content-type: application/json
11:35:52.797  RAW   x-rate-limit-policy: trade-fetch-request-limit
11:35:52.797  RAW   x-rate-limit-rules: Account,Ip
11:35:52.797  RAW   x-rate-limit-account: 6:4:10
11:35:52.797  RAW   x-rate-limit-account-state: 1:4:0
11:35:52.797  RAW   x-rate-limit-ip: 12:4:60,16:12:60
11:35:52.797  RAW   x-rate-limit-ip-state: 1:4:0,2:12:0
11:35:52.797  RAW   cf-cache-status: DYNAMIC
11:35:52.797  RAW   cf-ray: a1f9b290ab076d0e-WAW
11:35:52.797  RESP  GET /api/trade/fetch/5429f8056eb356298f7b98a655d76dca80534812d7950281c152e00920b74cb8%2Cfcd909c1f7cb653d2a35e1b688a94769e470d1117a4cc10f123e801e620b6073%2Cd5349303a7d404bb5fdd81fff4c34d635cf6422c1fcb04e5932040d992972605%2Cb25d22414e4d03f8371b768511cdd46bf7e3800a63ec182efb47618a83642339%2C5af7257abb3aae9adfff6a4f3960d545cf464774b7ef3f23255a02b88b0e213f → 200  10.824s  delay=1.516 min_gap=0.000 last=1784799352.797
11:35:52.824  PRE   POST /api/trade/search/Standard  delay=1.516 min_gap=0.000 last=1784799352.797
11:35:52.824  ENF   delay=1.516 min_gap=0.000 jitter=1.734 gap=3.250 since_last=0.027 sleep=3.223
11:35:56.548  PARSE Account 3:5:60 → 1.667s/req pen=60s (used=1); Ip 8:10:60 → 1.094s/req pen=60s (used=2); Ip 15:60:120 → 5.600s/req pen=120s (used=9); Ip 60:300:1800 → 7.750s/req pen=1800s (used=42)  delay 1.516→8.750  min_gap→0  max_usage=70%
11:35:56.548  BACK  set 0s backoff at 70% usage
11:35:56.548  RAW   content-type: application/json
11:35:56.548  RAW   x-rate-limit-policy: trade-search-request-limit
11:35:56.548  RAW   x-rate-limit-rules: Account,Ip
11:35:56.548  RAW   x-rate-limit-account: 3:5:60
11:35:56.548  RAW   x-rate-limit-account-state: 1:5:0
11:35:56.548  RAW   x-rate-limit-ip: 8:10:60,15:60:120,60:300:1800
11:35:56.548  RAW   x-rate-limit-ip-state: 2:10:0,9:60:0,42:300:0
11:35:56.548  RAW   cf-cache-status: DYNAMIC
11:35:56.548  RAW   cf-ray: a1f9b2a759596d0e-WAW
11:35:56.548  RESP  POST /api/trade/search/Standard → 200  3.724s  delay=8.750 min_gap=0.000 last=1784799356.548
11:35:56.548  PRE   GET /api/trade/fetch/d5349303a7d404bb5fdd81fff4c34d635cf6422c1fcb04e5932040d992972605%2C6dcaf683b46c50084e1f4fb9c9d56523d5bae3121a34305810a8b326bd7c2130%2Cba349e8c26d00ff5685d585e84b036938ff818727e4e4b424d39a2eedacbde66%2C89bfe0f5c200042bb8bae835efd3589e323c67c8f0dca9a85bc560a39ba2f3c9%2C362ed8289b7128f54942c6f368bf9c7cde803a9f8f2174c34a5ac8491dda0f8c  delay=8.750 min_gap=0.000 last=1784799356.548
11:35:56.548  ENF   delay=8.750 min_gap=0.000 jitter=2.328 gap=11.078 since_last=0.000 sleep=11.078
11:36:07.957  PARSE Account 6:4:10 → 0.500s/req pen=10s (used=1); Ip 12:4:60 → 0.208s/req pen=60s (used=1); Ip 16:12:60 → 0.516s/req pen=60s (used=2)  delay 8.750→1.516  min_gap→0  max_usage=0%
11:36:07.957  RAW   content-type: application/json
11:36:07.957  RAW   x-rate-limit-policy: trade-fetch-request-limit
11:36:07.957  RAW   x-rate-limit-rules: Account,Ip
11:36:07.957  RAW   x-rate-limit-account: 6:4:10
11:36:07.957  RAW   x-rate-limit-account-state: 1:4:0
11:36:07.957  RAW   x-rate-limit-ip: 12:4:60,16:12:60
11:36:07.957  RAW   x-rate-limit-ip-state: 1:4:0,2:12:0
11:36:07.957  RAW   cf-cache-status: DYNAMIC
11:36:07.957  RAW   cf-ray: a1f9b2efab276d0e-WAW
11:36:07.957  RESP  GET /api/trade/fetch/d5349303a7d404bb5fdd81fff4c34d635cf6422c1fcb04e5932040d992972605%2C6dcaf683b46c50084e1f4fb9c9d56523d5bae3121a34305810a8b326bd7c2130%2Cba349e8c26d00ff5685d585e84b036938ff818727e4e4b424d39a2eedacbde66%2C89bfe0f5c200042bb8bae835efd3589e323c67c8f0dca9a85bc560a39ba2f3c9%2C362ed8289b7128f54942c6f368bf9c7cde803a9f8f2174c34a5ac8491dda0f8c → 200  11.409s  delay=1.516 min_gap=0.000 last=1784799367.958
11:36:07.958  PRE   POST /api/trade/search/Standard  delay=1.516 min_gap=0.000 last=1784799367.958
11:36:07.958  ENF   delay=1.516 min_gap=0.000 jitter=1.135 gap=2.650 since_last=0.000 sleep=2.650
11:36:10.986  PARSE Account 3:5:60 → 2.500s/req pen=60s (used=2); Ip 8:10:60 → 1.094s/req pen=60s (used=2); Ip 15:60:120 → 5.600s/req pen=120s (used=9); Ip 60:300:1800 → 7.000s/req pen=1800s (used=36)  delay 1.516→8.000  min_gap→0  max_usage=60%
11:36:10.986  RAW   content-type: application/json
11:36:10.986  RAW   x-rate-limit-policy: trade-search-request-limit
11:36:10.986  RAW   x-rate-limit-rules: Account,Ip
11:36:10.986  RAW   x-rate-limit-account: 3:5:60
11:36:10.986  RAW   x-rate-limit-account-state: 2:5:0
11:36:10.986  RAW   x-rate-limit-ip: 8:10:60,15:60:120,60:300:1800
11:36:10.986  RAW   x-rate-limit-ip-state: 2:10:0,9:60:0,36:300:0
11:36:10.986  RAW   cf-cache-status: DYNAMIC
11:36:10.986  RAW   cf-ray: a1f9b3025fb66d0e-WAW
11:36:10.986  RESP  POST /api/trade/search/Standard → 200  3.028s  delay=8.000 min_gap=0.000 last=1784799370.986
11:36:10.986  PRE   GET /api/trade/fetch/534d4756b7f44330b30f614831e452a5e813fa84cea5485a38adafd98e1d3fea%2C0495847f858003e6053eedb261951b318ecaeec770a9c09f9bea3e444357e11c%2C86a2ea49a3550a35d26eebbaa24f4ba28a99c74fd3b0bcdcf30cc90700e29ae7%2C202b74cf377b8c40e3c001bc81ff4ecaceee6f1ee883dab94bdc2faaa7701aa6%2Cebb4c8aefd571afc4495dd492274ed8e8498ae20efb804b54922f66e29502885  delay=8.000 min_gap=0.000 last=1784799370.986
11:36:10.986  ENF   delay=8.000 min_gap=0.000 jitter=2.258 gap=10.258 since_last=0.000 sleep=10.258
11:36:21.633  PARSE Account 6:4:10 → 0.500s/req pen=10s (used=1); Ip 12:4:60 → 0.208s/req pen=60s (used=1); Ip 16:12:60 → 0.516s/req pen=60s (used=2)  delay 8.000→1.516  min_gap→0  max_usage=0%
11:36:21.633  RAW   content-type: application/json
11:36:21.633  RAW   x-rate-limit-policy: trade-fetch-request-limit
11:36:21.633  RAW   x-rate-limit-rules: Account,Ip
11:36:21.633  RAW   x-rate-limit-account: 6:4:10
11:36:21.633  RAW   x-rate-limit-account-state: 1:4:0
11:36:21.633  RAW   x-rate-limit-ip: 12:4:60,16:12:60
11:36:21.633  RAW   x-rate-limit-ip-state: 1:4:0,2:12:0
11:36:21.633  RAW   cf-cache-status: DYNAMIC
11:36:21.633  RAW   cf-ray: a1f9b344c8806d0e-WAW
11:36:21.633  RESP  GET /api/trade/fetch/534d4756b7f44330b30f614831e452a5e813fa84cea5485a38adafd98e1d3fea%2C0495847f858003e6053eedb261951b318ecaeec770a9c09f9bea3e444357e11c%2C86a2ea49a3550a35d26eebbaa24f4ba28a99c74fd3b0bcdcf30cc90700e29ae7%2C202b74cf377b8c40e3c001bc81ff4ecaceee6f1ee883dab94bdc2faaa7701aa6%2Cebb4c8aefd571afc4495dd492274ed8e8498ae20efb804b54922f66e29502885 → 200  10.647s  delay=1.516 min_gap=0.000 last=1784799381.634
11:36:21.633  PRE   POST /api/trade/search/Standard  delay=1.516 min_gap=0.000 last=1784799381.634
11:36:21.633  ENF   delay=1.516 min_gap=0.000 jitter=1.183 gap=2.699 since_last=0.000 sleep=2.699
11:36:24.633  PARSE Account 3:5:60 → 1.667s/req pen=60s (used=1); Ip 8:10:60 → 1.094s/req pen=60s (used=2); Ip 15:60:120 → 5.200s/req pen=120s (used=8); Ip 60:300:1800 → 7.250s/req pen=1800s (used=38)  delay 1.516→8.250  min_gap→0  max_usage=63%
11:36:24.633  RAW   content-type: application/json
11:36:24.633  RAW   x-rate-limit-policy: trade-search-request-limit
11:36:24.633  RAW   x-rate-limit-rules: Account,Ip
11:36:24.633  RAW   x-rate-limit-account: 3:5:60
11:36:24.633  RAW   x-rate-limit-account-state: 1:5:0
11:36:24.633  RAW   x-rate-limit-ip: 8:10:60,15:60:120,60:300:1800
11:36:24.634  RAW   x-rate-limit-ip-state: 2:10:0,8:60:0,38:300:0
11:36:24.634  RAW   cf-cache-status: DYNAMIC
11:36:24.634  RAW   cf-ray: a1f9b3581ce06d0e-WAW
11:36:24.634  RESP  POST /api/trade/search/Standard → 200  3.000s  delay=8.250 min_gap=0.000 last=1784799384.634
11:36:24.634  PRE   GET /api/trade/fetch/d5349303a7d404bb5fdd81fff4c34d635cf6422c1fcb04e5932040d992972605%2C6dcaf683b46c50084e1f4fb9c9d56523d5bae3121a34305810a8b326bd7c2130%2C6c1c50f797fd2f5f86b05413e997f0f5e8585523804102d0248958fa228c84b5%2C950fa83ea9f7f26543972bb7cb5615c0f0ad1b950b1b02420786ee9a52f31536%2C705d268058821a6eab62a053ae5e785b71efc0025d2764fad41c5ed94cc99f66  delay=8.250 min_gap=0.000 last=1784799384.634
11:36:24.634  ENF   delay=8.250 min_gap=0.000 jitter=1.502 gap=9.752 since_last=0.000 sleep=9.752
11:36:34.758  PARSE Account 6:4:10 → 0.500s/req pen=10s (used=1); Ip 12:4:60 → 0.208s/req pen=60s (used=1); Ip 16:12:60 → 0.516s/req pen=60s (used=2)  delay 8.250→1.516  min_gap→0  max_usage=0%
11:36:34.758  RAW   content-type: application/json
11:36:34.758  RAW   x-rate-limit-policy: trade-fetch-request-limit
11:36:34.758  RAW   x-rate-limit-rules: Account,Ip
11:36:34.758  RAW   x-rate-limit-account: 6:4:10
11:36:34.758  RAW   x-rate-limit-account-state: 1:4:0
11:36:34.758  RAW   x-rate-limit-ip: 12:4:60,16:12:60
11:36:34.758  RAW   x-rate-limit-ip-state: 1:4:0,2:12:0
11:36:34.758  RAW   cf-cache-status: DYNAMIC
11:36:34.758  RAW   cf-ray: a1f9b396ef266d0e-WAW
11:36:34.758  RESP  GET /api/trade/fetch/d5349303a7d404bb5fdd81fff4c34d635cf6422c1fcb04e5932040d992972605%2C6dcaf683b46c50084e1f4fb9c9d56523d5bae3121a34305810a8b326bd7c2130%2C6c1c50f797fd2f5f86b05413e997f0f5e8585523804102d0248958fa228c84b5%2C950fa83ea9f7f26543972bb7cb5615c0f0ad1b950b1b02420786ee9a52f31536%2C705d268058821a6eab62a053ae5e785b71efc0025d2764fad41c5ed94cc99f66 → 200  10.124s  delay=1.516 min_gap=0.000 last=1784799394.758
11:36:34.778  PRE   POST /api/trade/search/Standard  delay=1.516 min_gap=0.000 last=1784799394.758
11:36:34.778  ENF   delay=1.516 min_gap=0.000 jitter=1.789 gap=3.305 since_last=0.020 sleep=3.285
11:36:38.529  PARSE Account 3:5:60 → 1.667s/req pen=60s (used=1); Ip 8:10:60 → 1.094s/req pen=60s (used=2); Ip 15:60:120 → 5.200s/req pen=120s (used=8); Ip 60:300:1800 → 7.500s/req pen=1800s (used=40)  delay 1.516→8.500  min_gap→0  max_usage=67%
11:36:38.529  RAW   content-type: application/json
11:36:38.529  RAW   x-rate-limit-policy: trade-search-request-limit
11:36:38.529  RAW   x-rate-limit-rules: Account,Ip
11:36:38.529  RAW   x-rate-limit-account: 3:5:60
11:36:38.529  RAW   x-rate-limit-account-state: 1:5:0
11:36:38.529  RAW   x-rate-limit-ip: 8:10:60,15:60:120,60:300:1800
11:36:38.529  RAW   x-rate-limit-ip-state: 2:10:0,8:60:0,40:300:0
11:36:38.529  RAW   cf-cache-status: DYNAMIC
11:36:38.529  RAW   cf-ray: a1f9b3ade9e06d0e-WAW
11:36:38.529  RESP  POST /api/trade/search/Standard → 200  3.751s  delay=8.500 min_gap=0.000 last=1784799398.529
11:36:38.529  PRE   GET /api/trade/fetch/fcd909c1f7cb653d2a35e1b688a94769e470d1117a4cc10f123e801e620b6073%2C5429f8056eb356298f7b98a655d76dca80534812d7950281c152e00920b74cb8%2Cab12916929d15e6d9bcc1aeedfb5634d04faae42d9763ba9a645d3228ee625c0%2Cfbe47d7db8fe7df78947782e2fff73b894ac7d836febc5c899140a02f979513d%2C0eb41c40f8847b0fe9ed2c5fefef5389b02deba4d22d2635f8e863f1fc8abe42  delay=8.500 min_gap=0.000 last=1784799398.529
11:36:38.529  ENF   delay=8.500 min_gap=0.000 jitter=1.784 gap=10.284 since_last=0.000 sleep=10.284
11:36:49.170  PARSE Account 6:4:10 → 0.667s/req pen=10s (used=2); Ip 12:4:60 → 0.250s/req pen=60s (used=2); Ip 16:12:60 → 0.516s/req pen=60s (used=2)  delay 8.500→1.667  min_gap→0  max_usage=0%
11:36:49.170  RAW   content-type: application/json
11:36:49.170  RAW   x-rate-limit-policy: trade-fetch-request-limit
11:36:49.170  RAW   x-rate-limit-rules: Account,Ip
11:36:49.170  RAW   x-rate-limit-account: 6:4:10
11:36:49.170  RAW   x-rate-limit-account-state: 2:4:0
11:36:49.170  RAW   x-rate-limit-ip: 12:4:60,16:12:60
11:36:49.170  RAW   x-rate-limit-ip-state: 2:4:0,2:12:0
11:36:49.170  RAW   cf-cache-status: DYNAMIC
11:36:49.170  RAW   cf-ray: a1f9b3f11efd6d0e-WAW
11:36:49.170  RESP  GET /api/trade/fetch/fcd909c1f7cb653d2a35e1b688a94769e470d1117a4cc10f123e801e620b6073%2C5429f8056eb356298f7b98a655d76dca80534812d7950281c152e00920b74cb8%2Cab12916929d15e6d9bcc1aeedfb5634d04faae42d9763ba9a645d3228ee625c0%2Cfbe47d7db8fe7df78947782e2fff73b894ac7d836febc5c899140a02f979513d%2C0eb41c40f8847b0fe9ed2c5fefef5389b02deba4d22d2635f8e863f1fc8abe42 → 200  10.641s  delay=1.667 min_gap=0.000 last=1784799409.171
11:36:49.171  PRE   POST /api/trade/search/Standard  delay=1.667 min_gap=0.000 last=1784799409.171
11:36:49.171  ENF   delay=1.667 min_gap=0.000 jitter=1.217 gap=2.883 since_last=0.000 sleep=2.883
11:36:52.400  PARSE Account 3:5:60 → 2.500s/req pen=60s (used=2); Ip 8:10:60 → 1.094s/req pen=60s (used=2); Ip 15:60:120 → 5.200s/req pen=120s (used=8); Ip 60:300:1800 → 7.750s/req pen=1800s (used=42)  delay 1.667→8.750  min_gap→0  max_usage=70%
11:36:52.400  BACK  set 0s backoff at 70% usage
11:36:52.400  RAW   content-type: application/json
11:36:52.400  RAW   x-rate-limit-policy: trade-search-request-limit
11:36:52.400  RAW   x-rate-limit-rules: Account,Ip
11:36:52.400  RAW   x-rate-limit-account: 3:5:60
11:36:52.400  RAW   x-rate-limit-account-state: 2:5:0
11:36:52.400  RAW   x-rate-limit-ip: 8:10:60,15:60:120,60:300:1800
11:36:52.400  RAW   x-rate-limit-ip-state: 2:10:0,8:60:0,42:300:0
11:36:52.400  RAW   cf-cache-status: DYNAMIC
11:36:52.400  RAW   cf-ray: a1f9b4055c7f6d0e-WAW
11:36:52.400  RESP  POST /api/trade/search/Standard → 200  3.229s  delay=8.750 min_gap=0.000 last=1784799412.401
11:36:52.400  PRE   GET /api/trade/fetch/534d4756b7f44330b30f614831e452a5e813fa84cea5485a38adafd98e1d3fea%2C0495847f858003e6053eedb261951b318ecaeec770a9c09f9bea3e444357e11c%2Cf9b35ade5f1bb4a14951785d8dcf7a282b9d1d9d10b28425e512b62600e6f245%2C270c7093e3d90d6ac164325676ae12c447cad5a5afa7410bb67ebbb2e768aacc%2Cccdfd3d5c3a29c33d9121560363fb392fcb47185c73daac4acd17bafc5f73beb  delay=8.750 min_gap=0.000 last=1784799412.401
11:36:52.400  ENF   delay=8.750 min_gap=0.000 jitter=1.082 gap=9.832 since_last=0.000 sleep=9.832
11:37:02.574  PARSE Account 6:4:10 → 0.667s/req pen=10s (used=2); Ip 12:4:60 → 0.250s/req pen=60s (used=2); Ip 16:12:60 → 0.516s/req pen=60s (used=2)  delay 8.750→1.667  min_gap→0  max_usage=0%
11:37:02.574  RAW   content-type: application/json
11:37:02.574  RAW   x-rate-limit-policy: trade-fetch-request-limit
11:37:02.574  RAW   x-rate-limit-rules: Account,Ip
11:37:02.574  RAW   x-rate-limit-account: 6:4:10
11:37:02.574  RAW   x-rate-limit-account-state: 2:4:0
11:37:02.574  RAW   x-rate-limit-ip: 12:4:60,16:12:60
11:37:02.574  RAW   x-rate-limit-ip-state: 2:4:0,2:12:0
11:37:02.574  RAW   cf-cache-status: DYNAMIC
11:37:02.574  RAW   cf-ray: a1f9b444ff876d0e-WAW
11:37:02.574  RESP  GET /api/trade/fetch/534d4756b7f44330b30f614831e452a5e813fa84cea5485a38adafd98e1d3fea%2C0495847f858003e6053eedb261951b318ecaeec770a9c09f9bea3e444357e11c%2Cf9b35ade5f1bb4a14951785d8dcf7a282b9d1d9d10b28425e512b62600e6f245%2C270c7093e3d90d6ac164325676ae12c447cad5a5afa7410bb67ebbb2e768aacc%2Cccdfd3d5c3a29c33d9121560363fb392fcb47185c73daac4acd17bafc5f73beb → 200  10.173s  delay=1.667 min_gap=0.000 last=1784799422.574
11:37:02.574  PRE   POST /api/trade/search/Standard  delay=1.667 min_gap=0.000 last=1784799422.574
11:37:02.574  ENF   delay=1.667 min_gap=0.000 jitter=1.879 gap=3.545 since_last=0.000 sleep=3.545
11:37:06.458  PARSE Account 3:5:60 → 2.500s/req pen=60s (used=2); Ip 8:10:60 → 1.094s/req pen=60s (used=2); Ip 15:60:120 → 5.200s/req pen=120s (used=8); Ip 60:300:1800 → 7.000s/req pen=1800s (used=36)  delay 1.667→8.000  min_gap→0  max_usage=60%
11:37:06.458  RAW   content-type: application/json
11:37:06.458  RAW   x-rate-limit-policy: trade-search-request-limit
11:37:06.458  RAW   x-rate-limit-rules: Account,Ip
11:37:06.459  RAW   x-rate-limit-account: 3:5:60
11:37:06.459  RAW   x-rate-limit-account-state: 2:5:0
11:37:06.459  RAW   x-rate-limit-ip: 8:10:60,15:60:120,60:300:1800
11:37:06.459  RAW   x-rate-limit-ip-state: 2:10:0,8:60:0,36:300:0
11:37:06.459  RAW   cf-cache-status: DYNAMIC
11:37:06.459  RAW   cf-ray: a1f9b45d4d236d0e-WAW
11:37:06.459  RESP  POST /api/trade/search/Standard → 200  3.884s  delay=8.000 min_gap=0.000 last=1784799426.459
11:37:06.459  PRE   GET /api/trade/fetch/5429f8056eb356298f7b98a655d76dca80534812d7950281c152e00920b74cb8%2Cfcd909c1f7cb653d2a35e1b688a94769e470d1117a4cc10f123e801e620b6073%2Cab12916929d15e6d9bcc1aeedfb5634d04faae42d9763ba9a645d3228ee625c0%2Cfbe38ad27bddab046f0a08d94bd634fe26b61a3e17dff48f56e2b73b1ad537ba%2C0eb41c40f8847b0fe9ed2c5fefef5389b02deba4d22d2635f8e863f1fc8abe42  delay=8.000 min_gap=0.000 last=1784799426.459
11:37:06.459  ENF   delay=8.000 min_gap=0.000 jitter=2.443 gap=10.443 since_last=0.000 sleep=10.443
11:37:17.219  PARSE Account 6:4:10 → 0.667s/req pen=10s (used=2); Ip 12:4:60 → 0.250s/req pen=60s (used=2); Ip 16:12:60 → 0.516s/req pen=60s (used=2)  delay 8.000→1.667  min_gap→0  max_usage=0%
11:37:17.219  RAW   content-type: application/json
11:37:17.219  RAW   x-rate-limit-policy: trade-fetch-request-limit
11:37:17.219  RAW   x-rate-limit-rules: Account,Ip
11:37:17.219  RAW   x-rate-limit-account: 6:4:10
11:37:17.219  RAW   x-rate-limit-account-state: 2:4:0
11:37:17.219  RAW   x-rate-limit-ip: 12:4:60,16:12:60
11:37:17.219  RAW   x-rate-limit-ip-state: 2:4:0,2:12:0
11:37:17.219  RAW   cf-cache-status: DYNAMIC
11:37:17.219  RAW   cf-ray: a1f9b4a0aa0e6d0e-WAW
11:37:17.219  RESP  GET /api/trade/fetch/5429f8056eb356298f7b98a655d76dca80534812d7950281c152e00920b74cb8%2Cfcd909c1f7cb653d2a35e1b688a94769e470d1117a4cc10f123e801e620b6073%2Cab12916929d15e6d9bcc1aeedfb5634d04faae42d9763ba9a645d3228ee625c0%2Cfbe38ad27bddab046f0a08d94bd634fe26b61a3e17dff48f56e2b73b1ad537ba%2C0eb41c40f8847b0fe9ed2c5fefef5389b02deba4d22d2635f8e863f1fc8abe42 → 200  10.760s  delay=1.667 min_gap=0.000 last=1784799437.220
11:37:17.263  PRE   POST /api/trade/search/Standard  delay=1.667 min_gap=0.000 last=1784799437.220
11:37:17.263  ENF   delay=1.667 min_gap=0.000 jitter=2.401 gap=4.068 since_last=0.044 sleep=4.024
11:37:21.755  PARSE Account 3:5:60 → 2.500s/req pen=60s (used=2); Ip 8:10:60 → 1.094s/req pen=60s (used=2); Ip 15:60:120 → 5.200s/req pen=120s (used=8); Ip 60:300:1800 → 7.250s/req pen=1800s (used=38)  delay 1.667→8.250  min_gap→0  max_usage=63%
11:37:21.755  RAW   content-type: application/json
11:37:21.755  RAW   x-rate-limit-policy: trade-search-request-limit
11:37:21.755  RAW   x-rate-limit-rules: Account,Ip
11:37:21.755  RAW   x-rate-limit-account: 3:5:60
11:37:21.755  RAW   x-rate-limit-account-state: 2:5:0
11:37:21.755  RAW   x-rate-limit-ip: 8:10:60,15:60:120,60:300:1800
11:37:21.755  RAW   x-rate-limit-ip-state: 2:10:0,8:60:0,38:300:0
11:37:21.756  RAW   cf-cache-status: DYNAMIC
11:37:21.756  RAW   cf-ray: a1f9b4bc1a626d0e-WAW
11:37:21.756  RESP  POST /api/trade/search/Standard → 200  4.492s  delay=8.250 min_gap=0.000 last=1784799441.756
11:37:21.756  PRE   GET /api/trade/fetch/296ab669b1cbd1adb846977acdc8b30660318a3d79d2b3ab2b854618f2519f83%2C673afae8ba47e2ed441891a25439814cf824814b74f543d9348ca15a92be1ae0%2Cd0ca6876a1db6453294f658ffc83d789634699261544e6227cd002779f9ee3db%2C9ca7387fd1b3a6f8009a6df1385437a022fbf357d104285221627bd38a3c47f6%2C72d11f23b804f850220f31ccfb93da73ecbb262ad4f551e7d8e87a04805f89dd  delay=8.250 min_gap=0.000 last=1784799441.756
11:37:21.756  ENF   delay=8.250 min_gap=0.000 jitter=1.857 gap=10.107 since_last=0.000 sleep=10.107
11:37:32.154  PARSE Account 6:4:10 → 0.667s/req pen=10s (used=2); Ip 12:4:60 → 0.250s/req pen=60s (used=2); Ip 16:12:60 → 0.516s/req pen=60s (used=2)  delay 8.250→1.667  min_gap→0  max_usage=0%
11:37:32.154  RAW   content-type: application/json
11:37:32.154  RAW   x-rate-limit-policy: trade-fetch-request-limit
11:37:32.154  RAW   x-rate-limit-rules: Account,Ip
11:37:32.154  RAW   x-rate-limit-account: 6:4:10
11:37:32.154  RAW   x-rate-limit-account-state: 2:4:0
11:37:32.154  RAW   x-rate-limit-ip: 12:4:60,16:12:60
11:37:32.154  RAW   x-rate-limit-ip-state: 2:4:0,2:12:0
11:37:32.154  RAW   cf-cache-status: DYNAMIC
11:37:32.154  RAW   cf-ray: a1f9b4fe2f2d6d0e-WAW
11:37:32.154  RESP  GET /api/trade/fetch/296ab669b1cbd1adb846977acdc8b30660318a3d79d2b3ab2b854618f2519f83%2C673afae8ba47e2ed441891a25439814cf824814b74f543d9348ca15a92be1ae0%2Cd0ca6876a1db6453294f658ffc83d789634699261544e6227cd002779f9ee3db%2C9ca7387fd1b3a6f8009a6df1385437a022fbf357d104285221627bd38a3c47f6%2C72d11f23b804f850220f31ccfb93da73ecbb262ad4f551e7d8e87a04805f89dd → 200  10.398s  delay=1.667 min_gap=0.000 last=1784799452.154
11:37:32.154  PRE   POST /api/trade/search/Standard  delay=1.667 min_gap=0.000 last=1784799452.154
11:37:32.154  ENF   delay=1.667 min_gap=0.000 jitter=1.949 gap=3.616 since_last=0.000 sleep=3.616
11:37:36.107  PARSE Account 3:5:60 → 2.500s/req pen=60s (used=2); Ip 8:10:60 → 1.094s/req pen=60s (used=2); Ip 15:60:120 → 5.200s/req pen=120s (used=8); Ip 60:300:1800 → 7.500s/req pen=1800s (used=40)  delay 1.667→8.500  min_gap→0  max_usage=67%
11:37:36.107  RAW   content-type: application/json
11:37:36.107  RAW   x-rate-limit-policy: trade-search-request-limit
11:37:36.107  RAW   x-rate-limit-rules: Account,Ip
11:37:36.107  RAW   x-rate-limit-account: 3:5:60
11:37:36.107  RAW   x-rate-limit-account-state: 2:5:0
11:37:36.107  RAW   x-rate-limit-ip: 8:10:60,15:60:120,60:300:1800
11:37:36.107  RAW   x-rate-limit-ip-state: 2:10:0,8:60:0,40:300:0
11:37:36.107  RAW   cf-cache-status: DYNAMIC
11:37:36.107  RAW   cf-ray: a1f9b5169ca66d0e-WAW
11:37:36.107  RESP  POST /api/trade/search/Standard → 200  3.953s  delay=8.500 min_gap=0.000 last=1784799456.107
11:37:36.107  PRE   GET /api/trade/fetch/3c14ac5cd42da17ca7606ab649a2a977b84868787ce6e4e21082fb1d8c9177b2%2C388fd535808099e7e509bc100a1596e5636ffdcb451e0f467ed284af3fd1b9af%2C77500d1597561fee42ee70d498f9d60e593209c8378abf902125fad114e510e0%2C4ade42dd1a1744cc68316dfaff02bbf909f5557450618a2771f8d11f5188adb2%2C5d1afd8f69653f58766f8857adb3e83b6a2ea5f64fa38da09c83d6ef147e840e  delay=8.500 min_gap=0.000 last=1784799456.107
11:37:36.107  ENF   delay=8.500 min_gap=0.000 jitter=1.826 gap=10.326 since_last=0.000 sleep=10.326
11:37:46.775  PARSE Account 6:4:10 → 0.667s/req pen=10s (used=2); Ip 12:4:60 → 0.250s/req pen=60s (used=2); Ip 16:12:60 → 0.516s/req pen=60s (used=2)  delay 8.500→1.667  min_gap→0  max_usage=0%
11:37:46.775  RAW   content-type: application/json
11:37:46.775  RAW   x-rate-limit-policy: trade-fetch-request-limit
11:37:46.775  RAW   x-rate-limit-rules: Account,Ip
11:37:46.775  RAW   x-rate-limit-account: 6:4:10
11:37:46.778  RAW   x-rate-limit-account-state: 2:4:0
11:37:46.778  RAW   x-rate-limit-ip: 12:4:60,16:12:60
11:37:46.778  RAW   x-rate-limit-ip-state: 2:4:0,2:12:0
11:37:46.778  RAW   cf-cache-status: DYNAMIC
11:37:46.778  RAW   cf-ray: a1f9b5593eb56d0e-WAW
11:37:46.778  RESP  GET /api/trade/fetch/3c14ac5cd42da17ca7606ab649a2a977b84868787ce6e4e21082fb1d8c9177b2%2C388fd535808099e7e509bc100a1596e5636ffdcb451e0f467ed284af3fd1b9af%2C77500d1597561fee42ee70d498f9d60e593209c8378abf902125fad114e510e0%2C4ade42dd1a1744cc68316dfaff02bbf909f5557450618a2771f8d11f5188adb2%2C5d1afd8f69653f58766f8857adb3e83b6a2ea5f64fa38da09c83d6ef147e840e → 200  10.668s  delay=1.667 min_gap=0.000 last=1784799466.779
11:37:46.811  PRE   POST /api/trade/search/Standard  delay=1.667 min_gap=0.000 last=1784799466.779
11:37:46.811  ENF   delay=1.667 min_gap=0.000 jitter=1.327 gap=2.993 since_last=0.033 sleep=2.961
11:37:50.473  PARSE Account 3:5:60 → 2.500s/req pen=60s (used=2); Ip 8:10:60 → 1.094s/req pen=60s (used=2); Ip 15:60:120 → 5.200s/req pen=120s (used=8); Ip 60:300:1800 → 7.750s/req pen=1800s (used=42)  delay 1.667→8.750  min_gap→0  max_usage=70%
11:37:50.473  BACK  set 0s backoff at 70% usage
11:37:50.474  RAW   content-type: application/json
11:37:50.474  RAW   x-rate-limit-policy: trade-search-request-limit
11:37:50.474  RAW   x-rate-limit-rules: Account,Ip
11:37:50.474  RAW   x-rate-limit-account: 3:5:60
11:37:50.474  RAW   x-rate-limit-account-state: 2:5:0
11:37:50.474  RAW   x-rate-limit-ip: 8:10:60,15:60:120,60:300:1800
11:37:50.474  RAW   x-rate-limit-ip-state: 2:10:0,8:60:0,42:300:0
11:37:50.474  RAW   cf-cache-status: DYNAMIC
11:37:50.474  RAW   cf-ray: a1f9b56e19036d0e-WAW
11:37:50.474  RESP  POST /api/trade/search/Standard → 200  3.662s  delay=8.750 min_gap=0.000 last=1784799470.474
11:37:50.474  PRE   GET /api/trade/fetch/510ea38d7b94d84a1586436eb59b75e842d36423ce91d08c2dbf88de34125740%2Ce2bb2b64082579449435b6609a257c5e6385ce28c892640fd0e0fe0db9f6d5ca%2C690a1e0f6b4bf841ae5c5f06329ea3ae4efa63f46f4ec35b44d2841051178849%2C51fb2ae5cd1c856cbf9290562ad5229ba12d31ce7d4d8226ded7f6d2e94cef01%2Cc6c81246a18930281473e8d853f7d923e9cac0d9c841870ca237b10134acf975  delay=8.750 min_gap=0.000 last=1784799470.474
11:37:50.474  ENF   delay=8.750 min_gap=0.000 jitter=1.633 gap=10.383 since_last=0.000 sleep=10.383
11:38:01.375  PARSE Account 6:4:10 → 0.500s/req pen=10s (used=1); Ip 12:4:60 → 0.208s/req pen=60s (used=1); Ip 16:12:60 → 0.516s/req pen=60s (used=2)  delay 8.750→1.516  min_gap→0  max_usage=0%
11:38:01.376  RAW   content-type: application/json
11:38:01.376  RAW   x-rate-limit-policy: trade-fetch-request-limit
11:38:01.376  RAW   x-rate-limit-rules: Account,Ip
11:38:01.376  RAW   x-rate-limit-account: 6:4:10
11:38:01.376  RAW   x-rate-limit-account-state: 1:4:0
11:38:01.376  RAW   x-rate-limit-ip: 12:4:60,16:12:60
11:38:01.376  RAW   x-rate-limit-ip-state: 1:4:0,2:12:0
11:38:01.376  RAW   cf-cache-status: DYNAMIC
11:38:01.376  RAW   cf-ray: a1f9b5b3691c6d0e-WAW
11:38:01.376  RESP  GET /api/trade/fetch/510ea38d7b94d84a1586436eb59b75e842d36423ce91d08c2dbf88de34125740%2Ce2bb2b64082579449435b6609a257c5e6385ce28c892640fd0e0fe0db9f6d5ca%2C690a1e0f6b4bf841ae5c5f06329ea3ae4efa63f46f4ec35b44d2841051178849%2C51fb2ae5cd1c856cbf9290562ad5229ba12d31ce7d4d8226ded7f6d2e94cef01%2Cc6c81246a18930281473e8d853f7d923e9cac0d9c841870ca237b10134acf975 → 200  10.902s  delay=1.516 min_gap=0.000 last=1784799481.376
11:38:01.376  PRE   POST /api/trade/search/Standard  delay=1.516 min_gap=0.000 last=1784799481.377
11:38:01.376  ENF   delay=1.516 min_gap=0.000 jitter=1.371 gap=2.886 since_last=0.000 sleep=2.886
11:38:04.631  PARSE Account 3:5:60 → 1.667s/req pen=60s (used=1); Ip 8:10:60 → 1.094s/req pen=60s (used=2); Ip 15:60:120 → 5.200s/req pen=120s (used=8); Ip 60:300:1800 → 6.875s/req pen=1800s (used=35)  delay 1.516→7.875  min_gap→0  max_usage=58%
11:38:04.631  RAW   content-type: application/json
11:38:04.631  RAW   x-rate-limit-policy: trade-search-request-limit
11:38:04.631  RAW   x-rate-limit-rules: Account,Ip
11:38:04.631  RAW   x-rate-limit-account: 3:5:60
11:38:04.631  RAW   x-rate-limit-account-state: 1:5:0
11:38:04.631  RAW   x-rate-limit-ip: 8:10:60,15:60:120,60:300:1800
11:38:04.631  RAW   x-rate-limit-ip-state: 2:10:0,8:60:0,35:300:0
11:38:04.631  RAW   cf-cache-status: DYNAMIC
11:38:04.631  RAW   cf-ray: a1f9b5c8aee96d0e-WAW
11:38:04.631  RESP  POST /api/trade/search/Standard → 200  3.254s  delay=7.875 min_gap=0.000 last=1784799484.631
11:38:04.631  PRE   GET /api/trade/fetch/b004ea8dc95a3cc88a017284c9a91a951c900f90e876348e51b4e3a3c7aa29b8%2Cb9c772eb91556a0c7f4b02094ab322107b8faf0a7a8f01ca83817db945ff077f%2Cda8ad6626e3af9e28a2e1ea62a1dc9993651f6789d2fdb3243f141ec1b4a0379%2C7b7c3e163710bfc21611c766056ca588d6f673c3938b5dbd45a9af3ba1457f12%2Ca301a232f100e5b17a2d5bed0a3208ca8acf7c75c6286954c65c75d43ef216bd  delay=7.875 min_gap=0.000 last=1784799484.631
11:38:04.631  ENF   delay=7.875 min_gap=0.000 jitter=2.460 gap=10.335 since_last=0.000 sleep=10.335
11:38:15.363  PARSE Account 6:4:10 → 0.500s/req pen=10s (used=1); Ip 12:4:60 → 0.208s/req pen=60s (used=1); Ip 16:12:60 → 0.445s/req pen=60s (used=1)  delay 7.875→1.500  min_gap→0  max_usage=0%
11:38:15.363  RAW   content-type: application/json
11:38:15.363  RAW   x-rate-limit-policy: trade-fetch-request-limit
11:38:15.363  RAW   x-rate-limit-rules: Account,Ip
11:38:15.363  RAW   x-rate-limit-account: 6:4:10
11:38:15.363  RAW   x-rate-limit-account-state: 1:4:0
11:38:15.363  RAW   x-rate-limit-ip: 12:4:60,16:12:60
11:38:15.363  RAW   x-rate-limit-ip-state: 1:4:0,1:12:0
11:38:15.363  RAW   cf-cache-status: DYNAMIC
11:38:15.363  RAW   cf-ray: a1f9b60b8f996d0e-WAW
11:38:15.363  RESP  GET /api/trade/fetch/b004ea8dc95a3cc88a017284c9a91a951c900f90e876348e51b4e3a3c7aa29b8%2Cb9c772eb91556a0c7f4b02094ab322107b8faf0a7a8f01ca83817db945ff077f%2Cda8ad6626e3af9e28a2e1ea62a1dc9993651f6789d2fdb3243f141ec1b4a0379%2C7b7c3e163710bfc21611c766056ca588d6f673c3938b5dbd45a9af3ba1457f12%2Ca301a232f100e5b17a2d5bed0a3208ca8acf7c75c6286954c65c75d43ef216bd → 200  10.732s  delay=1.500 min_gap=0.000 last=1784799495.364
11:38:15.389  PRE   POST /api/trade/search/Standard  delay=1.500 min_gap=0.000 last=1784799495.364
11:38:15.389  ENF   delay=1.500 min_gap=0.000 jitter=1.185 gap=2.685 since_last=0.025 sleep=2.659
11:38:18.540  PARSE Account 3:5:60 → 1.667s/req pen=60s (used=1); Ip 8:10:60 → 0.859s/req pen=60s (used=1); Ip 15:60:120 → 4.800s/req pen=120s (used=7); Ip 60:300:1800 → 7.000s/req pen=1800s (used=36)  delay 1.500→8.000  min_gap→0  max_usage=60%
11:38:18.540  RAW   content-type: application/json
11:38:18.540  RAW   x-rate-limit-policy: trade-search-request-limit
11:38:18.540  RAW   x-rate-limit-rules: Account,Ip
11:38:18.540  RAW   x-rate-limit-account: 3:5:60
11:38:18.540  RAW   x-rate-limit-account-state: 1:5:0
11:38:18.540  RAW   x-rate-limit-ip: 8:10:60,15:60:120,60:300:1800
11:38:18.540  RAW   x-rate-limit-ip-state: 1:10:0,7:60:0,36:300:0
11:38:18.540  RAW   cf-cache-status: DYNAMIC
11:38:18.540  RAW   cf-ray: a1f9b61eda756d0e-WAW
11:38:18.540  RESP  POST /api/trade/search/Standard → 200  3.151s  delay=8.000 min_gap=0.000 last=1784799498.541
11:38:18.540  PRE   GET /api/trade/fetch/a6b006d52b0bbafe0cc3624379b440431dc59a1323d91c845594bf9648721478%2Cecccb790bab84274f451906db8df22c70dd73a8968c3f0c59a74834038a446cf%2C343edccd338d65e2e13154c096c44d296d4551ea3519d33a215e8ce90fdb275f%2C963d3b6ed64ef3b2784aac1e4422e929ff0353f77dbf076fb71a43e858262010%2Cd5edca147198c61ec42fd7b9d0920f6147854f69b176535911693a50741489a2  delay=8.000 min_gap=0.000 last=1784799498.541
11:38:18.540  ENF   delay=8.000 min_gap=0.000 jitter=1.507 gap=9.507 since_last=0.000 sleep=9.507
11:38:28.449  PARSE Account 6:4:10 → 0.667s/req pen=10s (used=2); Ip 12:4:60 → 0.250s/req pen=60s (used=2); Ip 16:12:60 → 0.516s/req pen=60s (used=2)  delay 8.000→1.667  min_gap→0  max_usage=0%
11:38:28.449  RAW   content-type: application/json
11:38:28.449  RAW   x-rate-limit-policy: trade-fetch-request-limit
11:38:28.449  RAW   x-rate-limit-rules: Account,Ip
11:38:28.449  RAW   x-rate-limit-account: 6:4:10
11:38:28.449  RAW   x-rate-limit-account-state: 2:4:0
11:38:28.449  RAW   x-rate-limit-ip: 12:4:60,16:12:60
11:38:28.449  RAW   x-rate-limit-ip-state: 2:4:0,2:12:0
11:38:28.449  RAW   cf-cache-status: DYNAMIC
11:38:28.449  RAW   cf-ray: a1f9b65d5c966d0e-WAW
11:38:28.449  RESP  GET /api/trade/fetch/a6b006d52b0bbafe0cc3624379b440431dc59a1323d91c845594bf9648721478%2Cecccb790bab84274f451906db8df22c70dd73a8968c3f0c59a74834038a446cf%2C343edccd338d65e2e13154c096c44d296d4551ea3519d33a215e8ce90fdb275f%2C963d3b6ed64ef3b2784aac1e4422e929ff0353f77dbf076fb71a43e858262010%2Cd5edca147198c61ec42fd7b9d0920f6147854f69b176535911693a50741489a2 → 200  9.909s  delay=1.667 min_gap=0.000 last=1784799508.450
11:38:28.449  PRE   POST /api/trade/search/Standard  delay=1.667 min_gap=0.000 last=1784799508.450
11:38:28.449  ENF   delay=1.667 min_gap=0.000 jitter=2.213 gap=3.879 since_last=0.000 sleep=3.879
11:38:32.688  PARSE Account 3:5:60 → 2.500s/req pen=60s (used=2); Ip 8:10:60 → 1.094s/req pen=60s (used=2); Ip 15:60:120 → 4.800s/req pen=120s (used=7); Ip 60:300:1800 → 7.250s/req pen=1800s (used=38)  delay 1.667→8.250  min_gap→0  max_usage=63%
11:38:32.689  RAW   content-type: application/json
11:38:32.689  RAW   x-rate-limit-policy: trade-search-request-limit
11:38:32.689  RAW   x-rate-limit-rules: Account,Ip
11:38:32.689  RAW   x-rate-limit-account: 3:5:60
11:38:32.689  RAW   x-rate-limit-account-state: 2:5:0
11:38:32.689  RAW   x-rate-limit-ip: 8:10:60,15:60:120,60:300:1800
11:38:32.689  RAW   x-rate-limit-ip-state: 2:10:0,7:60:0,38:300:0
11:38:32.689  RAW   cf-cache-status: DYNAMIC
11:38:32.689  RAW   cf-ray: a1f9b6781a1a6d0e-WAW
11:38:32.689  RESP  POST /api/trade/search/Standard → 200  4.239s  delay=8.250 min_gap=0.000 last=1784799512.689
11:38:32.689  PRE   GET /api/trade/fetch/d8a955d77113c54d1c4eac13d184fd74b9f91fcca0bab209472bc66dc1b95046%2Cb85ba69912e0f9e18f14dfba5decdc57c125c4a3d781bd2003f4d22ca9333b27%2Cfb0096e3c96a9e9ccc3f3422a6602ccb4a6aeffc724a70ca97e1ac908d8e29c6%2C6c57ef6a149136a3b7ef8686b1bd13f95a894dc9ab7dc25f6c10207ac1193ca7%2Cb0c262d82758732e7a80850fbb81da7b97812399e5b51afdd17761b1330b85b3  delay=8.250 min_gap=0.000 last=1784799512.689
11:38:32.689  ENF   delay=8.250 min_gap=0.000 jitter=2.177 gap=10.427 since_last=0.000 sleep=10.427
11:38:43.501  PARSE Account 6:4:10 → 0.667s/req pen=10s (used=2); Ip 12:4:60 → 0.250s/req pen=60s (used=2); Ip 16:12:60 → 0.516s/req pen=60s (used=2)  delay 8.250→1.667  min_gap→0  max_usage=0%
11:38:43.501  RAW   content-type: application/json
11:38:43.501  RAW   x-rate-limit-policy: trade-fetch-request-limit
11:38:43.501  RAW   x-rate-limit-rules: Account,Ip
11:38:43.501  RAW   x-rate-limit-account: 6:4:10
11:38:43.501  RAW   x-rate-limit-account-state: 2:4:0
11:38:43.501  RAW   x-rate-limit-ip: 12:4:60,16:12:60
11:38:43.501  RAW   x-rate-limit-ip-state: 2:4:0,2:12:0
11:38:43.501  RAW   cf-cache-status: DYNAMIC
11:38:43.501  RAW   cf-ray: a1f9b6bb7c4b6d0e-WAW
11:38:43.501  RESP  GET /api/trade/fetch/d8a955d77113c54d1c4eac13d184fd74b9f91fcca0bab209472bc66dc1b95046%2Cb85ba69912e0f9e18f14dfba5decdc57c125c4a3d781bd2003f4d22ca9333b27%2Cfb0096e3c96a9e9ccc3f3422a6602ccb4a6aeffc724a70ca97e1ac908d8e29c6%2C6c57ef6a149136a3b7ef8686b1bd13f95a894dc9ab7dc25f6c10207ac1193ca7%2Cb0c262d82758732e7a80850fbb81da7b97812399e5b51afdd17761b1330b85b3 → 200  10.812s  delay=1.667 min_gap=0.000 last=1784799523.502
11:38:43.529  PRE   POST /api/trade/search/Standard  delay=1.667 min_gap=0.000 last=1784799523.502
11:38:43.529  ENF   delay=1.667 min_gap=0.000 jitter=1.887 gap=3.553 since_last=0.028 sleep=3.526
11:38:47.491  PARSE Account 3:5:60 → 2.500s/req pen=60s (used=2); Ip 8:10:60 → 1.094s/req pen=60s (used=2); Ip 15:60:120 → 4.400s/req pen=120s (used=6); Ip 60:300:1800 → 7.500s/req pen=1800s (used=40)  delay 1.667→8.500  min_gap→0  max_usage=67%
11:38:47.491  RAW   content-type: application/json
11:38:47.491  RAW   x-rate-limit-policy: trade-search-request-limit
11:38:47.491  RAW   x-rate-limit-rules: Account,Ip
11:38:47.491  RAW   x-rate-limit-account: 3:5:60
11:38:47.491  RAW   x-rate-limit-account-state: 2:5:0
11:38:47.491  RAW   x-rate-limit-ip: 8:10:60,15:60:120,60:300:1800
11:38:47.491  RAW   x-rate-limit-ip-state: 2:10:0,6:60:0,40:300:0
11:38:47.491  RAW   cf-cache-status: DYNAMIC
11:38:47.491  RAW   cf-ray: a1f9b6d418486d0e-WAW
11:38:47.491  RESP  POST /api/trade/search/Standard → 200  3.961s  delay=8.500 min_gap=0.000 last=1784799527.491
11:38:47.491  PRE   GET /api/trade/fetch/5429f8056eb356298f7b98a655d76dca80534812d7950281c152e00920b74cb8%2Cfcd909c1f7cb653d2a35e1b688a94769e470d1117a4cc10f123e801e620b6073%2Cab12916929d15e6d9bcc1aeedfb5634d04faae42d9763ba9a645d3228ee625c0%2Cfbe38ad27bddab046f0a08d94bd634fe26b61a3e17dff48f56e2b73b1ad537ba%2C91b667743e6dedc2265e95e849c732685dd6d2d3a8f85754bed7dd9fb09a3eaa  delay=8.500 min_gap=0.000 last=1784799527.491
11:38:47.491  ENF   delay=8.500 min_gap=0.000 jitter=1.827 gap=10.327 since_last=0.000 sleep=10.327
11:38:58.317  PARSE Account 6:4:10 → 0.667s/req pen=10s (used=2); Ip 12:4:60 → 0.250s/req pen=60s (used=2); Ip 16:12:60 → 0.516s/req pen=60s (used=2)  delay 8.500→1.667  min_gap→0  max_usage=0%
11:38:58.317  RAW   content-type: application/json
11:38:58.317  RAW   x-rate-limit-policy: trade-fetch-request-limit
11:38:58.317  RAW   x-rate-limit-rules: Account,Ip
11:38:58.317  RAW   x-rate-limit-account: 6:4:10
11:38:58.317  RAW   x-rate-limit-account-state: 2:4:0
11:38:58.317  RAW   x-rate-limit-ip: 12:4:60,16:12:60
11:38:58.317  RAW   x-rate-limit-ip-state: 2:4:0,2:12:0
11:38:58.317  RAW   cf-cache-status: DYNAMIC
11:38:58.317  RAW   cf-ray: a1f9b7176d266d0e-WAW
11:38:58.317  RESP  GET /api/trade/fetch/5429f8056eb356298f7b98a655d76dca80534812d7950281c152e00920b74cb8%2Cfcd909c1f7cb653d2a35e1b688a94769e470d1117a4cc10f123e801e620b6073%2Cab12916929d15e6d9bcc1aeedfb5634d04faae42d9763ba9a645d3228ee625c0%2Cfbe38ad27bddab046f0a08d94bd634fe26b61a3e17dff48f56e2b73b1ad537ba%2C91b667743e6dedc2265e95e849c732685dd6d2d3a8f85754bed7dd9fb09a3eaa → 200  10.826s  delay=1.667 min_gap=0.000 last=1784799538.318
11:38:58.317  PRE   POST /api/trade/search/Standard  delay=1.667 min_gap=0.000 last=1784799538.318
11:38:58.317  ENF   delay=1.667 min_gap=0.000 jitter=1.985 gap=3.652 since_last=0.000 sleep=3.652
11:39:02.387  PARSE Account 3:5:60 → 2.500s/req pen=60s (used=2); Ip 8:10:60 → 1.094s/req pen=60s (used=2); Ip 15:60:120 → 4.800s/req pen=120s (used=7); Ip 60:300:1800 → 6.750s/req pen=1800s (used=34)  delay 1.667→7.750  min_gap→0  max_usage=57%
11:39:02.387  RAW   content-type: application/json
11:39:02.387  RAW   x-rate-limit-policy: trade-search-request-limit
11:39:02.387  RAW   x-rate-limit-rules: Account,Ip
11:39:02.387  RAW   x-rate-limit-account: 3:5:60
11:39:02.387  RAW   x-rate-limit-account-state: 2:5:0
11:39:02.387  RAW   x-rate-limit-ip: 8:10:60,15:60:120,60:300:1800
11:39:02.387  RAW   x-rate-limit-ip-state: 2:10:0,7:60:0,34:300:0
11:39:02.387  RAW   cf-cache-status: DYNAMIC
11:39:02.387  RAW   cf-ray: a1f9b7315d446d0e-WAW
11:39:02.387  RESP  POST /api/trade/search/Standard → 200  4.070s  delay=7.750 min_gap=0.000 last=1784799542.388
11:39:02.387  PRE   GET /api/trade/fetch/534d4756b7f44330b30f614831e452a5e813fa84cea5485a38adafd98e1d3fea%2C0495847f858003e6053eedb261951b318ecaeec770a9c09f9bea3e444357e11c%2Cb242d46eb9c5c387af22770572b59bf69110dc2484d89a502208e0b0020fa2c9%2Cebb4c8aefd571afc4495dd492274ed8e8498ae20efb804b54922f66e29502885%2Cccdfd3d5c3a29c33d9121560363fb392fcb47185c73daac4acd17bafc5f73beb  delay=7.750 min_gap=0.000 last=1784799542.388
11:39:02.387  ENF   delay=7.750 min_gap=0.000 jitter=1.985 gap=9.735 since_last=0.000 sleep=9.735
11:39:12.461  PARSE Account 6:4:10 → 0.667s/req pen=10s (used=2); Ip 12:4:60 → 0.250s/req pen=60s (used=2); Ip 16:12:60 → 0.516s/req pen=60s (used=2)  delay 7.750→1.667  min_gap→0  max_usage=0%
11:39:12.461  RAW   content-type: application/json
11:39:12.461  RAW   x-rate-limit-policy: trade-fetch-request-limit
11:39:12.461  RAW   x-rate-limit-rules: Account,Ip
11:39:12.461  RAW   x-rate-limit-account: 6:4:10
11:39:12.461  RAW   x-rate-limit-account-state: 2:4:0
11:39:12.461  RAW   x-rate-limit-ip: 12:4:60,16:12:60
11:39:12.461  RAW   x-rate-limit-ip-state: 2:4:0,2:12:0
11:39:12.461  RAW   cf-cache-status: DYNAMIC
11:39:12.461  RAW   cf-ray: a1f9b770c8026d0e-WAW
11:39:12.461  RESP  GET /api/trade/fetch/534d4756b7f44330b30f614831e452a5e813fa84cea5485a38adafd98e1d3fea%2C0495847f858003e6053eedb261951b318ecaeec770a9c09f9bea3e444357e11c%2Cb242d46eb9c5c387af22770572b59bf69110dc2484d89a502208e0b0020fa2c9%2Cebb4c8aefd571afc4495dd492274ed8e8498ae20efb804b54922f66e29502885%2Cccdfd3d5c3a29c33d9121560363fb392fcb47185c73daac4acd17bafc5f73beb → 200  10.074s  delay=1.667 min_gap=0.000 last=1784799552.462
11:39:12.461  PRE   POST /api/trade/search/Standard  delay=1.667 min_gap=0.000 last=1784799552.462
11:39:12.461  ENF   delay=1.667 min_gap=0.000 jitter=1.614 gap=3.281 since_last=0.000 sleep=3.281
11:39:16.089  PARSE Account 3:5:60 → 2.500s/req pen=60s (used=2); Ip 8:10:60 → 1.094s/req pen=60s (used=2); Ip 15:60:120 → 5.200s/req pen=120s (used=8); Ip 60:300:1800 → 7.000s/req pen=1800s (used=36)  delay 1.667→8.000  min_gap→0  max_usage=60%
11:39:16.090  RAW   content-type: application/json
11:39:16.090  RAW   x-rate-limit-policy: trade-search-request-limit
11:39:16.090  RAW   x-rate-limit-rules: Account,Ip
11:39:16.090  RAW   x-rate-limit-account: 3:5:60
11:39:16.090  RAW   x-rate-limit-account-state: 2:5:0
11:39:16.090  RAW   x-rate-limit-ip: 8:10:60,15:60:120,60:300:1800
11:39:16.090  RAW   x-rate-limit-ip-state: 2:10:0,8:60:0,36:300:0
11:39:16.090  RAW   cf-cache-status: DYNAMIC
11:39:16.090  RAW   cf-ray: a1f9b7876a846d0e-WAW
11:39:16.090  RESP  POST /api/trade/search/Standard → 200  3.628s  delay=8.000 min_gap=0.000 last=1784799556.090
11:39:16.090  PRE   GET /api/trade/fetch/fcd909c1f7cb653d2a35e1b688a94769e470d1117a4cc10f123e801e620b6073%2C5429f8056eb356298f7b98a655d76dca80534812d7950281c152e00920b74cb8%2Cab12916929d15e6d9bcc1aeedfb5634d04faae42d9763ba9a645d3228ee625c0%2C0eb41c40f8847b0fe9ed2c5fefef5389b02deba4d22d2635f8e863f1fc8abe42%2Cfbe38ad27bddab046f0a08d94bd634fe26b61a3e17dff48f56e2b73b1ad537ba  delay=8.000 min_gap=0.000 last=1784799556.090
11:39:16.090  ENF   delay=8.000 min_gap=0.000 jitter=2.441 gap=10.441 since_last=0.000 sleep=10.441
11:39:26.964  PARSE Account 6:4:10 → 0.667s/req pen=10s (used=2); Ip 12:4:60 → 0.250s/req pen=60s (used=2); Ip 16:12:60 → 0.516s/req pen=60s (used=2)  delay 8.000→1.667  min_gap→0  max_usage=0%
11:39:26.964  RAW   content-type: application/json
11:39:26.964  RAW   x-rate-limit-policy: trade-fetch-request-limit
11:39:26.964  RAW   x-rate-limit-rules: Account,Ip
11:39:26.964  RAW   x-rate-limit-account: 6:4:10
11:39:26.964  RAW   x-rate-limit-account-state: 2:4:0
11:39:26.964  RAW   x-rate-limit-ip: 12:4:60,16:12:60
11:39:26.964  RAW   x-rate-limit-ip-state: 2:4:0,2:12:0
11:39:26.964  RAW   cf-cache-status: DYNAMIC
11:39:26.964  RAW   cf-ray: a1f9b7cad88a6d0e-WAW
11:39:26.964  RESP  GET /api/trade/fetch/fcd909c1f7cb653d2a35e1b688a94769e470d1117a4cc10f123e801e620b6073%2C5429f8056eb356298f7b98a655d76dca80534812d7950281c152e00920b74cb8%2Cab12916929d15e6d9bcc1aeedfb5634d04faae42d9763ba9a645d3228ee625c0%2C0eb41c40f8847b0fe9ed2c5fefef5389b02deba4d22d2635f8e863f1fc8abe42%2Cfbe38ad27bddab046f0a08d94bd634fe26b61a3e17dff48f56e2b73b1ad537ba → 200  10.874s  delay=1.667 min_gap=0.000 last=1784799566.964
11:39:26.991  PRE   POST /api/trade/search/Standard  delay=1.667 min_gap=0.000 last=1784799566.965
11:39:26.991  ENF   delay=1.667 min_gap=0.000 jitter=2.048 gap=3.714 since_last=0.027 sleep=3.688
11:39:31.136  PARSE Account 3:5:60 → 2.500s/req pen=60s (used=2); Ip 8:10:60 → 1.094s/req pen=60s (used=2); Ip 15:60:120 → 5.200s/req pen=120s (used=8); Ip 60:300:1800 → 7.250s/req pen=1800s (used=38)  delay 1.667→8.250  min_gap→0  max_usage=63%
11:39:31.136  RAW   content-type: application/json
11:39:31.136  RAW   x-rate-limit-policy: trade-search-request-limit
11:39:31.136  RAW   x-rate-limit-rules: Account,Ip
11:39:31.136  RAW   x-rate-limit-account: 3:5:60
11:39:31.136  RAW   x-rate-limit-account-state: 2:5:0
11:39:31.136  RAW   x-rate-limit-ip: 8:10:60,15:60:120,60:300:1800
11:39:31.136  RAW   x-rate-limit-ip-state: 2:10:0,8:60:0,38:300:0
11:39:31.136  RAW   cf-cache-status: DYNAMIC
11:39:31.136  RAW   cf-ray: a1f9b7e4cdcc6d0e-WAW
11:39:31.136  RESP  POST /api/trade/search/Standard → 200  4.145s  delay=8.250 min_gap=0.000 last=1784799571.136
11:39:31.136  PRE   GET /api/trade/fetch/c6c81246a18930281473e8d853f7d923e9cac0d9c841870ca237b10134acf975%2C196cac5afb5afd58e8b9075f7d322f0ff66ba547d8d16408322254d142544d63%2C2bdb4f8ac171171ad57314cfefd985e0782012a063a6b42101e53c096ebf93bf%2C1d0be02f6ed31fe3b7e7ebcc63ce19d39398352e706634c408c77d679c1f08cd%2Ccc92e369445c44c7bc99e4e1865390a37616df4b970ad9a5212262c6ef72c4d9  delay=8.250 min_gap=0.000 last=1784799571.137
11:39:31.136  ENF   delay=8.250 min_gap=0.000 jitter=1.172 gap=9.422 since_last=0.000 sleep=9.422
11:39:40.965  PARSE Account 6:4:10 → 0.500s/req pen=10s (used=1); Ip 12:4:60 → 0.208s/req pen=60s (used=1); Ip 16:12:60 → 0.516s/req pen=60s (used=2)  delay 8.250→1.516  min_gap→0  max_usage=0%
11:39:40.965  RAW   content-type: application/json
11:39:40.965  RAW   x-rate-limit-policy: trade-fetch-request-limit
11:39:40.965  RAW   x-rate-limit-rules: Account,Ip
11:39:40.965  RAW   x-rate-limit-account: 6:4:10
11:39:40.965  RAW   x-rate-limit-account-state: 1:4:0
11:39:40.965  RAW   x-rate-limit-ip: 12:4:60,16:12:60
11:39:40.965  RAW   x-rate-limit-ip-state: 1:4:0,2:12:0
11:39:40.965  RAW   cf-cache-status: DYNAMIC
11:39:40.965  RAW   cf-ray: a1f9b8228edb6d0e-WAW
11:39:40.965  RESP  GET /api/trade/fetch/c6c81246a18930281473e8d853f7d923e9cac0d9c841870ca237b10134acf975%2C196cac5afb5afd58e8b9075f7d322f0ff66ba547d8d16408322254d142544d63%2C2bdb4f8ac171171ad57314cfefd985e0782012a063a6b42101e53c096ebf93bf%2C1d0be02f6ed31fe3b7e7ebcc63ce19d39398352e706634c408c77d679c1f08cd%2Ccc92e369445c44c7bc99e4e1865390a37616df4b970ad9a5212262c6ef72c4d9 → 200  9.829s  delay=1.516 min_gap=0.000 last=1784799580.965
11:39:40.965  PRE   POST /api/trade/search/Standard  delay=1.516 min_gap=0.000 last=1784799580.966
11:39:40.965  ENF   delay=1.516 min_gap=0.000 jitter=1.670 gap=3.185 since_last=0.000 sleep=3.185
11:39:44.575  PARSE Account 3:5:60 → 2.500s/req pen=60s (used=2); Ip 8:10:60 → 1.094s/req pen=60s (used=2); Ip 15:60:120 → 6.000s/req pen=120s (used=10); Ip 60:300:1800 → 7.500s/req pen=1800s (used=40)  delay 1.516→8.500  min_gap→0  max_usage=67%
11:39:44.575  RAW   content-type: application/json
11:39:44.575  RAW   x-rate-limit-policy: trade-search-request-limit
11:39:44.575  RAW   x-rate-limit-rules: Account,Ip
11:39:44.575  RAW   x-rate-limit-account: 3:5:60
11:39:44.575  RAW   x-rate-limit-account-state: 2:5:0
11:39:44.575  RAW   x-rate-limit-ip: 8:10:60,15:60:120,60:300:1800
11:39:44.575  RAW   x-rate-limit-ip-state: 2:10:0,10:60:0,40:300:0
11:39:44.575  RAW   cf-cache-status: DYNAMIC
11:39:44.575  RAW   cf-ray: a1f9b838fac16d0e-WAW
11:39:44.575  RESP  POST /api/trade/search/Standard → 200  3.610s  delay=8.500 min_gap=0.000 last=1784799584.576
11:39:44.575  PRE   GET /api/trade/fetch/b004ea8dc95a3cc88a017284c9a91a951c900f90e876348e51b4e3a3c7aa29b8%2Cb9c772eb91556a0c7f4b02094ab322107b8faf0a7a8f01ca83817db945ff077f%2Cbf641d0b5a77d1fb8beee794b4b4d133c35338ca82510bb1f913043a10ec850d%2Ccda26fc0c78977349e697b6fa28224ac5d666bcb5196091adb352e04df302fa6%2C651bec6f2f757166aed24efdc59b444dc93e227fbd8616125148e08849ea12d0  delay=8.500 min_gap=0.000 last=1784799584.576
11:39:44.575  ENF   delay=8.500 min_gap=0.000 jitter=2.389 gap=10.889 since_last=0.000 sleep=10.889
11:39:55.834  PARSE Account 6:4:10 → 0.500s/req pen=10s (used=1); Ip 12:4:60 → 0.208s/req pen=60s (used=1); Ip 16:12:60 → 0.516s/req pen=60s (used=2)  delay 8.500→1.516  min_gap→0  max_usage=0%
11:39:55.834  RAW   content-type: application/json
11:39:55.834  RAW   x-rate-limit-policy: trade-fetch-request-limit
11:39:55.834  RAW   x-rate-limit-rules: Account,Ip
11:39:55.834  RAW   x-rate-limit-account: 6:4:10
11:39:55.834  RAW   x-rate-limit-account-state: 1:4:0
11:39:55.834  RAW   x-rate-limit-ip: 12:4:60,16:12:60
11:39:55.834  RAW   x-rate-limit-ip-state: 1:4:0,2:12:0
11:39:55.834  RAW   cf-cache-status: DYNAMIC
11:39:55.834  RAW   cf-ray: a1f9b87faeb36d0e-WAW
11:39:55.834  RESP  GET /api/trade/fetch/b004ea8dc95a3cc88a017284c9a91a951c900f90e876348e51b4e3a3c7aa29b8%2Cb9c772eb91556a0c7f4b02094ab322107b8faf0a7a8f01ca83817db945ff077f%2Cbf641d0b5a77d1fb8beee794b4b4d133c35338ca82510bb1f913043a10ec850d%2Ccda26fc0c78977349e697b6fa28224ac5d666bcb5196091adb352e04df302fa6%2C651bec6f2f757166aed24efdc59b444dc93e227fbd8616125148e08849ea12d0 → 200  11.259s  delay=1.516 min_gap=0.000 last=1784799595.835
11:39:55.860  PRE   POST /api/trade/search/Standard  delay=1.516 min_gap=0.000 last=1784799595.835
11:39:55.860  ENF   delay=1.516 min_gap=0.000 jitter=1.456 gap=2.972 since_last=0.026 sleep=2.946
11:39:59.120  PARSE Account 3:5:60 → 2.500s/req pen=60s (used=2); Ip 8:10:60 → 1.094s/req pen=60s (used=2); Ip 15:60:120 → 5.600s/req pen=120s (used=9); Ip 60:300:1800 → 7.750s/req pen=1800s (used=42)  delay 1.516→8.750  min_gap→0  max_usage=70%
11:39:59.120  BACK  set 0s backoff at 70% usage
11:39:59.120  RAW   content-type: application/json
11:39:59.120  RAW   x-rate-limit-policy: trade-search-request-limit
11:39:59.120  RAW   x-rate-limit-rules: Account,Ip
11:39:59.120  RAW   x-rate-limit-account: 3:5:60
11:39:59.120  RAW   x-rate-limit-account-state: 2:5:0
11:39:59.120  RAW   x-rate-limit-ip: 8:10:60,15:60:120,60:300:1800
11:39:59.120  RAW   x-rate-limit-ip-state: 2:10:0,9:60:0,42:300:0
11:39:59.120  RAW   cf-cache-status: DYNAMIC
11:39:59.120  RAW   cf-ray: a1f9b8948cd36d0e-WAW
11:39:59.120  RESP  POST /api/trade/search/Standard → 200  3.260s  delay=8.750 min_gap=0.000 last=1784799599.121
11:39:59.120  PRE   GET /api/trade/fetch/f701deddb3cd367e853498414c303e40727e3743b514b7da2582c181c52fcfde%2Cd3688fc988f2539d3631bff7f6be8fd8381850017b110a7aba48bdf04e0fdf9e%2C128443f3f007412161c98506f870d8add96eb9cf7e0207c04239b353064e7fc4%2Cdcdeb7c6da27e217b1e49dc8c8d34a8c737ed9af13b9ab2f8f0d37fac10c485e%2Cc4869435a6bcd96d7f13a26f3c3bccdbef4318facee90c0bb8cb3362c35a4897  delay=8.750 min_gap=0.000 last=1784799599.121
11:39:59.120  ENF   delay=8.750 min_gap=0.000 jitter=1.045 gap=9.795 since_last=0.000 sleep=9.795
11:40:09.226  PARSE Account 6:4:10 → 0.500s/req pen=10s (used=1); Ip 12:4:60 → 0.208s/req pen=60s (used=1); Ip 16:12:60 → 0.516s/req pen=60s (used=2)  delay 8.750→1.516  min_gap→0  max_usage=0%
11:40:09.226  RAW   content-type: application/json
11:40:09.226  RAW   x-rate-limit-policy: trade-fetch-request-limit
11:40:09.226  RAW   x-rate-limit-rules: Account,Ip
11:40:09.226  RAW   x-rate-limit-account: 6:4:10
11:40:09.226  RAW   x-rate-limit-account-state: 1:4:0
11:40:09.226  RAW   x-rate-limit-ip: 12:4:60,16:12:60
11:40:09.226  RAW   x-rate-limit-ip-state: 1:4:0,2:12:0
11:40:09.226  RAW   cf-cache-status: DYNAMIC
11:40:09.226  RAW   cf-ray: a1f9b8d3bc8e6d0e-WAW
11:40:09.226  RESP  GET /api/trade/fetch/f701deddb3cd367e853498414c303e40727e3743b514b7da2582c181c52fcfde%2Cd3688fc988f2539d3631bff7f6be8fd8381850017b110a7aba48bdf04e0fdf9e%2C128443f3f007412161c98506f870d8add96eb9cf7e0207c04239b353064e7fc4%2Cdcdeb7c6da27e217b1e49dc8c8d34a8c737ed9af13b9ab2f8f0d37fac10c485e%2Cc4869435a6bcd96d7f13a26f3c3bccdbef4318facee90c0bb8cb3362c35a4897 → 200  10.105s  delay=1.516 min_gap=0.000 last=1784799609.227
11:40:09.226  PRE   POST /api/trade/search/Standard  delay=1.516 min_gap=0.000 last=1784799609.227
11:40:09.226  ENF   delay=1.516 min_gap=0.000 jitter=2.453 gap=3.969 since_last=0.000 sleep=3.969
11:40:13.484  PARSE Account 3:5:60 → 1.667s/req pen=60s (used=1); Ip 8:10:60 → 1.094s/req pen=60s (used=2); Ip 15:60:120 → 5.600s/req pen=120s (used=9); Ip 60:300:1800 → 6.875s/req pen=1800s (used=35)  delay 1.516→7.875  min_gap→0  max_usage=60%
11:40:13.485  RAW   content-type: application/json
11:40:13.485  RAW   x-rate-limit-policy: trade-search-request-limit
11:40:13.485  RAW   x-rate-limit-rules: Account,Ip
11:40:13.485  RAW   x-rate-limit-account: 3:5:60
11:40:13.485  RAW   x-rate-limit-account-state: 1:5:0
11:40:13.485  RAW   x-rate-limit-ip: 8:10:60,15:60:120,60:300:1800
11:40:13.485  RAW   x-rate-limit-ip-state: 2:10:0,9:60:0,35:300:0
11:40:13.485  RAW   cf-cache-status: DYNAMIC
11:40:13.485  RAW   cf-ray: a1f9b8ee7a706d0e-WAW
11:40:13.485  RESP  POST /api/trade/search/Standard → 200  4.258s  delay=7.875 min_gap=0.000 last=1784799613.485
11:40:13.485  PRE   GET /api/trade/fetch/628142777ff319540202306011db54c0f93c35bf42870087a84d9fc2538ae5f9%2C26d59adb7d097b87fbc4d139d8602c7f29203a974bf53b2cd05066ab22f8f97a%2C7b90f48aea2a9c1346184a5d81fd0ce1ce1bb3791b1badc4c8cf7a6508f62982%2C2b185d5e706faa05601acd6b0388f651763bcc2b830288aae20c9b444f1c5ab0%2Cf4ae7e8b22823f80b3a6f28df848e3f9ba9dfa9c6976d754097fcb28fccdb767  delay=7.875 min_gap=0.000 last=1784799613.485
11:40:13.485  ENF   delay=7.875 min_gap=0.000 jitter=1.208 gap=9.083 since_last=0.000 sleep=9.083
11:40:22.867  PARSE Account 6:4:10 → 0.500s/req pen=10s (used=1); Ip 12:4:60 → 0.208s/req pen=60s (used=1); Ip 16:12:60 → 0.516s/req pen=60s (used=2)  delay 7.875→1.516  min_gap→0  max_usage=0%
11:40:22.867  RAW   content-type: application/json
11:40:22.867  RAW   x-rate-limit-policy: trade-fetch-request-limit
11:40:22.867  RAW   x-rate-limit-rules: Account,Ip
11:40:22.867  RAW   x-rate-limit-account: 6:4:10
11:40:22.868  RAW   x-rate-limit-account-state: 1:4:0
11:40:22.868  RAW   x-rate-limit-ip: 12:4:60,16:12:60
11:40:22.868  RAW   x-rate-limit-ip-state: 1:4:0,2:12:0
11:40:22.868  RAW   cf-cache-status: DYNAMIC
11:40:22.868  RAW   cf-ray: a1f9b92919096d0e-WAW
11:40:22.868  RESP  GET /api/trade/fetch/628142777ff319540202306011db54c0f93c35bf42870087a84d9fc2538ae5f9%2C26d59adb7d097b87fbc4d139d8602c7f29203a974bf53b2cd05066ab22f8f97a%2C7b90f48aea2a9c1346184a5d81fd0ce1ce1bb3791b1badc4c8cf7a6508f62982%2C2b185d5e706faa05601acd6b0388f651763bcc2b830288aae20c9b444f1c5ab0%2Cf4ae7e8b22823f80b3a6f28df848e3f9ba9dfa9c6976d754097fcb28fccdb767 → 200  9.383s  delay=1.516 min_gap=0.000 last=1784799622.868
11:40:22.868  PRE   POST /api/trade/search/Standard  delay=1.516 min_gap=0.000 last=1784799622.868
11:40:22.868  ENF   delay=1.516 min_gap=0.000 jitter=1.928 gap=3.444 since_last=0.000 sleep=3.444
11:40:26.642  PARSE Account 3:5:60 → 2.500s/req pen=60s (used=2); Ip 8:10:60 → 1.094s/req pen=60s (used=2); Ip 15:60:120 → 5.600s/req pen=120s (used=9); Ip 60:300:1800 → 7.125s/req pen=1800s (used=37)  delay 1.516→8.125  min_gap→0  max_usage=62%
11:40:26.642  RAW   content-type: application/json
11:40:26.642  RAW   x-rate-limit-policy: trade-search-request-limit
11:40:26.642  RAW   x-rate-limit-rules: Account,Ip
11:40:26.642  RAW   x-rate-limit-account: 3:5:60
11:40:26.642  RAW   x-rate-limit-account-state: 2:5:0
11:40:26.642  RAW   x-rate-limit-ip: 8:10:60,15:60:120,60:300:1800
11:40:26.642  RAW   x-rate-limit-ip-state: 2:10:0,9:60:0,37:300:0
11:40:26.642  RAW   cf-cache-status: DYNAMIC
11:40:26.642  RAW   cf-ray: a1f9b9407bd96d0e-WAW
11:40:26.642  RESP  POST /api/trade/search/Standard → 200  3.774s  delay=8.125 min_gap=0.000 last=1784799626.642
11:40:26.642  PRE   GET /api/trade/fetch/96ce1a5194091f5f5c4330c21cb9271295ad26faa594fbf6191bfd7e0df8e144%2Cb82da61a4f0564266a77d1d18f22133d1e651ed87ab252380b7c90dc789ad82e%2Ca7320afaa4bfb0cf6bb5199096501771d64e843fd1e920d82b61f3880c411b50%2Cfdb246d4b1a567c14587edb86b0de3816bcdb2615907faaf1925bcedf0b5efa2%2C37451b4a913fd273a57bba55d602f48d095071852a15f171b31318218b75a81f  delay=8.125 min_gap=0.000 last=1784799626.642
11:40:26.642  ENF   delay=8.125 min_gap=0.000 jitter=1.015 gap=9.140 since_last=0.000 sleep=9.140
11:40:36.111  PARSE Account 6:4:10 → 0.667s/req pen=10s (used=2); Ip 12:4:60 → 0.250s/req pen=60s (used=2); Ip 16:12:60 → 0.516s/req pen=60s (used=2)  delay 8.125→1.667  min_gap→0  max_usage=0%
11:40:36.111  RAW   content-type: application/json
11:40:36.111  RAW   x-rate-limit-policy: trade-fetch-request-limit
11:40:36.111  RAW   x-rate-limit-rules: Account,Ip
11:40:36.111  RAW   x-rate-limit-account: 6:4:10
11:40:36.111  RAW   x-rate-limit-account-state: 2:4:0
11:40:36.111  RAW   x-rate-limit-ip: 12:4:60,16:12:60
11:40:36.111  RAW   x-rate-limit-ip-state: 2:4:0,2:12:0
11:40:36.111  RAW   cf-cache-status: DYNAMIC
11:40:36.111  RAW   cf-ray: a1f9b97baaa16d0e-WAW
11:40:36.111  RESP  GET /api/trade/fetch/96ce1a5194091f5f5c4330c21cb9271295ad26faa594fbf6191bfd7e0df8e144%2Cb82da61a4f0564266a77d1d18f22133d1e651ed87ab252380b7c90dc789ad82e%2Ca7320afaa4bfb0cf6bb5199096501771d64e843fd1e920d82b61f3880c411b50%2Cfdb246d4b1a567c14587edb86b0de3816bcdb2615907faaf1925bcedf0b5efa2%2C37451b4a913fd273a57bba55d602f48d095071852a15f171b31318218b75a81f → 200  9.469s  delay=1.667 min_gap=0.000 last=1784799636.112
11:40:36.137  PRE   POST /api/trade/search/Standard  delay=1.667 min_gap=0.000 last=1784799636.112
11:40:36.137  ENF   delay=1.667 min_gap=0.000 jitter=1.909 gap=3.576 since_last=0.026 sleep=3.550
11:40:40.133  PARSE Account 3:5:60 → 2.500s/req pen=60s (used=2); Ip 8:10:60 → 1.094s/req pen=60s (used=2); Ip 15:60:120 → 5.200s/req pen=120s (used=8); Ip 60:300:1800 → 7.375s/req pen=1800s (used=39)  delay 1.667→8.375  min_gap→0  max_usage=65%
11:40:40.133  RAW   content-type: application/json
11:40:40.133  RAW   x-rate-limit-policy: trade-search-request-limit
11:40:40.133  RAW   x-rate-limit-rules: Account,Ip
11:40:40.133  RAW   x-rate-limit-account: 3:5:60
11:40:40.133  RAW   x-rate-limit-account-state: 2:5:0
11:40:40.133  RAW   x-rate-limit-ip: 8:10:60,15:60:120,60:300:1800
11:40:40.133  RAW   x-rate-limit-ip-state: 2:10:0,8:60:0,39:300:0
11:40:40.133  RAW   cf-cache-status: DYNAMIC
11:40:40.133  RAW   cf-ray: a1f9b9941c126d0e-WAW
11:40:40.133  RESP  POST /api/trade/search/Standard → 200  3.996s  delay=8.375 min_gap=0.000 last=1784799640.133
11:40:40.133  PRE   GET /api/trade/fetch/4fa5fe884d8484a50abb13ead9ff525dcb087c5f9547b9084f70bee5da747e97%2Cbb07ab81f4208d74435cad7ab7f9be366c33812cd8a7fbd0ceafc814908a42f5%2C9528bf9b70b22e4ee48d5097c140d605f68208ff8ccd5a39d0bc11336d4b664f%2C82b0d4664c9e04cddfbe5fc4f97089054aa75f069f3bddeee661ed0ecda3161b%2Cb6b2e33d4a5c9297a6599f18edf8bc10d07fec6b1160987f0f9f9d1c56b117e2  delay=8.375 min_gap=0.000 last=1784799640.133
11:40:40.133  ENF   delay=8.375 min_gap=0.000 jitter=2.049 gap=10.424 since_last=0.000 sleep=10.424
11:40:50.868  PARSE Account 6:4:10 → 0.667s/req pen=10s (used=2); Ip 12:4:60 → 0.250s/req pen=60s (used=2); Ip 16:12:60 → 0.516s/req pen=60s (used=2)  delay 8.375→1.667  min_gap→0  max_usage=0%
11:40:50.868  RAW   content-type: application/json
11:40:50.868  RAW   x-rate-limit-policy: trade-fetch-request-limit
11:40:50.868  RAW   x-rate-limit-rules: Account,Ip
11:40:50.869  RAW   x-rate-limit-account: 6:4:10
11:40:50.869  RAW   x-rate-limit-account-state: 2:4:0
11:40:50.869  RAW   x-rate-limit-ip: 12:4:60,16:12:60
11:40:50.869  RAW   x-rate-limit-ip-state: 2:4:0,2:12:0
11:40:50.869  RAW   cf-cache-status: DYNAMIC
11:40:50.869  RAW   cf-ray: a1f9b9d80f496d0e-WAW
11:40:50.869  RESP  GET /api/trade/fetch/4fa5fe884d8484a50abb13ead9ff525dcb087c5f9547b9084f70bee5da747e97%2Cbb07ab81f4208d74435cad7ab7f9be366c33812cd8a7fbd0ceafc814908a42f5%2C9528bf9b70b22e4ee48d5097c140d605f68208ff8ccd5a39d0bc11336d4b664f%2C82b0d4664c9e04cddfbe5fc4f97089054aa75f069f3bddeee661ed0ecda3161b%2Cb6b2e33d4a5c9297a6599f18edf8bc10d07fec6b1160987f0f9f9d1c56b117e2 → 200  10.735s  delay=1.667 min_gap=0.000 last=1784799650.869
11:40:50.869  PRE   POST /api/trade/search/Standard  delay=1.667 min_gap=0.000 last=1784799650.869
11:40:50.869  ENF   delay=1.667 min_gap=0.000 jitter=1.587 gap=3.254 since_last=0.000 sleep=3.254
11:40:54.587  PARSE Account 3:5:60 → 2.500s/req pen=60s (used=2); Ip 8:10:60 → 1.094s/req pen=60s (used=2); Ip 15:60:120 → 5.200s/req pen=120s (used=8); Ip 60:300:1800 → 7.625s/req pen=1800s (used=41)  delay 1.667→8.625  min_gap→0  max_usage=68%
11:40:54.587  RAW   content-type: application/json
11:40:54.587  RAW   x-rate-limit-policy: trade-search-request-limit
11:40:54.587  RAW   x-rate-limit-rules: Account,Ip
11:40:54.587  RAW   x-rate-limit-account: 3:5:60
11:40:54.587  RAW   x-rate-limit-account-state: 2:5:0
11:40:54.587  RAW   x-rate-limit-ip: 8:10:60,15:60:120,60:300:1800
11:40:54.587  RAW   x-rate-limit-ip-state: 2:10:0,8:60:0,41:300:0
11:40:54.587  RAW   cf-cache-status: DYNAMIC
11:40:54.587  RAW   cf-ray: a1f9b9ee4a3e6d0e-WAW
11:40:54.587  RESP  POST /api/trade/search/Standard → 200  3.718s  delay=8.625 min_gap=0.000 last=1784799654.587
11:40:54.587  PRE   GET /api/trade/fetch/5ee08dd1022e7eaac3c0e6c7242d4758a6593acfeedcf8b0b832b4dd81fcd0c1%2C932cf507e4da5f031d80ce77a96fb7cbe64a285ef7f07ff0fb52ae778f3525a3%2Cd3f3c41009e45ca2b3d3dbf54fac389a01fd78ec753c45125ca4697b75ae03c8%2C25094c569c19611de7f93b60dcbdc78a1358dc5d64aee7f7ef7e05c9f0f8df17%2C519cc297a74a0c7dbc4348c04ba02564989fdf1341564b6af7106febb550ac66  delay=8.625 min_gap=0.000 last=1784799654.587
11:40:54.587  ENF   delay=8.625 min_gap=0.000 jitter=1.590 gap=10.215 since_last=0.000 sleep=10.215
11:41:05.179  PARSE Account 6:4:10 → 0.500s/req pen=10s (used=1); Ip 12:4:60 → 0.208s/req pen=60s (used=1); Ip 16:12:60 → 0.516s/req pen=60s (used=2)  delay 8.625→1.516  min_gap→0  max_usage=0%
11:41:05.179  RAW   content-type: application/json
11:41:05.179  RAW   x-rate-limit-policy: trade-fetch-request-limit
11:41:05.179  RAW   x-rate-limit-rules: Account,Ip
11:41:05.179  RAW   x-rate-limit-account: 6:4:10
11:41:05.179  RAW   x-rate-limit-account-state: 1:4:0
11:41:05.179  RAW   x-rate-limit-ip: 12:4:60,16:12:60
11:41:05.179  RAW   x-rate-limit-ip-state: 1:4:0,2:12:0
11:41:05.179  RAW   cf-cache-status: DYNAMIC
11:41:05.179  RAW   cf-ray: a1f9ba310a236d0e-WAW
11:41:05.179  RESP  GET /api/trade/fetch/5ee08dd1022e7eaac3c0e6c7242d4758a6593acfeedcf8b0b832b4dd81fcd0c1%2C932cf507e4da5f031d80ce77a96fb7cbe64a285ef7f07ff0fb52ae778f3525a3%2Cd3f3c41009e45ca2b3d3dbf54fac389a01fd78ec753c45125ca4697b75ae03c8%2C25094c569c19611de7f93b60dcbdc78a1358dc5d64aee7f7ef7e05c9f0f8df17%2C519cc297a74a0c7dbc4348c04ba02564989fdf1341564b6af7106febb550ac66 → 200  10.592s  delay=1.516 min_gap=0.000 last=1784799665.180
11:41:05.179  PRE   POST /api/trade/search/Standard  delay=1.516 min_gap=0.000 last=1784799665.180
11:41:05.180  ENF   delay=1.516 min_gap=0.000 jitter=1.203 gap=2.719 since_last=0.000 sleep=2.719
11:41:08.288  PARSE Account 3:5:60 → 1.667s/req pen=60s (used=1); Ip 8:10:60 → 1.094s/req pen=60s (used=2); Ip 15:60:120 → 5.200s/req pen=120s (used=8); Ip 60:300:1800 → 6.875s/req pen=1800s (used=35)  delay 1.516→7.875  min_gap→0  max_usage=58%
11:41:08.288  RAW   content-type: application/json
11:41:08.288  RAW   x-rate-limit-policy: trade-search-request-limit
11:41:08.288  RAW   x-rate-limit-rules: Account,Ip
11:41:08.288  RAW   x-rate-limit-account: 3:5:60
11:41:08.288  RAW   x-rate-limit-account-state: 1:5:0
11:41:08.288  RAW   x-rate-limit-ip: 8:10:60,15:60:120,60:300:1800
11:41:08.288  RAW   x-rate-limit-ip-state: 2:10:0,8:60:0,35:300:0
11:41:08.288  RAW   cf-cache-status: DYNAMIC
11:41:08.288  RAW   cf-ray: a1f9ba4469676d0e-WAW
11:41:08.288  RESP  POST /api/trade/search/Standard → 200  3.109s  delay=7.875 min_gap=0.000 last=1784799668.289
11:41:08.288  PRE   GET /api/trade/fetch/0e76374648a57adb1b80939cb7620cd903226000883d98f5dbf3398a40d82021%2C1ab788dda5a3ab13840e74622299a91bdb28e5a1429240c825f2ea752eeadf64%2C91cb46d2f40b3d239d36a896a6b065aa313a68ad0bff4f564ca9f5c9780be47d%2C983b2c4cf8c68116f6e0fc8972ff0769df8c639e13fcc61bceace3f64f1b6d60%2Ca81a1258cd50774c4beebee4b14340666a774ad6c5fbd0bf402ebbc205316d86  delay=7.875 min_gap=0.000 last=1784799668.289
11:41:08.288  ENF   delay=7.875 min_gap=0.000 jitter=1.134 gap=9.009 since_last=0.000 sleep=9.009
11:41:17.567  PARSE Account 6:4:10 → 0.500s/req pen=10s (used=1); Ip 12:4:60 → 0.208s/req pen=60s (used=1); Ip 16:12:60 → 0.516s/req pen=60s (used=2)  delay 7.875→1.516  min_gap→0  max_usage=0%
11:41:17.567  RAW   content-type: application/json
11:41:17.567  RAW   x-rate-limit-policy: trade-fetch-request-limit
11:41:17.567  RAW   x-rate-limit-rules: Account,Ip
11:41:17.567  RAW   x-rate-limit-account: 6:4:10
11:41:17.567  RAW   x-rate-limit-account-state: 1:4:0
11:41:17.567  RAW   x-rate-limit-ip: 12:4:60,16:12:60
11:41:17.567  RAW   x-rate-limit-ip-state: 1:4:0,2:12:0
11:41:17.567  RAW   cf-cache-status: DYNAMIC
11:41:17.567  RAW   cf-ray: a1f9ba7f2c0d6d0e-WAW
11:41:17.567  RESP  GET /api/trade/fetch/0e76374648a57adb1b80939cb7620cd903226000883d98f5dbf3398a40d82021%2C1ab788dda5a3ab13840e74622299a91bdb28e5a1429240c825f2ea752eeadf64%2C91cb46d2f40b3d239d36a896a6b065aa313a68ad0bff4f564ca9f5c9780be47d%2C983b2c4cf8c68116f6e0fc8972ff0769df8c639e13fcc61bceace3f64f1b6d60%2Ca81a1258cd50774c4beebee4b14340666a774ad6c5fbd0bf402ebbc205316d86 → 200  9.279s  delay=1.516 min_gap=0.000 last=1784799677.568
11:41:17.594  PRE   POST /api/trade/search/Standard  delay=1.516 min_gap=0.000 last=1784799677.568
11:41:17.594  ENF   delay=1.516 min_gap=0.000 jitter=1.242 gap=2.758 since_last=0.027 sleep=2.731
11:41:20.674  PARSE Account 3:5:60 → 2.500s/req pen=60s (used=2); Ip 8:10:60 → 1.094s/req pen=60s (used=2); Ip 15:60:120 → 5.200s/req pen=120s (used=8); Ip 60:300:1800 → 7.125s/req pen=1800s (used=37)  delay 1.516→8.125  min_gap→0  max_usage=62%
11:41:20.675  RAW   content-type: application/json
11:41:20.675  RAW   x-rate-limit-policy: trade-search-request-limit
11:41:20.675  RAW   x-rate-limit-rules: Account,Ip
11:41:20.675  RAW   x-rate-limit-account: 3:5:60
11:41:20.675  RAW   x-rate-limit-account-state: 2:5:0
11:41:20.675  RAW   x-rate-limit-ip: 8:10:60,15:60:120,60:300:1800
11:41:20.675  RAW   x-rate-limit-ip-state: 2:10:0,8:60:0,37:300:0
11:41:20.675  RAW   cf-cache-status: DYNAMIC
11:41:20.675  RAW   cf-ray: a1f9ba9209046d0e-WAW
11:41:20.675  RESP  POST /api/trade/search/Standard → 200  3.080s  delay=8.125 min_gap=0.000 last=1784799680.675
11:41:20.675  PRE   GET /api/trade/fetch/b0aa1e5f8c5d15d9a43cd1cd1d196b2d6b9d6ec2b17770897d21df3f2f818080%2C8d1de3368dfce859804f56be14f06d61de96faa6c8770c688d9421a2c21733ca%2Ce04318722bf1b9f5c4e38500d4e4ac6cff702304d34d89ea771459f915a06f76%2C236970e71b1999963487b8d78be400d560673e4e7a25f0a041e6020d531f20c9%2C7a1a45f9ff9115a28b9766e28171013678a7fd571817da2014d03f5e5bed6041  delay=8.125 min_gap=0.000 last=1784799680.675
11:41:20.675  ENF   delay=8.125 min_gap=0.000 jitter=1.243 gap=9.368 since_last=0.000 sleep=9.368
11:41:30.396  PARSE Account 6:4:10 → 0.500s/req pen=10s (used=1); Ip 12:4:60 → 0.208s/req pen=60s (used=1); Ip 16:12:60 → 0.516s/req pen=60s (used=2)  delay 8.125→1.516  min_gap→0  max_usage=0%
11:41:30.396  RAW   content-type: application/json
11:41:30.396  RAW   x-rate-limit-policy: trade-fetch-request-limit
11:41:30.396  RAW   x-rate-limit-rules: Account,Ip
11:41:30.396  RAW   x-rate-limit-account: 6:4:10
11:41:30.396  RAW   x-rate-limit-account-state: 1:4:0
11:41:30.396  RAW   x-rate-limit-ip: 12:4:60,16:12:60
11:41:30.396  RAW   x-rate-limit-ip-state: 1:4:0,2:12:0
11:41:30.396  RAW   cf-cache-status: DYNAMIC
11:41:30.396  RAW   cf-ray: a1f9bacecdc86d0e-WAW
11:41:30.396  RESP  GET /api/trade/fetch/b0aa1e5f8c5d15d9a43cd1cd1d196b2d6b9d6ec2b17770897d21df3f2f818080%2C8d1de3368dfce859804f56be14f06d61de96faa6c8770c688d9421a2c21733ca%2Ce04318722bf1b9f5c4e38500d4e4ac6cff702304d34d89ea771459f915a06f76%2C236970e71b1999963487b8d78be400d560673e4e7a25f0a041e6020d531f20c9%2C7a1a45f9ff9115a28b9766e28171013678a7fd571817da2014d03f5e5bed6041 → 200  9.721s  delay=1.516 min_gap=0.000 last=1784799690.397
11:41:30.396  PRE   POST /api/trade/search/Standard  delay=1.516 min_gap=0.000 last=1784799690.397
11:41:30.396  ENF   delay=1.516 min_gap=0.000 jitter=2.256 gap=3.772 since_last=0.000 sleep=3.772
11:41:34.487  PARSE Account 3:5:60 → 1.667s/req pen=60s (used=1); Ip 8:10:60 → 1.094s/req pen=60s (used=2); Ip 15:60:120 → 5.200s/req pen=120s (used=8); Ip 60:300:1800 → 7.375s/req pen=1800s (used=39)  delay 1.516→8.375  min_gap→0  max_usage=65%
11:41:34.487  RAW   content-type: application/json
11:41:34.487  RAW   x-rate-limit-policy: trade-search-request-limit
11:41:34.487  RAW   x-rate-limit-rules: Account,Ip
11:41:34.487  RAW   x-rate-limit-account: 3:5:60
11:41:34.487  RAW   x-rate-limit-account-state: 1:5:0
11:41:34.487  RAW   x-rate-limit-ip: 8:10:60,15:60:120,60:300:1800
11:41:34.487  RAW   x-rate-limit-ip-state: 2:10:0,8:60:0,39:300:0
11:41:34.487  RAW   cf-cache-status: DYNAMIC
11:41:34.487  RAW   cf-ray: a1f9bae89bb06d0e-WAW
11:41:34.487  RESP  POST /api/trade/search/Standard → 200  4.090s  delay=8.375 min_gap=0.000 last=1784799694.487
11:41:34.487  PRE   GET /api/trade/fetch/6c57ef6a149136a3b7ef8686b1bd13f95a894dc9ab7dc25f6c10207ac1193ca7%2Cd49287bd2d05e9d8f7fc6fd48622252628d980b72c3388f647ef1cf4250fa33a%2C0b576e76cf55e863fbb9f3bda0e78dc792079fcbc00a9ecd96495fa0bc55ef4a%2Cb791a7d563c6c0dff1806ccbdc406f49260229e5e06a460c5f8a1cae0063e2af%2Cd5dab811d3db7d4fe23a39cc146d5d0456598a25b618a72170da058edb3e4196  delay=8.375 min_gap=0.000 last=1784799694.487
11:41:34.487  ENF   delay=8.375 min_gap=0.000 jitter=1.851 gap=10.226 since_last=0.000 sleep=10.226
11:41:45.023  PARSE Account 6:4:10 → 0.500s/req pen=10s (used=1); Ip 12:4:60 → 0.208s/req pen=60s (used=1); Ip 16:12:60 → 0.516s/req pen=60s (used=2)  delay 8.375→1.516  min_gap→0  max_usage=0%
11:41:45.023  RAW   content-type: application/json
11:41:45.023  RAW   x-rate-limit-policy: trade-fetch-request-limit
11:41:45.023  RAW   x-rate-limit-rules: Account,Ip
11:41:45.023  RAW   x-rate-limit-account: 6:4:10
11:41:45.023  RAW   x-rate-limit-account-state: 1:4:0
11:41:45.023  RAW   x-rate-limit-ip: 12:4:60,16:12:60
11:41:45.023  RAW   x-rate-limit-ip-state: 1:4:0,2:12:0
11:41:45.023  RAW   cf-cache-status: DYNAMIC
11:41:45.023  RAW   cf-ray: a1f9bb2a7ca06d0e-WAW
11:41:45.023  RESP  GET /api/trade/fetch/6c57ef6a149136a3b7ef8686b1bd13f95a894dc9ab7dc25f6c10207ac1193ca7%2Cd49287bd2d05e9d8f7fc6fd48622252628d980b72c3388f647ef1cf4250fa33a%2C0b576e76cf55e863fbb9f3bda0e78dc792079fcbc00a9ecd96495fa0bc55ef4a%2Cb791a7d563c6c0dff1806ccbdc406f49260229e5e06a460c5f8a1cae0063e2af%2Cd5dab811d3db7d4fe23a39cc146d5d0456598a25b618a72170da058edb3e4196 → 200  10.536s  delay=1.516 min_gap=0.000 last=1784799705.024
11:41:45.050  PRE   POST /api/trade/search/Standard  delay=1.516 min_gap=0.000 last=1784799705.024
11:41:45.050  ENF   delay=1.516 min_gap=0.000 jitter=1.544 gap=3.060 since_last=0.027 sleep=3.033
11:41:48.383  PARSE Account 3:5:60 → 1.667s/req pen=60s (used=1); Ip 8:10:60 → 1.094s/req pen=60s (used=2); Ip 15:60:120 → 5.200s/req pen=120s (used=8); Ip 60:300:1800 → 7.625s/req pen=1800s (used=41)  delay 1.516→8.625  min_gap→0  max_usage=68%
11:41:48.383  RAW   content-type: application/json
11:41:48.383  RAW   x-rate-limit-policy: trade-search-request-limit
11:41:48.383  RAW   x-rate-limit-rules: Account,Ip
11:41:48.383  RAW   x-rate-limit-account: 3:5:60
11:41:48.383  RAW   x-rate-limit-account-state: 1:5:0
11:41:48.383  RAW   x-rate-limit-ip: 8:10:60,15:60:120,60:300:1800
11:41:48.383  RAW   x-rate-limit-ip-state: 2:10:0,8:60:0,41:300:0
11:41:48.384  RAW   cf-cache-status: DYNAMIC
11:41:48.384  RAW   cf-ray: a1f9bb3f8c846d0e-WAW
11:41:48.384  RESP  POST /api/trade/search/Standard → 200  3.333s  delay=8.625 min_gap=0.000 last=1784799708.384
11:41:48.384  PRE   GET /api/trade/fetch/b0294acae3585a755fc519d765dd524e3da4de1becd65a085dcbcb29c05ada0b%2Cc3fc1b642cda3527325e715b4c91981a6ed519397e87a2a97c2c7b5a7b56eed0%2Ce4ab002859096d7538fa4393af9c8f84db781604020d53c55826304e20668d7f%2C448abe8a715c89015bf4adfbba6d6ad7d521c31f4281070f1073f238e83a9d6e%2C3868710280d38f987788d3ca3d7ee362e49259b4568657fd697f13654d64f6e3  delay=8.625 min_gap=0.000 last=1784799708.384
11:41:48.384  ENF   delay=8.625 min_gap=0.000 jitter=1.482 gap=10.107 since_last=0.000 sleep=10.107
11:41:58.917  PARSE Account 6:4:10 → 0.500s/req pen=10s (used=1); Ip 12:4:60 → 0.208s/req pen=60s (used=1); Ip 16:12:60 → 0.516s/req pen=60s (used=2)  delay 8.625→1.516  min_gap→0  max_usage=0%
11:41:58.917  RAW   content-type: application/json
11:41:58.918  RAW   x-rate-limit-policy: trade-fetch-request-limit
11:41:58.918  RAW   x-rate-limit-rules: Account,Ip
11:41:58.918  RAW   x-rate-limit-account: 6:4:10
11:41:58.918  RAW   x-rate-limit-account-state: 1:4:0
11:41:58.918  RAW   x-rate-limit-ip: 12:4:60,16:12:60
11:41:58.918  RAW   x-rate-limit-ip-state: 1:4:0,2:12:0
11:41:58.918  RAW   cf-cache-status: DYNAMIC
11:41:58.918  RAW   cf-ray: a1f9bb8098586d0e-WAW
11:41:58.918  RESP  GET /api/trade/fetch/b0294acae3585a755fc519d765dd524e3da4de1becd65a085dcbcb29c05ada0b%2Cc3fc1b642cda3527325e715b4c91981a6ed519397e87a2a97c2c7b5a7b56eed0%2Ce4ab002859096d7538fa4393af9c8f84db781604020d53c55826304e20668d7f%2C448abe8a715c89015bf4adfbba6d6ad7d521c31f4281070f1073f238e83a9d6e%2C3868710280d38f987788d3ca3d7ee362e49259b4568657fd697f13654d64f6e3 → 200  10.534s  delay=1.516 min_gap=0.000 last=1784799718.918
11:41:58.918  PRE   POST /api/trade/search/Standard  delay=1.516 min_gap=0.000 last=1784799718.918
11:41:58.918  ENF   delay=1.516 min_gap=0.000 jitter=1.309 gap=2.825 since_last=0.000 sleep=2.825
11:42:02.182  PARSE Account 3:5:60 → 2.500s/req pen=60s (used=2); Ip 8:10:60 → 1.094s/req pen=60s (used=2); Ip 15:60:120 → 5.200s/req pen=120s (used=8); Ip 60:300:1800 → 6.750s/req pen=1800s (used=34)  delay 1.516→7.750  min_gap→0  max_usage=57%
11:42:02.182  RAW   content-type: application/json
11:42:02.182  RAW   x-rate-limit-policy: trade-search-request-limit
11:42:02.182  RAW   x-rate-limit-rules: Account,Ip
11:42:02.182  RAW   x-rate-limit-account: 3:5:60
11:42:02.182  RAW   x-rate-limit-account-state: 2:5:0
11:42:02.182  RAW   x-rate-limit-ip: 8:10:60,15:60:120,60:300:1800
11:42:02.182  RAW   x-rate-limit-ip-state: 2:10:0,8:60:0,34:300:0
11:42:02.182  RAW   cf-cache-status: DYNAMIC
11:42:02.182  RAW   cf-ray: a1f9bb94ee136d0e-WAW
11:42:02.182  RESP  POST /api/trade/search/Standard → 200  3.264s  delay=7.750 min_gap=0.000 last=1784799722.182
11:42:02.182  PRE   GET /api/trade/fetch/634a948e440be04b7a3ef7d9cf3a9e7a7d30fa12d7577debebaaa477963e9641%2Cbd03e74b97e5908ba16c077516d759e7f78be405dbb2e03532fabeaaa9b3cbe2%2C97d862b93280495d4d8ce298f931ac7fe751feee1339f00a68e48d1218ebce4e%2C793c702d3df0cc770f7a45759cc5446bb867f60ea4c21afa5590388e27b14a23%2Cce6f8da8170bd3b5b9212cdf5429bcccfb5b7f10de715318c2ec5aea119c9ef7  delay=7.750 min_gap=0.000 last=1784799722.182
11:42:02.182  ENF   delay=7.750 min_gap=0.000 jitter=1.570 gap=9.320 since_last=0.000 sleep=9.320
11:42:11.823  PARSE Account 6:4:10 → 0.667s/req pen=10s (used=2); Ip 12:4:60 → 0.250s/req pen=60s (used=2); Ip 16:12:60 → 0.516s/req pen=60s (used=2)  delay 7.750→1.667  min_gap→0  max_usage=0%
11:42:11.824  RAW   content-type: application/json
11:42:11.824  RAW   x-rate-limit-policy: trade-fetch-request-limit
11:42:11.824  RAW   x-rate-limit-rules: Account,Ip
11:42:11.824  RAW   x-rate-limit-account: 6:4:10
11:42:11.824  RAW   x-rate-limit-account-state: 2:4:0
11:42:11.824  RAW   x-rate-limit-ip: 12:4:60,16:12:60
11:42:11.824  RAW   x-rate-limit-ip-state: 2:4:0,2:12:0
11:42:11.824  RAW   cf-cache-status: DYNAMIC
11:42:11.824  RAW   cf-ray: a1f9bbd1ed4a6d0e-WAW
11:42:11.824  RESP  GET /api/trade/fetch/634a948e440be04b7a3ef7d9cf3a9e7a7d30fa12d7577debebaaa477963e9641%2Cbd03e74b97e5908ba16c077516d759e7f78be405dbb2e03532fabeaaa9b3cbe2%2C97d862b93280495d4d8ce298f931ac7fe751feee1339f00a68e48d1218ebce4e%2C793c702d3df0cc770f7a45759cc5446bb867f60ea4c21afa5590388e27b14a23%2Cce6f8da8170bd3b5b9212cdf5429bcccfb5b7f10de715318c2ec5aea119c9ef7 → 200  9.641s  delay=1.667 min_gap=0.000 last=1784799731.824
11:42:11.844  PRE   POST /api/trade/search/Standard  delay=1.667 min_gap=0.000 last=1784799731.824
11:42:11.844  ENF   delay=1.667 min_gap=0.000 jitter=2.357 gap=4.024 since_last=0.021 sleep=4.003
11:42:16.210  PARSE Account 3:5:60 → 2.500s/req pen=60s (used=2); Ip 8:10:60 → 1.094s/req pen=60s (used=2); Ip 15:60:120 → 4.800s/req pen=120s (used=7); Ip 60:300:1800 → 7.000s/req pen=1800s (used=36)  delay 1.667→8.000  min_gap→0  max_usage=60%
11:42:16.210  RAW   content-type: application/json
11:42:16.210  RAW   x-rate-limit-policy: trade-search-request-limit
11:42:16.210  RAW   x-rate-limit-rules: Account,Ip
11:42:16.210  RAW   x-rate-limit-account: 3:5:60
11:42:16.210  RAW   x-rate-limit-account-state: 2:5:0
11:42:16.210  RAW   x-rate-limit-ip: 8:10:60,15:60:120,60:300:1800
11:42:16.210  RAW   x-rate-limit-ip-state: 2:10:0,7:60:0,36:300:0
11:42:16.210  RAW   cf-cache-status: DYNAMIC
11:42:16.210  RAW   cf-ray: a1f9bbed183b6d0e-WAW
11:42:16.210  RESP  POST /api/trade/search/Standard → 200  4.365s  delay=8.000 min_gap=0.000 last=1784799736.211
11:42:16.210  PRE   GET /api/trade/fetch/b8427a551422cdad149243b1877ce3ec9bcb8435e85e6254bb0f86fd67384494%2C6fe93da0ed2dcf4f868efdde8acd885ad7c830291eec04375928443e60804d88%2Ca5abcc70f3951a754cec88b0d4c15a614c4981e43b4b9a6a774fd6fdd3968dd2%2C6f6995878dd5bb2bb2395bc85d9633d84f585856c29cbb50019b762bbfa1cc56%2Ca4da14e351cfd6e4bad3df65e0541a6b2b18fe095ed60a2592d8294aee212580  delay=8.000 min_gap=0.000 last=1784799736.211
11:42:16.210  ENF   delay=8.000 min_gap=0.000 jitter=1.550 gap=9.550 since_last=0.000 sleep=9.550
11:42:26.100  PARSE Account 6:4:10 → 0.500s/req pen=10s (used=1); Ip 12:4:60 → 0.208s/req pen=60s (used=1); Ip 16:12:60 → 0.516s/req pen=60s (used=2)  delay 8.000→1.516  min_gap→0  max_usage=0%
11:42:26.100  RAW   content-type: application/json
11:42:26.100  RAW   x-rate-limit-policy: trade-fetch-request-limit
11:42:26.100  RAW   x-rate-limit-rules: Account,Ip
11:42:26.100  RAW   x-rate-limit-account: 6:4:10
11:42:26.100  RAW   x-rate-limit-account-state: 1:4:0
11:42:26.100  RAW   x-rate-limit-ip: 12:4:60,16:12:60
11:42:26.100  RAW   x-rate-limit-ip-state: 1:4:0,2:12:0
11:42:26.100  RAW   cf-cache-status: DYNAMIC
11:42:26.100  RAW   cf-ray: a1f9bc2b0f3c6d0e-WAW
11:42:26.100  RESP  GET /api/trade/fetch/b8427a551422cdad149243b1877ce3ec9bcb8435e85e6254bb0f86fd67384494%2C6fe93da0ed2dcf4f868efdde8acd885ad7c830291eec04375928443e60804d88%2Ca5abcc70f3951a754cec88b0d4c15a614c4981e43b4b9a6a774fd6fdd3968dd2%2C6f6995878dd5bb2bb2395bc85d9633d84f585856c29cbb50019b762bbfa1cc56%2Ca4da14e351cfd6e4bad3df65e0541a6b2b18fe095ed60a2592d8294aee212580 → 200  9.889s  delay=1.516 min_gap=0.000 last=1784799746.100
11:42:26.100  PRE   POST /api/trade/search/Standard  delay=1.516 min_gap=0.000 last=1784799746.100
11:42:26.100  ENF   delay=1.516 min_gap=0.000 jitter=2.438 gap=3.954 since_last=0.000 sleep=3.953
11:42:30.389  PARSE Account 3:5:60 → 1.667s/req pen=60s (used=1); Ip 8:10:60 → 1.094s/req pen=60s (used=2); Ip 15:60:120 → 4.800s/req pen=120s (used=7); Ip 60:300:1800 → 7.250s/req pen=1800s (used=38)  delay 1.516→8.250  min_gap→0  max_usage=63%
11:42:30.389  RAW   content-type: application/json
11:42:30.389  RAW   x-rate-limit-policy: trade-search-request-limit
11:42:30.389  RAW   x-rate-limit-rules: Account,Ip
11:42:30.389  RAW   x-rate-limit-account: 3:5:60
11:42:30.389  RAW   x-rate-limit-account-state: 1:5:0
11:42:30.389  RAW   x-rate-limit-ip: 8:10:60,15:60:120,60:300:1800
11:42:30.389  RAW   x-rate-limit-ip-state: 2:10:0,7:60:0,38:300:0
11:42:30.389  RAW   cf-cache-status: DYNAMIC
11:42:30.389  RAW   cf-ray: a1f9bc45de616d0e-WAW
11:42:30.389  RESP  POST /api/trade/search/Standard → 200  4.289s  delay=8.250 min_gap=0.000 last=1784799750.389
11:42:30.389  PRE   GET /api/trade/fetch/b8427a551422cdad149243b1877ce3ec9bcb8435e85e6254bb0f86fd67384494%2C7bf620c9408144ee3f93e105fc5286801b62aa13fa616febaa5f0abc00678eac%2Cff7553ca19303f9e3d06d591a975aaa369b668732206bc6c41c81e2b1d7ff546%2C58fa9a3946869ccd50a43c0f64214f7beba6943ea47112cb47f6390ea3fa9fc7%2Cb1af26e4938854a5f99aee022f22f0072b49eb7a91f45e5159061fb0b90a360d  delay=8.250 min_gap=0.000 last=1784799750.389
11:42:30.389  ENF   delay=8.250 min_gap=0.000 jitter=1.931 gap=10.181 since_last=0.000 sleep=10.181
11:42:40.876  PARSE Account 6:4:10 → 0.500s/req pen=10s (used=1); Ip 12:4:60 → 0.208s/req pen=60s (used=1); Ip 16:12:60 → 0.516s/req pen=60s (used=2)  delay 8.250→1.516  min_gap→0  max_usage=0%
11:42:40.876  RAW   content-type: application/json
11:42:40.876  RAW   x-rate-limit-policy: trade-fetch-request-limit
11:42:40.876  RAW   x-rate-limit-rules: Account,Ip
11:42:40.876  RAW   x-rate-limit-account: 6:4:10
11:42:40.876  RAW   x-rate-limit-account-state: 1:4:0
11:42:40.876  RAW   x-rate-limit-ip: 12:4:60,16:12:60
11:42:40.876  RAW   x-rate-limit-ip-state: 1:4:0,2:12:0
11:42:40.876  RAW   cf-cache-status: DYNAMIC
11:42:40.876  RAW   cf-ray: a1f9bc879bf06d0e-WAW
11:42:40.876  RESP  GET /api/trade/fetch/b8427a551422cdad149243b1877ce3ec9bcb8435e85e6254bb0f86fd67384494%2C7bf620c9408144ee3f93e105fc5286801b62aa13fa616febaa5f0abc00678eac%2Cff7553ca19303f9e3d06d591a975aaa369b668732206bc6c41c81e2b1d7ff546%2C58fa9a3946869ccd50a43c0f64214f7beba6943ea47112cb47f6390ea3fa9fc7%2Cb1af26e4938854a5f99aee022f22f0072b49eb7a91f45e5159061fb0b90a360d → 200  10.487s  delay=1.516 min_gap=0.000 last=1784799760.877
11:42:40.902  PRE   POST /api/trade/search/Standard  delay=1.516 min_gap=0.000 last=1784799760.877
11:42:40.902  ENF   delay=1.516 min_gap=0.000 jitter=1.440 gap=2.955 since_last=0.025 sleep=2.930
11:42:44.133  PARSE Account 3:5:60 → 2.500s/req pen=60s (used=2); Ip 8:10:60 → 1.094s/req pen=60s (used=2); Ip 15:60:120 → 5.600s/req pen=120s (used=9); Ip 60:300:1800 → 7.500s/req pen=1800s (used=40)  delay 1.516→8.500  min_gap→0  max_usage=67%
11:42:44.133  RAW   content-type: application/json
11:42:44.133  RAW   x-rate-limit-policy: trade-search-request-limit
11:42:44.133  RAW   x-rate-limit-rules: Account,Ip
11:42:44.133  RAW   x-rate-limit-account: 3:5:60
11:42:44.133  RAW   x-rate-limit-account-state: 2:5:0
11:42:44.133  RAW   x-rate-limit-ip: 8:10:60,15:60:120,60:300:1800
11:42:44.133  RAW   x-rate-limit-ip-state: 2:10:0,9:60:0,40:300:0
11:42:44.133  RAW   cf-cache-status: DYNAMIC
11:42:44.133  RAW   cf-ray: a1f9bc9bfda06d0e-WAW
11:42:44.133  RESP  POST /api/trade/search/Standard → 200  3.231s  delay=8.500 min_gap=0.000 last=1784799764.133
11:42:44.133  PRE   GET /api/trade/fetch/26a1ab38f6df14c59dadb2c180c8e11f335af197866f36c8fdeca85af1f8e779%2Ce860dc2e57aa429b4283236eb3e91833a01d9e4366964b3eb117f9b4f0f2cd73%2C4051482ae6923154ad644e018081f488a18dcdce83074ea5518d11f41380ef9d%2Ca8bfd5cf348c3f59a0f9de4254bd4ac092723d2454aa8b4ea9ab21c13a271f3d%2Cd8d18623aa4867d088513e2e14fea849f5756b16a9ec2ec132b4fe921a1a2a6d  delay=8.500 min_gap=0.000 last=1784799764.133
11:42:44.133  ENF   delay=8.500 min_gap=0.000 jitter=2.365 gap=10.865 since_last=0.000 sleep=10.865
11:42:55.283  PARSE Account 6:4:10 → 0.500s/req pen=10s (used=1); Ip 12:4:60 → 0.208s/req pen=60s (used=1); Ip 16:12:60 → 0.516s/req pen=60s (used=2)  delay 8.500→1.516  min_gap→0  max_usage=0%
11:42:55.283  RAW   content-type: application/json
11:42:55.283  RAW   x-rate-limit-policy: trade-fetch-request-limit
11:42:55.283  RAW   x-rate-limit-rules: Account,Ip
11:42:55.283  RAW   x-rate-limit-account: 6:4:10
11:42:55.283  RAW   x-rate-limit-account-state: 1:4:0
11:42:55.283  RAW   x-rate-limit-ip: 12:4:60,16:12:60
11:42:55.283  RAW   x-rate-limit-ip-state: 1:4:0,2:12:0
11:42:55.283  RAW   cf-cache-status: DYNAMIC
11:42:55.283  RAW   cf-ray: a1f9bce1cb166d0e-WAW
11:42:55.283  RESP  GET /api/trade/fetch/26a1ab38f6df14c59dadb2c180c8e11f335af197866f36c8fdeca85af1f8e779%2Ce860dc2e57aa429b4283236eb3e91833a01d9e4366964b3eb117f9b4f0f2cd73%2C4051482ae6923154ad644e018081f488a18dcdce83074ea5518d11f41380ef9d%2Ca8bfd5cf348c3f59a0f9de4254bd4ac092723d2454aa8b4ea9ab21c13a271f3d%2Cd8d18623aa4867d088513e2e14fea849f5756b16a9ec2ec132b4fe921a1a2a6d → 200  11.150s  delay=1.516 min_gap=0.000 last=1784799775.284
11:42:55.283  PRE   POST /api/trade/search/Standard  delay=1.516 min_gap=0.000 last=1784799775.284
11:42:55.283  ENF   delay=1.516 min_gap=0.000 jitter=1.534 gap=3.050 since_last=0.000 sleep=3.050
11:42:58.671  PARSE Account 3:5:60 → 1.667s/req pen=60s (used=1); Ip 8:10:60 → 1.094s/req pen=60s (used=2); Ip 15:60:120 → 5.600s/req pen=120s (used=9); Ip 60:300:1800 → 7.750s/req pen=1800s (used=42)  delay 1.516→8.750  min_gap→0  max_usage=70%
11:42:58.671  BACK  set 0s backoff at 70% usage
11:42:58.671  RAW   content-type: application/json
11:42:58.671  RAW   x-rate-limit-policy: trade-search-request-limit
11:42:58.671  RAW   x-rate-limit-rules: Account,Ip
11:42:58.671  RAW   x-rate-limit-account: 3:5:60
11:42:58.671  RAW   x-rate-limit-account-state: 1:5:0
11:42:58.671  RAW   x-rate-limit-ip: 8:10:60,15:60:120,60:300:1800
11:42:58.671  RAW   x-rate-limit-ip-state: 2:10:0,9:60:0,42:300:0
11:42:58.671  RAW   cf-cache-status: DYNAMIC
11:42:58.671  RAW   cf-ray: a1f9bcf69c016d0e-WAW
11:42:58.671  RESP  POST /api/trade/search/Standard → 200  3.387s  delay=8.750 min_gap=0.000 last=1784799778.672
11:42:58.693  PRE   POST /api/trade/search/Standard  delay=8.750 min_gap=0.000 last=1784799778.672
11:42:58.693  ENF   delay=8.750 min_gap=0.000 jitter=1.855 gap=10.605 since_last=0.022 sleep=10.584
11:43:09.601  PARSE Account 3:5:60 → 2.500s/req pen=60s (used=2); Ip 8:10:60 → 1.094s/req pen=60s (used=2); Ip 15:60:120 → 5.600s/req pen=120s (used=9); Ip 60:300:1800 → 7.125s/req pen=1800s (used=37)  delay 8.750→8.125  min_gap→0  max_usage=62%
11:43:09.601  RAW   content-type: application/json
11:43:09.601  RAW   x-rate-limit-policy: trade-search-request-limit
11:43:09.601  RAW   x-rate-limit-rules: Account,Ip
11:43:09.601  RAW   x-rate-limit-account: 3:5:60
11:43:09.601  RAW   x-rate-limit-account-state: 2:5:0
11:43:09.601  RAW   x-rate-limit-ip: 8:10:60,15:60:120,60:300:1800
11:43:09.601  RAW   x-rate-limit-ip-state: 2:10:0,9:60:0,37:300:0
11:43:09.601  RAW   cf-cache-status: DYNAMIC
11:43:09.601  RAW   cf-ray: a1f9bd3af9bd6d0e-WAW
11:43:09.601  RESP  POST /api/trade/search/Standard → 200  10.908s  delay=8.125 min_gap=0.000 last=1784799789.602
11:43:09.601  PRE   GET /api/trade/fetch/8c25fa48da7695755ca0a881c02aeebe20b662b3aa03a5cd4f6244c92a37a406%2Cb3d92e410c1bf95b43d041e9d0f38be41d4b05d83e6686ab9019034bad35320f%2Cb04c71249347f14391047a0739343aeff2025b49aea9fd55b381ba665efa744e%2Caf9b492ad7e9d19c63218ccb59d4320845ad36fa70ee1c565119c8d47add42ed%2Ca4b510131506e5e40fe9930070dbab39347205955cf1ea066e589a04e50f88e9  delay=8.125 min_gap=0.000 last=1784799789.602
11:43:09.601  ENF   delay=8.125 min_gap=0.000 jitter=1.874 gap=9.999 since_last=0.000 sleep=9.999
11:43:19.925  PARSE Account 6:4:10 → 0.500s/req pen=10s (used=1); Ip 12:4:60 → 0.208s/req pen=60s (used=1); Ip 16:12:60 → 0.445s/req pen=60s (used=1)  delay 8.125→1.500  min_gap→0  max_usage=0%
11:43:19.925  RAW   content-type: application/json
11:43:19.925  RAW   x-rate-limit-policy: trade-fetch-request-limit
11:43:19.925  RAW   x-rate-limit-rules: Account,Ip
11:43:19.925  RAW   x-rate-limit-account: 6:4:10
11:43:19.925  RAW   x-rate-limit-account-state: 1:4:0
11:43:19.925  RAW   x-rate-limit-ip: 12:4:60,16:12:60
11:43:19.925  RAW   x-rate-limit-ip-state: 1:4:0,1:12:0
11:43:19.925  RAW   cf-cache-status: DYNAMIC
11:43:19.925  RAW   cf-ray: a1f9bd7b88b06d0e-WAW
11:43:19.925  RESP  GET /api/trade/fetch/8c25fa48da7695755ca0a881c02aeebe20b662b3aa03a5cd4f6244c92a37a406%2Cb3d92e410c1bf95b43d041e9d0f38be41d4b05d83e6686ab9019034bad35320f%2Cb04c71249347f14391047a0739343aeff2025b49aea9fd55b381ba665efa744e%2Caf9b492ad7e9d19c63218ccb59d4320845ad36fa70ee1c565119c8d47add42ed%2Ca4b510131506e5e40fe9930070dbab39347205955cf1ea066e589a04e50f88e9 → 200  10.324s  delay=1.500 min_gap=0.000 last=1784799799.926
11:43:19.925  PRE   POST /api/trade/search/Standard  delay=1.500 min_gap=0.000 last=1784799799.926
11:43:19.926  ENF   delay=1.500 min_gap=0.000 jitter=2.354 gap=3.854 since_last=0.000 sleep=3.854
11:43:24.202  PARSE Account 3:5:60 → 1.667s/req pen=60s (used=1); Ip 8:10:60 → 1.094s/req pen=60s (used=2); Ip 15:60:120 → 5.600s/req pen=120s (used=9); Ip 60:300:1800 → 7.375s/req pen=1800s (used=39)  delay 1.500→8.375  min_gap→0  max_usage=65%
11:43:24.202  RAW   content-type: application/json
11:43:24.202  RAW   x-rate-limit-policy: trade-search-request-limit
11:43:24.202  RAW   x-rate-limit-rules: Account,Ip
11:43:24.202  RAW   x-rate-limit-account: 3:5:60
11:43:24.202  RAW   x-rate-limit-account-state: 1:5:0
11:43:24.202  RAW   x-rate-limit-ip: 8:10:60,15:60:120,60:300:1800
11:43:24.202  RAW   x-rate-limit-ip-state: 2:10:0,9:60:0,39:300:0
11:43:24.202  RAW   cf-cache-status: DYNAMIC
11:43:24.202  RAW   cf-ray: a1f9bd95ae736d0e-WAW
11:43:24.202  RESP  POST /api/trade/search/Standard → 200  4.276s  delay=8.375 min_gap=0.000 last=1784799804.203
11:43:24.202  PRE   GET /api/trade/fetch/727da76cbf2f5fbe6674008dfc02b8b75a196567274dbec79cf2224b24dc5ac5%2Cffc8a566e87bd0eaa09436b264987bd8013fca73d0d33ffcf76d4be622893865%2C77296678ea8338d6c6aa7addfab46dc67b092188ce78daf5b90748f7b1aa122e%2Cbe7b793defd8ed0fe64d4d710cac1f41c4f87c4d25b3d54b89a9459aa4fe05f7%2C68d6e1bfe101d712251eb9b25ef46cb4865d5d930b6ae9b83d37fde1a4ee421f  delay=8.375 min_gap=0.000 last=1784799804.203
11:43:24.202  ENF   delay=8.375 min_gap=0.000 jitter=1.460 gap=9.835 since_last=0.000 sleep=9.835
