09:39:16.599  INIT  user_agent=OAuth pypoe/0.1.0 (flipper) delay=0.0 min_gap=1.0
09:39:16.601  PRE   POST /api/trade/search/Standard  delay=0.000 min_gap=1.000 last=1784792356.599
09:39:16.601  ENF   delay=0.000 min_gap=1.000 jitter=4.701 gap=5.701 since_last=0.002 sleep=5.699
09:39:23.000  PARSE Account 3:5:60 → 2.500s/req pen=60s (used=2); Ip 8:10:60 → 1.094s/req pen=60s (used=2); Ip 15:60:120 → 4.400s/req pen=120s (used=6); Ip 60:300:1800 → 6.375s/req pen=1800s (used=31)  delay 0.000→7.375  min_gap→0  max_usage=52%
09:39:23.000  RAW   content-type: application/json
09:39:23.000  RAW   x-rate-limit-policy: trade-search-request-limit
09:39:23.000  RAW   x-rate-limit-rules: Account,Ip
09:39:23.000  RAW   x-rate-limit-account: 3:5:60
09:39:23.000  RAW   x-rate-limit-account-state: 2:5:0
09:39:23.000  RAW   x-rate-limit-ip: 8:10:60,15:60:120,60:300:1800
09:39:23.000  RAW   x-rate-limit-ip-state: 2:10:0,6:60:0,31:300:0
09:39:23.000  RAW   cf-cache-status: DYNAMIC
09:39:23.000  RAW   cf-ray: a1f907e888bd6e1e-WAW
09:39:23.000  RESP  POST /api/trade/search/Standard → 200  6.399s  delay=7.375 min_gap=0.000 last=1784792363.001
09:39:23.000  PRE   GET /api/trade/fetch/02c6680b03830e2914e54eac2da0e01b716b143b71b6dae9e821733eaad30712%2C4606a21d5c133ea239083361e28eac9694a067bd2a1ecfbedeee7149fa04cd6d%2Cfa3bf15927c1c5ccfa3f69ff5ab7a00e8d3c5088557fdabebe91748d82069646%2C1d1a812ffb99c07c3c373bdbc3f84e27a770a9a8d8f3a8c6c4f156cadc0a468a%2Cf724e0164866e52021ea196463d3de0597f915a300ca15b1c3fdf93de5706f4f  delay=7.375 min_gap=0.000 last=1784792363.001
09:39:23.001  ENF   delay=7.375 min_gap=0.000 jitter=4.304 gap=11.679 since_last=0.000 sleep=11.679
09:39:35.188  PARSE Account 6:4:10 → 0.500s/req pen=10s (used=1); Ip 12:4:60 → 0.208s/req pen=60s (used=1); Ip 16:12:60 → 0.516s/req pen=60s (used=2)  delay 7.375→1.516  min_gap→0  max_usage=0%
09:39:35.189  RAW   content-type: application/json
09:39:35.189  RAW   x-rate-limit-policy: trade-fetch-request-limit
09:39:35.189  RAW   x-rate-limit-rules: Account,Ip
09:39:35.189  RAW   x-rate-limit-account: 6:4:10
09:39:35.189  RAW   x-rate-limit-account-state: 1:4:0
09:39:35.189  RAW   x-rate-limit-ip: 12:4:60,16:12:60
09:39:35.189  RAW   x-rate-limit-ip-state: 1:4:0,2:12:0
09:39:35.189  RAW   cf-cache-status: DYNAMIC
09:39:35.189  RAW   cf-ray: a1f90835c9886e1e-WAW
09:39:35.189  RESP  GET /api/trade/fetch/02c6680b03830e2914e54eac2da0e01b716b143b71b6dae9e821733eaad30712%2C4606a21d5c133ea239083361e28eac9694a067bd2a1ecfbedeee7149fa04cd6d%2Cfa3bf15927c1c5ccfa3f69ff5ab7a00e8d3c5088557fdabebe91748d82069646%2C1d1a812ffb99c07c3c373bdbc3f84e27a770a9a8d8f3a8c6c4f156cadc0a468a%2Cf724e0164866e52021ea196463d3de0597f915a300ca15b1c3fdf93de5706f4f → 200  12.188s  delay=1.516 min_gap=0.000 last=1784792375.189
09:39:35.189  PRE   POST /api/trade/search/Standard  delay=1.516 min_gap=0.000 last=1784792375.189
09:39:35.189  ENF   delay=1.516 min_gap=0.000 jitter=3.258 gap=4.774 since_last=0.000 sleep=4.773
09:39:40.914  PARSE Account 3:5:60 → 1.667s/req pen=60s (used=1); Ip 8:10:60 → 1.094s/req pen=60s (used=2); Ip 15:60:120 → 4.400s/req pen=120s (used=6); Ip 60:300:1800 → 6.625s/req pen=1800s (used=33)  delay 1.516→7.625  min_gap→0  max_usage=55%
09:39:40.914  RAW   content-type: application/json
09:39:40.914  RAW   x-rate-limit-policy: trade-search-request-limit
09:39:40.914  RAW   x-rate-limit-rules: Account,Ip
09:39:40.914  RAW   x-rate-limit-account: 3:5:60
09:39:40.914  RAW   x-rate-limit-account-state: 1:5:0
09:39:40.914  RAW   x-rate-limit-ip: 8:10:60,15:60:120,60:300:1800
09:39:40.914  RAW   x-rate-limit-ip-state: 2:10:0,6:60:0,33:300:0
09:39:40.914  RAW   cf-cache-status: DYNAMIC
09:39:40.914  RAW   cf-ray: a1f90856cdb86e1e-WAW
09:39:40.914  RESP  POST /api/trade/search/Standard → 200  5.725s  delay=7.625 min_gap=0.000 last=1784792380.915
09:39:40.915  PRE   GET /api/trade/fetch/628142777ff319540202306011db54c0f93c35bf42870087a84d9fc2538ae5f9%2C26d59adb7d097b87fbc4d139d8602c7f29203a974bf53b2cd05066ab22f8f97a%2C7b90f48aea2a9c1346184a5d81fd0ce1ce1bb3791b1badc4c8cf7a6508f62982%2C200bb5ee008845336d012afd79d33f243a88fc11574c78ee65ea43965648c78d%2C2b185d5e706faa05601acd6b0388f651763bcc2b830288aae20c9b444f1c5ab0  delay=7.625 min_gap=0.000 last=1784792380.915
09:39:40.915  ENF   delay=7.625 min_gap=0.000 jitter=4.005 gap=11.630 since_last=0.000 sleep=11.630
09:39:52.892  PARSE Account 6:4:10 → 0.500s/req pen=10s (used=1); Ip 12:4:60 → 0.208s/req pen=60s (used=1); Ip 16:12:60 → 0.516s/req pen=60s (used=2)  delay 7.625→1.516  min_gap→0  max_usage=0%
09:39:52.892  RAW   content-type: application/json
09:39:52.892  RAW   x-rate-limit-policy: trade-fetch-request-limit
09:39:52.892  RAW   x-rate-limit-rules: Account,Ip
09:39:52.892  RAW   x-rate-limit-account: 6:4:10
09:39:52.892  RAW   x-rate-limit-account-state: 1:4:0
09:39:52.892  RAW   x-rate-limit-ip: 12:4:60,16:12:60
09:39:52.892  RAW   x-rate-limit-ip-state: 1:4:0,2:12:0
09:39:52.893  RAW   cf-cache-status: DYNAMIC
09:39:52.893  RAW   cf-ray: a1f908a5699a6e1e-WAW
09:39:52.893  RESP  GET /api/trade/fetch/628142777ff319540202306011db54c0f93c35bf42870087a84d9fc2538ae5f9%2C26d59adb7d097b87fbc4d139d8602c7f29203a974bf53b2cd05066ab22f8f97a%2C7b90f48aea2a9c1346184a5d81fd0ce1ce1bb3791b1badc4c8cf7a6508f62982%2C200bb5ee008845336d012afd79d33f243a88fc11574c78ee65ea43965648c78d%2C2b185d5e706faa05601acd6b0388f651763bcc2b830288aae20c9b444f1c5ab0 → 200  11.978s  delay=1.516 min_gap=0.000 last=1784792392.893
09:39:52.893  PRE   POST /api/trade/search/Standard  delay=1.516 min_gap=0.000 last=1784792392.893
09:39:52.893  ENF   delay=1.516 min_gap=0.000 jitter=4.225 gap=5.741 since_last=0.000 sleep=5.741
09:39:59.414  PARSE Account 3:5:60 → 1.667s/req pen=60s (used=1); Ip 8:10:60 → 1.094s/req pen=60s (used=2); Ip 15:60:120 → 4.400s/req pen=120s (used=6); Ip 60:300:1800 → 6.875s/req pen=1800s (used=35)  delay 1.516→7.875  min_gap→0  max_usage=58%
09:39:59.414  RAW   content-type: application/json
09:39:59.414  RAW   x-rate-limit-policy: trade-search-request-limit
09:39:59.414  RAW   x-rate-limit-rules: Account,Ip
09:39:59.414  RAW   x-rate-limit-account: 3:5:60
09:39:59.414  RAW   x-rate-limit-account-state: 1:5:0
09:39:59.414  RAW   x-rate-limit-ip: 8:10:60,15:60:120,60:300:1800
09:39:59.414  RAW   x-rate-limit-ip-state: 2:10:0,6:60:0,35:300:0
09:39:59.414  RAW   cf-cache-status: DYNAMIC
09:39:59.414  RAW   cf-ray: a1f908cb7b0f6e1e-WAW
09:39:59.414  RESP  POST /api/trade/search/Standard → 200  6.521s  delay=7.875 min_gap=0.000 last=1784792399.415
09:39:59.414  PRE   GET /api/trade/fetch/4606a21d5c133ea239083361e28eac9694a067bd2a1ecfbedeee7149fa04cd6d%2Cfa3bf15927c1c5ccfa3f69ff5ab7a00e8d3c5088557fdabebe91748d82069646%2C1d1a812ffb99c07c3c373bdbc3f84e27a770a9a8d8f3a8c6c4f156cadc0a468a%2Cf724e0164866e52021ea196463d3de0597f915a300ca15b1c3fdf93de5706f4f%2C54f13cc3344929cfbd39da35228a2ec0785080848d488fcf48253a0104b0c378  delay=7.875 min_gap=0.000 last=1784792399.415
09:39:59.414  ENF   delay=7.875 min_gap=0.000 jitter=4.850 gap=12.725 since_last=0.000 sleep=12.725
09:40:12.437  PARSE Account 6:4:10 → 0.500s/req pen=10s (used=1); Ip 12:4:60 → 0.208s/req pen=60s (used=1); Ip 16:12:60 → 0.516s/req pen=60s (used=2)  delay 7.875→1.516  min_gap→0  max_usage=0%
09:40:12.437  RAW   content-type: application/json
09:40:12.437  RAW   x-rate-limit-policy: trade-fetch-request-limit
09:40:12.437  RAW   x-rate-limit-rules: Account,Ip
09:40:12.437  RAW   x-rate-limit-account: 6:4:10
09:40:12.437  RAW   x-rate-limit-account-state: 1:4:0
09:40:12.437  RAW   x-rate-limit-ip: 12:4:60,16:12:60
09:40:12.437  RAW   x-rate-limit-ip-state: 1:4:0,2:12:0
09:40:12.437  RAW   cf-cache-status: DYNAMIC
09:40:12.437  RAW   cf-ray: a1f9091feab06e1e-WAW
09:40:12.437  RESP  GET /api/trade/fetch/4606a21d5c133ea239083361e28eac9694a067bd2a1ecfbedeee7149fa04cd6d%2Cfa3bf15927c1c5ccfa3f69ff5ab7a00e8d3c5088557fdabebe91748d82069646%2C1d1a812ffb99c07c3c373bdbc3f84e27a770a9a8d8f3a8c6c4f156cadc0a468a%2Cf724e0164866e52021ea196463d3de0597f915a300ca15b1c3fdf93de5706f4f%2C54f13cc3344929cfbd39da35228a2ec0785080848d488fcf48253a0104b0c378 → 200  13.023s  delay=1.516 min_gap=0.000 last=1784792412.438
09:40:12.464  PRE   POST /api/trade/search/Standard  delay=1.516 min_gap=0.000 last=1784792412.438
09:40:12.464  ENF   delay=1.516 min_gap=0.000 jitter=4.192 gap=5.708 since_last=0.027 sleep=5.681
09:40:18.582  PARSE Account 3:5:60 → 1.667s/req pen=60s (used=1); Ip 8:10:60 → 1.094s/req pen=60s (used=2); Ip 15:60:120 → 4.400s/req pen=120s (used=6); Ip 60:300:1800 → 6.125s/req pen=1800s (used=29)  delay 1.516→7.125  min_gap→0  max_usage=48%
09:40:18.582  RAW   content-type: application/json
09:40:18.582  RAW   x-rate-limit-policy: trade-search-request-limit
09:40:18.582  RAW   x-rate-limit-rules: Account,Ip
09:40:18.582  RAW   x-rate-limit-account: 3:5:60
09:40:18.582  RAW   x-rate-limit-account-state: 1:5:0
09:40:18.582  RAW   x-rate-limit-ip: 8:10:60,15:60:120,60:300:1800
09:40:18.582  RAW   x-rate-limit-ip-state: 2:10:0,6:60:0,29:300:0
09:40:18.582  RAW   cf-cache-status: DYNAMIC
09:40:18.582  RAW   cf-ray: a1f9094569dd6e1e-WAW
09:40:18.582  RESP  POST /api/trade/search/Standard → 200  6.117s  delay=7.125 min_gap=0.000 last=1784792418.582
09:40:18.582  PRE   GET /api/trade/fetch/7028ae12d6208efa084cedfcd7f042f808a8f9ead7cc0b9a84b9abb2070922e5%2Cb678f9f3330bd5b6ad74614a412a8bdbf7bf7f994bfef07005cbe15d712093ca%2C3a7c0207ea3d096a794b291ccc9f1b134946d5f65f30db51a99577af55cab03b%2C36315e42c97197492918301e65fffee8b50091f0f5650e57dd4b16564444ad24%2Cd7f92136a0d7854e764f0713c4ea26032906b752d224ff4dcb3d4eb18148ba27  delay=7.125 min_gap=0.000 last=1784792418.582
09:40:18.582  ENF   delay=7.125 min_gap=0.000 jitter=4.845 gap=11.970 since_last=0.000 sleep=11.970
09:40:30.868  PARSE Account 6:4:10 → 0.500s/req pen=10s (used=1); Ip 12:4:60 → 0.208s/req pen=60s (used=1); Ip 16:12:60 → 0.516s/req pen=60s (used=2)  delay 7.125→1.516  min_gap→0  max_usage=0%
09:40:30.868  RAW   content-type: application/json
09:40:30.868  RAW   x-rate-limit-policy: trade-fetch-request-limit
09:40:30.868  RAW   x-rate-limit-rules: Account,Ip
09:40:30.868  RAW   x-rate-limit-account: 6:4:10
09:40:30.868  RAW   x-rate-limit-account-state: 1:4:0
09:40:30.868  RAW   x-rate-limit-ip: 12:4:60,16:12:60
09:40:30.868  RAW   x-rate-limit-ip-state: 1:4:0,2:12:0
09:40:30.868  RAW   cf-cache-status: DYNAMIC
09:40:30.868  RAW   cf-ray: a1f90992fda36e1e-WAW
09:40:30.868  RESP  GET /api/trade/fetch/7028ae12d6208efa084cedfcd7f042f808a8f9ead7cc0b9a84b9abb2070922e5%2Cb678f9f3330bd5b6ad74614a412a8bdbf7bf7f994bfef07005cbe15d712093ca%2C3a7c0207ea3d096a794b291ccc9f1b134946d5f65f30db51a99577af55cab03b%2C36315e42c97197492918301e65fffee8b50091f0f5650e57dd4b16564444ad24%2Cd7f92136a0d7854e764f0713c4ea26032906b752d224ff4dcb3d4eb18148ba27 → 200  12.286s  delay=1.516 min_gap=0.000 last=1784792430.869
09:40:30.868  PRE   POST /api/trade/search/Standard  delay=1.516 min_gap=0.000 last=1784792430.869
09:40:30.868  ENF   delay=1.516 min_gap=0.000 jitter=2.985 gap=4.501 since_last=0.000 sleep=4.501
09:40:35.857  PARSE Account 3:5:60 → 1.667s/req pen=60s (used=1); Ip 8:10:60 → 0.859s/req pen=60s (used=1); Ip 15:60:120 → 4.400s/req pen=120s (used=6); Ip 60:300:1800 → 6.375s/req pen=1800s (used=31)  delay 1.516→7.375  min_gap→0  max_usage=52%
09:40:35.857  RAW   content-type: application/json
09:40:35.857  RAW   x-rate-limit-policy: trade-search-request-limit
09:40:35.857  RAW   x-rate-limit-rules: Account,Ip
09:40:35.857  RAW   x-rate-limit-account: 3:5:60
09:40:35.857  RAW   x-rate-limit-account-state: 1:5:0
09:40:35.857  RAW   x-rate-limit-ip: 8:10:60,15:60:120,60:300:1800
09:40:35.857  RAW   x-rate-limit-ip-state: 1:10:0,6:60:0,31:300:0
09:40:35.857  RAW   cf-cache-status: DYNAMIC
09:40:35.857  RAW   cf-ray: a1f909b11fcf6e1e-WAW
09:40:35.857  RESP  POST /api/trade/search/Standard → 200  4.989s  delay=7.375 min_gap=0.000 last=1784792435.858
09:40:35.857  PRE   GET /api/trade/fetch/5ee08dd1022e7eaac3c0e6c7242d4758a6593acfeedcf8b0b832b4dd81fcd0c1%2C932cf507e4da5f031d80ce77a96fb7cbe64a285ef7f07ff0fb52ae778f3525a3%2Cd3f3c41009e45ca2b3d3dbf54fac389a01fd78ec753c45125ca4697b75ae03c8%2C25094c569c19611de7f93b60dcbdc78a1358dc5d64aee7f7ef7e05c9f0f8df17%2Cab908941bd64a02ae850a56ef50ec208f8020c9ae3988d9657fd73fa8aec2e0a  delay=7.375 min_gap=0.000 last=1784792435.858
09:40:35.857  ENF   delay=7.375 min_gap=0.000 jitter=2.004 gap=9.379 since_last=0.000 sleep=9.379
09:40:45.592  PARSE Account 6:4:10 → 0.500s/req pen=10s (used=1); Ip 12:4:60 → 0.208s/req pen=60s (used=1); Ip 16:12:60 → 0.516s/req pen=60s (used=2)  delay 7.375→1.516  min_gap→0  max_usage=0%
09:40:45.593  RAW   content-type: application/json
09:40:45.593  RAW   x-rate-limit-policy: trade-fetch-request-limit
09:40:45.593  RAW   x-rate-limit-rules: Account,Ip
09:40:45.593  RAW   x-rate-limit-account: 6:4:10
09:40:45.593  RAW   x-rate-limit-account-state: 1:4:0
09:40:45.593  RAW   x-rate-limit-ip: 12:4:60,16:12:60
09:40:45.593  RAW   x-rate-limit-ip-state: 1:4:0,2:12:0
09:40:45.593  RAW   cf-cache-status: DYNAMIC
09:40:45.593  RAW   cf-ray: a1f909eeb9096e1e-WAW
09:40:45.593  RESP  GET /api/trade/fetch/5ee08dd1022e7eaac3c0e6c7242d4758a6593acfeedcf8b0b832b4dd81fcd0c1%2C932cf507e4da5f031d80ce77a96fb7cbe64a285ef7f07ff0fb52ae778f3525a3%2Cd3f3c41009e45ca2b3d3dbf54fac389a01fd78ec753c45125ca4697b75ae03c8%2C25094c569c19611de7f93b60dcbdc78a1358dc5d64aee7f7ef7e05c9f0f8df17%2Cab908941bd64a02ae850a56ef50ec208f8020c9ae3988d9657fd73fa8aec2e0a → 200  9.735s  delay=1.516 min_gap=0.000 last=1784792445.593
09:40:45.593  PRE   POST /api/trade/search/Standard  delay=1.516 min_gap=0.000 last=1784792445.593
09:40:45.593  ENF   delay=1.516 min_gap=0.000 jitter=3.880 gap=5.396 since_last=0.000 sleep=5.396
09:40:51.337  PARSE Account 3:5:60 → 1.667s/req pen=60s (used=1); Ip 8:10:60 → 0.859s/req pen=60s (used=1); Ip 15:60:120 → 4.400s/req pen=120s (used=6); Ip 60:300:1800 → 6.625s/req pen=1800s (used=33)  delay 1.516→7.625  min_gap→0  max_usage=55%
09:40:51.338  RAW   content-type: application/json
09:40:51.338  RAW   x-rate-limit-policy: trade-search-request-limit
09:40:51.338  RAW   x-rate-limit-rules: Account,Ip
09:40:51.338  RAW   x-rate-limit-account: 3:5:60
09:40:51.338  RAW   x-rate-limit-account-state: 1:5:0
09:40:51.338  RAW   x-rate-limit-ip: 8:10:60,15:60:120,60:300:1800
09:40:51.338  RAW   x-rate-limit-ip-state: 1:10:0,6:60:0,33:300:0
09:40:51.338  RAW   cf-cache-status: DYNAMIC
09:40:51.338  RAW   cf-ray: a1f90a12bd536e1e-WAW
09:40:51.338  RESP  POST /api/trade/search/Standard → 200  5.744s  delay=7.625 min_gap=0.000 last=1784792451.338
09:40:51.338  PRE   GET /api/trade/fetch/3a7c0207ea3d096a794b291ccc9f1b134946d5f65f30db51a99577af55cab03b%2C88ad429e80a9474c33bc58751f84c5b02483719b76ca5143513ac650e5ba56b7%2C872404b11fcb4d8f0405abf55a98f559894f03321d56247f4b2d34c52ddd27f4%2Cdaeb8a3c118de15767bd611b7351bb8513f0bbe6c11860d89896ba9b7035ab6b%2Cd7f92136a0d7854e764f0713c4ea26032906b752d224ff4dcb3d4eb18148ba27  delay=7.625 min_gap=0.000 last=1784792451.338
09:40:51.338  ENF   delay=7.625 min_gap=0.000 jitter=3.700 gap=11.325 since_last=0.000 sleep=11.325
09:41:03.003  PARSE Account 6:4:10 → 0.500s/req pen=10s (used=1); Ip 12:4:60 → 0.208s/req pen=60s (used=1); Ip 16:12:60 → 0.516s/req pen=60s (used=2)  delay 7.625→1.516  min_gap→0  max_usage=0%
09:41:03.003  RAW   content-type: application/json
09:41:03.003  RAW   x-rate-limit-policy: trade-fetch-request-limit
09:41:03.003  RAW   x-rate-limit-rules: Account,Ip
09:41:03.003  RAW   x-rate-limit-account: 6:4:10
09:41:03.003  RAW   x-rate-limit-account-state: 1:4:0
09:41:03.003  RAW   x-rate-limit-ip: 12:4:60,16:12:60
09:41:03.003  RAW   x-rate-limit-ip-state: 1:4:0,2:12:0
09:41:03.003  RAW   cf-cache-status: DYNAMIC
09:41:03.003  RAW   cf-ray: a1f90a5bac266e1e-WAW
09:41:03.004  RESP  GET /api/trade/fetch/3a7c0207ea3d096a794b291ccc9f1b134946d5f65f30db51a99577af55cab03b%2C88ad429e80a9474c33bc58751f84c5b02483719b76ca5143513ac650e5ba56b7%2C872404b11fcb4d8f0405abf55a98f559894f03321d56247f4b2d34c52ddd27f4%2Cdaeb8a3c118de15767bd611b7351bb8513f0bbe6c11860d89896ba9b7035ab6b%2Cd7f92136a0d7854e764f0713c4ea26032906b752d224ff4dcb3d4eb18148ba27 → 200  11.665s  delay=1.516 min_gap=0.000 last=1784792463.004
09:41:03.029  PRE   POST /api/trade/search/Standard  delay=1.516 min_gap=0.000 last=1784792463.004
09:41:03.029  ENF   delay=1.516 min_gap=0.000 jitter=2.812 gap=4.328 since_last=0.026 sleep=4.302
09:41:07.708  PARSE Account 3:5:60 → 1.667s/req pen=60s (used=1); Ip 8:10:60 → 0.859s/req pen=60s (used=1); Ip 15:60:120 → 4.800s/req pen=120s (used=7); Ip 60:300:1800 → 6.125s/req pen=1800s (used=29)  delay 1.516→7.125  min_gap→0  max_usage=48%
09:41:07.708  RAW   content-type: application/json
09:41:07.708  RAW   x-rate-limit-policy: trade-search-request-limit
09:41:07.708  RAW   x-rate-limit-rules: Account,Ip
09:41:07.708  RAW   x-rate-limit-account: 3:5:60
09:41:07.708  RAW   x-rate-limit-account-state: 1:5:0
09:41:07.708  RAW   x-rate-limit-ip: 8:10:60,15:60:120,60:300:1800
09:41:07.708  RAW   x-rate-limit-ip-state: 1:10:0,7:60:0,29:300:0
09:41:07.708  RAW   cf-cache-status: DYNAMIC
09:41:07.708  RAW   cf-ray: a1f90a78ddb76e1e-WAW
09:41:07.708  RESP  POST /api/trade/search/Standard → 200  4.679s  delay=7.125 min_gap=0.000 last=1784792467.709
09:41:07.708  PRE   GET /api/trade/fetch/55fa23a03933b603a7bb558204ca107844a1ef88dca830b910210b25c2a9f5b5%2C78c1fe8a2e92872099bb3612fde5f7228ec6f7c9e7ad4476b79cb51d7a9eec78%2C654ec5d5838122f9b0be0922f2da5111785b1d693ba03c90a4d2cb84461dcb48%2C002e23e241a6fb2076493c83b154652e2646afe0ee36db14e20f79f19f6b7677%2Ce8ccfca921e6d2fcabe10eea1a8d0d8cce823b76e024d5d2ea651a0e4967331e  delay=7.125 min_gap=0.000 last=1784792467.709
09:41:07.708  ENF   delay=7.125 min_gap=0.000 jitter=3.002 gap=10.127 since_last=0.000 sleep=10.127
09:41:18.166  PARSE Account 6:4:10 → 0.500s/req pen=10s (used=1); Ip 12:4:60 → 0.208s/req pen=60s (used=1); Ip 16:12:60 → 0.516s/req pen=60s (used=2)  delay 7.125→1.516  min_gap→0  max_usage=0%
09:41:18.167  RAW   content-type: application/json
09:41:18.167  RAW   x-rate-limit-policy: trade-fetch-request-limit
09:41:18.167  RAW   x-rate-limit-rules: Account,Ip
09:41:18.167  RAW   x-rate-limit-account: 6:4:10
09:41:18.167  RAW   x-rate-limit-account-state: 1:4:0
09:41:18.167  RAW   x-rate-limit-ip: 12:4:60,16:12:60
09:41:18.167  RAW   x-rate-limit-ip-state: 1:4:0,2:12:0
09:41:18.167  RAW   cf-cache-status: DYNAMIC
09:41:18.167  RAW   cf-ray: a1f90aba7bb36e1e-WAW
09:41:18.167  RESP  GET /api/trade/fetch/55fa23a03933b603a7bb558204ca107844a1ef88dca830b910210b25c2a9f5b5%2C78c1fe8a2e92872099bb3612fde5f7228ec6f7c9e7ad4476b79cb51d7a9eec78%2C654ec5d5838122f9b0be0922f2da5111785b1d693ba03c90a4d2cb84461dcb48%2C002e23e241a6fb2076493c83b154652e2646afe0ee36db14e20f79f19f6b7677%2Ce8ccfca921e6d2fcabe10eea1a8d0d8cce823b76e024d5d2ea651a0e4967331e → 200  10.458s  delay=1.516 min_gap=0.000 last=1784792478.167
09:41:18.167  PRE   POST /api/trade/search/Standard  delay=1.516 min_gap=0.000 last=1784792478.167
09:41:18.167  ENF   delay=1.516 min_gap=0.000 jitter=2.273 gap=3.789 since_last=0.000 sleep=3.789
09:41:22.551  PARSE Account 3:5:60 → 1.667s/req pen=60s (used=1); Ip 8:10:60 → 1.094s/req pen=60s (used=2); Ip 15:60:120 → 4.800s/req pen=120s (used=7); Ip 60:300:1800 → 6.375s/req pen=1800s (used=31)  delay 1.516→7.375  min_gap→0  max_usage=52%
09:41:22.551  RAW   content-type: application/json
09:41:22.551  RAW   x-rate-limit-policy: trade-search-request-limit
09:41:22.551  RAW   x-rate-limit-rules: Account,Ip
09:41:22.551  RAW   x-rate-limit-account: 3:5:60
09:41:22.551  RAW   x-rate-limit-account-state: 1:5:0
09:41:22.551  RAW   x-rate-limit-ip: 8:10:60,15:60:120,60:300:1800
09:41:22.551  RAW   x-rate-limit-ip-state: 2:10:0,7:60:0,31:300:0
09:41:22.551  RAW   cf-cache-status: DYNAMIC
09:41:22.551  RAW   cf-ray: a1f90ad4384a6e1e-WAW
09:41:22.551  RESP  POST /api/trade/search/Standard → 200  4.384s  delay=7.375 min_gap=0.000 last=1784792482.551
09:41:22.551  PRE   GET /api/trade/fetch/628142777ff319540202306011db54c0f93c35bf42870087a84d9fc2538ae5f9%2C26d59adb7d097b87fbc4d139d8602c7f29203a974bf53b2cd05066ab22f8f97a%2C7b90f48aea2a9c1346184a5d81fd0ce1ce1bb3791b1badc4c8cf7a6508f62982%2C200bb5ee008845336d012afd79d33f243a88fc11574c78ee65ea43965648c78d%2C2b185d5e706faa05601acd6b0388f651763bcc2b830288aae20c9b444f1c5ab0  delay=7.375 min_gap=0.000 last=1784792482.551
09:41:22.551  ENF   delay=7.375 min_gap=0.000 jitter=2.742 gap=10.117 since_last=0.000 sleep=10.117
09:41:33.109  PARSE Account 6:4:10 → 0.667s/req pen=10s (used=2); Ip 12:4:60 → 0.250s/req pen=60s (used=2); Ip 16:12:60 → 0.516s/req pen=60s (used=2)  delay 7.375→1.667  min_gap→0  max_usage=0%
09:41:33.109  RAW   content-type: application/json
09:41:33.109  RAW   x-rate-limit-policy: trade-fetch-request-limit
09:41:33.109  RAW   x-rate-limit-rules: Account,Ip
09:41:33.109  RAW   x-rate-limit-account: 6:4:10
09:41:33.109  RAW   x-rate-limit-account-state: 2:4:0
09:41:33.109  RAW   x-rate-limit-ip: 12:4:60,16:12:60
09:41:33.109  RAW   x-rate-limit-ip-state: 2:4:0,2:12:0
09:41:33.109  RAW   cf-cache-status: DYNAMIC
09:41:33.109  RAW   cf-ray: a1f90b173dab6e1e-WAW
09:41:33.109  RESP  GET /api/trade/fetch/628142777ff319540202306011db54c0f93c35bf42870087a84d9fc2538ae5f9%2C26d59adb7d097b87fbc4d139d8602c7f29203a974bf53b2cd05066ab22f8f97a%2C7b90f48aea2a9c1346184a5d81fd0ce1ce1bb3791b1badc4c8cf7a6508f62982%2C200bb5ee008845336d012afd79d33f243a88fc11574c78ee65ea43965648c78d%2C2b185d5e706faa05601acd6b0388f651763bcc2b830288aae20c9b444f1c5ab0 → 200  10.558s  delay=1.667 min_gap=0.000 last=1784792493.109
09:41:33.109  PRE   POST /api/trade/search/Standard  delay=1.667 min_gap=0.000 last=1784792493.109
09:41:33.109  ENF   delay=1.667 min_gap=0.000 jitter=3.641 gap=5.308 since_last=0.000 sleep=5.308
09:41:38.960  PARSE Account 3:5:60 → 2.500s/req pen=60s (used=2); Ip 8:10:60 → 1.094s/req pen=60s (used=2); Ip 15:60:120 → 4.800s/req pen=120s (used=7); Ip 60:300:1800 → 6.625s/req pen=1800s (used=33)  delay 1.667→7.625  min_gap→0  max_usage=55%
09:41:38.960  RAW   content-type: application/json
09:41:38.960  RAW   x-rate-limit-policy: trade-search-request-limit
09:41:38.960  RAW   x-rate-limit-rules: Account,Ip
09:41:38.960  RAW   x-rate-limit-account: 3:5:60
09:41:38.960  RAW   x-rate-limit-account-state: 2:5:0
09:41:38.960  RAW   x-rate-limit-ip: 8:10:60,15:60:120,60:300:1800
09:41:38.960  RAW   x-rate-limit-ip-state: 2:10:0,7:60:0,33:300:0
09:41:38.960  RAW   cf-cache-status: DYNAMIC
09:41:38.960  RAW   cf-ray: a1f90b3b2b456e1e-WAW
09:41:38.960  RESP  POST /api/trade/search/Standard → 200  5.850s  delay=7.625 min_gap=0.000 last=1784792498.960
09:41:38.960  PRE   GET /api/trade/fetch/78c1fe8a2e92872099bb3612fde5f7228ec6f7c9e7ad4476b79cb51d7a9eec78%2C002e23e241a6fb2076493c83b154652e2646afe0ee36db14e20f79f19f6b7677%2C50fbf949b3a2a14da0c8fa0237a615e2a4e1993e6be1380983023fbd052e3cf1%2Ce8ccfca921e6d2fcabe10eea1a8d0d8cce823b76e024d5d2ea651a0e4967331e%2C0474f73622a0367f530231819b603eeb8ccdb3f604144b0c6964975b60c7adf4  delay=7.625 min_gap=0.000 last=1784792498.960
09:41:38.960  ENF   delay=7.625 min_gap=0.000 jitter=2.268 gap=9.893 since_last=0.000 sleep=9.892
09:41:49.256  PARSE Account 6:4:10 → 0.500s/req pen=10s (used=1); Ip 12:4:60 → 0.208s/req pen=60s (used=1); Ip 16:12:60 → 0.445s/req pen=60s (used=1)  delay 7.625→1.500  min_gap→0  max_usage=0%
09:41:49.256  RAW   content-type: application/json
09:41:49.256  RAW   x-rate-limit-policy: trade-fetch-request-limit
09:41:49.256  RAW   x-rate-limit-rules: Account,Ip
09:41:49.256  RAW   x-rate-limit-account: 6:4:10
09:41:49.256  RAW   x-rate-limit-account-state: 1:4:0
09:41:49.256  RAW   x-rate-limit-ip: 12:4:60,16:12:60
09:41:49.256  RAW   x-rate-limit-ip-state: 1:4:0,1:12:0
09:41:49.256  RAW   cf-cache-status: DYNAMIC
09:41:49.256  RAW   cf-ray: a1f90b7c586d6e1e-WAW
09:41:49.256  RESP  GET /api/trade/fetch/78c1fe8a2e92872099bb3612fde5f7228ec6f7c9e7ad4476b79cb51d7a9eec78%2C002e23e241a6fb2076493c83b154652e2646afe0ee36db14e20f79f19f6b7677%2C50fbf949b3a2a14da0c8fa0237a615e2a4e1993e6be1380983023fbd052e3cf1%2Ce8ccfca921e6d2fcabe10eea1a8d0d8cce823b76e024d5d2ea651a0e4967331e%2C0474f73622a0367f530231819b603eeb8ccdb3f604144b0c6964975b60c7adf4 → 200  10.296s  delay=1.500 min_gap=0.000 last=1784792509.256
09:41:49.282  PRE   POST /api/trade/search/Standard  delay=1.500 min_gap=0.000 last=1784792509.256
09:41:49.282  ENF   delay=1.500 min_gap=0.000 jitter=4.182 gap=5.682 since_last=0.026 sleep=5.656
09:41:55.432  PARSE Account 3:5:60 → 1.667s/req pen=60s (used=1); Ip 8:10:60 → 0.859s/req pen=60s (used=1); Ip 15:60:120 → 4.400s/req pen=120s (used=6); Ip 60:300:1800 → 6.750s/req pen=1800s (used=34)  delay 1.500→7.750  min_gap→0  max_usage=57%
09:41:55.432  RAW   content-type: application/json
09:41:55.432  RAW   x-rate-limit-policy: trade-search-request-limit
09:41:55.432  RAW   x-rate-limit-rules: Account,Ip
09:41:55.432  RAW   x-rate-limit-account: 3:5:60
09:41:55.432  RAW   x-rate-limit-account-state: 1:5:0
09:41:55.432  RAW   x-rate-limit-ip: 8:10:60,15:60:120,60:300:1800
09:41:55.432  RAW   x-rate-limit-ip-state: 1:10:0,6:60:0,34:300:0
09:41:55.432  RAW   cf-cache-status: DYNAMIC
09:41:55.432  RAW   cf-ray: a1f90ba26b836e1e-WAW
09:41:55.432  RESP  POST /api/trade/search/Standard → 200  6.150s  delay=7.750 min_gap=0.000 last=1784792515.433
09:41:55.432  PRE   POST /api/trade/search/Standard  delay=7.750 min_gap=0.000 last=1784792515.433
09:41:55.433  ENF   delay=7.750 min_gap=0.000 jitter=2.535 gap=10.285 since_last=0.000 sleep=10.285
09:42:06.582  PARSE Account 3:5:60 → 1.667s/req pen=60s (used=1); Ip 8:10:60 → 0.859s/req pen=60s (used=1); Ip 15:60:120 → 4.800s/req pen=120s (used=7); Ip 60:300:1800 → 6.000s/req pen=1800s (used=28)  delay 7.750→7.000  min_gap→0  max_usage=47%
09:42:06.582  RAW   content-type: application/json
09:42:06.582  RAW   x-rate-limit-policy: trade-search-request-limit
09:42:06.582  RAW   x-rate-limit-rules: Account,Ip
09:42:06.582  RAW   x-rate-limit-account: 3:5:60
09:42:06.582  RAW   x-rate-limit-account-state: 1:5:0
09:42:06.582  RAW   x-rate-limit-ip: 8:10:60,15:60:120,60:300:1800
09:42:06.582  RAW   x-rate-limit-ip-state: 1:10:0,7:60:0,28:300:0
09:42:06.582  RAW   cf-cache-status: DYNAMIC
09:42:06.582  RAW   cf-ray: a1f90be5cb5c6e1e-WAW
09:42:06.582  RESP  POST /api/trade/search/Standard → 200  11.149s  delay=7.000 min_gap=0.000 last=1784792526.583
09:42:06.609  PRE   POST /api/trade/search/Standard  delay=7.000 min_gap=0.000 last=1784792526.583
09:42:06.609  ENF   delay=7.000 min_gap=0.000 jitter=3.470 gap=10.470 since_last=0.027 sleep=10.443
09:42:17.595  PARSE Account 3:5:60 → 2.500s/req pen=60s (used=2); Ip 8:10:60 → 1.094s/req pen=60s (used=2); Ip 15:60:120 → 4.800s/req pen=120s (used=7); Ip 60:300:1800 → 6.250s/req pen=1800s (used=30)  delay 7.000→7.250  min_gap→0  max_usage=50%
09:42:17.595  RAW   content-type: application/json
09:42:17.595  RAW   x-rate-limit-policy: trade-search-request-limit
09:42:17.595  RAW   x-rate-limit-rules: Account,Ip
09:42:17.595  RAW   x-rate-limit-account: 3:5:60
09:42:17.596  RAW   x-rate-limit-account-state: 2:5:0
09:42:17.596  RAW   x-rate-limit-ip: 8:10:60,15:60:120,60:300:1800
09:42:17.596  RAW   x-rate-limit-ip-state: 2:10:0,7:60:0,30:300:0
09:42:17.596  RAW   cf-cache-status: DYNAMIC
09:42:17.596  RAW   cf-ray: a1f90c2c9b7d6e1e-WAW
09:42:17.596  RESP  POST /api/trade/search/Standard → 200  10.986s  delay=7.250 min_gap=0.000 last=1784792537.596
09:42:17.596  PRE   GET /api/trade/fetch/2589342374980ad10587ab83e938b2d7b4c2811de9e458277b22d7dfdda5bdeb%2C02c6680b03830e2914e54eac2da0e01b716b143b71b6dae9e821733eaad30712%2Ca360a4830ea8166300edbce08103e3d1283fb34e1d785ede530560985fd297df%2C09cf8e138a8bd627fa28f4cd0fdbaecfc316a1d6858393281adf6461fa35182e%2C4aa4e223af9d1b1dd55300b530139eb3567ce08a3180db97241f895c9a31943e  delay=7.250 min_gap=0.000 last=1784792537.596
09:42:17.596  ENF   delay=7.250 min_gap=0.000 jitter=4.418 gap=11.668 since_last=0.000 sleep=11.668
09:42:30.456  PARSE Account 6:4:10 → 0.500s/req pen=10s (used=1); Ip 12:4:60 → 0.208s/req pen=60s (used=1); Ip 16:12:60 → 0.516s/req pen=60s (used=2)  delay 7.250→1.516  min_gap→0  max_usage=0%
09:42:30.456  RAW   content-type: application/json
09:42:30.456  RAW   x-rate-limit-policy: trade-fetch-request-limit
09:42:30.456  RAW   x-rate-limit-rules: Account,Ip
09:42:30.456  RAW   x-rate-limit-account: 6:4:10
09:42:30.456  RAW   x-rate-limit-account-state: 1:4:0
09:42:30.456  RAW   x-rate-limit-ip: 12:4:60,16:12:60
09:42:30.456  RAW   x-rate-limit-ip-state: 1:4:0,2:12:0
09:42:30.456  RAW   cf-cache-status: DYNAMIC
09:42:30.456  RAW   cf-ray: a1f90c78e8766e1e-WAW
09:42:30.456  RESP  GET /api/trade/fetch/2589342374980ad10587ab83e938b2d7b4c2811de9e458277b22d7dfdda5bdeb%2C02c6680b03830e2914e54eac2da0e01b716b143b71b6dae9e821733eaad30712%2Ca360a4830ea8166300edbce08103e3d1283fb34e1d785ede530560985fd297df%2C09cf8e138a8bd627fa28f4cd0fdbaecfc316a1d6858393281adf6461fa35182e%2C4aa4e223af9d1b1dd55300b530139eb3567ce08a3180db97241f895c9a31943e → 200  12.860s  delay=1.516 min_gap=0.000 last=1784792550.456
09:42:30.456  PRE   POST /api/trade/search/Standard  delay=1.516 min_gap=0.000 last=1784792550.456
09:42:30.456  ENF   delay=1.516 min_gap=0.000 jitter=3.135 gap=4.651 since_last=0.000 sleep=4.651
09:42:35.783  PARSE Account 3:5:60 → 1.667s/req pen=60s (used=1); Ip 8:10:60 → 0.859s/req pen=60s (used=1); Ip 15:60:120 → 4.800s/req pen=120s (used=7); Ip 60:300:1800 → 6.500s/req pen=1800s (used=32)  delay 1.516→7.500  min_gap→0  max_usage=53%
09:42:35.783  RAW   content-type: application/json
09:42:35.783  RAW   x-rate-limit-policy: trade-search-request-limit
09:42:35.783  RAW   x-rate-limit-rules: Account,Ip
09:42:35.783  RAW   x-rate-limit-account: 3:5:60
09:42:35.783  RAW   x-rate-limit-account-state: 1:5:0
09:42:35.783  RAW   x-rate-limit-ip: 8:10:60,15:60:120,60:300:1800
09:42:35.783  RAW   x-rate-limit-ip-state: 1:10:0,7:60:0,32:300:0
09:42:35.783  RAW   cf-cache-status: DYNAMIC
09:42:35.783  RAW   cf-ray: a1f90c9d7f196e1e-WAW
09:42:35.783  RESP  POST /api/trade/search/Standard → 200  5.327s  delay=7.500 min_gap=0.000 last=1784792555.783
09:42:35.783  PRE   GET /api/trade/fetch/628142777ff319540202306011db54c0f93c35bf42870087a84d9fc2538ae5f9%2C26d59adb7d097b87fbc4d139d8602c7f29203a974bf53b2cd05066ab22f8f97a%2C7b90f48aea2a9c1346184a5d81fd0ce1ce1bb3791b1badc4c8cf7a6508f62982%2C200bb5ee008845336d012afd79d33f243a88fc11574c78ee65ea43965648c78d%2C2b185d5e706faa05601acd6b0388f651763bcc2b830288aae20c9b444f1c5ab0  delay=7.500 min_gap=0.000 last=1784792555.783
09:42:35.783  ENF   delay=7.500 min_gap=0.000 jitter=4.794 gap=12.294 since_last=0.000 sleep=12.294
09:42:48.599  PARSE Account 6:4:10 → 0.500s/req pen=10s (used=1); Ip 12:4:60 → 0.208s/req pen=60s (used=1); Ip 16:12:60 → 0.516s/req pen=60s (used=2)  delay 7.500→1.516  min_gap→0  max_usage=0%
09:42:48.599  RAW   content-type: application/json
09:42:48.599  RAW   x-rate-limit-policy: trade-fetch-request-limit
09:42:48.599  RAW   x-rate-limit-rules: Account,Ip
09:42:48.599  RAW   x-rate-limit-account: 6:4:10
09:42:48.599  RAW   x-rate-limit-account-state: 1:4:0
09:42:48.599  RAW   x-rate-limit-ip: 12:4:60,16:12:60
09:42:48.599  RAW   x-rate-limit-ip-state: 1:4:0,2:12:0
09:42:48.599  RAW   cf-cache-status: DYNAMIC
09:42:48.599  RAW   cf-ray: a1f90cee88e56e1e-WAW
09:42:48.599  RESP  GET /api/trade/fetch/628142777ff319540202306011db54c0f93c35bf42870087a84d9fc2538ae5f9%2C26d59adb7d097b87fbc4d139d8602c7f29203a974bf53b2cd05066ab22f8f97a%2C7b90f48aea2a9c1346184a5d81fd0ce1ce1bb3791b1badc4c8cf7a6508f62982%2C200bb5ee008845336d012afd79d33f243a88fc11574c78ee65ea43965648c78d%2C2b185d5e706faa05601acd6b0388f651763bcc2b830288aae20c9b444f1c5ab0 → 200  12.816s  delay=1.516 min_gap=0.000 last=1784792568.600
09:42:48.599  PRE   POST /api/trade/search/Standard  delay=1.516 min_gap=0.000 last=1784792568.600
09:42:48.599  ENF   delay=1.516 min_gap=0.000 jitter=4.274 gap=5.789 since_last=0.000 sleep=5.789
09:42:55.084  PARSE Account 3:5:60 → 1.667s/req pen=60s (used=1); Ip 8:10:60 → 1.094s/req pen=60s (used=2); Ip 15:60:120 → 4.800s/req pen=120s (used=7); Ip 60:300:1800 → 6.750s/req pen=1800s (used=34)  delay 1.516→7.750  min_gap→0  max_usage=57%
09:42:55.084  RAW   content-type: application/json
09:42:55.084  RAW   x-rate-limit-policy: trade-search-request-limit
09:42:55.084  RAW   x-rate-limit-rules: Account,Ip
09:42:55.084  RAW   x-rate-limit-account: 3:5:60
09:42:55.084  RAW   x-rate-limit-account-state: 1:5:0
09:42:55.085  RAW   x-rate-limit-ip: 8:10:60,15:60:120,60:300:1800
09:42:55.085  RAW   x-rate-limit-ip-state: 2:10:0,7:60:0,34:300:0
09:42:55.085  RAW   cf-cache-status: DYNAMIC
09:42:55.085  RAW   cf-ray: a1f90d15fb1d6e1e-WAW
09:42:55.085  RESP  POST /api/trade/search/Standard → 200  6.485s  delay=7.750 min_gap=0.000 last=1784792575.085
09:42:55.085  PRE   GET /api/trade/fetch/4606a21d5c133ea239083361e28eac9694a067bd2a1ecfbedeee7149fa04cd6d%2Cfa3bf15927c1c5ccfa3f69ff5ab7a00e8d3c5088557fdabebe91748d82069646%2C1d1a812ffb99c07c3c373bdbc3f84e27a770a9a8d8f3a8c6c4f156cadc0a468a%2Cf724e0164866e52021ea196463d3de0597f915a300ca15b1c3fdf93de5706f4f%2C9786673b8cad8a1c379fc9dff9827095fb6643dd28cf3a45f1e2c386cff2defc  delay=7.750 min_gap=0.000 last=1784792575.085
09:42:55.085  ENF   delay=7.750 min_gap=0.000 jitter=2.912 gap=10.662 since_last=0.000 sleep=10.662
09:43:06.132  PARSE Account 6:4:10 → 0.500s/req pen=10s (used=1); Ip 12:4:60 → 0.208s/req pen=60s (used=1); Ip 16:12:60 → 0.445s/req pen=60s (used=1)  delay 7.750→1.500  min_gap→0  max_usage=0%
09:43:06.132  RAW   content-type: application/json
09:43:06.132  RAW   x-rate-limit-policy: trade-fetch-request-limit
09:43:06.132  RAW   x-rate-limit-rules: Account,Ip
09:43:06.132  RAW   x-rate-limit-account: 6:4:10
09:43:06.132  RAW   x-rate-limit-account-state: 1:4:0
09:43:06.132  RAW   x-rate-limit-ip: 12:4:60,16:12:60
09:43:06.132  RAW   x-rate-limit-ip-state: 1:4:0,1:12:0
09:43:06.132  RAW   cf-cache-status: DYNAMIC
09:43:06.132  RAW   cf-ray: a1f90d5cf8506e1e-WAW
09:43:06.132  RESP  GET /api/trade/fetch/4606a21d5c133ea239083361e28eac9694a067bd2a1ecfbedeee7149fa04cd6d%2Cfa3bf15927c1c5ccfa3f69ff5ab7a00e8d3c5088557fdabebe91748d82069646%2C1d1a812ffb99c07c3c373bdbc3f84e27a770a9a8d8f3a8c6c4f156cadc0a468a%2Cf724e0164866e52021ea196463d3de0597f915a300ca15b1c3fdf93de5706f4f%2C9786673b8cad8a1c379fc9dff9827095fb6643dd28cf3a45f1e2c386cff2defc → 200  11.047s  delay=1.500 min_gap=0.000 last=1784792586.132
09:43:06.158  PRE   POST /api/trade/search/Standard  delay=1.500 min_gap=0.000 last=1784792586.132
09:43:06.158  ENF   delay=1.500 min_gap=0.000 jitter=3.045 gap=4.545 since_last=0.026 sleep=4.519
09:43:11.391  PARSE Account 3:5:60 → 2.500s/req pen=60s (used=2); Ip 8:10:60 → 1.094s/req pen=60s (used=2); Ip 15:60:120 → 5.200s/req pen=120s (used=8); Ip 60:300:1800 → 6.250s/req pen=1800s (used=30)  delay 1.500→7.250  min_gap→0  max_usage=53%
09:43:11.391  RAW   content-type: application/json
09:43:11.391  RAW   x-rate-limit-policy: trade-search-request-limit
09:43:11.391  RAW   x-rate-limit-rules: Account,Ip
09:43:11.391  RAW   x-rate-limit-account: 3:5:60
09:43:11.391  RAW   x-rate-limit-account-state: 2:5:0
09:43:11.391  RAW   x-rate-limit-ip: 8:10:60,15:60:120,60:300:1800
09:43:11.391  RAW   x-rate-limit-ip-state: 2:10:0,8:60:0,30:300:0
09:43:11.391  RAW   cf-cache-status: DYNAMIC
09:43:11.392  RAW   cf-ray: a1f90d7bc8c26e1e-WAW
09:43:11.392  RESP  POST /api/trade/search/Standard → 200  5.233s  delay=7.250 min_gap=0.000 last=1784792591.392
09:43:11.392  PRE   GET /api/trade/fetch/c2e51d26ce655645a84a4ebbfff4c78da12f263ddad705f9172259f7e91c5cf2%2C59d8958d14c8f6c5492a1dc8fe21bb5c3c953a10d67a7d5f7c5e9979cb842d0a%2C3f394dd3358bfc21e75b905287630e8c3149ebdd33f10ef7f36829f39e72d73a%2C05b051417060e90797701fab241ef72170ef95d81e56915fe3fdd90610c40c14%2C4f0c1032a627e86f5f7935bc59f2fe260a1370a3d79bc3fd6218ef0b5d70a69a  delay=7.250 min_gap=0.000 last=1784792591.392
09:43:11.392  ENF   delay=7.250 min_gap=0.000 jitter=2.350 gap=9.600 since_last=0.000 sleep=9.600
09:43:21.424  PARSE Account 6:4:10 → 0.500s/req pen=10s (used=1); Ip 12:4:60 → 0.208s/req pen=60s (used=1); Ip 16:12:60 → 0.516s/req pen=60s (used=2)  delay 7.250→1.516  min_gap→0  max_usage=0%
09:43:21.424  RAW   content-type: application/json
09:43:21.425  RAW   x-rate-limit-policy: trade-fetch-request-limit
09:43:21.425  RAW   x-rate-limit-rules: Account,Ip
09:43:21.425  RAW   x-rate-limit-account: 6:4:10
09:43:21.425  RAW   x-rate-limit-account-state: 1:4:0
09:43:21.425  RAW   x-rate-limit-ip: 12:4:60,16:12:60
09:43:21.425  RAW   x-rate-limit-ip-state: 1:4:0,2:12:0
09:43:21.425  RAW   cf-cache-status: DYNAMIC
09:43:21.425  RAW   cf-ray: a1f90dbc39626e1e-WAW
09:43:21.425  RESP  GET /api/trade/fetch/c2e51d26ce655645a84a4ebbfff4c78da12f263ddad705f9172259f7e91c5cf2%2C59d8958d14c8f6c5492a1dc8fe21bb5c3c953a10d67a7d5f7c5e9979cb842d0a%2C3f394dd3358bfc21e75b905287630e8c3149ebdd33f10ef7f36829f39e72d73a%2C05b051417060e90797701fab241ef72170ef95d81e56915fe3fdd90610c40c14%2C4f0c1032a627e86f5f7935bc59f2fe260a1370a3d79bc3fd6218ef0b5d70a69a → 200  10.033s  delay=1.516 min_gap=0.000 last=1784792601.425
09:43:21.425  PRE   POST /api/trade/search/Standard  delay=1.516 min_gap=0.000 last=1784792601.425
09:43:21.425  ENF   delay=1.516 min_gap=0.000 jitter=3.499 gap=5.014 since_last=0.000 sleep=5.014
09:43:26.984  PARSE Account 3:5:60 → 1.667s/req pen=60s (used=1); Ip 8:10:60 → 1.094s/req pen=60s (used=2); Ip 15:60:120 → 5.200s/req pen=120s (used=8); Ip 60:300:1800 → 6.500s/req pen=1800s (used=32)  delay 1.516→7.500  min_gap→0  max_usage=53%
09:43:26.984  RAW   content-type: application/json
09:43:26.984  RAW   x-rate-limit-policy: trade-search-request-limit
09:43:26.984  RAW   x-rate-limit-rules: Account,Ip
09:43:26.985  RAW   x-rate-limit-account: 3:5:60
09:43:26.985  RAW   x-rate-limit-account-state: 1:5:0
09:43:26.985  RAW   x-rate-limit-ip: 8:10:60,15:60:120,60:300:1800
09:43:26.985  RAW   x-rate-limit-ip-state: 2:10:0,8:60:0,32:300:0
09:43:26.985  RAW   cf-cache-status: DYNAMIC
09:43:26.985  RAW   cf-ray: a1f90dde48fd6e1e-WAW
09:43:26.985  RESP  POST /api/trade/search/Standard → 200  5.560s  delay=7.500 min_gap=0.000 last=1784792606.985
09:43:26.985  PRE   GET /api/trade/fetch/628142777ff319540202306011db54c0f93c35bf42870087a84d9fc2538ae5f9%2C26d59adb7d097b87fbc4d139d8602c7f29203a974bf53b2cd05066ab22f8f97a%2C7b90f48aea2a9c1346184a5d81fd0ce1ce1bb3791b1badc4c8cf7a6508f62982%2Cf4ae7e8b22823f80b3a6f28df848e3f9ba9dfa9c6976d754097fcb28fccdb767%2C2b185d5e706faa05601acd6b0388f651763bcc2b830288aae20c9b444f1c5ab0  delay=7.500 min_gap=0.000 last=1784792606.985
09:43:26.985  ENF   delay=7.500 min_gap=0.000 jitter=3.887 gap=11.387 since_last=0.000 sleep=11.387
09:43:38.785  PARSE Account 6:4:10 → 0.500s/req pen=10s (used=1); Ip 12:4:60 → 0.208s/req pen=60s (used=1); Ip 16:12:60 → 0.516s/req pen=60s (used=2)  delay 7.500→1.516  min_gap→0  max_usage=0%
09:43:38.785  RAW   content-type: application/json
09:43:38.785  RAW   x-rate-limit-policy: trade-fetch-request-limit
09:43:38.785  RAW   x-rate-limit-rules: Account,Ip
09:43:38.785  RAW   x-rate-limit-account: 6:4:10
09:43:38.785  RAW   x-rate-limit-account-state: 1:4:0
09:43:38.785  RAW   x-rate-limit-ip: 12:4:60,16:12:60
09:43:38.785  RAW   x-rate-limit-ip-state: 1:4:0,2:12:0
09:43:38.785  RAW   cf-cache-status: DYNAMIC
09:43:38.785  RAW   cf-ray: a1f90e28d8216e1e-WAW
09:43:38.785  RESP  GET /api/trade/fetch/628142777ff319540202306011db54c0f93c35bf42870087a84d9fc2538ae5f9%2C26d59adb7d097b87fbc4d139d8602c7f29203a974bf53b2cd05066ab22f8f97a%2C7b90f48aea2a9c1346184a5d81fd0ce1ce1bb3791b1badc4c8cf7a6508f62982%2Cf4ae7e8b22823f80b3a6f28df848e3f9ba9dfa9c6976d754097fcb28fccdb767%2C2b185d5e706faa05601acd6b0388f651763bcc2b830288aae20c9b444f1c5ab0 → 200  11.800s  delay=1.516 min_gap=0.000 last=1784792618.785
09:43:38.785  PRE   POST /api/trade/search/Standard  delay=1.516 min_gap=0.000 last=1784792618.785
09:43:38.785  ENF   delay=1.516 min_gap=0.000 jitter=2.814 gap=4.330 since_last=0.000 sleep=4.330
09:43:43.540  PARSE Account 3:5:60 → 1.667s/req pen=60s (used=1); Ip 8:10:60 → 1.094s/req pen=60s (used=2); Ip 15:60:120 → 5.600s/req pen=120s (used=9); Ip 60:300:1800 → 6.750s/req pen=1800s (used=34)  delay 1.516→7.750  min_gap→0  max_usage=60%
09:43:43.540  RAW   content-type: application/json
09:43:43.540  RAW   x-rate-limit-policy: trade-search-request-limit
09:43:43.540  RAW   x-rate-limit-rules: Account,Ip
09:43:43.540  RAW   x-rate-limit-account: 3:5:60
09:43:43.540  RAW   x-rate-limit-account-state: 1:5:0
09:43:43.540  RAW   x-rate-limit-ip: 8:10:60,15:60:120,60:300:1800
09:43:43.540  RAW   x-rate-limit-ip-state: 2:10:0,9:60:0,34:300:0
09:43:43.540  RAW   cf-cache-status: DYNAMIC
09:43:43.540  RAW   cf-ray: a1f90e467ed06e1e-WAW
09:43:43.540  RESP  POST /api/trade/search/Standard → 200  4.755s  delay=7.750 min_gap=0.000 last=1784792623.540
09:43:43.540  PRE   GET /api/trade/fetch/4f0c1032a627e86f5f7935bc59f2fe260a1370a3d79bc3fd6218ef0b5d70a69a%2Ca1477089d73c045c428f6246ff85bd78ea5fcfed5539be30a5d28e9e277884aa%2Caa09b353f434f3fce77d0c9b2b406c667565131c92b28add1869ab9633706f95%2C1531b5726cb5e0ea8148d5a47800a1150d9b624f36d4a591b66c07129d51d09d%2Cdf9cb612db106097142a414382ce95e874d4f170284a32ac5d17ed96249395be  delay=7.750 min_gap=0.000 last=1784792623.540
09:43:43.540  ENF   delay=7.750 min_gap=0.000 jitter=2.193 gap=9.943 since_last=0.000 sleep=9.942
09:43:54.158  PARSE Account 6:4:10 → 0.500s/req pen=10s (used=1); Ip 12:4:60 → 0.208s/req pen=60s (used=1); Ip 16:12:60 → 0.516s/req pen=60s (used=2)  delay 7.750→1.516  min_gap→0  max_usage=0%
09:43:54.158  RAW   content-type: application/json
09:43:54.158  RAW   x-rate-limit-policy: trade-fetch-request-limit
09:43:54.158  RAW   x-rate-limit-rules: Account,Ip
09:43:54.158  RAW   x-rate-limit-account: 6:4:10
09:43:54.158  RAW   x-rate-limit-account-state: 1:4:0
09:43:54.158  RAW   x-rate-limit-ip: 12:4:60,16:12:60
09:43:54.158  RAW   x-rate-limit-ip-state: 1:4:0,2:12:0
09:43:54.158  RAW   cf-cache-status: DYNAMIC
09:43:54.158  RAW   cf-ray: a1f90e874ea76e1e-WAW
09:43:54.158  RESP  GET /api/trade/fetch/4f0c1032a627e86f5f7935bc59f2fe260a1370a3d79bc3fd6218ef0b5d70a69a%2Ca1477089d73c045c428f6246ff85bd78ea5fcfed5539be30a5d28e9e277884aa%2Caa09b353f434f3fce77d0c9b2b406c667565131c92b28add1869ab9633706f95%2C1531b5726cb5e0ea8148d5a47800a1150d9b624f36d4a591b66c07129d51d09d%2Cdf9cb612db106097142a414382ce95e874d4f170284a32ac5d17ed96249395be → 200  10.618s  delay=1.516 min_gap=0.000 last=1784792634.158
09:43:54.184  PRE   POST /api/trade/search/Standard  delay=1.516 min_gap=0.000 last=1784792634.158
09:43:54.184  ENF   delay=1.516 min_gap=0.000 jitter=2.919 gap=4.435 since_last=0.026 sleep=4.409
09:43:59.321  PARSE Account 3:5:60 → 2.500s/req pen=60s (used=2); Ip 8:10:60 → 1.094s/req pen=60s (used=2); Ip 15:60:120 → 5.200s/req pen=120s (used=8); Ip 60:300:1800 → 7.000s/req pen=1800s (used=36)  delay 1.516→8.000  min_gap→0  max_usage=60%
09:43:59.321  RAW   content-type: application/json
09:43:59.321  RAW   x-rate-limit-policy: trade-search-request-limit
09:43:59.321  RAW   x-rate-limit-rules: Account,Ip
09:43:59.321  RAW   x-rate-limit-account: 3:5:60
09:43:59.321  RAW   x-rate-limit-account-state: 2:5:0
09:43:59.321  RAW   x-rate-limit-ip: 8:10:60,15:60:120,60:300:1800
09:43:59.321  RAW   x-rate-limit-ip-state: 2:10:0,8:60:0,36:300:0
09:43:59.321  RAW   cf-cache-status: DYNAMIC
09:43:59.321  RAW   cf-ray: a1f90ea7382b6e1e-WAW
09:43:59.321  RESP  POST /api/trade/search/Standard → 200  5.137s  delay=8.000 min_gap=0.000 last=1784792639.321
09:43:59.321  PRE   GET /api/trade/fetch/829b294abcff45b82f23c5a74ebbbd7b658003baf597008a3dfde9a052a12e6c%2Cdf9cb612db106097142a414382ce95e874d4f170284a32ac5d17ed96249395be%2C0262f975cf7e42ce27df7f54d5e42136d2dba7382eb6ccee379f6012b807d3f7%2Cc07922b65e6a54f7ddf229d738b84d40085698e7a0fbad5dcabe747f19f645b8%2C43102d736afd9962450988d9927c814c01e4e836b58ecbf4107088f37e6928ea  delay=8.000 min_gap=0.000 last=1784792639.321
09:43:59.321  ENF   delay=8.000 min_gap=0.000 jitter=4.775 gap=12.775 since_last=0.000 sleep=12.775
09:44:12.661  PARSE Account 6:4:10 → 0.500s/req pen=10s (used=1); Ip 12:4:60 → 0.208s/req pen=60s (used=1); Ip 16:12:60 → 0.516s/req pen=60s (used=2)  delay 8.000→1.516  min_gap→0  max_usage=0%
09:44:12.661  RAW   content-type: application/json
09:44:12.661  RAW   x-rate-limit-policy: trade-fetch-request-limit
09:44:12.661  RAW   x-rate-limit-rules: Account,Ip
09:44:12.661  RAW   x-rate-limit-account: 6:4:10
09:44:12.661  RAW   x-rate-limit-account-state: 1:4:0
09:44:12.661  RAW   x-rate-limit-ip: 12:4:60,16:12:60
09:44:12.661  RAW   x-rate-limit-ip-state: 1:4:0,2:12:0
09:44:12.661  RAW   cf-cache-status: DYNAMIC
09:44:12.661  RAW   cf-ray: a1f90efb9d6b6e1e-WAW
09:44:12.661  RESP  GET /api/trade/fetch/829b294abcff45b82f23c5a74ebbbd7b658003baf597008a3dfde9a052a12e6c%2Cdf9cb612db106097142a414382ce95e874d4f170284a32ac5d17ed96249395be%2C0262f975cf7e42ce27df7f54d5e42136d2dba7382eb6ccee379f6012b807d3f7%2Cc07922b65e6a54f7ddf229d738b84d40085698e7a0fbad5dcabe747f19f645b8%2C43102d736afd9962450988d9927c814c01e4e836b58ecbf4107088f37e6928ea → 200  13.340s  delay=1.516 min_gap=0.000 last=1784792652.662
09:44:12.662  PRE   POST /api/trade/search/Standard  delay=1.516 min_gap=0.000 last=1784792652.662
09:44:12.662  ENF   delay=1.516 min_gap=0.000 jitter=4.349 gap=5.865 since_last=0.000 sleep=5.865
09:44:19.133  PARSE Account 3:5:60 → 1.667s/req pen=60s (used=1); Ip 8:10:60 → 1.094s/req pen=60s (used=2); Ip 15:60:120 → 4.400s/req pen=120s (used=6); Ip 60:300:1800 → 6.500s/req pen=1800s (used=32)  delay 1.516→7.500  min_gap→0  max_usage=53%
09:44:19.133  RAW   content-type: application/json
09:44:19.133  RAW   x-rate-limit-policy: trade-search-request-limit
09:44:19.133  RAW   x-rate-limit-rules: Account,Ip
09:44:19.133  RAW   x-rate-limit-account: 3:5:60
09:44:19.133  RAW   x-rate-limit-account-state: 1:5:0
09:44:19.133  RAW   x-rate-limit-ip: 8:10:60,15:60:120,60:300:1800
09:44:19.133  RAW   x-rate-limit-ip-state: 2:10:0,6:60:0,32:300:0
09:44:19.133  RAW   cf-cache-status: DYNAMIC
09:44:19.133  RAW   cf-ray: a1f90f23c87a6e1e-WAW
09:44:19.133  RESP  POST /api/trade/search/Standard → 200  6.471s  delay=7.500 min_gap=0.000 last=1784792659.134
09:44:19.133  PRE   GET /api/trade/fetch/628142777ff319540202306011db54c0f93c35bf42870087a84d9fc2538ae5f9%2C26d59adb7d097b87fbc4d139d8602c7f29203a974bf53b2cd05066ab22f8f97a%2C7b90f48aea2a9c1346184a5d81fd0ce1ce1bb3791b1badc4c8cf7a6508f62982%2C200bb5ee008845336d012afd79d33f243a88fc11574c78ee65ea43965648c78d%2Cf4ae7e8b22823f80b3a6f28df848e3f9ba9dfa9c6976d754097fcb28fccdb767  delay=7.500 min_gap=0.000 last=1784792659.134
09:44:19.133  ENF   delay=7.500 min_gap=0.000 jitter=4.267 gap=11.767 since_last=0.000 sleep=11.767
09:44:31.396  PARSE Account 6:4:10 → 0.500s/req pen=10s (used=1); Ip 12:4:60 → 0.208s/req pen=60s (used=1); Ip 16:12:60 → 0.516s/req pen=60s (used=2)  delay 7.500→1.516  min_gap→0  max_usage=0%
09:44:31.396  RAW   content-type: application/json
09:44:31.396  RAW   x-rate-limit-policy: trade-fetch-request-limit
09:44:31.396  RAW   x-rate-limit-rules: Account,Ip
09:44:31.396  RAW   x-rate-limit-account: 6:4:10
09:44:31.396  RAW   x-rate-limit-account-state: 1:4:0
09:44:31.396  RAW   x-rate-limit-ip: 12:4:60,16:12:60
09:44:31.396  RAW   x-rate-limit-ip-state: 1:4:0,2:12:0
09:44:31.396  RAW   cf-cache-status: DYNAMIC
09:44:31.396  RAW   cf-ray: a1f90f71282c6e1e-WAW
09:44:31.396  RESP  GET /api/trade/fetch/628142777ff319540202306011db54c0f93c35bf42870087a84d9fc2538ae5f9%2C26d59adb7d097b87fbc4d139d8602c7f29203a974bf53b2cd05066ab22f8f97a%2C7b90f48aea2a9c1346184a5d81fd0ce1ce1bb3791b1badc4c8cf7a6508f62982%2C200bb5ee008845336d012afd79d33f243a88fc11574c78ee65ea43965648c78d%2Cf4ae7e8b22823f80b3a6f28df848e3f9ba9dfa9c6976d754097fcb28fccdb767 → 200  12.263s  delay=1.516 min_gap=0.000 last=1784792671.397
09:44:31.396  PRE   POST /api/trade/search/Standard  delay=1.516 min_gap=0.000 last=1784792671.397
09:44:31.396  ENF   delay=1.516 min_gap=0.000 jitter=2.873 gap=4.389 since_last=0.000 sleep=4.389
09:44:36.336  PARSE Account 3:5:60 → 1.667s/req pen=60s (used=1); Ip 8:10:60 → 0.859s/req pen=60s (used=1); Ip 15:60:120 → 4.400s/req pen=120s (used=6); Ip 60:300:1800 → 6.750s/req pen=1800s (used=34)  delay 1.516→7.750  min_gap→0  max_usage=57%
09:44:36.336  RAW   content-type: application/json
09:44:36.337  RAW   x-rate-limit-policy: trade-search-request-limit
09:44:36.337  RAW   x-rate-limit-rules: Account,Ip
09:44:36.337  RAW   x-rate-limit-account: 3:5:60
09:44:36.337  RAW   x-rate-limit-account-state: 1:5:0
09:44:36.337  RAW   x-rate-limit-ip: 8:10:60,15:60:120,60:300:1800
09:44:36.337  RAW   x-rate-limit-ip-state: 1:10:0,6:60:0,34:300:0
09:44:36.337  RAW   cf-cache-status: DYNAMIC
09:44:36.337  RAW   cf-ray: a1f90f8faf916e1e-WAW
09:44:36.337  RESP  POST /api/trade/search/Standard → 200  4.940s  delay=7.750 min_gap=0.000 last=1784792676.337
09:44:36.337  PRE   GET /api/trade/fetch/df9cb612db106097142a414382ce95e874d4f170284a32ac5d17ed96249395be%2Cc07922b65e6a54f7ddf229d738b84d40085698e7a0fbad5dcabe747f19f645b8%2C1b5eae894d4ab280deb27b94d87e0448c566a8fa817b97adf8d585c979b5cc7d%2C85419e8e17316190d1fd4ff6fe4fa1dbc566cab023aaa4132aa8933b89a38a91%2Cdda4969dec566d57c8a1ace3755768124e320a5862b463dfe997c697ad3b7746  delay=7.750 min_gap=0.000 last=1784792676.337
09:44:36.337  ENF   delay=7.750 min_gap=0.000 jitter=4.014 gap=11.764 since_last=0.000 sleep=11.764
09:44:48.423  PARSE Account 6:4:10 → 0.500s/req pen=10s (used=1); Ip 12:4:60 → 0.208s/req pen=60s (used=1); Ip 16:12:60 → 0.516s/req pen=60s (used=2)  delay 7.750→1.516  min_gap→0  max_usage=0%
09:44:48.423  RAW   content-type: application/json
09:44:48.423  RAW   x-rate-limit-policy: trade-fetch-request-limit
09:44:48.423  RAW   x-rate-limit-rules: Account,Ip
09:44:48.423  RAW   x-rate-limit-account: 6:4:10
09:44:48.423  RAW   x-rate-limit-account-state: 1:4:0
09:44:48.423  RAW   x-rate-limit-ip: 12:4:60,16:12:60
09:44:48.423  RAW   x-rate-limit-ip-state: 1:4:0,2:12:0
09:44:48.423  RAW   cf-cache-status: DYNAMIC
09:44:48.423  RAW   cf-ray: a1f90fdca89c6e1e-WAW
09:44:48.423  RESP  GET /api/trade/fetch/df9cb612db106097142a414382ce95e874d4f170284a32ac5d17ed96249395be%2Cc07922b65e6a54f7ddf229d738b84d40085698e7a0fbad5dcabe747f19f645b8%2C1b5eae894d4ab280deb27b94d87e0448c566a8fa817b97adf8d585c979b5cc7d%2C85419e8e17316190d1fd4ff6fe4fa1dbc566cab023aaa4132aa8933b89a38a91%2Cdda4969dec566d57c8a1ace3755768124e320a5862b463dfe997c697ad3b7746 → 200  12.086s  delay=1.516 min_gap=0.000 last=1784792688.424
09:44:48.450  PRE   POST /api/trade/search/Standard  delay=1.516 min_gap=0.000 last=1784792688.424
09:44:48.450  ENF   delay=1.516 min_gap=0.000 jitter=4.277 gap=5.792 since_last=0.027 sleep=5.766
09:44:54.750  PARSE Account 3:5:60 → 1.667s/req pen=60s (used=1); Ip 8:10:60 → 1.094s/req pen=60s (used=2); Ip 15:60:120 → 4.400s/req pen=120s (used=6); Ip 60:300:1800 → 7.000s/req pen=1800s (used=36)  delay 1.516→8.000  min_gap→0  max_usage=60%
09:44:54.750  RAW   content-type: application/json
09:44:54.750  RAW   x-rate-limit-policy: trade-search-request-limit
09:44:54.750  RAW   x-rate-limit-rules: Account,Ip
09:44:54.750  RAW   x-rate-limit-account: 3:5:60
09:44:54.750  RAW   x-rate-limit-account-state: 1:5:0
09:44:54.750  RAW   x-rate-limit-ip: 8:10:60,15:60:120,60:300:1800
09:44:54.750  RAW   x-rate-limit-ip-state: 2:10:0,6:60:0,36:300:0
09:44:54.750  RAW   cf-cache-status: DYNAMIC
09:44:54.750  RAW   cf-ray: a1f91002d93b6e1e-WAW
09:44:54.750  RESP  POST /api/trade/search/Standard → 200  6.300s  delay=8.000 min_gap=0.000 last=1784792694.750
09:44:54.750  PRE   GET /api/trade/fetch/80a4a79bfe8ef9c93f00344fbf81ec829c3a8afcd5520ef7c7e4e5157d52c6a4%2Ccf93e8e4ef3bfa40141baf9e70e2f232fd6346a912c636250a6809760698e77c%2C3a772053ce998b74749e52e26097612aa0e5e976bb8385d8b7c775bfbb85a741%2Caa1e69f8f5b78f2c704fa56b584ef054972e5fdef9adcb6fc0904ea7eee7e6f4%2C7f03c0a78318a00c63d0fc5bd93f7394f01c87fd8c4227683cfbc1e7608e67dd  delay=8.000 min_gap=0.000 last=1784792694.750
09:44:54.750  ENF   delay=8.000 min_gap=0.000 jitter=3.740 gap=11.740 since_last=0.000 sleep=11.740
09:45:06.896  PARSE Account 6:4:10 → 0.500s/req pen=10s (used=1); Ip 12:4:60 → 0.208s/req pen=60s (used=1); Ip 16:12:60 → 0.516s/req pen=60s (used=2)  delay 8.000→1.516  min_gap→0  max_usage=0%
09:45:06.896  RAW   content-type: application/json
09:45:06.896  RAW   x-rate-limit-policy: trade-fetch-request-limit
09:45:06.896  RAW   x-rate-limit-rules: Account,Ip
09:45:06.896  RAW   x-rate-limit-account: 6:4:10
09:45:06.896  RAW   x-rate-limit-account-state: 1:4:0
09:45:06.896  RAW   x-rate-limit-ip: 12:4:60,16:12:60
09:45:06.896  RAW   x-rate-limit-ip-state: 1:4:0,2:12:0
09:45:06.896  RAW   cf-cache-status: DYNAMIC
09:45:06.896  RAW   cf-ray: a1f9104f99376e1e-WAW
09:45:06.896  RESP  GET /api/trade/fetch/80a4a79bfe8ef9c93f00344fbf81ec829c3a8afcd5520ef7c7e4e5157d52c6a4%2Ccf93e8e4ef3bfa40141baf9e70e2f232fd6346a912c636250a6809760698e77c%2C3a772053ce998b74749e52e26097612aa0e5e976bb8385d8b7c775bfbb85a741%2Caa1e69f8f5b78f2c704fa56b584ef054972e5fdef9adcb6fc0904ea7eee7e6f4%2C7f03c0a78318a00c63d0fc5bd93f7394f01c87fd8c4227683cfbc1e7608e67dd → 200  12.146s  delay=1.516 min_gap=0.000 last=1784792706.897
09:45:06.896  PRE   POST /api/trade/search/Standard  delay=1.516 min_gap=0.000 last=1784792706.897
09:45:06.896  ENF   delay=1.516 min_gap=0.000 jitter=3.835 gap=5.350 since_last=0.000 sleep=5.350
09:45:12.767  PARSE Account 3:5:60 → 1.667s/req pen=60s (used=1); Ip 8:10:60 → 0.859s/req pen=60s (used=1); Ip 15:60:120 → 4.800s/req pen=120s (used=7); Ip 60:300:1800 → 6.375s/req pen=1800s (used=31)  delay 1.516→7.375  min_gap→0  max_usage=52%
09:45:12.767  RAW   content-type: application/json
09:45:12.767  RAW   x-rate-limit-policy: trade-search-request-limit
09:45:12.767  RAW   x-rate-limit-rules: Account,Ip
09:45:12.767  RAW   x-rate-limit-account: 3:5:60
09:45:12.767  RAW   x-rate-limit-account-state: 1:5:0
09:45:12.767  RAW   x-rate-limit-ip: 8:10:60,15:60:120,60:300:1800
09:45:12.767  RAW   x-rate-limit-ip-state: 1:10:0,7:60:0,31:300:0
09:45:12.767  RAW   cf-cache-status: DYNAMIC
09:45:12.767  RAW   cf-ray: a1f910739e1e6e1e-WAW
09:45:12.768  RESP  POST /api/trade/search/Standard → 200  5.871s  delay=7.375 min_gap=0.000 last=1784792712.768
09:45:12.768  PRE   GET /api/trade/fetch/628142777ff319540202306011db54c0f93c35bf42870087a84d9fc2538ae5f9%2C26d59adb7d097b87fbc4d139d8602c7f29203a974bf53b2cd05066ab22f8f97a%2C7b90f48aea2a9c1346184a5d81fd0ce1ce1bb3791b1badc4c8cf7a6508f62982%2C200bb5ee008845336d012afd79d33f243a88fc11574c78ee65ea43965648c78d%2C2b185d5e706faa05601acd6b0388f651763bcc2b830288aae20c9b444f1c5ab0  delay=7.375 min_gap=0.000 last=1784792712.768
09:45:12.768  ENF   delay=7.375 min_gap=0.000 jitter=2.094 gap=9.469 since_last=0.000 sleep=9.469
09:45:22.626  PARSE Account 6:4:10 → 0.500s/req pen=10s (used=1); Ip 12:4:60 → 0.208s/req pen=60s (used=1); Ip 16:12:60 → 0.516s/req pen=60s (used=2)  delay 7.375→1.516  min_gap→0  max_usage=0%
09:45:22.626  RAW   content-type: application/json
09:45:22.626  RAW   x-rate-limit-policy: trade-fetch-request-limit
09:45:22.626  RAW   x-rate-limit-rules: Account,Ip
09:45:22.626  RAW   x-rate-limit-account: 6:4:10
09:45:22.626  RAW   x-rate-limit-account-state: 1:4:0
09:45:22.626  RAW   x-rate-limit-ip: 12:4:60,16:12:60
09:45:22.626  RAW   x-rate-limit-ip-state: 1:4:0,2:12:0
09:45:22.626  RAW   cf-cache-status: DYNAMIC
09:45:22.626  RAW   cf-ray: a1f910b20c0c6e1e-WAW
09:45:22.626  RESP  GET /api/trade/fetch/628142777ff319540202306011db54c0f93c35bf42870087a84d9fc2538ae5f9%2C26d59adb7d097b87fbc4d139d8602c7f29203a974bf53b2cd05066ab22f8f97a%2C7b90f48aea2a9c1346184a5d81fd0ce1ce1bb3791b1badc4c8cf7a6508f62982%2C200bb5ee008845336d012afd79d33f243a88fc11574c78ee65ea43965648c78d%2C2b185d5e706faa05601acd6b0388f651763bcc2b830288aae20c9b444f1c5ab0 → 200  9.858s  delay=1.516 min_gap=0.000 last=1784792722.626
09:45:22.626  PRE   POST /api/trade/search/Standard  delay=1.516 min_gap=0.000 last=1784792722.626
09:45:22.626  ENF   delay=1.516 min_gap=0.000 jitter=4.335 gap=5.850 since_last=0.000 sleep=5.850
09:45:28.952  PARSE Account 3:5:60 → 1.667s/req pen=60s (used=1); Ip 8:10:60 → 0.859s/req pen=60s (used=1); Ip 15:60:120 → 4.800s/req pen=120s (used=7); Ip 60:300:1800 → 6.625s/req pen=1800s (used=33)  delay 1.516→7.625  min_gap→0  max_usage=55%
09:45:28.952  RAW   content-type: application/json
09:45:28.952  RAW   x-rate-limit-policy: trade-search-request-limit
09:45:28.952  RAW   x-rate-limit-rules: Account,Ip
09:45:28.952  RAW   x-rate-limit-account: 3:5:60
09:45:28.952  RAW   x-rate-limit-account-state: 1:5:0
09:45:28.952  RAW   x-rate-limit-ip: 8:10:60,15:60:120,60:300:1800
09:45:28.952  RAW   x-rate-limit-ip-state: 1:10:0,7:60:0,33:300:0
09:45:28.952  RAW   cf-cache-status: DYNAMIC
09:45:28.952  RAW   cf-ray: a1f910d8f94b6e1e-WAW
09:45:28.952  RESP  POST /api/trade/search/Standard → 200  6.326s  delay=7.625 min_gap=0.000 last=1784792728.953
09:45:28.952  PRE   GET /api/trade/fetch/80a4a79bfe8ef9c93f00344fbf81ec829c3a8afcd5520ef7c7e4e5157d52c6a4%2Ccf93e8e4ef3bfa40141baf9e70e2f232fd6346a912c636250a6809760698e77c%2C7f03c0a78318a00c63d0fc5bd93f7394f01c87fd8c4227683cfbc1e7608e67dd%2Ceb7f164594fb9b6ae1625adbb8a8ec20cecfe451105b910e4b1af67fc05976b1%2Cd0eabed80b974bc0a00c6333bfadf8ce0edbe1682f9ef26c70ca662c1c0c0ce3  delay=7.625 min_gap=0.000 last=1784792728.953
09:45:28.952  ENF   delay=7.625 min_gap=0.000 jitter=2.587 gap=10.212 since_last=0.000 sleep=10.212
09:45:39.477  PARSE Account 6:4:10 → 0.500s/req pen=10s (used=1); Ip 12:4:60 → 0.208s/req pen=60s (used=1); Ip 16:12:60 → 0.516s/req pen=60s (used=2)  delay 7.625→1.516  min_gap→0  max_usage=0%
09:45:39.477  RAW   content-type: application/json
09:45:39.477  RAW   x-rate-limit-policy: trade-fetch-request-limit
09:45:39.477  RAW   x-rate-limit-rules: Account,Ip
09:45:39.477  RAW   x-rate-limit-account: 6:4:10
09:45:39.477  RAW   x-rate-limit-account-state: 1:4:0
09:45:39.477  RAW   x-rate-limit-ip: 12:4:60,16:12:60
09:45:39.477  RAW   x-rate-limit-ip-state: 1:4:0,2:12:0
09:45:39.477  RAW   cf-cache-status: DYNAMIC
09:45:39.477  RAW   cf-ray: a1f9111bcadc6e1e-WAW
09:45:39.477  RESP  GET /api/trade/fetch/80a4a79bfe8ef9c93f00344fbf81ec829c3a8afcd5520ef7c7e4e5157d52c6a4%2Ccf93e8e4ef3bfa40141baf9e70e2f232fd6346a912c636250a6809760698e77c%2C7f03c0a78318a00c63d0fc5bd93f7394f01c87fd8c4227683cfbc1e7608e67dd%2Ceb7f164594fb9b6ae1625adbb8a8ec20cecfe451105b910e4b1af67fc05976b1%2Cd0eabed80b974bc0a00c6333bfadf8ce0edbe1682f9ef26c70ca662c1c0c0ce3 → 200  10.525s  delay=1.516 min_gap=0.000 last=1784792739.478
09:45:39.503  PRE   POST /api/trade/search/Standard  delay=1.516 min_gap=0.000 last=1784792739.478
09:45:39.503  ENF   delay=1.516 min_gap=0.000 jitter=3.077 gap=4.592 since_last=0.026 sleep=4.567
09:45:44.713  PARSE Account 3:5:60 → 1.667s/req pen=60s (used=1); Ip 8:10:60 → 0.859s/req pen=60s (used=1); Ip 15:60:120 → 5.200s/req pen=120s (used=8); Ip 60:300:1800 → 6.875s/req pen=1800s (used=35)  delay 1.516→7.875  min_gap→0  max_usage=58%
09:45:44.713  RAW   content-type: application/json
09:45:44.713  RAW   x-rate-limit-policy: trade-search-request-limit
09:45:44.713  RAW   x-rate-limit-rules: Account,Ip
09:45:44.713  RAW   x-rate-limit-account: 3:5:60
09:45:44.713  RAW   x-rate-limit-account-state: 1:5:0
09:45:44.713  RAW   x-rate-limit-ip: 8:10:60,15:60:120,60:300:1800
09:45:44.713  RAW   x-rate-limit-ip-state: 1:10:0,8:60:0,35:300:0
09:45:44.713  RAW   cf-cache-status: DYNAMIC
09:45:44.713  RAW   cf-ray: a1f9113a79336e1e-WAW
09:45:44.713  RESP  POST /api/trade/search/Standard → 200  5.210s  delay=7.875 min_gap=0.000 last=1784792744.714
09:45:44.713  PRE   GET /api/trade/fetch/80a4a79bfe8ef9c93f00344fbf81ec829c3a8afcd5520ef7c7e4e5157d52c6a4%2Ccf93e8e4ef3bfa40141baf9e70e2f232fd6346a912c636250a6809760698e77c%2C7f03c0a78318a00c63d0fc5bd93f7394f01c87fd8c4227683cfbc1e7608e67dd%2Caa1e69f8f5b78f2c704fa56b584ef054972e5fdef9adcb6fc0904ea7eee7e6f4%2Ceb7f164594fb9b6ae1625adbb8a8ec20cecfe451105b910e4b1af67fc05976b1  delay=7.875 min_gap=0.000 last=1784792744.714
09:45:44.713  ENF   delay=7.875 min_gap=0.000 jitter=3.054 gap=10.929 since_last=0.000 sleep=10.929
09:45:56.243  PARSE Account 6:4:10 → 0.500s/req pen=10s (used=1); Ip 12:4:60 → 0.208s/req pen=60s (used=1); Ip 16:12:60 → 0.516s/req pen=60s (used=2)  delay 7.875→1.516  min_gap→0  max_usage=0%
09:45:56.243  RAW   content-type: application/json
09:45:56.243  RAW   x-rate-limit-policy: trade-fetch-request-limit
09:45:56.243  RAW   x-rate-limit-rules: Account,Ip
09:45:56.243  RAW   x-rate-limit-account: 6:4:10
09:45:56.243  RAW   x-rate-limit-account-state: 1:4:0
09:45:56.243  RAW   x-rate-limit-ip: 12:4:60,16:12:60
09:45:56.243  RAW   x-rate-limit-ip-state: 1:4:0,2:12:0
09:45:56.243  RAW   cf-cache-status: DYNAMIC
09:45:56.243  RAW   cf-ray: a1f91182c97b6e1e-WAW
09:45:56.243  RESP  GET /api/trade/fetch/80a4a79bfe8ef9c93f00344fbf81ec829c3a8afcd5520ef7c7e4e5157d52c6a4%2Ccf93e8e4ef3bfa40141baf9e70e2f232fd6346a912c636250a6809760698e77c%2C7f03c0a78318a00c63d0fc5bd93f7394f01c87fd8c4227683cfbc1e7608e67dd%2Caa1e69f8f5b78f2c704fa56b584ef054972e5fdef9adcb6fc0904ea7eee7e6f4%2Ceb7f164594fb9b6ae1625adbb8a8ec20cecfe451105b910e4b1af67fc05976b1 → 200  11.530s  delay=1.516 min_gap=0.000 last=1784792756.244
09:45:56.243  PRE   POST /api/trade/search/Standard  delay=1.516 min_gap=0.000 last=1784792756.244
09:45:56.243  ENF   delay=1.516 min_gap=0.000 jitter=2.957 gap=4.472 since_last=0.000 sleep=4.472
09:46:01.289  PARSE Account 3:5:60 → 1.667s/req pen=60s (used=1); Ip 8:10:60 → 0.859s/req pen=60s (used=1); Ip 15:60:120 → 4.400s/req pen=120s (used=6); Ip 60:300:1800 → 6.250s/req pen=1800s (used=30)  delay 1.516→7.250  min_gap→0  max_usage=50%
09:46:01.289  RAW   content-type: application/json
09:46:01.289  RAW   x-rate-limit-policy: trade-search-request-limit
09:46:01.289  RAW   x-rate-limit-rules: Account,Ip
09:46:01.289  RAW   x-rate-limit-account: 3:5:60
09:46:01.289  RAW   x-rate-limit-account-state: 1:5:0
09:46:01.289  RAW   x-rate-limit-ip: 8:10:60,15:60:120,60:300:1800
09:46:01.289  RAW   x-rate-limit-ip-state: 1:10:0,6:60:0,30:300:0
09:46:01.289  RAW   cf-cache-status: DYNAMIC
09:46:01.289  RAW   cf-ray: a1f911a27c1b6e1e-WAW
09:46:01.289  RESP  POST /api/trade/search/Standard → 200  5.046s  delay=7.250 min_gap=0.000 last=1784792761.290
09:46:01.289  PRE   GET /api/trade/fetch/628142777ff319540202306011db54c0f93c35bf42870087a84d9fc2538ae5f9%2C26d59adb7d097b87fbc4d139d8602c7f29203a974bf53b2cd05066ab22f8f97a%2C7b90f48aea2a9c1346184a5d81fd0ce1ce1bb3791b1badc4c8cf7a6508f62982%2C200bb5ee008845336d012afd79d33f243a88fc11574c78ee65ea43965648c78d%2C2b185d5e706faa05601acd6b0388f651763bcc2b830288aae20c9b444f1c5ab0  delay=7.250 min_gap=0.000 last=1784792761.290
09:46:01.289  ENF   delay=7.250 min_gap=0.000 jitter=4.748 gap=11.998 since_last=0.000 sleep=11.998
09:46:13.976  PARSE Account 6:4:10 → 0.500s/req pen=10s (used=1); Ip 12:4:60 → 0.208s/req pen=60s (used=1); Ip 16:12:60 → 0.516s/req pen=60s (used=2)  delay 7.250→1.516  min_gap→0  max_usage=0%
09:46:13.976  RAW   content-type: application/json
09:46:13.976  RAW   x-rate-limit-policy: trade-fetch-request-limit
09:46:13.976  RAW   x-rate-limit-rules: Account,Ip
09:46:13.976  RAW   x-rate-limit-account: 6:4:10
09:46:13.976  RAW   x-rate-limit-account-state: 1:4:0
09:46:13.976  RAW   x-rate-limit-ip: 12:4:60,16:12:60
09:46:13.976  RAW   x-rate-limit-ip-state: 1:4:0,2:12:0
09:46:13.976  RAW   cf-cache-status: DYNAMIC
09:46:13.976  RAW   cf-ray: a1f911f11aa76e1e-WAW
09:46:13.976  RESP  GET /api/trade/fetch/628142777ff319540202306011db54c0f93c35bf42870087a84d9fc2538ae5f9%2C26d59adb7d097b87fbc4d139d8602c7f29203a974bf53b2cd05066ab22f8f97a%2C7b90f48aea2a9c1346184a5d81fd0ce1ce1bb3791b1badc4c8cf7a6508f62982%2C200bb5ee008845336d012afd79d33f243a88fc11574c78ee65ea43965648c78d%2C2b185d5e706faa05601acd6b0388f651763bcc2b830288aae20c9b444f1c5ab0 → 200  12.686s  delay=1.516 min_gap=0.000 last=1784792773.976
09:46:13.976  PRE   POST /api/trade/search/Standard  delay=1.516 min_gap=0.000 last=1784792773.976
09:46:13.976  ENF   delay=1.516 min_gap=0.000 jitter=3.794 gap=5.309 since_last=0.000 sleep=5.309
09:46:19.724  PARSE Account 3:5:60 → 1.667s/req pen=60s (used=1); Ip 8:10:60 → 0.859s/req pen=60s (used=1); Ip 15:60:120 → 4.400s/req pen=120s (used=6); Ip 60:300:1800 → 6.500s/req pen=1800s (used=32)  delay 1.516→7.500  min_gap→0  max_usage=53%
09:46:19.724  RAW   content-type: application/json
09:46:19.724  RAW   x-rate-limit-policy: trade-search-request-limit
09:46:19.724  RAW   x-rate-limit-rules: Account,Ip
09:46:19.724  RAW   x-rate-limit-account: 3:5:60
09:46:19.724  RAW   x-rate-limit-account-state: 1:5:0
09:46:19.724  RAW   x-rate-limit-ip: 8:10:60,15:60:120,60:300:1800
09:46:19.724  RAW   x-rate-limit-ip-state: 1:10:0,6:60:0,32:300:0
09:46:19.724  RAW   cf-cache-status: DYNAMIC
09:46:19.724  RAW   cf-ray: a1f912168c8d6e1e-WAW
09:46:19.724  RESP  POST /api/trade/search/Standard → 200  5.748s  delay=7.500 min_gap=0.000 last=1784792779.724
09:46:19.724  PRE   GET /api/trade/fetch/80a4a79bfe8ef9c93f00344fbf81ec829c3a8afcd5520ef7c7e4e5157d52c6a4%2Ccf93e8e4ef3bfa40141baf9e70e2f232fd6346a912c636250a6809760698e77c%2C7f03c0a78318a00c63d0fc5bd93f7394f01c87fd8c4227683cfbc1e7608e67dd%2Ceb7f164594fb9b6ae1625adbb8a8ec20cecfe451105b910e4b1af67fc05976b1%2Cd0eabed80b974bc0a00c6333bfadf8ce0edbe1682f9ef26c70ca662c1c0c0ce3  delay=7.500 min_gap=0.000 last=1784792779.724
09:46:19.724  ENF   delay=7.500 min_gap=0.000 jitter=2.983 gap=10.483 since_last=0.000 sleep=10.483
09:46:30.948  PARSE Account 6:4:10 → 0.500s/req pen=10s (used=1); Ip 12:4:60 → 0.208s/req pen=60s (used=1); Ip 16:12:60 → 0.516s/req pen=60s (used=2)  delay 7.500→1.516  min_gap→0  max_usage=0%
09:46:30.948  RAW   content-type: application/json
09:46:30.948  RAW   x-rate-limit-policy: trade-fetch-request-limit
09:46:30.948  RAW   x-rate-limit-rules: Account,Ip
09:46:30.948  RAW   x-rate-limit-account: 6:4:10
09:46:30.948  RAW   x-rate-limit-account-state: 1:4:0
09:46:30.948  RAW   x-rate-limit-ip: 12:4:60,16:12:60
09:46:30.948  RAW   x-rate-limit-ip-state: 1:4:0,2:12:0
09:46:30.948  RAW   cf-cache-status: DYNAMIC
09:46:30.948  RAW   cf-ray: a1f9125ade116e1e-WAW
09:46:30.948  RESP  GET /api/trade/fetch/80a4a79bfe8ef9c93f00344fbf81ec829c3a8afcd5520ef7c7e4e5157d52c6a4%2Ccf93e8e4ef3bfa40141baf9e70e2f232fd6346a912c636250a6809760698e77c%2C7f03c0a78318a00c63d0fc5bd93f7394f01c87fd8c4227683cfbc1e7608e67dd%2Ceb7f164594fb9b6ae1625adbb8a8ec20cecfe451105b910e4b1af67fc05976b1%2Cd0eabed80b974bc0a00c6333bfadf8ce0edbe1682f9ef26c70ca662c1c0c0ce3 → 200  11.224s  delay=1.516 min_gap=0.000 last=1784792790.949
09:46:30.975  PRE   POST /api/trade/search/Standard  delay=1.516 min_gap=0.000 last=1784792790.949
09:46:30.975  ENF   delay=1.516 min_gap=0.000 jitter=3.933 gap=5.449 since_last=0.027 sleep=5.422
09:46:37.194  PARSE Account 3:5:60 → 1.667s/req pen=60s (used=1); Ip 8:10:60 → 0.859s/req pen=60s (used=1); Ip 15:60:120 → 4.400s/req pen=120s (used=6); Ip 60:300:1800 → 6.750s/req pen=1800s (used=34)  delay 1.516→7.750  min_gap→0  max_usage=57%
09:46:37.194  RAW   content-type: application/json
09:46:37.194  RAW   x-rate-limit-policy: trade-search-request-limit
09:46:37.194  RAW   x-rate-limit-rules: Account,Ip
09:46:37.194  RAW   x-rate-limit-account: 3:5:60
09:46:37.194  RAW   x-rate-limit-account-state: 1:5:0
09:46:37.194  RAW   x-rate-limit-ip: 8:10:60,15:60:120,60:300:1800
09:46:37.194  RAW   x-rate-limit-ip-state: 1:10:0,6:60:0,34:300:0
09:46:37.194  RAW   cf-cache-status: DYNAMIC
09:46:37.194  RAW   cf-ray: a1f912818c166e1e-WAW
09:46:37.194  RESP  POST /api/trade/search/Standard → 200  6.219s  delay=7.750 min_gap=0.000 last=1784792797.195
09:46:37.194  PRE   GET /api/trade/fetch/55fa23a03933b603a7bb558204ca107844a1ef88dca830b910210b25c2a9f5b5%2C78c1fe8a2e92872099bb3612fde5f7228ec6f7c9e7ad4476b79cb51d7a9eec78%2C654ec5d5838122f9b0be0922f2da5111785b1d693ba03c90a4d2cb84461dcb48%2C002e23e241a6fb2076493c83b154652e2646afe0ee36db14e20f79f19f6b7677%2C7b4dda9d0fecda86ea205a8488c4dff27e3ba3b9fe9ff8f9c7b1d0600dcd1d67  delay=7.750 min_gap=0.000 last=1784792797.195
09:46:37.194  ENF   delay=7.750 min_gap=0.000 jitter=2.186 gap=9.936 since_last=0.000 sleep=9.936
09:46:47.994  PARSE Account 6:4:10 → 0.500s/req pen=10s (used=1); Ip 12:4:60 → 0.208s/req pen=60s (used=1); Ip 16:12:60 → 0.516s/req pen=60s (used=2)  delay 7.750→1.516  min_gap→0  max_usage=0%
09:46:47.995  RAW   content-type: application/json
09:46:47.995  RAW   x-rate-limit-policy: trade-fetch-request-limit
09:46:47.995  RAW   x-rate-limit-rules: Account,Ip
09:46:47.995  RAW   x-rate-limit-account: 6:4:10
09:46:47.995  RAW   x-rate-limit-account-state: 1:4:0
09:46:47.995  RAW   x-rate-limit-ip: 12:4:60,16:12:60
09:46:47.995  RAW   x-rate-limit-ip-state: 1:4:0,2:12:0
09:46:47.995  RAW   cf-cache-status: DYNAMIC
09:46:47.995  RAW   cf-ray: a1f912c49dd96e1e-WAW
09:46:47.995  RESP  GET /api/trade/fetch/55fa23a03933b603a7bb558204ca107844a1ef88dca830b910210b25c2a9f5b5%2C78c1fe8a2e92872099bb3612fde5f7228ec6f7c9e7ad4476b79cb51d7a9eec78%2C654ec5d5838122f9b0be0922f2da5111785b1d693ba03c90a4d2cb84461dcb48%2C002e23e241a6fb2076493c83b154652e2646afe0ee36db14e20f79f19f6b7677%2C7b4dda9d0fecda86ea205a8488c4dff27e3ba3b9fe9ff8f9c7b1d0600dcd1d67 → 200  10.800s  delay=1.516 min_gap=0.000 last=1784792807.995
09:46:47.995  PRE   POST /api/trade/search/Standard  delay=1.516 min_gap=0.000 last=1784792807.995
09:46:47.995  ENF   delay=1.516 min_gap=0.000 jitter=3.247 gap=4.763 since_last=0.000 sleep=4.763
09:46:53.194  PARSE Account 3:5:60 → 1.667s/req pen=60s (used=1); Ip 8:10:60 → 1.094s/req pen=60s (used=2); Ip 15:60:120 → 4.800s/req pen=120s (used=7); Ip 60:300:1800 → 7.000s/req pen=1800s (used=36)  delay 1.516→8.000  min_gap→0  max_usage=60%
09:46:53.194  RAW   content-type: application/json
09:46:53.194  RAW   x-rate-limit-policy: trade-search-request-limit
09:46:53.194  RAW   x-rate-limit-rules: Account,Ip
09:46:53.194  RAW   x-rate-limit-account: 3:5:60
09:46:53.194  RAW   x-rate-limit-account-state: 1:5:0
09:46:53.194  RAW   x-rate-limit-ip: 8:10:60,15:60:120,60:300:1800
09:46:53.194  RAW   x-rate-limit-ip-state: 2:10:0,7:60:0,36:300:0
09:46:53.194  RAW   cf-cache-status: DYNAMIC
09:46:53.194  RAW   cf-ray: a1f912e7c8326e1e-WAW
09:46:53.194  RESP  POST /api/trade/search/Standard → 200  5.199s  delay=8.000 min_gap=0.000 last=1784792813.195
09:46:53.194  PRE   GET /api/trade/fetch/628142777ff319540202306011db54c0f93c35bf42870087a84d9fc2538ae5f9%2C26d59adb7d097b87fbc4d139d8602c7f29203a974bf53b2cd05066ab22f8f97a%2C7b90f48aea2a9c1346184a5d81fd0ce1ce1bb3791b1badc4c8cf7a6508f62982%2Cf4ae7e8b22823f80b3a6f28df848e3f9ba9dfa9c6976d754097fcb28fccdb767%2C200bb5ee008845336d012afd79d33f243a88fc11574c78ee65ea43965648c78d  delay=8.000 min_gap=0.000 last=1784792813.195
09:46:53.194  ENF   delay=8.000 min_gap=0.000 jitter=2.492 gap=10.492 since_last=0.000 sleep=10.492
09:47:04.069  PARSE Account 6:4:10 → 0.500s/req pen=10s (used=1); Ip 12:4:60 → 0.208s/req pen=60s (used=1); Ip 16:12:60 → 0.516s/req pen=60s (used=2)  delay 8.000→1.516  min_gap→0  max_usage=0%
09:47:04.069  RAW   content-type: application/json
09:47:04.069  RAW   x-rate-limit-policy: trade-fetch-request-limit
09:47:04.069  RAW   x-rate-limit-rules: Account,Ip
09:47:04.069  RAW   x-rate-limit-account: 6:4:10
09:47:04.069  RAW   x-rate-limit-account-state: 1:4:0
09:47:04.069  RAW   x-rate-limit-ip: 12:4:60,16:12:60
09:47:04.069  RAW   x-rate-limit-ip-state: 1:4:0,2:12:0
09:47:04.069  RAW   cf-cache-status: DYNAMIC
09:47:04.069  RAW   cf-ray: a1f9132c18256e1e-WAW
09:47:04.069  RESP  GET /api/trade/fetch/628142777ff319540202306011db54c0f93c35bf42870087a84d9fc2538ae5f9%2C26d59adb7d097b87fbc4d139d8602c7f29203a974bf53b2cd05066ab22f8f97a%2C7b90f48aea2a9c1346184a5d81fd0ce1ce1bb3791b1badc4c8cf7a6508f62982%2Cf4ae7e8b22823f80b3a6f28df848e3f9ba9dfa9c6976d754097fcb28fccdb767%2C200bb5ee008845336d012afd79d33f243a88fc11574c78ee65ea43965648c78d → 200  10.874s  delay=1.516 min_gap=0.000 last=1784792824.069
09:47:04.069  PRE   POST /api/trade/search/Standard  delay=1.516 min_gap=0.000 last=1784792824.069
09:47:04.069  ENF   delay=1.516 min_gap=0.000 jitter=3.102 gap=4.618 since_last=0.000 sleep=4.618
09:47:09.355  PARSE Account 3:5:60 → 1.667s/req pen=60s (used=1); Ip 8:10:60 → 1.094s/req pen=60s (used=2); Ip 15:60:120 → 4.800s/req pen=120s (used=7); Ip 60:300:1800 → 6.250s/req pen=1800s (used=30)  delay 1.516→7.250  min_gap→0  max_usage=50%
09:47:09.355  RAW   content-type: application/json
09:47:09.355  RAW   x-rate-limit-policy: trade-search-request-limit
09:47:09.355  RAW   x-rate-limit-rules: Account,Ip
09:47:09.355  RAW   x-rate-limit-account: 3:5:60
09:47:09.355  RAW   x-rate-limit-account-state: 1:5:0
09:47:09.355  RAW   x-rate-limit-ip: 8:10:60,15:60:120,60:300:1800
09:47:09.355  RAW   x-rate-limit-ip-state: 2:10:0,7:60:0,30:300:0
09:47:09.355  RAW   cf-cache-status: DYNAMIC
09:47:09.355  RAW   cf-ray: a1f9134b5a706e1e-WAW
09:47:09.355  RESP  POST /api/trade/search/Standard → 200  5.286s  delay=7.250 min_gap=0.000 last=1784792829.356
09:47:09.355  PRE   GET /api/trade/fetch/78c1fe8a2e92872099bb3612fde5f7228ec6f7c9e7ad4476b79cb51d7a9eec78%2C002e23e241a6fb2076493c83b154652e2646afe0ee36db14e20f79f19f6b7677%2C50fbf949b3a2a14da0c8fa0237a615e2a4e1993e6be1380983023fbd052e3cf1%2Cc599d066bfb725a2bf756cc3a43f7dc4205837a0686ed49173a2e45af8145ac5%2Ce8ccfca921e6d2fcabe10eea1a8d0d8cce823b76e024d5d2ea651a0e4967331e  delay=7.250 min_gap=0.000 last=1784792829.356
09:47:09.355  ENF   delay=7.250 min_gap=0.000 jitter=2.860 gap=10.110 since_last=0.000 sleep=10.110
09:47:20.025  PARSE Account 6:4:10 → 0.500s/req pen=10s (used=1); Ip 12:4:60 → 0.208s/req pen=60s (used=1); Ip 16:12:60 → 0.516s/req pen=60s (used=2)  delay 7.250→1.516  min_gap→0  max_usage=0%
09:47:20.025  RAW   content-type: application/json
09:47:20.025  RAW   x-rate-limit-policy: trade-fetch-request-limit
09:47:20.025  RAW   x-rate-limit-rules: Account,Ip
09:47:20.025  RAW   x-rate-limit-account: 6:4:10
09:47:20.025  RAW   x-rate-limit-account-state: 1:4:0
09:47:20.025  RAW   x-rate-limit-ip: 12:4:60,16:12:60
09:47:20.025  RAW   x-rate-limit-ip-state: 1:4:0,2:12:0
09:47:20.025  RAW   cf-cache-status: DYNAMIC
09:47:20.025  RAW   cf-ray: a1f9138ea88b6e1e-WAW
09:47:20.025  RESP  GET /api/trade/fetch/78c1fe8a2e92872099bb3612fde5f7228ec6f7c9e7ad4476b79cb51d7a9eec78%2C002e23e241a6fb2076493c83b154652e2646afe0ee36db14e20f79f19f6b7677%2C50fbf949b3a2a14da0c8fa0237a615e2a4e1993e6be1380983023fbd052e3cf1%2Cc599d066bfb725a2bf756cc3a43f7dc4205837a0686ed49173a2e45af8145ac5%2Ce8ccfca921e6d2fcabe10eea1a8d0d8cce823b76e024d5d2ea651a0e4967331e → 200  10.670s  delay=1.516 min_gap=0.000 last=1784792840.026
09:47:20.051  PRE   POST /api/trade/search/Standard  delay=1.516 min_gap=0.000 last=1784792840.026
09:47:20.051  ENF   delay=1.516 min_gap=0.000 jitter=3.002 gap=4.518 since_last=0.026 sleep=4.492
09:47:24.941  PARSE Account 3:5:60 → 2.500s/req pen=60s (used=2); Ip 8:10:60 → 1.094s/req pen=60s (used=2); Ip 15:60:120 → 4.800s/req pen=120s (used=7); Ip 60:300:1800 → 6.500s/req pen=1800s (used=32)  delay 1.516→7.500  min_gap→0  max_usage=53%
09:47:24.942  RAW   content-type: application/json
09:47:24.942  RAW   x-rate-limit-policy: trade-search-request-limit
09:47:24.942  RAW   x-rate-limit-rules: Account,Ip
09:47:24.942  RAW   x-rate-limit-account: 3:5:60
09:47:24.942  RAW   x-rate-limit-account-state: 2:5:0
09:47:24.942  RAW   x-rate-limit-ip: 8:10:60,15:60:120,60:300:1800
09:47:24.942  RAW   x-rate-limit-ip-state: 2:10:0,7:60:0,32:300:0
09:47:24.942  RAW   cf-cache-status: DYNAMIC
09:47:24.942  RAW   cf-ray: a1f913ae6a596e1e-WAW
09:47:24.942  RESP  POST /api/trade/search/Standard → 200  4.891s  delay=7.500 min_gap=0.000 last=1784792844.942
09:47:24.942  PRE   GET /api/trade/fetch/c2e51d26ce655645a84a4ebbfff4c78da12f263ddad705f9172259f7e91c5cf2%2C59d8958d14c8f6c5492a1dc8fe21bb5c3c953a10d67a7d5f7c5e9979cb842d0a%2C3f394dd3358bfc21e75b905287630e8c3149ebdd33f10ef7f36829f39e72d73a%2C05b051417060e90797701fab241ef72170ef95d81e56915fe3fdd90610c40c14%2C4f0c1032a627e86f5f7935bc59f2fe260a1370a3d79bc3fd6218ef0b5d70a69a  delay=7.500 min_gap=0.000 last=1784792844.942
09:47:24.942  ENF   delay=7.500 min_gap=0.000 jitter=4.507 gap=12.007 since_last=0.000 sleep=12.007
09:47:37.438  PARSE Account 6:4:10 → 0.500s/req pen=10s (used=1); Ip 12:4:60 → 0.208s/req pen=60s (used=1); Ip 16:12:60 → 0.516s/req pen=60s (used=2)  delay 7.500→1.516  min_gap→0  max_usage=0%
09:47:37.438  RAW   content-type: application/json
09:47:37.438  RAW   x-rate-limit-policy: trade-fetch-request-limit
09:47:37.438  RAW   x-rate-limit-rules: Account,Ip
09:47:37.438  RAW   x-rate-limit-account: 6:4:10
09:47:37.438  RAW   x-rate-limit-account-state: 1:4:0
09:47:37.439  RAW   x-rate-limit-ip: 12:4:60,16:12:60
09:47:37.439  RAW   x-rate-limit-ip-state: 1:4:0,2:12:0
09:47:37.439  RAW   cf-cache-status: DYNAMIC
09:47:37.439  RAW   cf-ray: a1f913fbf9456e1e-WAW
09:47:37.439  RESP  GET /api/trade/fetch/c2e51d26ce655645a84a4ebbfff4c78da12f263ddad705f9172259f7e91c5cf2%2C59d8958d14c8f6c5492a1dc8fe21bb5c3c953a10d67a7d5f7c5e9979cb842d0a%2C3f394dd3358bfc21e75b905287630e8c3149ebdd33f10ef7f36829f39e72d73a%2C05b051417060e90797701fab241ef72170ef95d81e56915fe3fdd90610c40c14%2C4f0c1032a627e86f5f7935bc59f2fe260a1370a3d79bc3fd6218ef0b5d70a69a → 200  12.496s  delay=1.516 min_gap=0.000 last=1784792857.439
09:47:37.439  PRE   POST /api/trade/search/Standard  delay=1.516 min_gap=0.000 last=1784792857.439
09:47:37.439  ENF   delay=1.516 min_gap=0.000 jitter=2.910 gap=4.426 since_last=0.000 sleep=4.426
09:47:42.906  PARSE Account 3:5:60 → 2.500s/req pen=60s (used=2); Ip 8:10:60 → 1.094s/req pen=60s (used=2); Ip 15:60:120 → 5.200s/req pen=120s (used=8); Ip 60:300:1800 → 6.750s/req pen=1800s (used=34)  delay 1.516→7.750  min_gap→0  max_usage=57%
09:47:42.906  RAW   content-type: application/json
09:47:42.906  RAW   x-rate-limit-policy: trade-search-request-limit
09:47:42.906  RAW   x-rate-limit-rules: Account,Ip
09:47:42.907  RAW   x-rate-limit-account: 3:5:60
09:47:42.907  RAW   x-rate-limit-account-state: 2:5:0
09:47:42.907  RAW   x-rate-limit-ip: 8:10:60,15:60:120,60:300:1800
09:47:42.907  RAW   x-rate-limit-ip-state: 2:10:0,8:60:0,34:300:0
09:47:42.907  RAW   cf-cache-status: DYNAMIC
09:47:42.907  RAW   cf-ray: a1f9141aab156e1e-WAW
09:47:42.907  RESP  POST /api/trade/search/Standard → 200  5.468s  delay=7.750 min_gap=0.000 last=1784792862.907
09:47:42.907  PRE   GET /api/trade/fetch/628142777ff319540202306011db54c0f93c35bf42870087a84d9fc2538ae5f9%2C26d59adb7d097b87fbc4d139d8602c7f29203a974bf53b2cd05066ab22f8f97a%2C7b90f48aea2a9c1346184a5d81fd0ce1ce1bb3791b1badc4c8cf7a6508f62982%2Cf4ae7e8b22823f80b3a6f28df848e3f9ba9dfa9c6976d754097fcb28fccdb767%2C200bb5ee008845336d012afd79d33f243a88fc11574c78ee65ea43965648c78d  delay=7.750 min_gap=0.000 last=1784792862.907
09:47:42.907  ENF   delay=7.750 min_gap=0.000 jitter=3.595 gap=11.345 since_last=0.000 sleep=11.345
09:47:54.633  PARSE Account 6:4:10 → 0.667s/req pen=10s (used=2); Ip 12:4:60 → 0.250s/req pen=60s (used=2); Ip 16:12:60 → 0.516s/req pen=60s (used=2)  delay 7.750→1.667  min_gap→0  max_usage=0%
09:47:54.633  RAW   content-type: application/json
09:47:54.633  RAW   x-rate-limit-policy: trade-fetch-request-limit
09:47:54.633  RAW   x-rate-limit-rules: Account,Ip
09:47:54.633  RAW   x-rate-limit-account: 6:4:10
09:47:54.633  RAW   x-rate-limit-account-state: 2:4:0
09:47:54.633  RAW   x-rate-limit-ip: 12:4:60,16:12:60
09:47:54.633  RAW   x-rate-limit-ip-state: 2:4:0,2:12:0
09:47:54.633  RAW   cf-cache-status: DYNAMIC
09:47:54.633  RAW   cf-ray: a1f914681e006e1e-WAW
09:47:54.633  RESP  GET /api/trade/fetch/628142777ff319540202306011db54c0f93c35bf42870087a84d9fc2538ae5f9%2C26d59adb7d097b87fbc4d139d8602c7f29203a974bf53b2cd05066ab22f8f97a%2C7b90f48aea2a9c1346184a5d81fd0ce1ce1bb3791b1badc4c8cf7a6508f62982%2Cf4ae7e8b22823f80b3a6f28df848e3f9ba9dfa9c6976d754097fcb28fccdb767%2C200bb5ee008845336d012afd79d33f243a88fc11574c78ee65ea43965648c78d → 200  11.726s  delay=1.667 min_gap=0.000 last=1784792874.634
09:47:54.633  PRE   POST /api/trade/search/Standard  delay=1.667 min_gap=0.000 last=1784792874.634
09:47:54.633  ENF   delay=1.667 min_gap=0.000 jitter=2.377 gap=4.044 since_last=0.000 sleep=4.043
09:47:59.266  PARSE Account 3:5:60 → 2.500s/req pen=60s (used=2); Ip 8:10:60 → 1.094s/req pen=60s (used=2); Ip 15:60:120 → 5.200s/req pen=120s (used=8); Ip 60:300:1800 → 7.000s/req pen=1800s (used=36)  delay 1.667→8.000  min_gap→0  max_usage=60%
09:47:59.266  RAW   content-type: application/json
09:47:59.266  RAW   x-rate-limit-policy: trade-search-request-limit
09:47:59.266  RAW   x-rate-limit-rules: Account,Ip
09:47:59.266  RAW   x-rate-limit-account: 3:5:60
09:47:59.266  RAW   x-rate-limit-account-state: 2:5:0
09:47:59.266  RAW   x-rate-limit-ip: 8:10:60,15:60:120,60:300:1800
09:47:59.266  RAW   x-rate-limit-ip-state: 2:10:0,8:60:0,36:300:0
09:47:59.266  RAW   cf-cache-status: DYNAMIC
09:47:59.266  RAW   cf-ray: a1f91483cf096e1e-WAW
09:47:59.266  RESP  POST /api/trade/search/Standard → 200  4.633s  delay=8.000 min_gap=0.000 last=1784792879.267
09:47:59.267  PRE   GET /api/trade/fetch/4f0c1032a627e86f5f7935bc59f2fe260a1370a3d79bc3fd6218ef0b5d70a69a%2Ca1477089d73c045c428f6246ff85bd78ea5fcfed5539be30a5d28e9e277884aa%2Caa09b353f434f3fce77d0c9b2b406c667565131c92b28add1869ab9633706f95%2C1531b5726cb5e0ea8148d5a47800a1150d9b624f36d4a591b66c07129d51d09d%2Cdf9cb612db106097142a414382ce95e874d4f170284a32ac5d17ed96249395be  delay=8.000 min_gap=0.000 last=1784792879.267
09:47:59.267  ENF   delay=8.000 min_gap=0.000 jitter=2.799 gap=10.799 since_last=0.000 sleep=10.799
09:48:10.575  PARSE Account 6:4:10 → 0.667s/req pen=10s (used=2); Ip 12:4:60 → 0.250s/req pen=60s (used=2); Ip 16:12:60 → 0.516s/req pen=60s (used=2)  delay 8.000→1.667  min_gap→0  max_usage=0%
09:48:10.575  RAW   content-type: application/json
09:48:10.575  RAW   x-rate-limit-policy: trade-fetch-request-limit
09:48:10.575  RAW   x-rate-limit-rules: Account,Ip
09:48:10.575  RAW   x-rate-limit-account: 6:4:10
09:48:10.575  RAW   x-rate-limit-account-state: 2:4:0
09:48:10.575  RAW   x-rate-limit-ip: 12:4:60,16:12:60
09:48:10.575  RAW   x-rate-limit-ip-state: 2:4:0,2:12:0
09:48:10.575  RAW   cf-cache-status: DYNAMIC
09:48:10.575  RAW   cf-ray: a1f914caea5f6e1e-WAW
09:48:10.575  RESP  GET /api/trade/fetch/4f0c1032a627e86f5f7935bc59f2fe260a1370a3d79bc3fd6218ef0b5d70a69a%2Ca1477089d73c045c428f6246ff85bd78ea5fcfed5539be30a5d28e9e277884aa%2Caa09b353f434f3fce77d0c9b2b406c667565131c92b28add1869ab9633706f95%2C1531b5726cb5e0ea8148d5a47800a1150d9b624f36d4a591b66c07129d51d09d%2Cdf9cb612db106097142a414382ce95e874d4f170284a32ac5d17ed96249395be → 200  11.309s  delay=1.667 min_gap=0.000 last=1784792890.576
09:48:10.602  PRE   POST /api/trade/search/Standard  delay=1.667 min_gap=0.000 last=1784792890.576
09:48:10.602  ENF   delay=1.667 min_gap=0.000 jitter=2.635 gap=4.301 since_last=0.027 sleep=4.274
09:48:15.375  PARSE Account 3:5:60 → 2.500s/req pen=60s (used=2); Ip 8:10:60 → 1.094s/req pen=60s (used=2); Ip 15:60:120 → 4.400s/req pen=120s (used=6); Ip 60:300:1800 → 6.250s/req pen=1800s (used=30)  delay 1.667→7.250  min_gap→0  max_usage=50%
09:48:15.375  RAW   content-type: application/json
09:48:15.375  RAW   x-rate-limit-policy: trade-search-request-limit
09:48:15.375  RAW   x-rate-limit-rules: Account,Ip
09:48:15.375  RAW   x-rate-limit-account: 3:5:60
09:48:15.375  RAW   x-rate-limit-account-state: 2:5:0
09:48:15.375  RAW   x-rate-limit-ip: 8:10:60,15:60:120,60:300:1800
09:48:15.375  RAW   x-rate-limit-ip-state: 2:10:0,6:60:0,30:300:0
09:48:15.375  RAW   cf-cache-status: DYNAMIC
09:48:15.375  RAW   cf-ray: a1f914e90e266e1e-WAW
09:48:15.375  RESP  POST /api/trade/search/Standard → 200  4.773s  delay=7.250 min_gap=0.000 last=1784792895.376
09:48:15.375  PRE   GET /api/trade/fetch/80a4a79bfe8ef9c93f00344fbf81ec829c3a8afcd5520ef7c7e4e5157d52c6a4%2Ccf93e8e4ef3bfa40141baf9e70e2f232fd6346a912c636250a6809760698e77c%2C3a772053ce998b74749e52e26097612aa0e5e976bb8385d8b7c775bfbb85a741%2Caa1e69f8f5b78f2c704fa56b584ef054972e5fdef9adcb6fc0904ea7eee7e6f4%2C7f03c0a78318a00c63d0fc5bd93f7394f01c87fd8c4227683cfbc1e7608e67dd  delay=7.250 min_gap=0.000 last=1784792895.376
09:48:15.375  ENF   delay=7.250 min_gap=0.000 jitter=3.047 gap=10.297 since_last=0.000 sleep=10.297
09:48:26.055  PARSE Account 6:4:10 → 0.667s/req pen=10s (used=2); Ip 12:4:60 → 0.250s/req pen=60s (used=2); Ip 16:12:60 → 0.516s/req pen=60s (used=2)  delay 7.250→1.667  min_gap→0  max_usage=0%
09:48:26.055  RAW   content-type: application/json
09:48:26.055  RAW   x-rate-limit-policy: trade-fetch-request-limit
09:48:26.055  RAW   x-rate-limit-rules: Account,Ip
09:48:26.055  RAW   x-rate-limit-account: 6:4:10
09:48:26.055  RAW   x-rate-limit-account-state: 2:4:0
09:48:26.055  RAW   x-rate-limit-ip: 12:4:60,16:12:60
09:48:26.056  RAW   x-rate-limit-ip-state: 2:4:0,2:12:0
09:48:26.056  RAW   cf-cache-status: DYNAMIC
09:48:26.056  RAW   cf-ray: a1f9152c7b636e1e-WAW
09:48:26.056  RESP  GET /api/trade/fetch/80a4a79bfe8ef9c93f00344fbf81ec829c3a8afcd5520ef7c7e4e5157d52c6a4%2Ccf93e8e4ef3bfa40141baf9e70e2f232fd6346a912c636250a6809760698e77c%2C3a772053ce998b74749e52e26097612aa0e5e976bb8385d8b7c775bfbb85a741%2Caa1e69f8f5b78f2c704fa56b584ef054972e5fdef9adcb6fc0904ea7eee7e6f4%2C7f03c0a78318a00c63d0fc5bd93f7394f01c87fd8c4227683cfbc1e7608e67dd → 200  10.680s  delay=1.667 min_gap=0.000 last=1784792906.056
09:48:26.056  PRE   POST /api/trade/search/Standard  delay=1.667 min_gap=0.000 last=1784792906.056
09:48:26.056  ENF   delay=1.667 min_gap=0.000 jitter=4.853 gap=6.519 since_last=0.000 sleep=6.519
09:48:33.266  PARSE Account 3:5:60 → 2.500s/req pen=60s (used=2); Ip 8:10:60 → 1.094s/req pen=60s (used=2); Ip 15:60:120 → 4.400s/req pen=120s (used=6); Ip 60:300:1800 → 6.500s/req pen=1800s (used=32)  delay 1.667→7.500  min_gap→0  max_usage=53%
09:48:33.266  RAW   content-type: application/json
09:48:33.266  RAW   x-rate-limit-policy: trade-search-request-limit
09:48:33.266  RAW   x-rate-limit-rules: Account,Ip
09:48:33.266  RAW   x-rate-limit-account: 3:5:60
09:48:33.266  RAW   x-rate-limit-account-state: 2:5:0
09:48:33.266  RAW   x-rate-limit-ip: 8:10:60,15:60:120,60:300:1800
09:48:33.266  RAW   x-rate-limit-ip-state: 2:10:0,6:60:0,32:300:0
09:48:33.266  RAW   cf-cache-status: DYNAMIC
09:48:33.266  RAW   cf-ray: a1f915579a536e1e-WAW
09:48:33.266  RESP  POST /api/trade/search/Standard → 200  7.210s  delay=7.500 min_gap=0.000 last=1784792913.267
09:48:33.266  PRE   GET /api/trade/fetch/628142777ff319540202306011db54c0f93c35bf42870087a84d9fc2538ae5f9%2C26d59adb7d097b87fbc4d139d8602c7f29203a974bf53b2cd05066ab22f8f97a%2C7b90f48aea2a9c1346184a5d81fd0ce1ce1bb3791b1badc4c8cf7a6508f62982%2C2b185d5e706faa05601acd6b0388f651763bcc2b830288aae20c9b444f1c5ab0%2Cf4ae7e8b22823f80b3a6f28df848e3f9ba9dfa9c6976d754097fcb28fccdb767  delay=7.500 min_gap=0.000 last=1784792913.267
09:48:33.266  ENF   delay=7.500 min_gap=0.000 jitter=3.438 gap=10.938 since_last=0.000 sleep=10.938
09:48:44.600  PARSE Account 6:4:10 → 0.667s/req pen=10s (used=2); Ip 12:4:60 → 0.250s/req pen=60s (used=2); Ip 16:12:60 → 0.516s/req pen=60s (used=2)  delay 7.500→1.667  min_gap→0  max_usage=0%
09:48:44.600  RAW   content-type: application/json
09:48:44.600  RAW   x-rate-limit-policy: trade-fetch-request-limit
09:48:44.600  RAW   x-rate-limit-rules: Account,Ip
09:48:44.600  RAW   x-rate-limit-account: 6:4:10
09:48:44.600  RAW   x-rate-limit-account-state: 2:4:0
09:48:44.600  RAW   x-rate-limit-ip: 12:4:60,16:12:60
09:48:44.600  RAW   x-rate-limit-ip-state: 2:4:0,2:12:0
09:48:44.600  RAW   cf-cache-status: DYNAMIC
09:48:44.600  RAW   cf-ray: a1f915a049016e1e-WAW
09:48:44.600  RESP  GET /api/trade/fetch/628142777ff319540202306011db54c0f93c35bf42870087a84d9fc2538ae5f9%2C26d59adb7d097b87fbc4d139d8602c7f29203a974bf53b2cd05066ab22f8f97a%2C7b90f48aea2a9c1346184a5d81fd0ce1ce1bb3791b1badc4c8cf7a6508f62982%2C2b185d5e706faa05601acd6b0388f651763bcc2b830288aae20c9b444f1c5ab0%2Cf4ae7e8b22823f80b3a6f28df848e3f9ba9dfa9c6976d754097fcb28fccdb767 → 200  11.333s  delay=1.667 min_gap=0.000 last=1784792924.600
09:48:44.600  PRE   POST /api/trade/search/Standard  delay=1.667 min_gap=0.000 last=1784792924.600
09:48:44.600  ENF   delay=1.667 min_gap=0.000 jitter=3.819 gap=5.486 since_last=0.000 sleep=5.486
09:48:50.679  PARSE Account 3:5:60 → 2.500s/req pen=60s (used=2); Ip 8:10:60 → 1.094s/req pen=60s (used=2); Ip 15:60:120 → 4.400s/req pen=120s (used=6); Ip 60:300:1800 → 6.750s/req pen=1800s (used=34)  delay 1.667→7.750  min_gap→0  max_usage=57%
09:48:50.680  RAW   content-type: application/json
09:48:50.680  RAW   x-rate-limit-policy: trade-search-request-limit
09:48:50.680  RAW   x-rate-limit-rules: Account,Ip
09:48:50.680  RAW   x-rate-limit-account: 3:5:60
09:48:50.680  RAW   x-rate-limit-account-state: 2:5:0
09:48:50.680  RAW   x-rate-limit-ip: 8:10:60,15:60:120,60:300:1800
09:48:50.680  RAW   x-rate-limit-ip-state: 2:10:0,6:60:0,34:300:0
09:48:50.680  RAW   cf-cache-status: DYNAMIC
09:48:50.680  RAW   cf-ray: a1f915c509d26e1e-WAW
09:48:50.680  RESP  POST /api/trade/search/Standard → 200  6.079s  delay=7.750 min_gap=0.000 last=1784792930.680
09:48:50.680  PRE   GET /api/trade/fetch/80a4a79bfe8ef9c93f00344fbf81ec829c3a8afcd5520ef7c7e4e5157d52c6a4%2Ccf93e8e4ef3bfa40141baf9e70e2f232fd6346a912c636250a6809760698e77c%2C7f03c0a78318a00c63d0fc5bd93f7394f01c87fd8c4227683cfbc1e7608e67dd%2Ceb7f164594fb9b6ae1625adbb8a8ec20cecfe451105b910e4b1af67fc05976b1%2Cd0eabed80b974bc0a00c6333bfadf8ce0edbe1682f9ef26c70ca662c1c0c0ce3  delay=7.750 min_gap=0.000 last=1784792930.680
09:48:50.680  ENF   delay=7.750 min_gap=0.000 jitter=4.005 gap=11.755 since_last=0.000 sleep=11.755
09:49:02.942  PARSE Account 6:4:10 → 0.500s/req pen=10s (used=1); Ip 12:4:60 → 0.208s/req pen=60s (used=1); Ip 16:12:60 → 0.516s/req pen=60s (used=2)  delay 7.750→1.516  min_gap→0  max_usage=0%
09:49:02.942  RAW   content-type: application/json
09:49:02.942  RAW   x-rate-limit-policy: trade-fetch-request-limit
09:49:02.942  RAW   x-rate-limit-rules: Account,Ip
09:49:02.942  RAW   x-rate-limit-account: 6:4:10
09:49:02.942  RAW   x-rate-limit-account-state: 1:4:0
09:49:02.942  RAW   x-rate-limit-ip: 12:4:60,16:12:60
09:49:02.942  RAW   x-rate-limit-ip-state: 1:4:0,2:12:0
09:49:02.942  RAW   cf-cache-status: DYNAMIC
09:49:02.942  RAW   cf-ray: a1f9161238ab6e1e-WAW
09:49:02.942  RESP  GET /api/trade/fetch/80a4a79bfe8ef9c93f00344fbf81ec829c3a8afcd5520ef7c7e4e5157d52c6a4%2Ccf93e8e4ef3bfa40141baf9e70e2f232fd6346a912c636250a6809760698e77c%2C7f03c0a78318a00c63d0fc5bd93f7394f01c87fd8c4227683cfbc1e7608e67dd%2Ceb7f164594fb9b6ae1625adbb8a8ec20cecfe451105b910e4b1af67fc05976b1%2Cd0eabed80b974bc0a00c6333bfadf8ce0edbe1682f9ef26c70ca662c1c0c0ce3 → 200  12.262s  delay=1.516 min_gap=0.000 last=1784792942.943
09:49:02.965  PRE   POST /api/trade/search/Standard  delay=1.516 min_gap=0.000 last=1784792942.943
09:49:02.965  ENF   delay=1.516 min_gap=0.000 jitter=4.804 gap=6.319 since_last=0.023 sleep=6.297
09:49:09.671  PARSE Account 3:5:60 → 2.500s/req pen=60s (used=2); Ip 8:10:60 → 1.094s/req pen=60s (used=2); Ip 15:60:120 → 4.800s/req pen=120s (used=7); Ip 60:300:1800 → 6.250s/req pen=1800s (used=30)  delay 1.516→7.250  min_gap→0  max_usage=50%
09:49:09.671  RAW   content-type: application/json
09:49:09.671  RAW   x-rate-limit-policy: trade-search-request-limit
09:49:09.671  RAW   x-rate-limit-rules: Account,Ip
09:49:09.671  RAW   x-rate-limit-account: 3:5:60
09:49:09.671  RAW   x-rate-limit-account-state: 2:5:0
09:49:09.671  RAW   x-rate-limit-ip: 8:10:60,15:60:120,60:300:1800
09:49:09.671  RAW   x-rate-limit-ip-state: 2:10:0,7:60:0,30:300:0
09:49:09.671  RAW   cf-cache-status: DYNAMIC
09:49:09.671  RAW   cf-ray: a1f9163ceb1a6e1e-WAW
09:49:09.671  RESP  POST /api/trade/search/Standard → 200  6.706s  delay=7.250 min_gap=0.000 last=1784792949.672
09:49:09.671  PRE   GET /api/trade/fetch/3f394dd3358bfc21e75b905287630e8c3149ebdd33f10ef7f36829f39e72d73a%2C05b051417060e90797701fab241ef72170ef95d81e56915fe3fdd90610c40c14%2C829b294abcff45b82f23c5a74ebbbd7b658003baf597008a3dfde9a052a12e6c%2Cfa76df552e40cdb0bea3a7daa0c4b4b7ba20254ef472a4fdda4a38b28fdb40bb%2Caa09b353f434f3fce77d0c9b2b406c667565131c92b28add1869ab9633706f95  delay=7.250 min_gap=0.000 last=1784792949.672
09:49:09.671  ENF   delay=7.250 min_gap=0.000 jitter=4.609 gap=11.859 since_last=0.000 sleep=11.859
09:49:22.102  PARSE Account 6:4:10 → 0.500s/req pen=10s (used=1); Ip 12:4:60 → 0.208s/req pen=60s (used=1); Ip 16:12:60 → 0.516s/req pen=60s (used=2)  delay 7.250→1.516  min_gap→0  max_usage=0%
09:49:22.102  RAW   content-type: application/json
09:49:22.102  RAW   x-rate-limit-policy: trade-fetch-request-limit
09:49:22.102  RAW   x-rate-limit-rules: Account,Ip
09:49:22.102  RAW   x-rate-limit-account: 6:4:10
09:49:22.102  RAW   x-rate-limit-account-state: 1:4:0
09:49:22.102  RAW   x-rate-limit-ip: 12:4:60,16:12:60
09:49:22.102  RAW   x-rate-limit-ip-state: 1:4:0,2:12:0
09:49:22.102  RAW   cf-cache-status: DYNAMIC
09:49:22.102  RAW   cf-ray: a1f916899f5a6e1e-WAW
09:49:22.102  RESP  GET /api/trade/fetch/3f394dd3358bfc21e75b905287630e8c3149ebdd33f10ef7f36829f39e72d73a%2C05b051417060e90797701fab241ef72170ef95d81e56915fe3fdd90610c40c14%2C829b294abcff45b82f23c5a74ebbbd7b658003baf597008a3dfde9a052a12e6c%2Cfa76df552e40cdb0bea3a7daa0c4b4b7ba20254ef472a4fdda4a38b28fdb40bb%2Caa09b353f434f3fce77d0c9b2b406c667565131c92b28add1869ab9633706f95 → 200  12.430s  delay=1.516 min_gap=0.000 last=1784792962.102
09:49:22.102  PRE   POST /api/trade/search/Standard  delay=1.516 min_gap=0.000 last=1784792962.102
09:49:22.102  ENF   delay=1.516 min_gap=0.000 jitter=4.027 gap=5.542 since_last=0.000 sleep=5.542
09:49:28.530  PARSE Account 3:5:60 → 2.500s/req pen=60s (used=2); Ip 8:10:60 → 1.094s/req pen=60s (used=2); Ip 15:60:120 → 4.800s/req pen=120s (used=7); Ip 60:300:1800 → 6.500s/req pen=1800s (used=32)  delay 1.516→7.500  min_gap→0  max_usage=53%
09:49:28.530  RAW   content-type: application/json
09:49:28.530  RAW   x-rate-limit-policy: trade-search-request-limit
09:49:28.530  RAW   x-rate-limit-rules: Account,Ip
09:49:28.530  RAW   x-rate-limit-account: 3:5:60
09:49:28.530  RAW   x-rate-limit-account-state: 2:5:0
09:49:28.530  RAW   x-rate-limit-ip: 8:10:60,15:60:120,60:300:1800
09:49:28.530  RAW   x-rate-limit-ip-state: 2:10:0,7:60:0,32:300:0
09:49:28.530  RAW   cf-cache-status: DYNAMIC
09:49:28.530  RAW   cf-ray: a1f916afcc2d6e1e-WAW
09:49:28.530  RESP  POST /api/trade/search/Standard → 200  6.428s  delay=7.500 min_gap=0.000 last=1784792968.531
09:49:28.530  PRE   GET /api/trade/fetch/628142777ff319540202306011db54c0f93c35bf42870087a84d9fc2538ae5f9%2C26d59adb7d097b87fbc4d139d8602c7f29203a974bf53b2cd05066ab22f8f97a%2C7b90f48aea2a9c1346184a5d81fd0ce1ce1bb3791b1badc4c8cf7a6508f62982%2Cf4ae7e8b22823f80b3a6f28df848e3f9ba9dfa9c6976d754097fcb28fccdb767%2C200bb5ee008845336d012afd79d33f243a88fc11574c78ee65ea43965648c78d  delay=7.500 min_gap=0.000 last=1784792968.531
09:49:28.530  ENF   delay=7.500 min_gap=0.000 jitter=3.282 gap=10.782 since_last=0.000 sleep=10.781
09:49:40.117  PARSE Account 6:4:10 → 0.500s/req pen=10s (used=1); Ip 12:4:60 → 0.208s/req pen=60s (used=1); Ip 16:12:60 → 0.516s/req pen=60s (used=2)  delay 7.500→1.516  min_gap→0  max_usage=0%
09:49:40.118  RAW   content-type: application/json
09:49:40.118  RAW   x-rate-limit-policy: trade-fetch-request-limit
09:49:40.118  RAW   x-rate-limit-rules: Account,Ip
09:49:40.118  RAW   x-rate-limit-account: 6:4:10
09:49:40.118  RAW   x-rate-limit-account-state: 1:4:0
09:49:40.118  RAW   x-rate-limit-ip: 12:4:60,16:12:60
09:49:40.118  RAW   x-rate-limit-ip-state: 1:4:0,2:12:0
09:49:40.118  RAW   cf-cache-status: DYNAMIC
09:49:40.118  RAW   cf-ray: a1f916f8b8226e1e-WAW
09:49:40.118  RESP  GET /api/trade/fetch/628142777ff319540202306011db54c0f93c35bf42870087a84d9fc2538ae5f9%2C26d59adb7d097b87fbc4d139d8602c7f29203a974bf53b2cd05066ab22f8f97a%2C7b90f48aea2a9c1346184a5d81fd0ce1ce1bb3791b1badc4c8cf7a6508f62982%2Cf4ae7e8b22823f80b3a6f28df848e3f9ba9dfa9c6976d754097fcb28fccdb767%2C200bb5ee008845336d012afd79d33f243a88fc11574c78ee65ea43965648c78d → 200  11.587s  delay=1.516 min_gap=0.000 last=1784792980.118
09:49:40.118  PRE   POST /api/trade/search/Standard  delay=1.516 min_gap=0.000 last=1784792980.118
09:49:40.118  ENF   delay=1.516 min_gap=0.000 jitter=4.321 gap=5.837 since_last=0.000 sleep=5.837
09:49:46.501  PARSE Account 3:5:60 → 1.667s/req pen=60s (used=1); Ip 8:10:60 → 1.094s/req pen=60s (used=2); Ip 15:60:120 → 4.400s/req pen=120s (used=6); Ip 60:300:1800 → 6.750s/req pen=1800s (used=34)  delay 1.516→7.750  min_gap→0  max_usage=57%
09:49:46.501  RAW   content-type: application/json
09:49:46.501  RAW   x-rate-limit-policy: trade-search-request-limit
09:49:46.501  RAW   x-rate-limit-rules: Account,Ip
09:49:46.501  RAW   x-rate-limit-account: 3:5:60
09:49:46.501  RAW   x-rate-limit-account-state: 1:5:0
09:49:46.501  RAW   x-rate-limit-ip: 8:10:60,15:60:120,60:300:1800
09:49:46.501  RAW   x-rate-limit-ip-state: 2:10:0,6:60:0,34:300:0
09:49:46.501  RAW   cf-cache-status: DYNAMIC
09:49:46.501  RAW   cf-ray: a1f917223de06e1e-WAW
09:49:46.501  RESP  POST /api/trade/search/Standard → 200  6.383s  delay=7.750 min_gap=0.000 last=1784792986.502
09:49:46.501  PRE   GET /api/trade/fetch/aa09b353f434f3fce77d0c9b2b406c667565131c92b28add1869ab9633706f95%2Cdf9cb612db106097142a414382ce95e874d4f170284a32ac5d17ed96249395be%2C2c0efad2496d200680655692cb812cdf9683dea79487bd01c9a2f461944e7cf0%2Ccc2020b839576be184052e1ced905da377d363742df7178047ddc5ea343e2902%2Cc07922b65e6a54f7ddf229d738b84d40085698e7a0fbad5dcabe747f19f645b8  delay=7.750 min_gap=0.000 last=1784792986.502
09:49:46.501  ENF   delay=7.750 min_gap=0.000 jitter=3.406 gap=11.156 since_last=0.000 sleep=11.156
09:49:58.155  PARSE Account 6:4:10 → 0.500s/req pen=10s (used=1); Ip 12:4:60 → 0.208s/req pen=60s (used=1); Ip 16:12:60 → 0.516s/req pen=60s (used=2)  delay 7.750→1.516  min_gap→0  max_usage=0%
09:49:58.155  RAW   content-type: application/json
09:49:58.155  RAW   x-rate-limit-policy: trade-fetch-request-limit
09:49:58.155  RAW   x-rate-limit-rules: Account,Ip
09:49:58.155  RAW   x-rate-limit-account: 6:4:10
09:49:58.155  RAW   x-rate-limit-account-state: 1:4:0
09:49:58.155  RAW   x-rate-limit-ip: 12:4:60,16:12:60
09:49:58.155  RAW   x-rate-limit-ip-state: 1:4:0,2:12:0
09:49:58.155  RAW   cf-cache-status: DYNAMIC
09:49:58.155  RAW   cf-ray: a1f9176b6c1a6e1e-WAW
09:49:58.155  RESP  GET /api/trade/fetch/aa09b353f434f3fce77d0c9b2b406c667565131c92b28add1869ab9633706f95%2Cdf9cb612db106097142a414382ce95e874d4f170284a32ac5d17ed96249395be%2C2c0efad2496d200680655692cb812cdf9683dea79487bd01c9a2f461944e7cf0%2Ccc2020b839576be184052e1ced905da377d363742df7178047ddc5ea343e2902%2Cc07922b65e6a54f7ddf229d738b84d40085698e7a0fbad5dcabe747f19f645b8 → 200  11.654s  delay=1.516 min_gap=0.000 last=1784792998.156
09:49:58.182  PRE   POST /api/trade/search/Standard  delay=1.516 min_gap=0.000 last=1784792998.156
09:49:58.182  ENF   delay=1.516 min_gap=0.000 jitter=2.417 gap=3.933 since_last=0.027 sleep=3.906
09:50:02.542  PARSE Account 3:5:60 → 2.500s/req pen=60s (used=2); Ip 8:10:60 → 1.094s/req pen=60s (used=2); Ip 15:60:120 → 4.400s/req pen=120s (used=6); Ip 60:300:1800 → 6.125s/req pen=1800s (used=29)  delay 1.516→7.125  min_gap→0  max_usage=48%
09:50:02.542  RAW   content-type: application/json
09:50:02.542  RAW   x-rate-limit-policy: trade-search-request-limit
09:50:02.542  RAW   x-rate-limit-rules: Account,Ip
09:50:02.542  RAW   x-rate-limit-account: 3:5:60
09:50:02.542  RAW   x-rate-limit-account-state: 2:5:0
09:50:02.542  RAW   x-rate-limit-ip: 8:10:60,15:60:120,60:300:1800
09:50:02.542  RAW   x-rate-limit-ip-state: 2:10:0,6:60:0,29:300:0
09:50:02.542  RAW   cf-cache-status: DYNAMIC
09:50:02.542  RAW   cf-ray: a1f917871f7b6e1e-WAW
09:50:02.542  RESP  POST /api/trade/search/Standard → 200  4.360s  delay=7.125 min_gap=0.000 last=1784793002.542
09:50:02.542  PRE   GET /api/trade/fetch/8bb8cfb3e1a77188516dfa4b2a01314016fe6a101945d4889efb7c8221fbd24b%2C83df1a7379b24fa1979088fca4616f8ace0db64ce8f06b6b994362111cb0133e%2C3a100f1c40c2f4d7dc857f20c0515f2f221905a374df606486dc068efca39d79%2C80416bf1fa975bf134e2b76725a004367f37801b1b0e59de13d6da9900b3f2a7%2Ccab4278e4df71cd022212cfb37b1b416ab10892d3ee3e4f577ef10b49e82c1bd  delay=7.125 min_gap=0.000 last=1784793002.542
09:50:02.542  ENF   delay=7.125 min_gap=0.000 jitter=4.990 gap=12.115 since_last=0.000 sleep=12.115
09:50:15.238  PARSE Account 6:4:10 → 0.500s/req pen=10s (used=1); Ip 12:4:60 → 0.208s/req pen=60s (used=1); Ip 16:12:60 → 0.516s/req pen=60s (used=2)  delay 7.125→1.516  min_gap→0  max_usage=0%
09:50:15.238  RAW   content-type: application/json
09:50:15.238  RAW   x-rate-limit-policy: trade-fetch-request-limit
09:50:15.238  RAW   x-rate-limit-rules: Account,Ip
09:50:15.238  RAW   x-rate-limit-account: 6:4:10
09:50:15.238  RAW   x-rate-limit-account-state: 1:4:0
09:50:15.238  RAW   x-rate-limit-ip: 12:4:60,16:12:60
09:50:15.238  RAW   x-rate-limit-ip-state: 1:4:0,2:12:0
09:50:15.238  RAW   cf-cache-status: DYNAMIC
09:50:15.238  RAW   cf-ray: a1f917d5997f6e1e-WAW
09:50:15.238  RESP  GET /api/trade/fetch/8bb8cfb3e1a77188516dfa4b2a01314016fe6a101945d4889efb7c8221fbd24b%2C83df1a7379b24fa1979088fca4616f8ace0db64ce8f06b6b994362111cb0133e%2C3a100f1c40c2f4d7dc857f20c0515f2f221905a374df606486dc068efca39d79%2C80416bf1fa975bf134e2b76725a004367f37801b1b0e59de13d6da9900b3f2a7%2Ccab4278e4df71cd022212cfb37b1b416ab10892d3ee3e4f577ef10b49e82c1bd → 200  12.696s  delay=1.516 min_gap=0.000 last=1784793015.238
09:50:15.238  PRE   POST /api/trade/search/Standard  delay=1.516 min_gap=0.000 last=1784793015.238
09:50:15.238  ENF   delay=1.516 min_gap=0.000 jitter=2.346 gap=3.862 since_last=0.000 sleep=3.862
09:50:19.568  PARSE Account 3:5:60 → 2.500s/req pen=60s (used=2); Ip 8:10:60 → 1.094s/req pen=60s (used=2); Ip 15:60:120 → 4.400s/req pen=120s (used=6); Ip 60:300:1800 → 6.375s/req pen=1800s (used=31)  delay 1.516→7.375  min_gap→0  max_usage=52%
09:50:19.568  RAW   content-type: application/json
09:50:19.568  RAW   x-rate-limit-policy: trade-search-request-limit
09:50:19.568  RAW   x-rate-limit-rules: Account,Ip
09:50:19.568  RAW   x-rate-limit-account: 3:5:60
09:50:19.568  RAW   x-rate-limit-account-state: 2:5:0
09:50:19.568  RAW   x-rate-limit-ip: 8:10:60,15:60:120,60:300:1800
09:50:19.568  RAW   x-rate-limit-ip-state: 2:10:0,6:60:0,31:300:0
09:50:19.568  RAW   cf-cache-status: DYNAMIC
09:50:19.568  RAW   cf-ray: a1f917f16b566e1e-WAW
09:50:19.568  RESP  POST /api/trade/search/Standard → 200  4.329s  delay=7.375 min_gap=0.000 last=1784793019.568
09:50:19.568  PRE   GET /api/trade/fetch/628142777ff319540202306011db54c0f93c35bf42870087a84d9fc2538ae5f9%2C26d59adb7d097b87fbc4d139d8602c7f29203a974bf53b2cd05066ab22f8f97a%2C7b90f48aea2a9c1346184a5d81fd0ce1ce1bb3791b1badc4c8cf7a6508f62982%2Cf4ae7e8b22823f80b3a6f28df848e3f9ba9dfa9c6976d754097fcb28fccdb767%2C200bb5ee008845336d012afd79d33f243a88fc11574c78ee65ea43965648c78d  delay=7.375 min_gap=0.000 last=1784793019.568
09:50:19.568  ENF   delay=7.375 min_gap=0.000 jitter=2.063 gap=9.438 since_last=0.000 sleep=9.438
09:50:29.312  PARSE Account 6:4:10 → 0.667s/req pen=10s (used=2); Ip 12:4:60 → 0.250s/req pen=60s (used=2); Ip 16:12:60 → 0.516s/req pen=60s (used=2)  delay 7.375→1.667  min_gap→0  max_usage=0%
09:50:29.312  RAW   content-type: application/json
09:50:29.312  RAW   x-rate-limit-policy: trade-fetch-request-limit
09:50:29.312  RAW   x-rate-limit-rules: Account,Ip
09:50:29.312  RAW   x-rate-limit-account: 6:4:10
09:50:29.312  RAW   x-rate-limit-account-state: 2:4:0
09:50:29.312  RAW   x-rate-limit-ip: 12:4:60,16:12:60
09:50:29.312  RAW   x-rate-limit-ip-state: 2:4:0,2:12:0
09:50:29.312  RAW   cf-cache-status: DYNAMIC
09:50:29.312  RAW   cf-ray: a1f9182f481c6e1e-WAW
09:50:29.312  RESP  GET /api/trade/fetch/628142777ff319540202306011db54c0f93c35bf42870087a84d9fc2538ae5f9%2C26d59adb7d097b87fbc4d139d8602c7f29203a974bf53b2cd05066ab22f8f97a%2C7b90f48aea2a9c1346184a5d81fd0ce1ce1bb3791b1badc4c8cf7a6508f62982%2Cf4ae7e8b22823f80b3a6f28df848e3f9ba9dfa9c6976d754097fcb28fccdb767%2C200bb5ee008845336d012afd79d33f243a88fc11574c78ee65ea43965648c78d → 200  9.744s  delay=1.667 min_gap=0.000 last=1784793029.312
09:50:29.312  PRE   POST /api/trade/search/Standard  delay=1.667 min_gap=0.000 last=1784793029.312
09:50:29.312  ENF   delay=1.667 min_gap=0.000 jitter=2.994 gap=4.661 since_last=0.000 sleep=4.661
09:50:34.324  PARSE Account 3:5:60 → 2.500s/req pen=60s (used=2); Ip 8:10:60 → 1.094s/req pen=60s (used=2); Ip 15:60:120 → 4.800s/req pen=120s (used=7); Ip 60:300:1800 → 6.625s/req pen=1800s (used=33)  delay 1.667→7.625  min_gap→0  max_usage=55%
09:50:34.324  RAW   content-type: application/json
09:50:34.324  RAW   x-rate-limit-policy: trade-search-request-limit
09:50:34.324  RAW   x-rate-limit-rules: Account,Ip
09:50:34.324  RAW   x-rate-limit-account: 3:5:60
09:50:34.324  RAW   x-rate-limit-account-state: 2:5:0
09:50:34.324  RAW   x-rate-limit-ip: 8:10:60,15:60:120,60:300:1800
09:50:34.324  RAW   x-rate-limit-ip-state: 2:10:0,7:60:0,33:300:0
09:50:34.324  RAW   cf-cache-status: DYNAMIC
09:50:34.324  RAW   cf-ray: a1f9184e58ea6e1e-WAW
09:50:34.324  RESP  POST /api/trade/search/Standard → 200  5.012s  delay=7.625 min_gap=0.000 last=1784793034.325
09:50:34.324  PRE   GET /api/trade/fetch/3a100f1c40c2f4d7dc857f20c0515f2f221905a374df606486dc068efca39d79%2C7e93be0d35f517af314149ea731ddf58b4e6bbda6f3edf5e162e37c9584f33a7%2C3f9270cd3a9a1bb3853f041b453a00e6447f670d2ae285553a9d7209432e90af%2C04c65df21ade7b1861c247ced6892e824fbc93c4d37e9807bd98fcd7e752c514%2Cb9102aca9a43080dce444f74e2c3e009c0000caf154db70ed46bb25b0518ad6c  delay=7.625 min_gap=0.000 last=1784793034.325
09:50:34.324  ENF   delay=7.625 min_gap=0.000 jitter=4.220 gap=11.845 since_last=0.000 sleep=11.845
09:50:46.616  PARSE Account 6:4:10 → 0.667s/req pen=10s (used=2); Ip 12:4:60 → 0.250s/req pen=60s (used=2); Ip 16:12:60 → 0.516s/req pen=60s (used=2)  delay 7.625→1.667  min_gap→0  max_usage=0%
09:50:46.616  RAW   content-type: application/json
09:50:46.616  RAW   x-rate-limit-policy: trade-fetch-request-limit
09:50:46.616  RAW   x-rate-limit-rules: Account,Ip
09:50:46.616  RAW   x-rate-limit-account: 6:4:10
09:50:46.616  RAW   x-rate-limit-account-state: 2:4:0
09:50:46.616  RAW   x-rate-limit-ip: 12:4:60,16:12:60
09:50:46.616  RAW   x-rate-limit-ip-state: 2:4:0,2:12:0
09:50:46.616  RAW   cf-cache-status: DYNAMIC
09:50:46.616  RAW   cf-ray: a1f9189a9d336e1e-WAW
09:50:46.616  RESP  GET /api/trade/fetch/3a100f1c40c2f4d7dc857f20c0515f2f221905a374df606486dc068efca39d79%2C7e93be0d35f517af314149ea731ddf58b4e6bbda6f3edf5e162e37c9584f33a7%2C3f9270cd3a9a1bb3853f041b453a00e6447f670d2ae285553a9d7209432e90af%2C04c65df21ade7b1861c247ced6892e824fbc93c4d37e9807bd98fcd7e752c514%2Cb9102aca9a43080dce444f74e2c3e009c0000caf154db70ed46bb25b0518ad6c → 200  12.292s  delay=1.667 min_gap=0.000 last=1784793046.617
09:50:46.641  PRE   POST /api/trade/search/Standard  delay=1.667 min_gap=0.000 last=1784793046.617
09:50:46.641  ENF   delay=1.667 min_gap=0.000 jitter=3.398 gap=5.064 since_last=0.025 sleep=5.040
09:50:52.144  PARSE Account 3:5:60 → 2.500s/req pen=60s (used=2); Ip 8:10:60 → 1.094s/req pen=60s (used=2); Ip 15:60:120 → 4.800s/req pen=120s (used=7); Ip 60:300:1800 → 6.875s/req pen=1800s (used=35)  delay 1.667→7.875  min_gap→0  max_usage=58%
09:50:52.144  RAW   content-type: application/json
09:50:52.144  RAW   x-rate-limit-policy: trade-search-request-limit
09:50:52.144  RAW   x-rate-limit-rules: Account,Ip
09:50:52.144  RAW   x-rate-limit-account: 3:5:60
09:50:52.144  RAW   x-rate-limit-account-state: 2:5:0
09:50:52.144  RAW   x-rate-limit-ip: 8:10:60,15:60:120,60:300:1800
09:50:52.144  RAW   x-rate-limit-ip-state: 2:10:0,7:60:0,35:300:0
09:50:52.144  RAW   cf-cache-status: DYNAMIC
09:50:52.144  RAW   cf-ray: a1f918bd0aad6e1e-WAW
09:50:52.144  RESP  POST /api/trade/search/Standard → 200  5.503s  delay=7.875 min_gap=0.000 last=1784793052.145
09:50:52.144  PRE   GET /api/trade/fetch/80a4a79bfe8ef9c93f00344fbf81ec829c3a8afcd5520ef7c7e4e5157d52c6a4%2Ccf93e8e4ef3bfa40141baf9e70e2f232fd6346a912c636250a6809760698e77c%2C3a772053ce998b74749e52e26097612aa0e5e976bb8385d8b7c775bfbb85a741%2C7f03c0a78318a00c63d0fc5bd93f7394f01c87fd8c4227683cfbc1e7608e67dd%2Caa1e69f8f5b78f2c704fa56b584ef054972e5fdef9adcb6fc0904ea7eee7e6f4  delay=7.875 min_gap=0.000 last=1784793052.145
09:50:52.144  ENF   delay=7.875 min_gap=0.000 jitter=4.991 gap=12.866 since_last=0.000 sleep=12.866
09:51:05.464  PARSE Account 6:4:10 → 0.500s/req pen=10s (used=1); Ip 12:4:60 → 0.208s/req pen=60s (used=1); Ip 16:12:60 → 0.516s/req pen=60s (used=2)  delay 7.875→1.516  min_gap→0  max_usage=0%
09:51:05.465  RAW   content-type: application/json
09:51:05.465  RAW   x-rate-limit-policy: trade-fetch-request-limit
09:51:05.465  RAW   x-rate-limit-rules: Account,Ip
09:51:05.465  RAW   x-rate-limit-account: 6:4:10
09:51:05.465  RAW   x-rate-limit-account-state: 1:4:0
09:51:05.465  RAW   x-rate-limit-ip: 12:4:60,16:12:60
09:51:05.465  RAW   x-rate-limit-ip-state: 1:4:0,2:12:0
09:51:05.465  RAW   cf-cache-status: DYNAMIC
09:51:05.465  RAW   cf-ray: a1f919105e596e1e-WAW
09:51:05.465  RESP  GET /api/trade/fetch/80a4a79bfe8ef9c93f00344fbf81ec829c3a8afcd5520ef7c7e4e5157d52c6a4%2Ccf93e8e4ef3bfa40141baf9e70e2f232fd6346a912c636250a6809760698e77c%2C3a772053ce998b74749e52e26097612aa0e5e976bb8385d8b7c775bfbb85a741%2C7f03c0a78318a00c63d0fc5bd93f7394f01c87fd8c4227683cfbc1e7608e67dd%2Caa1e69f8f5b78f2c704fa56b584ef054972e5fdef9adcb6fc0904ea7eee7e6f4 → 200  13.320s  delay=1.516 min_gap=0.000 last=1784793065.465
09:51:05.465  PRE   POST /api/trade/search/Standard  delay=1.516 min_gap=0.000 last=1784793065.465
09:51:05.465  ENF   delay=1.516 min_gap=0.000 jitter=3.153 gap=4.669 since_last=0.000 sleep=4.669
09:51:10.505  PARSE Account 3:5:60 → 1.667s/req pen=60s (used=1); Ip 8:10:60 → 1.094s/req pen=60s (used=2); Ip 15:60:120 → 5.200s/req pen=120s (used=8); Ip 60:300:1800 → 6.250s/req pen=1800s (used=30)  delay 1.516→7.250  min_gap→0  max_usage=53%
09:51:10.505  RAW   content-type: application/json
09:51:10.505  RAW   x-rate-limit-policy: trade-search-request-limit
09:51:10.505  RAW   x-rate-limit-rules: Account,Ip
09:51:10.505  RAW   x-rate-limit-account: 3:5:60
09:51:10.505  RAW   x-rate-limit-account-state: 1:5:0
09:51:10.505  RAW   x-rate-limit-ip: 8:10:60,15:60:120,60:300:1800
09:51:10.505  RAW   x-rate-limit-ip-state: 2:10:0,8:60:0,30:300:0
09:51:10.505  RAW   cf-cache-status: DYNAMIC
09:51:10.505  RAW   cf-ray: a1f919305a216e1e-WAW
09:51:10.505  RESP  POST /api/trade/search/Standard → 200  5.040s  delay=7.250 min_gap=0.000 last=1784793070.506
09:51:10.505  PRE   GET /api/trade/fetch/628142777ff319540202306011db54c0f93c35bf42870087a84d9fc2538ae5f9%2C26d59adb7d097b87fbc4d139d8602c7f29203a974bf53b2cd05066ab22f8f97a%2C7b90f48aea2a9c1346184a5d81fd0ce1ce1bb3791b1badc4c8cf7a6508f62982%2C2b185d5e706faa05601acd6b0388f651763bcc2b830288aae20c9b444f1c5ab0%2C200bb5ee008845336d012afd79d33f243a88fc11574c78ee65ea43965648c78d  delay=7.250 min_gap=0.000 last=1784793070.506
09:51:10.505  ENF   delay=7.250 min_gap=0.000 jitter=2.403 gap=9.653 since_last=0.000 sleep=9.653
09:51:20.550  PARSE Account 6:4:10 → 0.500s/req pen=10s (used=1); Ip 12:4:60 → 0.208s/req pen=60s (used=1); Ip 16:12:60 → 0.516s/req pen=60s (used=2)  delay 7.250→1.516  min_gap→0  max_usage=0%
09:51:20.550  RAW   content-type: application/json
09:51:20.550  RAW   x-rate-limit-policy: trade-fetch-request-limit
09:51:20.550  RAW   x-rate-limit-rules: Account,Ip
09:51:20.550  RAW   x-rate-limit-account: 6:4:10
09:51:20.550  RAW   x-rate-limit-account-state: 1:4:0
09:51:20.550  RAW   x-rate-limit-ip: 12:4:60,16:12:60
09:51:20.550  RAW   x-rate-limit-ip-state: 1:4:0,2:12:0
09:51:20.550  RAW   cf-cache-status: DYNAMIC
09:51:20.550  RAW   cf-ray: a1f9196f09346e1e-WAW
09:51:20.550  RESP  GET /api/trade/fetch/628142777ff319540202306011db54c0f93c35bf42870087a84d9fc2538ae5f9%2C26d59adb7d097b87fbc4d139d8602c7f29203a974bf53b2cd05066ab22f8f97a%2C7b90f48aea2a9c1346184a5d81fd0ce1ce1bb3791b1badc4c8cf7a6508f62982%2C2b185d5e706faa05601acd6b0388f651763bcc2b830288aae20c9b444f1c5ab0%2C200bb5ee008845336d012afd79d33f243a88fc11574c78ee65ea43965648c78d → 200  10.045s  delay=1.516 min_gap=0.000 last=1784793080.551
09:51:20.550  PRE   POST /api/trade/search/Standard  delay=1.516 min_gap=0.000 last=1784793080.551
09:51:20.550  ENF   delay=1.516 min_gap=0.000 jitter=2.072 gap=3.587 since_last=0.000 sleep=3.587
09:51:24.548  PARSE Account 3:5:60 → 2.500s/req pen=60s (used=2); Ip 8:10:60 → 1.094s/req pen=60s (used=2); Ip 15:60:120 → 5.200s/req pen=120s (used=8); Ip 60:300:1800 → 6.500s/req pen=1800s (used=32)  delay 1.516→7.500  min_gap→0  max_usage=53%
09:51:24.549  RAW   content-type: application/json
09:51:24.549  RAW   x-rate-limit-policy: trade-search-request-limit
09:51:24.549  RAW   x-rate-limit-rules: Account,Ip
09:51:24.549  RAW   x-rate-limit-account: 3:5:60
09:51:24.549  RAW   x-rate-limit-account-state: 2:5:0
09:51:24.549  RAW   x-rate-limit-ip: 8:10:60,15:60:120,60:300:1800
09:51:24.549  RAW   x-rate-limit-ip-state: 2:10:0,8:60:0,32:300:0
09:51:24.549  RAW   cf-cache-status: DYNAMIC
09:51:24.549  RAW   cf-ray: a1f91987eb346e1e-WAW
09:51:24.549  RESP  POST /api/trade/search/Standard → 200  3.998s  delay=7.500 min_gap=0.000 last=1784793084.549
09:51:24.549  PRE   GET /api/trade/fetch/80a4a79bfe8ef9c93f00344fbf81ec829c3a8afcd5520ef7c7e4e5157d52c6a4%2Ccf93e8e4ef3bfa40141baf9e70e2f232fd6346a912c636250a6809760698e77c%2C7f03c0a78318a00c63d0fc5bd93f7394f01c87fd8c4227683cfbc1e7608e67dd%2Ceb7f164594fb9b6ae1625adbb8a8ec20cecfe451105b910e4b1af67fc05976b1%2Cd0eabed80b974bc0a00c6333bfadf8ce0edbe1682f9ef26c70ca662c1c0c0ce3  delay=7.500 min_gap=0.000 last=1784793084.549
09:51:24.549  ENF   delay=7.500 min_gap=0.000 jitter=4.324 gap=11.824 since_last=0.000 sleep=11.824
09:51:36.786  PARSE Account 6:4:10 → 0.500s/req pen=10s (used=1); Ip 12:4:60 → 0.208s/req pen=60s (used=1); Ip 16:12:60 → 0.516s/req pen=60s (used=2)  delay 7.500→1.516  min_gap→0  max_usage=0%
09:51:36.786  RAW   content-type: application/json
09:51:36.786  RAW   x-rate-limit-policy: trade-fetch-request-limit
09:51:36.786  RAW   x-rate-limit-rules: Account,Ip
09:51:36.786  RAW   x-rate-limit-account: 6:4:10
09:51:36.786  RAW   x-rate-limit-account-state: 1:4:0
09:51:36.786  RAW   x-rate-limit-ip: 12:4:60,16:12:60
09:51:36.786  RAW   x-rate-limit-ip-state: 1:4:0,2:12:0
09:51:36.786  RAW   cf-cache-status: DYNAMIC
09:51:36.786  RAW   cf-ray: a1f919d45fb16e1e-WAW
09:51:36.786  RESP  GET /api/trade/fetch/80a4a79bfe8ef9c93f00344fbf81ec829c3a8afcd5520ef7c7e4e5157d52c6a4%2Ccf93e8e4ef3bfa40141baf9e70e2f232fd6346a912c636250a6809760698e77c%2C7f03c0a78318a00c63d0fc5bd93f7394f01c87fd8c4227683cfbc1e7608e67dd%2Ceb7f164594fb9b6ae1625adbb8a8ec20cecfe451105b910e4b1af67fc05976b1%2Cd0eabed80b974bc0a00c6333bfadf8ce0edbe1682f9ef26c70ca662c1c0c0ce3 → 200  12.237s  delay=1.516 min_gap=0.000 last=1784793096.787
09:51:36.813  PRE   POST /api/trade/search/Standard  delay=1.516 min_gap=0.000 last=1784793096.787
09:51:36.813  ENF   delay=1.516 min_gap=0.000 jitter=2.640 gap=4.156 since_last=0.027 sleep=4.129
09:51:41.389  PARSE Account 3:5:60 → 2.500s/req pen=60s (used=2); Ip 8:10:60 → 1.094s/req pen=60s (used=2); Ip 15:60:120 → 5.200s/req pen=120s (used=8); Ip 60:300:1800 → 6.750s/req pen=1800s (used=34)  delay 1.516→7.750  min_gap→0  max_usage=57%
09:51:41.389  RAW   content-type: application/json
09:51:41.389  RAW   x-rate-limit-policy: trade-search-request-limit
09:51:41.389  RAW   x-rate-limit-rules: Account,Ip
09:51:41.390  RAW   x-rate-limit-account: 3:5:60
09:51:41.390  RAW   x-rate-limit-account-state: 2:5:0
09:51:41.390  RAW   x-rate-limit-ip: 8:10:60,15:60:120,60:300:1800
09:51:41.390  RAW   x-rate-limit-ip-state: 2:10:0,8:60:0,34:300:0
09:51:41.390  RAW   cf-cache-status: DYNAMIC
09:51:41.390  RAW   cf-ray: a1f919f0efa56e1e-WAW
09:51:41.390  RESP  POST /api/trade/search/Standard → 200  4.577s  delay=7.750 min_gap=0.000 last=1784793101.390
09:51:41.390  PRE   GET /api/trade/fetch/7b5e45933a57178ea1d589929ba08e4a5a8711795df4b6303de69f72a01d12ee%2C28f9daa9d79ee09c20bda086df393c415f61e17dcdb64ce8ee0fd09fd18432b3%2Cc89cf2dd41c3c4333e02d10898a52f06acd3d2607fba18dce8295860c4d6f67c%2C6fe646e45d80b67d864cd733d0307bff5fc7a2eadabef6e2d119a12188cf280a%2Ca3ac36483bc62f6159ae1a7087254a3335ce5df194ae9b5a9bd6e1993ff8855c  delay=7.750 min_gap=0.000 last=1784793101.390
09:51:41.390  ENF   delay=7.750 min_gap=0.000 jitter=4.027 gap=11.777 since_last=0.000 sleep=11.777
09:51:53.684  PARSE Account 6:4:10 → 0.667s/req pen=10s (used=2); Ip 12:4:60 → 0.250s/req pen=60s (used=2); Ip 16:12:60 → 0.516s/req pen=60s (used=2)  delay 7.750→1.667  min_gap→0  max_usage=0%
09:51:53.685  RAW   content-type: application/json
09:51:53.685  RAW   x-rate-limit-policy: trade-fetch-request-limit
09:51:53.685  RAW   x-rate-limit-rules: Account,Ip
09:51:53.685  RAW   x-rate-limit-account: 6:4:10
09:51:53.685  RAW   x-rate-limit-account-state: 2:4:0
09:51:53.685  RAW   x-rate-limit-ip: 12:4:60,16:12:60
09:51:53.685  RAW   x-rate-limit-ip-state: 2:4:0,2:12:0
09:51:53.685  RAW   cf-cache-status: DYNAMIC
09:51:53.685  RAW   cf-ray: a1f91a3d48556e1e-WAW
09:51:53.685  RESP  GET /api/trade/fetch/7b5e45933a57178ea1d589929ba08e4a5a8711795df4b6303de69f72a01d12ee%2C28f9daa9d79ee09c20bda086df393c415f61e17dcdb64ce8ee0fd09fd18432b3%2Cc89cf2dd41c3c4333e02d10898a52f06acd3d2607fba18dce8295860c4d6f67c%2C6fe646e45d80b67d864cd733d0307bff5fc7a2eadabef6e2d119a12188cf280a%2Ca3ac36483bc62f6159ae1a7087254a3335ce5df194ae9b5a9bd6e1993ff8855c → 200  12.295s  delay=1.667 min_gap=0.000 last=1784793113.685
09:51:53.685  PRE   POST /api/trade/search/Standard  delay=1.667 min_gap=0.000 last=1784793113.685
09:51:53.685  ENF   delay=1.667 min_gap=0.000 jitter=4.858 gap=6.524 since_last=0.000 sleep=6.524
09:52:00.646  PARSE Account 3:5:60 → 2.500s/req pen=60s (used=2); Ip 8:10:60 → 1.094s/req pen=60s (used=2); Ip 15:60:120 → 4.400s/req pen=120s (used=6); Ip 60:300:1800 → 6.000s/req pen=1800s (used=28)  delay 1.667→7.000  min_gap→0  max_usage=47%
09:52:00.646  RAW   content-type: application/json
09:52:00.646  RAW   x-rate-limit-policy: trade-search-request-limit
09:52:00.646  RAW   x-rate-limit-rules: Account,Ip
09:52:00.646  RAW   x-rate-limit-account: 3:5:60
09:52:00.646  RAW   x-rate-limit-account-state: 2:5:0
09:52:00.646  RAW   x-rate-limit-ip: 8:10:60,15:60:120,60:300:1800
09:52:00.646  RAW   x-rate-limit-ip-state: 2:10:0,6:60:0,28:300:0
09:52:00.646  RAW   cf-cache-status: DYNAMIC
09:52:00.646  RAW   cf-ray: a1f91a695a7d6e1e-WAW
09:52:00.646  RESP  POST /api/trade/search/Standard → 200  6.961s  delay=7.000 min_gap=0.000 last=1784793120.647
09:52:00.646  PRE   GET /api/trade/fetch/628142777ff319540202306011db54c0f93c35bf42870087a84d9fc2538ae5f9%2C26d59adb7d097b87fbc4d139d8602c7f29203a974bf53b2cd05066ab22f8f97a%2C7b90f48aea2a9c1346184a5d81fd0ce1ce1bb3791b1badc4c8cf7a6508f62982%2C200bb5ee008845336d012afd79d33f243a88fc11574c78ee65ea43965648c78d%2Cf4ae7e8b22823f80b3a6f28df848e3f9ba9dfa9c6976d754097fcb28fccdb767  delay=7.000 min_gap=0.000 last=1784793120.647
09:52:00.646  ENF   delay=7.000 min_gap=0.000 jitter=4.315 gap=11.315 since_last=0.000 sleep=11.315
09:52:12.319  PARSE Account 6:4:10 → 0.667s/req pen=10s (used=2); Ip 12:4:60 → 0.250s/req pen=60s (used=2); Ip 16:12:60 → 0.516s/req pen=60s (used=2)  delay 7.000→1.667  min_gap→0  max_usage=0%
09:52:12.319  RAW   content-type: application/json
09:52:12.319  RAW   x-rate-limit-policy: trade-fetch-request-limit
09:52:12.319  RAW   x-rate-limit-rules: Account,Ip
09:52:12.319  RAW   x-rate-limit-account: 6:4:10
09:52:12.319  RAW   x-rate-limit-account-state: 2:4:0
09:52:12.319  RAW   x-rate-limit-ip: 12:4:60,16:12:60
09:52:12.319  RAW   x-rate-limit-ip-state: 2:4:0,2:12:0
09:52:12.319  RAW   cf-cache-status: DYNAMIC
09:52:12.319  RAW   cf-ray: a1f91ab2ce096e1e-WAW
09:52:12.319  RESP  GET /api/trade/fetch/628142777ff319540202306011db54c0f93c35bf42870087a84d9fc2538ae5f9%2C26d59adb7d097b87fbc4d139d8602c7f29203a974bf53b2cd05066ab22f8f97a%2C7b90f48aea2a9c1346184a5d81fd0ce1ce1bb3791b1badc4c8cf7a6508f62982%2C200bb5ee008845336d012afd79d33f243a88fc11574c78ee65ea43965648c78d%2Cf4ae7e8b22823f80b3a6f28df848e3f9ba9dfa9c6976d754097fcb28fccdb767 → 200  11.673s  delay=1.667 min_gap=0.000 last=1784793132.320
09:52:12.320  PRE   POST /api/trade/search/Standard  delay=1.667 min_gap=0.000 last=1784793132.320
09:52:12.320  ENF   delay=1.667 min_gap=0.000 jitter=2.190 gap=3.857 since_last=0.000 sleep=3.857
09:52:16.626  PARSE Account 3:5:60 → 2.500s/req pen=60s (used=2); Ip 8:10:60 → 1.094s/req pen=60s (used=2); Ip 15:60:120 → 4.400s/req pen=120s (used=6); Ip 60:300:1800 → 6.250s/req pen=1800s (used=30)  delay 1.667→7.250  min_gap→0  max_usage=50%
09:52:16.626  RAW   content-type: application/json
09:52:16.626  RAW   x-rate-limit-policy: trade-search-request-limit
09:52:16.626  RAW   x-rate-limit-rules: Account,Ip
09:52:16.626  RAW   x-rate-limit-account: 3:5:60
09:52:16.626  RAW   x-rate-limit-account-state: 2:5:0
09:52:16.626  RAW   x-rate-limit-ip: 8:10:60,15:60:120,60:300:1800
09:52:16.626  RAW   x-rate-limit-ip-state: 2:10:0,6:60:0,30:300:0
09:52:16.626  RAW   cf-cache-status: DYNAMIC
09:52:16.626  RAW   cf-ray: a1f91acd193a6e1e-WAW
09:52:16.626  RESP  POST /api/trade/search/Standard → 200  4.306s  delay=7.250 min_gap=0.000 last=1784793136.627
09:52:16.626  PRE   GET /api/trade/fetch/7b5e45933a57178ea1d589929ba08e4a5a8711795df4b6303de69f72a01d12ee%2Ca3ac36483bc62f6159ae1a7087254a3335ce5df194ae9b5a9bd6e1993ff8855c%2C4ad6c71abfd95d6b1402179740f7f4bc34045469a8b3919fd52e7421572f414b%2C93d16d7699e4e0981e4fd51cc8dcd3db0052de50307d31503a5295c3285bd5fd%2C2de465adee024149669dc1eee2e83214ca2a2c6d1e8994a5d91195618d96357b  delay=7.250 min_gap=0.000 last=1784793136.627
09:52:16.626  ENF   delay=7.250 min_gap=0.000 jitter=4.992 gap=12.242 since_last=0.000 sleep=12.242
09:52:29.295  PARSE Account 6:4:10 → 0.500s/req pen=10s (used=1); Ip 12:4:60 → 0.208s/req pen=60s (used=1); Ip 16:12:60 → 0.516s/req pen=60s (used=2)  delay 7.250→1.516  min_gap→0  max_usage=0%
09:52:29.296  RAW   content-type: application/json
09:52:29.296  RAW   x-rate-limit-policy: trade-fetch-request-limit
09:52:29.296  RAW   x-rate-limit-rules: Account,Ip
09:52:29.296  RAW   x-rate-limit-account: 6:4:10
09:52:29.296  RAW   x-rate-limit-account-state: 1:4:0
09:52:29.296  RAW   x-rate-limit-ip: 12:4:60,16:12:60
09:52:29.296  RAW   x-rate-limit-ip-state: 1:4:0,2:12:0
09:52:29.296  RAW   cf-cache-status: DYNAMIC
09:52:29.296  RAW   cf-ray: a1f91b1c7d7e6e1e-WAW
09:52:29.296  RESP  GET /api/trade/fetch/7b5e45933a57178ea1d589929ba08e4a5a8711795df4b6303de69f72a01d12ee%2Ca3ac36483bc62f6159ae1a7087254a3335ce5df194ae9b5a9bd6e1993ff8855c%2C4ad6c71abfd95d6b1402179740f7f4bc34045469a8b3919fd52e7421572f414b%2C93d16d7699e4e0981e4fd51cc8dcd3db0052de50307d31503a5295c3285bd5fd%2C2de465adee024149669dc1eee2e83214ca2a2c6d1e8994a5d91195618d96357b → 200  12.669s  delay=1.516 min_gap=0.000 last=1784793149.296
09:52:29.322  PRE   POST /api/trade/search/Standard  delay=1.516 min_gap=0.000 last=1784793149.296
09:52:29.322  ENF   delay=1.516 min_gap=0.000 jitter=3.579 gap=5.095 since_last=0.026 sleep=5.069
09:52:34.798  PARSE Account 3:5:60 → 2.500s/req pen=60s (used=2); Ip 8:10:60 → 1.094s/req pen=60s (used=2); Ip 15:60:120 → 4.400s/req pen=120s (used=6); Ip 60:300:1800 → 6.500s/req pen=1800s (used=32)  delay 1.516→7.500  min_gap→0  max_usage=53%
09:52:34.798  RAW   content-type: application/json
09:52:34.798  RAW   x-rate-limit-policy: trade-search-request-limit
09:52:34.798  RAW   x-rate-limit-rules: Account,Ip
09:52:34.798  RAW   x-rate-limit-account: 3:5:60
09:52:34.798  RAW   x-rate-limit-account-state: 2:5:0
09:52:34.798  RAW   x-rate-limit-ip: 8:10:60,15:60:120,60:300:1800
09:52:34.798  RAW   x-rate-limit-ip-state: 2:10:0,6:60:0,32:300:0
09:52:34.798  RAW   cf-cache-status: DYNAMIC
09:52:34.798  RAW   cf-ray: a1f91b3efae06e1e-WAW
09:52:34.798  RESP  POST /api/trade/search/Standard → 200  5.476s  delay=7.500 min_gap=0.000 last=1784793154.798
09:52:34.798  PRE   GET /api/trade/fetch/85cdd51971f95c0489d70dc2593f9a2aa0005d4ee055c7f9bbc8fea961c6f4c0%2C87a3999392efe8c4ee032f23d9bc29b03551357d96ebaae00bcfd59fff0bc3b8%2C04c65df21ade7b1861c247ced6892e824fbc93c4d37e9807bd98fcd7e752c514%2Cb9102aca9a43080dce444f74e2c3e009c0000caf154db70ed46bb25b0518ad6c%2Ca6269a476dc5ccd8fdfb437602559fe8503a99c376f000bcc85880d96bfc3da4  delay=7.500 min_gap=0.000 last=1784793154.799
09:52:34.798  ENF   delay=7.500 min_gap=0.000 jitter=2.804 gap=10.304 since_last=0.000 sleep=10.304
09:52:45.508  PARSE Account 6:4:10 → 0.500s/req pen=10s (used=1); Ip 12:4:60 → 0.208s/req pen=60s (used=1); Ip 16:12:60 → 0.516s/req pen=60s (used=2)  delay 7.500→1.516  min_gap→0  max_usage=0%
09:52:45.508  RAW   content-type: application/json
09:52:45.508  RAW   x-rate-limit-policy: trade-fetch-request-limit
09:52:45.508  RAW   x-rate-limit-rules: Account,Ip
09:52:45.508  RAW   x-rate-limit-account: 6:4:10
09:52:45.508  RAW   x-rate-limit-account-state: 1:4:0
09:52:45.508  RAW   x-rate-limit-ip: 12:4:60,16:12:60
09:52:45.508  RAW   x-rate-limit-ip-state: 1:4:0,2:12:0
09:52:45.508  RAW   cf-cache-status: DYNAMIC
09:52:45.508  RAW   cf-ray: a1f91b81ecf56e1e-WAW
09:52:45.508  RESP  GET /api/trade/fetch/85cdd51971f95c0489d70dc2593f9a2aa0005d4ee055c7f9bbc8fea961c6f4c0%2C87a3999392efe8c4ee032f23d9bc29b03551357d96ebaae00bcfd59fff0bc3b8%2C04c65df21ade7b1861c247ced6892e824fbc93c4d37e9807bd98fcd7e752c514%2Cb9102aca9a43080dce444f74e2c3e009c0000caf154db70ed46bb25b0518ad6c%2Ca6269a476dc5ccd8fdfb437602559fe8503a99c376f000bcc85880d96bfc3da4 → 200  10.710s  delay=1.516 min_gap=0.000 last=1784793165.509
09:52:45.508  PRE   POST /api/trade/search/Standard  delay=1.516 min_gap=0.000 last=1784793165.509
09:52:45.508  ENF   delay=1.516 min_gap=0.000 jitter=4.868 gap=6.383 since_last=0.000 sleep=6.383
09:52:52.298  PARSE Account 3:5:60 → 1.667s/req pen=60s (used=1); Ip 8:10:60 → 1.094s/req pen=60s (used=2); Ip 15:60:120 → 4.800s/req pen=120s (used=7); Ip 60:300:1800 → 6.750s/req pen=1800s (used=34)  delay 1.516→7.750  min_gap→0  max_usage=57%
09:52:52.298  RAW   content-type: application/json
09:52:52.298  RAW   x-rate-limit-policy: trade-search-request-limit
09:52:52.298  RAW   x-rate-limit-rules: Account,Ip
09:52:52.298  RAW   x-rate-limit-account: 3:5:60
09:52:52.298  RAW   x-rate-limit-account-state: 1:5:0
09:52:52.298  RAW   x-rate-limit-ip: 8:10:60,15:60:120,60:300:1800
09:52:52.298  RAW   x-rate-limit-ip-state: 2:10:0,7:60:0,34:300:0
09:52:52.298  RAW   cf-cache-status: DYNAMIC
09:52:52.298  RAW   cf-ray: a1f91bac5c526e1e-WAW
09:52:52.298  RESP  POST /api/trade/search/Standard → 200  6.789s  delay=7.750 min_gap=0.000 last=1784793172.298
09:52:52.298  PRE   GET /api/trade/fetch/628142777ff319540202306011db54c0f93c35bf42870087a84d9fc2538ae5f9%2C26d59adb7d097b87fbc4d139d8602c7f29203a974bf53b2cd05066ab22f8f97a%2C7b90f48aea2a9c1346184a5d81fd0ce1ce1bb3791b1badc4c8cf7a6508f62982%2C200bb5ee008845336d012afd79d33f243a88fc11574c78ee65ea43965648c78d%2Cf4ae7e8b22823f80b3a6f28df848e3f9ba9dfa9c6976d754097fcb28fccdb767  delay=7.750 min_gap=0.000 last=1784793172.298
09:52:52.298  ENF   delay=7.750 min_gap=0.000 jitter=2.130 gap=9.880 since_last=0.000 sleep=9.880
09:53:02.533  PARSE Account 6:4:10 → 0.500s/req pen=10s (used=1); Ip 12:4:60 → 0.208s/req pen=60s (used=1); Ip 16:12:60 → 0.516s/req pen=60s (used=2)  delay 7.750→1.516  min_gap→0  max_usage=0%
09:53:02.533  RAW   content-type: application/json
09:53:02.533  RAW   x-rate-limit-policy: trade-fetch-request-limit
09:53:02.533  RAW   x-rate-limit-rules: Account,Ip
09:53:02.533  RAW   x-rate-limit-account: 6:4:10
09:53:02.533  RAW   x-rate-limit-account-state: 1:4:0
09:53:02.533  RAW   x-rate-limit-ip: 12:4:60,16:12:60
09:53:02.533  RAW   x-rate-limit-ip-state: 1:4:0,2:12:0
09:53:02.533  RAW   cf-cache-status: DYNAMIC
09:53:02.533  RAW   cf-ray: a1f91beca8b26e1e-WAW
09:53:02.533  RESP  GET /api/trade/fetch/628142777ff319540202306011db54c0f93c35bf42870087a84d9fc2538ae5f9%2C26d59adb7d097b87fbc4d139d8602c7f29203a974bf53b2cd05066ab22f8f97a%2C7b90f48aea2a9c1346184a5d81fd0ce1ce1bb3791b1badc4c8cf7a6508f62982%2C200bb5ee008845336d012afd79d33f243a88fc11574c78ee65ea43965648c78d%2Cf4ae7e8b22823f80b3a6f28df848e3f9ba9dfa9c6976d754097fcb28fccdb767 → 200  10.235s  delay=1.516 min_gap=0.000 last=1784793182.534
09:53:02.533  PRE   POST /api/trade/search/Standard  delay=1.516 min_gap=0.000 last=1784793182.534
09:53:02.533  ENF   delay=1.516 min_gap=0.000 jitter=4.372 gap=5.888 since_last=0.000 sleep=5.887
09:53:08.814  PARSE Account 3:5:60 → 1.667s/req pen=60s (used=1); Ip 8:10:60 → 1.094s/req pen=60s (used=2); Ip 15:60:120 → 4.800s/req pen=120s (used=7); Ip 60:300:1800 → 6.250s/req pen=1800s (used=30)  delay 1.516→7.250  min_gap→0  max_usage=50%
09:53:08.814  RAW   content-type: application/json
09:53:08.815  RAW   x-rate-limit-policy: trade-search-request-limit
09:53:08.815  RAW   x-rate-limit-rules: Account,Ip
09:53:08.815  RAW   x-rate-limit-account: 3:5:60
09:53:08.815  RAW   x-rate-limit-account-state: 1:5:0
09:53:08.815  RAW   x-rate-limit-ip: 8:10:60,15:60:120,60:300:1800
09:53:08.815  RAW   x-rate-limit-ip-state: 2:10:0,7:60:0,30:300:0
09:53:08.815  RAW   cf-cache-status: DYNAMIC
09:53:08.815  RAW   cf-ray: a1f91c13ae226e1e-WAW
09:53:08.815  RESP  POST /api/trade/search/Standard → 200  6.281s  delay=7.250 min_gap=0.000 last=1784793188.815
09:53:08.815  PRE   GET /api/trade/fetch/04c65df21ade7b1861c247ced6892e824fbc93c4d37e9807bd98fcd7e752c514%2Ca6269a476dc5ccd8fdfb437602559fe8503a99c376f000bcc85880d96bfc3da4%2Cb9102aca9a43080dce444f74e2c3e009c0000caf154db70ed46bb25b0518ad6c%2Caf0b0052342b5470a61fba2e865e90a3b5f72e5336b1e750b11ba5737037f077%2Cfadce0e509d18a83f2913dcca402b0e8da7f1dcc553c92bb6397975b629f0edd  delay=7.250 min_gap=0.000 last=1784793188.815
09:53:08.815  ENF   delay=7.250 min_gap=0.000 jitter=4.687 gap=11.937 since_last=0.000 sleep=11.937
09:53:21.097  PARSE Account 6:4:10 → 0.500s/req pen=10s (used=1); Ip 12:4:60 → 0.208s/req pen=60s (used=1); Ip 16:12:60 → 0.516s/req pen=60s (used=2)  delay 7.250→1.516  min_gap→0  max_usage=0%
09:53:21.098  RAW   content-type: application/json
09:53:21.098  RAW   x-rate-limit-policy: trade-fetch-request-limit
09:53:21.098  RAW   x-rate-limit-rules: Account,Ip
09:53:21.098  RAW   x-rate-limit-account: 6:4:10
09:53:21.098  RAW   x-rate-limit-account-state: 1:4:0
09:53:21.098  RAW   x-rate-limit-ip: 12:4:60,16:12:60
09:53:21.098  RAW   x-rate-limit-ip-state: 1:4:0,2:12:0
09:53:21.098  RAW   cf-cache-status: DYNAMIC
09:53:21.098  RAW   cf-ray: a1f91c60be646e1e-WAW
09:53:21.098  RESP  GET /api/trade/fetch/04c65df21ade7b1861c247ced6892e824fbc93c4d37e9807bd98fcd7e752c514%2Ca6269a476dc5ccd8fdfb437602559fe8503a99c376f000bcc85880d96bfc3da4%2Cb9102aca9a43080dce444f74e2c3e009c0000caf154db70ed46bb25b0518ad6c%2Caf0b0052342b5470a61fba2e865e90a3b5f72e5336b1e750b11ba5737037f077%2Cfadce0e509d18a83f2913dcca402b0e8da7f1dcc553c92bb6397975b629f0edd → 200  12.283s  delay=1.516 min_gap=0.000 last=1784793201.098
09:53:21.124  PRE   POST /api/trade/search/Standard  delay=1.516 min_gap=0.000 last=1784793201.098
09:53:21.124  ENF   delay=1.516 min_gap=0.000 jitter=2.804 gap=4.320 since_last=0.027 sleep=4.293
09:53:25.817  PARSE Account 3:5:60 → 1.667s/req pen=60s (used=1); Ip 8:10:60 → 0.859s/req pen=60s (used=1); Ip 15:60:120 → 5.200s/req pen=120s (used=8); Ip 60:300:1800 → 6.500s/req pen=1800s (used=32)  delay 1.516→7.500  min_gap→0  max_usage=53%
09:53:25.817  RAW   content-type: application/json
09:53:25.817  RAW   x-rate-limit-policy: trade-search-request-limit
09:53:25.817  RAW   x-rate-limit-rules: Account,Ip
09:53:25.817  RAW   x-rate-limit-account: 3:5:60
09:53:25.817  RAW   x-rate-limit-account-state: 1:5:0
09:53:25.817  RAW   x-rate-limit-ip: 8:10:60,15:60:120,60:300:1800
09:53:25.817  RAW   x-rate-limit-ip-state: 1:10:0,8:60:0,32:300:0
09:53:25.817  RAW   cf-cache-status: DYNAMIC
09:53:25.817  RAW   cf-ray: a1f91c7dede16e1e-WAW
09:53:25.817  RESP  POST /api/trade/search/Standard → 200  4.693s  delay=7.500 min_gap=0.000 last=1784793205.818
09:53:25.817  PRE   GET /api/trade/fetch/64014e77e6c257283fca4709056875a50fbf994b1814a6b5fd0328e2de00cf4b%2C47791b000495a0d14b91d9720c0dfcdf3de78443d021306d45259c5e1ea10a9c%2Ca80782068466141a8a3be06f0ec2f1cc3c0cb7f2a3776d6dea8c4bd9d6fbc8fc%2Cc5d417ed9d88e5c7a7c2de427a8c052fb830b84a66bcb47bcb9577bd0482dfbb%2C5de3049c89f30cec57aefb971843772b64e8d2b6b7b02f2420f5526058df071a  delay=7.500 min_gap=0.000 last=1784793205.818
09:53:25.817  ENF   delay=7.500 min_gap=0.000 jitter=2.992 gap=10.492 since_last=0.000 sleep=10.492
09:53:36.679  PARSE Account 6:4:10 → 0.500s/req pen=10s (used=1); Ip 12:4:60 → 0.208s/req pen=60s (used=1); Ip 16:12:60 → 0.516s/req pen=60s (used=2)  delay 7.500→1.516  min_gap→0  max_usage=0%
09:53:36.679  RAW   content-type: application/json
09:53:36.679  RAW   x-rate-limit-policy: trade-fetch-request-limit
09:53:36.679  RAW   x-rate-limit-rules: Account,Ip
09:53:36.679  RAW   x-rate-limit-account: 6:4:10
09:53:36.679  RAW   x-rate-limit-account-state: 1:4:0
09:53:36.679  RAW   x-rate-limit-ip: 12:4:60,16:12:60
09:53:36.679  RAW   x-rate-limit-ip-state: 1:4:0,2:12:0
09:53:36.679  RAW   cf-cache-status: DYNAMIC
09:53:36.679  RAW   cf-ray: a1f91cc1f9ba6e1e-WAW
09:53:36.680  RESP  GET /api/trade/fetch/64014e77e6c257283fca4709056875a50fbf994b1814a6b5fd0328e2de00cf4b%2C47791b000495a0d14b91d9720c0dfcdf3de78443d021306d45259c5e1ea10a9c%2Ca80782068466141a8a3be06f0ec2f1cc3c0cb7f2a3776d6dea8c4bd9d6fbc8fc%2Cc5d417ed9d88e5c7a7c2de427a8c052fb830b84a66bcb47bcb9577bd0482dfbb%2C5de3049c89f30cec57aefb971843772b64e8d2b6b7b02f2420f5526058df071a → 200  10.862s  delay=1.516 min_gap=0.000 last=1784793216.680
09:53:36.680  PRE   POST /api/trade/search/Standard  delay=1.516 min_gap=0.000 last=1784793216.680
09:53:36.680  ENF   delay=1.516 min_gap=0.000 jitter=2.377 gap=3.893 since_last=0.000 sleep=3.893
09:53:41.004  PARSE Account 3:5:60 → 1.667s/req pen=60s (used=1); Ip 8:10:60 → 0.859s/req pen=60s (used=1); Ip 15:60:120 → 5.200s/req pen=120s (used=8); Ip 60:300:1800 → 6.750s/req pen=1800s (used=34)  delay 1.516→7.750  min_gap→0  max_usage=57%
09:53:41.004  RAW   content-type: application/json
09:53:41.004  RAW   x-rate-limit-policy: trade-search-request-limit
09:53:41.004  RAW   x-rate-limit-rules: Account,Ip
09:53:41.004  RAW   x-rate-limit-account: 3:5:60
09:53:41.004  RAW   x-rate-limit-account-state: 1:5:0
09:53:41.004  RAW   x-rate-limit-ip: 8:10:60,15:60:120,60:300:1800
09:53:41.004  RAW   x-rate-limit-ip-state: 1:10:0,8:60:0,34:300:0
09:53:41.004  RAW   cf-cache-status: DYNAMIC
09:53:41.004  RAW   cf-ray: a1f91cdc9d646e1e-WAW
09:53:41.004  RESP  POST /api/trade/search/Standard → 200  4.325s  delay=7.750 min_gap=0.000 last=1784793221.005
09:53:41.004  PRE   GET /api/trade/fetch/628142777ff319540202306011db54c0f93c35bf42870087a84d9fc2538ae5f9%2C26d59adb7d097b87fbc4d139d8602c7f29203a974bf53b2cd05066ab22f8f97a%2C7b90f48aea2a9c1346184a5d81fd0ce1ce1bb3791b1badc4c8cf7a6508f62982%2C200bb5ee008845336d012afd79d33f243a88fc11574c78ee65ea43965648c78d%2Cf4ae7e8b22823f80b3a6f28df848e3f9ba9dfa9c6976d754097fcb28fccdb767  delay=7.750 min_gap=0.000 last=1784793221.005
09:53:41.004  ENF   delay=7.750 min_gap=0.000 jitter=2.541 gap=10.291 since_last=0.000 sleep=10.291
09:53:51.634  PARSE Account 6:4:10 → 0.500s/req pen=10s (used=1); Ip 12:4:60 → 0.208s/req pen=60s (used=1); Ip 16:12:60 → 0.516s/req pen=60s (used=2)  delay 7.750→1.516  min_gap→0  max_usage=0%
09:53:51.634  RAW   content-type: application/json
09:53:51.634  RAW   x-rate-limit-policy: trade-fetch-request-limit
09:53:51.634  RAW   x-rate-limit-rules: Account,Ip
09:53:51.634  RAW   x-rate-limit-account: 6:4:10
09:53:51.634  RAW   x-rate-limit-account-state: 1:4:0
09:53:51.634  RAW   x-rate-limit-ip: 12:4:60,16:12:60
09:53:51.634  RAW   x-rate-limit-ip-state: 1:4:0,2:12:0
09:53:51.634  RAW   cf-cache-status: DYNAMIC
09:53:51.634  RAW   cf-ray: a1f91d1f9b4b6e1e-WAW
09:53:51.634  RESP  GET /api/trade/fetch/628142777ff319540202306011db54c0f93c35bf42870087a84d9fc2538ae5f9%2C26d59adb7d097b87fbc4d139d8602c7f29203a974bf53b2cd05066ab22f8f97a%2C7b90f48aea2a9c1346184a5d81fd0ce1ce1bb3791b1badc4c8cf7a6508f62982%2C200bb5ee008845336d012afd79d33f243a88fc11574c78ee65ea43965648c78d%2Cf4ae7e8b22823f80b3a6f28df848e3f9ba9dfa9c6976d754097fcb28fccdb767 → 200  10.629s  delay=1.516 min_gap=0.000 last=1784793231.635
09:53:51.634  PRE   POST /api/trade/search/Standard  delay=1.516 min_gap=0.000 last=1784793231.635
09:53:51.634  ENF   delay=1.516 min_gap=0.000 jitter=4.258 gap=5.774 since_last=0.000 sleep=5.773
09:53:58.043  PARSE Account 3:5:60 → 1.667s/req pen=60s (used=1); Ip 8:10:60 → 1.094s/req pen=60s (used=2); Ip 15:60:120 → 5.200s/req pen=120s (used=8); Ip 60:300:1800 → 7.000s/req pen=1800s (used=36)  delay 1.516→8.000  min_gap→0  max_usage=60%
09:53:58.043  RAW   content-type: application/json
09:53:58.043  RAW   x-rate-limit-policy: trade-search-request-limit
09:53:58.043  RAW   x-rate-limit-rules: Account,Ip
09:53:58.043  RAW   x-rate-limit-account: 3:5:60
09:53:58.043  RAW   x-rate-limit-account-state: 1:5:0
09:53:58.043  RAW   x-rate-limit-ip: 8:10:60,15:60:120,60:300:1800
09:53:58.043  RAW   x-rate-limit-ip-state: 2:10:0,8:60:0,36:300:0
09:53:58.043  RAW   cf-cache-status: DYNAMIC
09:53:58.043  RAW   cf-ray: a1f91d45de5a6e1e-WAW
09:53:58.043  RESP  POST /api/trade/search/Standard → 200  6.409s  delay=8.000 min_gap=0.000 last=1784793238.044
09:53:58.043  PRE   GET /api/trade/fetch/64014e77e6c257283fca4709056875a50fbf994b1814a6b5fd0328e2de00cf4b%2Ca80782068466141a8a3be06f0ec2f1cc3c0cb7f2a3776d6dea8c4bd9d6fbc8fc%2C47791b000495a0d14b91d9720c0dfcdf3de78443d021306d45259c5e1ea10a9c%2Cc5d417ed9d88e5c7a7c2de427a8c052fb830b84a66bcb47bcb9577bd0482dfbb%2Cd1a272b46168b01c983a6ed7a151eab43f0de935a68053157a34946af6b83847  delay=8.000 min_gap=0.000 last=1784793238.044
09:53:58.043  ENF   delay=8.000 min_gap=0.000 jitter=3.953 gap=11.953 since_last=0.000 sleep=11.953
09:54:10.324  PARSE Account 6:4:10 → 0.500s/req pen=10s (used=1); Ip 12:4:60 → 0.208s/req pen=60s (used=1); Ip 16:12:60 → 0.516s/req pen=60s (used=2)  delay 8.000→1.516  min_gap→0  max_usage=0%
09:54:10.324  RAW   content-type: application/json
09:54:10.324  RAW   x-rate-limit-policy: trade-fetch-request-limit
09:54:10.324  RAW   x-rate-limit-rules: Account,Ip
09:54:10.324  RAW   x-rate-limit-account: 6:4:10
09:54:10.324  RAW   x-rate-limit-account-state: 1:4:0
09:54:10.324  RAW   x-rate-limit-ip: 12:4:60,16:12:60
09:54:10.324  RAW   x-rate-limit-ip-state: 1:4:0,2:12:0
09:54:10.324  RAW   cf-cache-status: DYNAMIC
09:54:10.324  RAW   cf-ray: a1f91d947d106e1e-WAW
09:54:10.324  RESP  GET /api/trade/fetch/64014e77e6c257283fca4709056875a50fbf994b1814a6b5fd0328e2de00cf4b%2Ca80782068466141a8a3be06f0ec2f1cc3c0cb7f2a3776d6dea8c4bd9d6fbc8fc%2C47791b000495a0d14b91d9720c0dfcdf3de78443d021306d45259c5e1ea10a9c%2Cc5d417ed9d88e5c7a7c2de427a8c052fb830b84a66bcb47bcb9577bd0482dfbb%2Cd1a272b46168b01c983a6ed7a151eab43f0de935a68053157a34946af6b83847 → 200  12.280s  delay=1.516 min_gap=0.000 last=1784793250.324
09:54:10.351  PRE   POST /api/trade/search/Standard  delay=1.516 min_gap=0.000 last=1784793250.324
09:54:10.351  ENF   delay=1.516 min_gap=0.000 jitter=3.894 gap=5.410 since_last=0.027 sleep=5.383
09:54:16.076  PARSE Account 3:5:60 → 1.667s/req pen=60s (used=1); Ip 8:10:60 → 0.859s/req pen=60s (used=1); Ip 15:60:120 → 4.400s/req pen=120s (used=6); Ip 60:300:1800 → 6.375s/req pen=1800s (used=31)  delay 1.516→7.375  min_gap→0  max_usage=52%
09:54:16.076  RAW   content-type: application/json
09:54:16.076  RAW   x-rate-limit-policy: trade-search-request-limit
09:54:16.076  RAW   x-rate-limit-rules: Account,Ip
09:54:16.076  RAW   x-rate-limit-account: 3:5:60
09:54:16.076  RAW   x-rate-limit-account-state: 1:5:0
09:54:16.076  RAW   x-rate-limit-ip: 8:10:60,15:60:120,60:300:1800
09:54:16.076  RAW   x-rate-limit-ip-state: 1:10:0,6:60:0,31:300:0
09:54:16.076  RAW   cf-cache-status: DYNAMIC
09:54:16.076  RAW   cf-ray: a1f91db85fff6e1e-WAW
09:54:16.076  RESP  POST /api/trade/search/Standard → 200  5.725s  delay=7.375 min_gap=0.000 last=1784793256.077
09:54:16.076  PRE   GET /api/trade/fetch/a80782068466141a8a3be06f0ec2f1cc3c0cb7f2a3776d6dea8c4bd9d6fbc8fc%2C47791b000495a0d14b91d9720c0dfcdf3de78443d021306d45259c5e1ea10a9c%2C64014e77e6c257283fca4709056875a50fbf994b1814a6b5fd0328e2de00cf4b%2Cc5d417ed9d88e5c7a7c2de427a8c052fb830b84a66bcb47bcb9577bd0482dfbb%2C5de3049c89f30cec57aefb971843772b64e8d2b6b7b02f2420f5526058df071a  delay=7.375 min_gap=0.000 last=1784793256.077
09:54:16.076  ENF   delay=7.375 min_gap=0.000 jitter=2.918 gap=10.293 since_last=0.000 sleep=10.293
09:54:26.966  PARSE Account 6:4:10 → 0.500s/req pen=10s (used=1); Ip 12:4:60 → 0.208s/req pen=60s (used=1); Ip 16:12:60 → 0.516s/req pen=60s (used=2)  delay 7.375→1.516  min_gap→0  max_usage=0%
09:54:26.966  RAW   content-type: application/json
09:54:26.966  RAW   x-rate-limit-policy: trade-fetch-request-limit
09:54:26.966  RAW   x-rate-limit-rules: Account,Ip
09:54:26.966  RAW   x-rate-limit-account: 6:4:10
09:54:26.966  RAW   x-rate-limit-account-state: 1:4:0
09:54:26.966  RAW   x-rate-limit-ip: 12:4:60,16:12:60
09:54:26.966  RAW   x-rate-limit-ip-state: 1:4:0,2:12:0
09:54:26.966  RAW   cf-cache-status: DYNAMIC
09:54:26.966  RAW   cf-ray: a1f91dfaddef6e1e-WAW
09:54:26.966  RESP  GET /api/trade/fetch/a80782068466141a8a3be06f0ec2f1cc3c0cb7f2a3776d6dea8c4bd9d6fbc8fc%2C47791b000495a0d14b91d9720c0dfcdf3de78443d021306d45259c5e1ea10a9c%2C64014e77e6c257283fca4709056875a50fbf994b1814a6b5fd0328e2de00cf4b%2Cc5d417ed9d88e5c7a7c2de427a8c052fb830b84a66bcb47bcb9577bd0482dfbb%2C5de3049c89f30cec57aefb971843772b64e8d2b6b7b02f2420f5526058df071a → 200  10.890s  delay=1.516 min_gap=0.000 last=1784793266.967
09:54:26.966  PRE   POST /api/trade/search/Standard  delay=1.516 min_gap=0.000 last=1784793266.967
09:54:26.966  ENF   delay=1.516 min_gap=0.000 jitter=4.065 gap=5.581 since_last=0.000 sleep=5.581
09:54:33.142  PARSE Account 3:5:60 → 1.667s/req pen=60s (used=1); Ip 8:10:60 → 1.094s/req pen=60s (used=2); Ip 15:60:120 → 4.400s/req pen=120s (used=6); Ip 60:300:1800 → 6.625s/req pen=1800s (used=33)  delay 1.516→7.625  min_gap→0  max_usage=55%
09:54:33.142  RAW   content-type: application/json
09:54:33.142  RAW   x-rate-limit-policy: trade-search-request-limit
09:54:33.142  RAW   x-rate-limit-rules: Account,Ip
09:54:33.142  RAW   x-rate-limit-account: 3:5:60
09:54:33.142  RAW   x-rate-limit-account-state: 1:5:0
09:54:33.142  RAW   x-rate-limit-ip: 8:10:60,15:60:120,60:300:1800
09:54:33.142  RAW   x-rate-limit-ip-state: 2:10:0,6:60:0,33:300:0
09:54:33.142  RAW   cf-cache-status: DYNAMIC
09:54:33.142  RAW   cf-ray: a1f91e217b086e1e-WAW
09:54:33.142  RESP  POST /api/trade/search/Standard → 200  6.175s  delay=7.625 min_gap=0.000 last=1784793273.142
09:54:33.142  PRE   GET /api/trade/fetch/628142777ff319540202306011db54c0f93c35bf42870087a84d9fc2538ae5f9%2C26d59adb7d097b87fbc4d139d8602c7f29203a974bf53b2cd05066ab22f8f97a%2C7b90f48aea2a9c1346184a5d81fd0ce1ce1bb3791b1badc4c8cf7a6508f62982%2C2b185d5e706faa05601acd6b0388f651763bcc2b830288aae20c9b444f1c5ab0%2C200bb5ee008845336d012afd79d33f243a88fc11574c78ee65ea43965648c78d  delay=7.625 min_gap=0.000 last=1784793273.142
09:54:33.142  ENF   delay=7.625 min_gap=0.000 jitter=4.556 gap=12.181 since_last=0.000 sleep=12.181
09:54:45.661  PARSE Account 6:4:10 → 0.500s/req pen=10s (used=1); Ip 12:4:60 → 0.208s/req pen=60s (used=1); Ip 16:12:60 → 0.516s/req pen=60s (used=2)  delay 7.625→1.516  min_gap→0  max_usage=0%
09:54:45.661  RAW   content-type: application/json
09:54:45.661  RAW   x-rate-limit-policy: trade-fetch-request-limit
09:54:45.661  RAW   x-rate-limit-rules: Account,Ip
09:54:45.661  RAW   x-rate-limit-account: 6:4:10
09:54:45.661  RAW   x-rate-limit-account-state: 1:4:0
09:54:45.661  RAW   x-rate-limit-ip: 12:4:60,16:12:60
09:54:45.661  RAW   x-rate-limit-ip-state: 1:4:0,2:12:0
09:54:45.661  RAW   cf-cache-status: DYNAMIC
09:54:45.661  RAW   cf-ray: a1f91e7149e66e1e-WAW
09:54:45.661  RESP  GET /api/trade/fetch/628142777ff319540202306011db54c0f93c35bf42870087a84d9fc2538ae5f9%2C26d59adb7d097b87fbc4d139d8602c7f29203a974bf53b2cd05066ab22f8f97a%2C7b90f48aea2a9c1346184a5d81fd0ce1ce1bb3791b1badc4c8cf7a6508f62982%2C2b185d5e706faa05601acd6b0388f651763bcc2b830288aae20c9b444f1c5ab0%2C200bb5ee008845336d012afd79d33f243a88fc11574c78ee65ea43965648c78d → 200  12.519s  delay=1.516 min_gap=0.000 last=1784793285.662
09:54:45.661  PRE   POST /api/trade/search/Standard  delay=1.516 min_gap=0.000 last=1784793285.662
09:54:45.661  ENF   delay=1.516 min_gap=0.000 jitter=3.422 gap=4.937 since_last=0.000 sleep=4.937
09:54:51.006  PARSE Account 3:5:60 → 1.667s/req pen=60s (used=1); Ip 8:10:60 → 1.094s/req pen=60s (used=2); Ip 15:60:120 → 4.400s/req pen=120s (used=6); Ip 60:300:1800 → 6.875s/req pen=1800s (used=35)  delay 1.516→7.875  min_gap→0  max_usage=58%
09:54:51.006  RAW   content-type: application/json
09:54:51.006  RAW   x-rate-limit-policy: trade-search-request-limit
09:54:51.006  RAW   x-rate-limit-rules: Account,Ip
09:54:51.006  RAW   x-rate-limit-account: 3:5:60
09:54:51.006  RAW   x-rate-limit-account-state: 1:5:0
09:54:51.006  RAW   x-rate-limit-ip: 8:10:60,15:60:120,60:300:1800
09:54:51.006  RAW   x-rate-limit-ip-state: 2:10:0,6:60:0,35:300:0
09:54:51.006  RAW   cf-cache-status: DYNAMIC
09:54:51.006  RAW   cf-ray: a1f91e924f2b6e1e-WAW
09:54:51.006  RESP  POST /api/trade/search/Standard → 200  5.344s  delay=7.875 min_gap=0.000 last=1784793291.006
09:54:51.006  PRE   GET /api/trade/fetch/a80782068466141a8a3be06f0ec2f1cc3c0cb7f2a3776d6dea8c4bd9d6fbc8fc%2C47791b000495a0d14b91d9720c0dfcdf3de78443d021306d45259c5e1ea10a9c%2C64014e77e6c257283fca4709056875a50fbf994b1814a6b5fd0328e2de00cf4b%2Cc5d417ed9d88e5c7a7c2de427a8c052fb830b84a66bcb47bcb9577bd0482dfbb%2Cd1a272b46168b01c983a6ed7a151eab43f0de935a68053157a34946af6b83847  delay=7.875 min_gap=0.000 last=1784793291.007
09:54:51.006  ENF   delay=7.875 min_gap=0.000 jitter=4.296 gap=12.171 since_last=0.000 sleep=12.171
09:55:03.614  PARSE Account 6:4:10 → 0.500s/req pen=10s (used=1); Ip 12:4:60 → 0.208s/req pen=60s (used=1); Ip 16:12:60 → 0.516s/req pen=60s (used=2)  delay 7.875→1.516  min_gap→0  max_usage=0%
09:55:03.614  RAW   content-type: application/json
09:55:03.614  RAW   x-rate-limit-policy: trade-fetch-request-limit
09:55:03.614  RAW   x-rate-limit-rules: Account,Ip
09:55:03.614  RAW   x-rate-limit-account: 6:4:10
09:55:03.614  RAW   x-rate-limit-account-state: 1:4:0
09:55:03.614  RAW   x-rate-limit-ip: 12:4:60,16:12:60
09:55:03.614  RAW   x-rate-limit-ip-state: 1:4:0,2:12:0
09:55:03.614  RAW   cf-cache-status: DYNAMIC
09:55:03.614  RAW   cf-ray: a1f91ee0effe6e1e-WAW
09:55:03.614  RESP  GET /api/trade/fetch/a80782068466141a8a3be06f0ec2f1cc3c0cb7f2a3776d6dea8c4bd9d6fbc8fc%2C47791b000495a0d14b91d9720c0dfcdf3de78443d021306d45259c5e1ea10a9c%2C64014e77e6c257283fca4709056875a50fbf994b1814a6b5fd0328e2de00cf4b%2Cc5d417ed9d88e5c7a7c2de427a8c052fb830b84a66bcb47bcb9577bd0482dfbb%2Cd1a272b46168b01c983a6ed7a151eab43f0de935a68053157a34946af6b83847 → 200  12.608s  delay=1.516 min_gap=0.000 last=1784793303.614
09:55:03.641  PRE   POST /api/trade/search/Standard  delay=1.516 min_gap=0.000 last=1784793303.614
09:55:03.641  ENF   delay=1.516 min_gap=0.000 jitter=2.019 gap=3.535 since_last=0.027 sleep=3.508
09:55:07.590  PARSE Account 3:5:60 → 2.500s/req pen=60s (used=2); Ip 8:10:60 → 1.094s/req pen=60s (used=2); Ip 15:60:120 → 4.800s/req pen=120s (used=7); Ip 60:300:1800 → 6.250s/req pen=1800s (used=30)  delay 1.516→7.250  min_gap→0  max_usage=50%
09:55:07.590  RAW   content-type: application/json
09:55:07.590  RAW   x-rate-limit-policy: trade-search-request-limit
09:55:07.590  RAW   x-rate-limit-rules: Account,Ip
09:55:07.590  RAW   x-rate-limit-account: 3:5:60
09:55:07.590  RAW   x-rate-limit-account-state: 2:5:0
09:55:07.590  RAW   x-rate-limit-ip: 8:10:60,15:60:120,60:300:1800
09:55:07.590  RAW   x-rate-limit-ip-state: 2:10:0,7:60:0,30:300:0
09:55:07.590  RAW   cf-cache-status: DYNAMIC
09:55:07.590  RAW   cf-ray: a1f91ef9be466e1e-WAW
09:55:07.590  RESP  POST /api/trade/search/Standard → 200  3.949s  delay=7.250 min_gap=0.000 last=1784793307.590
09:55:07.590  PRE   GET /api/trade/fetch/789ccdd88ff9b98f143c4f4b7909b17e4b08d60833ecf0bca31a974af1b1e732%2C9899cb5c786aa6d78934c572bebd0724c28997711d7dd228438bf0fca87a4259%2C4834820ef741c39784107da7d6154e3c2f54c8c93c3be0c0a2f358b8376f76d7%2C14a9127d6efa342b04fd443c381d7cf729c8d8a83044dc19bb2b4ab9884ee27e%2C6909665adc1ebfec9e21c6e39cc2efcd3a22bbe3f7856b32a23ec1b21f8b356c  delay=7.250 min_gap=0.000 last=1784793307.590
09:55:07.590  ENF   delay=7.250 min_gap=0.000 jitter=2.673 gap=9.923 since_last=0.000 sleep=9.923
09:55:17.969  PARSE Account 6:4:10 → 0.500s/req pen=10s (used=1); Ip 12:4:60 → 0.208s/req pen=60s (used=1); Ip 16:12:60 → 0.516s/req pen=60s (used=2)  delay 7.250→1.516  min_gap→0  max_usage=0%
09:55:17.969  RAW   content-type: application/json
09:55:17.969  RAW   x-rate-limit-policy: trade-fetch-request-limit
09:55:17.969  RAW   x-rate-limit-rules: Account,Ip
09:55:17.969  RAW   x-rate-limit-account: 6:4:10
09:55:17.969  RAW   x-rate-limit-account-state: 1:4:0
09:55:17.969  RAW   x-rate-limit-ip: 12:4:60,16:12:60
09:55:17.969  RAW   x-rate-limit-ip-state: 1:4:0,2:12:0
09:55:17.969  RAW   cf-cache-status: DYNAMIC
09:55:17.969  RAW   cf-ray: a1f91f3a7dc76e1e-WAW
09:55:17.970  RESP  GET /api/trade/fetch/789ccdd88ff9b98f143c4f4b7909b17e4b08d60833ecf0bca31a974af1b1e732%2C9899cb5c786aa6d78934c572bebd0724c28997711d7dd228438bf0fca87a4259%2C4834820ef741c39784107da7d6154e3c2f54c8c93c3be0c0a2f358b8376f76d7%2C14a9127d6efa342b04fd443c381d7cf729c8d8a83044dc19bb2b4ab9884ee27e%2C6909665adc1ebfec9e21c6e39cc2efcd3a22bbe3f7856b32a23ec1b21f8b356c → 200  10.379s  delay=1.516 min_gap=0.000 last=1784793317.970
09:55:17.970  PRE   POST /api/trade/search/Standard  delay=1.516 min_gap=0.000 last=1784793317.970
09:55:17.970  ENF   delay=1.516 min_gap=0.000 jitter=2.241 gap=3.757 since_last=0.000 sleep=3.757
09:55:22.251  PARSE Account 3:5:60 → 2.500s/req pen=60s (used=2); Ip 8:10:60 → 1.094s/req pen=60s (used=2); Ip 15:60:120 → 4.800s/req pen=120s (used=7); Ip 60:300:1800 → 6.500s/req pen=1800s (used=32)  delay 1.516→7.500  min_gap→0  max_usage=53%
09:55:22.251  RAW   content-type: application/json
09:55:22.251  RAW   x-rate-limit-policy: trade-search-request-limit
09:55:22.251  RAW   x-rate-limit-rules: Account,Ip
09:55:22.251  RAW   x-rate-limit-account: 3:5:60
09:55:22.251  RAW   x-rate-limit-account-state: 2:5:0
09:55:22.251  RAW   x-rate-limit-ip: 8:10:60,15:60:120,60:300:1800
09:55:22.251  RAW   x-rate-limit-ip-state: 2:10:0,7:60:0,32:300:0
09:55:22.251  RAW   cf-cache-status: DYNAMIC
09:55:22.251  RAW   cf-ray: a1f91f54d9af6e1e-WAW
09:55:22.251  RESP  POST /api/trade/search/Standard → 200  4.281s  delay=7.500 min_gap=0.000 last=1784793322.252
09:55:22.251  PRE   GET /api/trade/fetch/628142777ff319540202306011db54c0f93c35bf42870087a84d9fc2538ae5f9%2C26d59adb7d097b87fbc4d139d8602c7f29203a974bf53b2cd05066ab22f8f97a%2C7b90f48aea2a9c1346184a5d81fd0ce1ce1bb3791b1badc4c8cf7a6508f62982%2Cf4ae7e8b22823f80b3a6f28df848e3f9ba9dfa9c6976d754097fcb28fccdb767%2C200bb5ee008845336d012afd79d33f243a88fc11574c78ee65ea43965648c78d  delay=7.500 min_gap=0.000 last=1784793322.252
09:55:22.251  ENF   delay=7.500 min_gap=0.000 jitter=2.445 gap=9.945 since_last=0.000 sleep=9.945
09:55:32.577  PARSE Account 6:4:10 → 0.500s/req pen=10s (used=1); Ip 12:4:60 → 0.208s/req pen=60s (used=1); Ip 16:12:60 → 0.445s/req pen=60s (used=1)  delay 7.500→1.500  min_gap→0  max_usage=0%
09:55:32.577  RAW   content-type: application/json
09:55:32.577  RAW   x-rate-limit-policy: trade-fetch-request-limit
09:55:32.577  RAW   x-rate-limit-rules: Account,Ip
09:55:32.577  RAW   x-rate-limit-account: 6:4:10
09:55:32.577  RAW   x-rate-limit-account-state: 1:4:0
09:55:32.577  RAW   x-rate-limit-ip: 12:4:60,16:12:60
09:55:32.577  RAW   x-rate-limit-ip-state: 1:4:0,1:12:0
09:55:32.577  RAW   cf-cache-status: DYNAMIC
09:55:32.577  RAW   cf-ray: a1f91f963fb56e1e-WAW
09:55:32.577  RESP  GET /api/trade/fetch/628142777ff319540202306011db54c0f93c35bf42870087a84d9fc2538ae5f9%2C26d59adb7d097b87fbc4d139d8602c7f29203a974bf53b2cd05066ab22f8f97a%2C7b90f48aea2a9c1346184a5d81fd0ce1ce1bb3791b1badc4c8cf7a6508f62982%2Cf4ae7e8b22823f80b3a6f28df848e3f9ba9dfa9c6976d754097fcb28fccdb767%2C200bb5ee008845336d012afd79d33f243a88fc11574c78ee65ea43965648c78d → 200  10.326s  delay=1.500 min_gap=0.000 last=1784793332.578
09:55:32.577  PRE   POST /api/trade/search/Standard  delay=1.500 min_gap=0.000 last=1784793332.578
09:55:32.577  ENF   delay=1.500 min_gap=0.000 jitter=2.025 gap=3.525 since_last=0.000 sleep=3.525
09:55:36.496  PARSE Account 3:5:60 → 1.667s/req pen=60s (used=1); Ip 8:10:60 → 0.859s/req pen=60s (used=1); Ip 15:60:120 → 4.800s/req pen=120s (used=7); Ip 60:300:1800 → 6.625s/req pen=1800s (used=33)  delay 1.500→7.625  min_gap→0  max_usage=55%
09:55:36.496  RAW   content-type: application/json
09:55:36.496  RAW   x-rate-limit-policy: trade-search-request-limit
09:55:36.496  RAW   x-rate-limit-rules: Account,Ip
09:55:36.496  RAW   x-rate-limit-account: 3:5:60
09:55:36.496  RAW   x-rate-limit-account-state: 1:5:0
09:55:36.496  RAW   x-rate-limit-ip: 8:10:60,15:60:120,60:300:1800
09:55:36.496  RAW   x-rate-limit-ip-state: 1:10:0,7:60:0,33:300:0
09:55:36.496  RAW   cf-cache-status: DYNAMIC
09:55:36.496  RAW   cf-ray: a1f91faeafcc6e1e-WAW
09:55:36.496  RESP  POST /api/trade/search/Standard → 200  3.919s  delay=7.625 min_gap=0.000 last=1784793336.497
09:55:36.496  PRE   GET /api/trade/fetch/8642626b07d83bd9ff72f63999ac1d4c71c055bd470277bc9872fed3d5310a35%2C4834820ef741c39784107da7d6154e3c2f54c8c93c3be0c0a2f358b8376f76d7%2C81c65bcb5279c526df3f0dc5ff80572f7d5c7f2279aaa2a6cbe60b712f09f989%2Cde4f39047aa7da2435b6f9a4cb39fcae4da6141fd4c8a2482f6a13956a906843%2C34d714d6b9cd1922d8389c3bd0d49fffc603d8004de190585370e26e63f6d7bd  delay=7.625 min_gap=0.000 last=1784793336.497
09:55:36.496  ENF   delay=7.625 min_gap=0.000 jitter=4.096 gap=11.721 since_last=0.000 sleep=11.721
09:55:48.617  PARSE Account 6:4:10 → 0.500s/req pen=10s (used=1); Ip 12:4:60 → 0.208s/req pen=60s (used=1); Ip 16:12:60 → 0.445s/req pen=60s (used=1)  delay 7.625→1.500  min_gap→0  max_usage=0%
09:55:48.617  RAW   content-type: application/json
09:55:48.617  RAW   x-rate-limit-policy: trade-fetch-request-limit
09:55:48.617  RAW   x-rate-limit-rules: Account,Ip
09:55:48.617  RAW   x-rate-limit-account: 6:4:10
09:55:48.617  RAW   x-rate-limit-account-state: 1:4:0
09:55:48.617  RAW   x-rate-limit-ip: 12:4:60,16:12:60
09:55:48.617  RAW   x-rate-limit-ip-state: 1:4:0,1:12:0
09:55:48.617  RAW   cf-cache-status: DYNAMIC
09:55:48.617  RAW   cf-ray: a1f91ffa6aef6e1e-WAW
09:55:48.617  RESP  GET /api/trade/fetch/8642626b07d83bd9ff72f63999ac1d4c71c055bd470277bc9872fed3d5310a35%2C4834820ef741c39784107da7d6154e3c2f54c8c93c3be0c0a2f358b8376f76d7%2C81c65bcb5279c526df3f0dc5ff80572f7d5c7f2279aaa2a6cbe60b712f09f989%2Cde4f39047aa7da2435b6f9a4cb39fcae4da6141fd4c8a2482f6a13956a906843%2C34d714d6b9cd1922d8389c3bd0d49fffc603d8004de190585370e26e63f6d7bd → 200  12.120s  delay=1.500 min_gap=0.000 last=1784793348.617
09:55:48.643  PRE   POST /api/trade/search/Standard  delay=1.500 min_gap=0.000 last=1784793348.617
09:55:48.643  ENF   delay=1.500 min_gap=0.000 jitter=2.278 gap=3.778 since_last=0.027 sleep=3.752
09:55:52.740  PARSE Account 3:5:60 → 1.667s/req pen=60s (used=1); Ip 8:10:60 → 0.859s/req pen=60s (used=1); Ip 15:60:120 → 4.800s/req pen=120s (used=7); Ip 60:300:1800 → 6.875s/req pen=1800s (used=35)  delay 1.500→7.875  min_gap→0  max_usage=58%
09:55:52.740  RAW   content-type: application/json
09:55:52.740  RAW   x-rate-limit-policy: trade-search-request-limit
09:55:52.740  RAW   x-rate-limit-rules: Account,Ip
09:55:52.740  RAW   x-rate-limit-account: 3:5:60
09:55:52.740  RAW   x-rate-limit-account-state: 1:5:0
09:55:52.740  RAW   x-rate-limit-ip: 8:10:60,15:60:120,60:300:1800
09:55:52.740  RAW   x-rate-limit-ip-state: 1:10:0,7:60:0,35:300:0
09:55:52.740  RAW   cf-cache-status: DYNAMIC
09:55:52.740  RAW   cf-ray: a1f920147f426e1e-WAW
09:55:52.740  RESP  POST /api/trade/search/Standard → 200  4.096s  delay=7.875 min_gap=0.000 last=1784793352.740
09:55:52.740  PRE   GET /api/trade/fetch/58a742b9fcee2bf8ce04e2b2a03e350f7cb4c51ce1fb3df7284667e65cc31824%2Cb925f4e2c7e62f50709b0e7404a22addf18fd8ed2b5216bcb962876263a1bbbd%2Cba2c6ac8111eab801a5c9526c7115e88c66b8f9061db5ae7c546be935ca96a91%2C70fe72de6155abbd45a875a6312b8eefb074fe4e3816df6d8e1e3ec563fdb165%2C81a3f559d6f4f82b8dcb20ab8ddd855947ee16e19fb05f60d0776ee803e69f96  delay=7.875 min_gap=0.000 last=1784793352.740
09:55:52.740  ENF   delay=7.875 min_gap=0.000 jitter=3.113 gap=10.988 since_last=0.000 sleep=10.988
09:56:04.130  PARSE Account 6:4:10 → 0.500s/req pen=10s (used=1); Ip 12:4:60 → 0.208s/req pen=60s (used=1); Ip 16:12:60 → 0.445s/req pen=60s (used=1)  delay 7.875→1.500  min_gap→0  max_usage=0%
09:56:04.130  RAW   content-type: application/json
09:56:04.130  RAW   x-rate-limit-policy: trade-fetch-request-limit
09:56:04.131  RAW   x-rate-limit-rules: Account,Ip
09:56:04.131  RAW   x-rate-limit-account: 6:4:10
09:56:04.131  RAW   x-rate-limit-account-state: 1:4:0
09:56:04.131  RAW   x-rate-limit-ip: 12:4:60,16:12:60
09:56:04.131  RAW   x-rate-limit-ip-state: 1:4:0,1:12:0
09:56:04.131  RAW   cf-cache-status: DYNAMIC
09:56:04.131  RAW   cf-ray: a1f9205b5d306e1e-WAW
09:56:04.131  RESP  GET /api/trade/fetch/58a742b9fcee2bf8ce04e2b2a03e350f7cb4c51ce1fb3df7284667e65cc31824%2Cb925f4e2c7e62f50709b0e7404a22addf18fd8ed2b5216bcb962876263a1bbbd%2Cba2c6ac8111eab801a5c9526c7115e88c66b8f9061db5ae7c546be935ca96a91%2C70fe72de6155abbd45a875a6312b8eefb074fe4e3816df6d8e1e3ec563fdb165%2C81a3f559d6f4f82b8dcb20ab8ddd855947ee16e19fb05f60d0776ee803e69f96 → 200  11.390s  delay=1.500 min_gap=0.000 last=1784793364.131
09:56:04.131  PRE   POST /api/trade/search/Standard  delay=1.500 min_gap=0.000 last=1784793364.131
09:56:04.131  ENF   delay=1.500 min_gap=0.000 jitter=4.502 gap=6.002 since_last=0.000 sleep=6.002
09:56:10.625  PARSE Account 3:5:60 → 1.667s/req pen=60s (used=1); Ip 8:10:60 → 0.859s/req pen=60s (used=1); Ip 15:60:120 → 4.800s/req pen=120s (used=7); Ip 60:300:1800 → 6.250s/req pen=1800s (used=30)  delay 1.500→7.250  min_gap→0  max_usage=50%
09:56:10.625  RAW   content-type: application/json
09:56:10.625  RAW   x-rate-limit-policy: trade-search-request-limit
09:56:10.625  RAW   x-rate-limit-rules: Account,Ip
09:56:10.625  RAW   x-rate-limit-account: 3:5:60
09:56:10.625  RAW   x-rate-limit-account-state: 1:5:0
09:56:10.625  RAW   x-rate-limit-ip: 8:10:60,15:60:120,60:300:1800
09:56:10.625  RAW   x-rate-limit-ip-state: 1:10:0,7:60:0,30:300:0
09:56:10.625  RAW   cf-cache-status: DYNAMIC
09:56:10.625  RAW   cf-ray: a1f920835f4a6e1e-WAW
09:56:10.625  RESP  POST /api/trade/search/Standard → 200  6.494s  delay=7.250 min_gap=0.000 last=1784793370.625
09:56:10.625  PRE   GET /api/trade/fetch/628142777ff319540202306011db54c0f93c35bf42870087a84d9fc2538ae5f9%2C26d59adb7d097b87fbc4d139d8602c7f29203a974bf53b2cd05066ab22f8f97a%2C7b90f48aea2a9c1346184a5d81fd0ce1ce1bb3791b1badc4c8cf7a6508f62982%2C2b185d5e706faa05601acd6b0388f651763bcc2b830288aae20c9b444f1c5ab0%2Cf4ae7e8b22823f80b3a6f28df848e3f9ba9dfa9c6976d754097fcb28fccdb767  delay=7.250 min_gap=0.000 last=1784793370.625
09:56:10.625  ENF   delay=7.250 min_gap=0.000 jitter=3.641 gap=10.891 since_last=0.000 sleep=10.890
09:56:21.841  PARSE Account 6:4:10 → 0.500s/req pen=10s (used=1); Ip 12:4:60 → 0.208s/req pen=60s (used=1); Ip 16:12:60 → 0.445s/req pen=60s (used=1)  delay 7.250→1.500  min_gap→0  max_usage=0%
09:56:21.842  RAW   content-type: application/json
09:56:21.842  RAW   x-rate-limit-policy: trade-fetch-request-limit
09:56:21.842  RAW   x-rate-limit-rules: Account,Ip
09:56:21.842  RAW   x-rate-limit-account: 6:4:10
09:56:21.842  RAW   x-rate-limit-account-state: 1:4:0
09:56:21.842  RAW   x-rate-limit-ip: 12:4:60,16:12:60
09:56:21.842  RAW   x-rate-limit-ip-state: 1:4:0,1:12:0
09:56:21.842  RAW   cf-cache-status: DYNAMIC
09:56:21.842  RAW   cf-ray: a1f920ca7a096e1e-WAW
09:56:21.842  RESP  GET /api/trade/fetch/628142777ff319540202306011db54c0f93c35bf42870087a84d9fc2538ae5f9%2C26d59adb7d097b87fbc4d139d8602c7f29203a974bf53b2cd05066ab22f8f97a%2C7b90f48aea2a9c1346184a5d81fd0ce1ce1bb3791b1badc4c8cf7a6508f62982%2C2b185d5e706faa05601acd6b0388f651763bcc2b830288aae20c9b444f1c5ab0%2Cf4ae7e8b22823f80b3a6f28df848e3f9ba9dfa9c6976d754097fcb28fccdb767 → 200  11.216s  delay=1.500 min_gap=0.000 last=1784793381.842
09:56:21.842  PRE   POST /api/trade/search/Standard  delay=1.500 min_gap=0.000 last=1784793381.842
09:56:21.842  ENF   delay=1.500 min_gap=0.000 jitter=4.025 gap=5.525 since_last=0.000 sleep=5.525
09:56:28.003  PARSE Account 3:5:60 → 1.667s/req pen=60s (used=1); Ip 8:10:60 → 0.859s/req pen=60s (used=1); Ip 15:60:120 → 4.800s/req pen=120s (used=7); Ip 60:300:1800 → 6.500s/req pen=1800s (used=32)  delay 1.500→7.500  min_gap→0  max_usage=53%
09:56:28.003  RAW   content-type: application/json
09:56:28.003  RAW   x-rate-limit-policy: trade-search-request-limit
09:56:28.003  RAW   x-rate-limit-rules: Account,Ip
09:56:28.003  RAW   x-rate-limit-account: 3:5:60
09:56:28.003  RAW   x-rate-limit-account-state: 1:5:0
09:56:28.003  RAW   x-rate-limit-ip: 8:10:60,15:60:120,60:300:1800
09:56:28.003  RAW   x-rate-limit-ip-state: 1:10:0,7:60:0,32:300:0
09:56:28.003  RAW   cf-cache-status: DYNAMIC
09:56:28.003  RAW   cf-ray: a1f920ef18e36e1e-WAW
09:56:28.003  RESP  POST /api/trade/search/Standard → 200  6.161s  delay=7.500 min_gap=0.000 last=1784793388.003
09:56:28.003  PRE   GET /api/trade/fetch/b925f4e2c7e62f50709b0e7404a22addf18fd8ed2b5216bcb962876263a1bbbd%2C9552d243338633d807ceac30198073aa4e24278ce82a555f3b633312ef99459c%2C55239ceea4d5f77df18476f1e989bc8d97c1081a2a449463f270d3a92b65784e%2C556e751bc80d0caff587197011f13bcfa500f87f973164bcbadcdc92f4bae88c%2Ca5a05360d0b4084da9a7dd532bdb92e2d664e78abfde5383ce83776fadaa8cd0  delay=7.500 min_gap=0.000 last=1784793388.003
09:56:28.003  ENF   delay=7.500 min_gap=0.000 jitter=4.251 gap=11.751 since_last=0.000 sleep=11.751
09:56:40.123  PARSE Account 6:4:10 → 0.500s/req pen=10s (used=1); Ip 12:4:60 → 0.208s/req pen=60s (used=1); Ip 16:12:60 → 0.445s/req pen=60s (used=1)  delay 7.500→1.500  min_gap→0  max_usage=0%
09:56:40.123  RAW   content-type: application/json
09:56:40.123  RAW   x-rate-limit-policy: trade-fetch-request-limit
09:56:40.123  RAW   x-rate-limit-rules: Account,Ip
09:56:40.123  RAW   x-rate-limit-account: 6:4:10
09:56:40.123  RAW   x-rate-limit-account-state: 1:4:0
09:56:40.123  RAW   x-rate-limit-ip: 12:4:60,16:12:60
09:56:40.123  RAW   x-rate-limit-ip-state: 1:4:0,1:12:0
09:56:40.123  RAW   cf-cache-status: DYNAMIC
09:56:40.124  RAW   cf-ray: a1f9213c7d8f6e1e-WAW
09:56:40.124  RESP  GET /api/trade/fetch/b925f4e2c7e62f50709b0e7404a22addf18fd8ed2b5216bcb962876263a1bbbd%2C9552d243338633d807ceac30198073aa4e24278ce82a555f3b633312ef99459c%2C55239ceea4d5f77df18476f1e989bc8d97c1081a2a449463f270d3a92b65784e%2C556e751bc80d0caff587197011f13bcfa500f87f973164bcbadcdc92f4bae88c%2Ca5a05360d0b4084da9a7dd532bdb92e2d664e78abfde5383ce83776fadaa8cd0 → 200  12.120s  delay=1.500 min_gap=0.000 last=1784793400.124
09:56:40.150  PRE   POST /api/trade/search/Standard  delay=1.500 min_gap=0.000 last=1784793400.124
09:56:40.150  ENF   delay=1.500 min_gap=0.000 jitter=2.048 gap=3.548 since_last=0.027 sleep=3.521
09:56:44.098  PARSE Account 3:5:60 → 1.667s/req pen=60s (used=1); Ip 8:10:60 → 0.859s/req pen=60s (used=1); Ip 15:60:120 → 4.800s/req pen=120s (used=7); Ip 60:300:1800 → 6.750s/req pen=1800s (used=34)  delay 1.500→7.750  min_gap→0  max_usage=57%
09:56:44.098  RAW   content-type: application/json
09:56:44.098  RAW   x-rate-limit-policy: trade-search-request-limit
09:56:44.098  RAW   x-rate-limit-rules: Account,Ip
09:56:44.098  RAW   x-rate-limit-account: 3:5:60
09:56:44.098  RAW   x-rate-limit-account-state: 1:5:0
09:56:44.098  RAW   x-rate-limit-ip: 8:10:60,15:60:120,60:300:1800
09:56:44.098  RAW   x-rate-limit-ip-state: 1:10:0,7:60:0,34:300:0
09:56:44.098  RAW   cf-cache-status: DYNAMIC
09:56:44.098  RAW   cf-ray: a1f92154fea96e1e-WAW
09:56:44.098  RESP  POST /api/trade/search/Standard → 200  3.947s  delay=7.750 min_gap=0.000 last=1784793404.098
09:56:44.098  PRE   GET /api/trade/fetch/64014e77e6c257283fca4709056875a50fbf994b1814a6b5fd0328e2de00cf4b%2Ca80782068466141a8a3be06f0ec2f1cc3c0cb7f2a3776d6dea8c4bd9d6fbc8fc%2C47791b000495a0d14b91d9720c0dfcdf3de78443d021306d45259c5e1ea10a9c%2Cc5d417ed9d88e5c7a7c2de427a8c052fb830b84a66bcb47bcb9577bd0482dfbb%2Cd1a272b46168b01c983a6ed7a151eab43f0de935a68053157a34946af6b83847  delay=7.750 min_gap=0.000 last=1784793404.098
09:56:44.098  ENF   delay=7.750 min_gap=0.000 jitter=2.760 gap=10.510 since_last=0.000 sleep=10.510
09:56:55.114  PARSE Account 6:4:10 → 0.500s/req pen=10s (used=1); Ip 12:4:60 → 0.208s/req pen=60s (used=1); Ip 16:12:60 → 0.445s/req pen=60s (used=1)  delay 7.750→1.500  min_gap→0  max_usage=0%
09:56:55.114  RAW   content-type: application/json
09:56:55.114  RAW   x-rate-limit-policy: trade-fetch-request-limit
09:56:55.114  RAW   x-rate-limit-rules: Account,Ip
09:56:55.114  RAW   x-rate-limit-account: 6:4:10
09:56:55.114  RAW   x-rate-limit-account-state: 1:4:0
09:56:55.115  RAW   x-rate-limit-ip: 12:4:60,16:12:60
09:56:55.115  RAW   x-rate-limit-ip-state: 1:4:0,1:12:0
09:56:55.115  RAW   cf-cache-status: DYNAMIC
09:56:55.115  RAW   cf-ray: a1f921995c0e6e1e-WAW
09:56:55.115  RESP  GET /api/trade/fetch/64014e77e6c257283fca4709056875a50fbf994b1814a6b5fd0328e2de00cf4b%2Ca80782068466141a8a3be06f0ec2f1cc3c0cb7f2a3776d6dea8c4bd9d6fbc8fc%2C47791b000495a0d14b91d9720c0dfcdf3de78443d021306d45259c5e1ea10a9c%2Cc5d417ed9d88e5c7a7c2de427a8c052fb830b84a66bcb47bcb9577bd0482dfbb%2Cd1a272b46168b01c983a6ed7a151eab43f0de935a68053157a34946af6b83847 → 200  11.016s  delay=1.500 min_gap=0.000 last=1784793415.115
09:56:55.115  PRE   POST /api/trade/search/Standard  delay=1.500 min_gap=0.000 last=1784793415.115
09:56:55.115  ENF   delay=1.500 min_gap=0.000 jitter=4.948 gap=6.448 since_last=0.000 sleep=6.448
09:57:02.526  PARSE Account 3:5:60 → 1.667s/req pen=60s (used=1); Ip 8:10:60 → 0.859s/req pen=60s (used=1); Ip 15:60:120 → 4.000s/req pen=120s (used=5); Ip 60:300:1800 → 6.125s/req pen=1800s (used=29)  delay 1.500→7.125  min_gap→0  max_usage=48%
09:57:02.526  RAW   content-type: application/json
09:57:02.526  RAW   x-rate-limit-policy: trade-search-request-limit
09:57:02.526  RAW   x-rate-limit-rules: Account,Ip
09:57:02.526  RAW   x-rate-limit-account: 3:5:60
09:57:02.526  RAW   x-rate-limit-account-state: 1:5:0
09:57:02.526  RAW   x-rate-limit-ip: 8:10:60,15:60:120,60:300:1800
09:57:02.526  RAW   x-rate-limit-ip-state: 1:10:0,5:60:0,29:300:0
09:57:02.526  RAW   cf-cache-status: DYNAMIC
09:57:02.526  RAW   cf-ray: a1f921c4cec96e1e-WAW
09:57:02.526  RESP  POST /api/trade/search/Standard → 200  7.411s  delay=7.125 min_gap=0.000 last=1784793422.527
09:57:02.526  PRE   GET /api/trade/fetch/628142777ff319540202306011db54c0f93c35bf42870087a84d9fc2538ae5f9%2C26d59adb7d097b87fbc4d139d8602c7f29203a974bf53b2cd05066ab22f8f97a%2C7b90f48aea2a9c1346184a5d81fd0ce1ce1bb3791b1badc4c8cf7a6508f62982%2C2b185d5e706faa05601acd6b0388f651763bcc2b830288aae20c9b444f1c5ab0%2Cf4ae7e8b22823f80b3a6f28df848e3f9ba9dfa9c6976d754097fcb28fccdb767  delay=7.125 min_gap=0.000 last=1784793422.527
09:57:02.526  ENF   delay=7.125 min_gap=0.000 jitter=4.549 gap=11.674 since_last=0.000 sleep=11.673
09:57:14.791  PARSE Account 6:4:10 → 0.500s/req pen=10s (used=1); Ip 12:4:60 → 0.208s/req pen=60s (used=1); Ip 16:12:60 → 0.445s/req pen=60s (used=1)  delay 7.125→1.500  min_gap→0  max_usage=0%
09:57:14.791  RAW   content-type: application/json
09:57:14.792  RAW   x-rate-limit-policy: trade-fetch-request-limit
09:57:14.792  RAW   x-rate-limit-rules: Account,Ip
09:57:14.792  RAW   x-rate-limit-account: 6:4:10
09:57:14.792  RAW   x-rate-limit-account-state: 1:4:0
09:57:14.792  RAW   x-rate-limit-ip: 12:4:60,16:12:60
09:57:14.792  RAW   x-rate-limit-ip-state: 1:4:0,1:12:0
09:57:14.792  RAW   cf-cache-status: DYNAMIC
09:57:14.792  RAW   cf-ray: a1f92213ceff6e1e-WAW
09:57:14.792  RESP  GET /api/trade/fetch/628142777ff319540202306011db54c0f93c35bf42870087a84d9fc2538ae5f9%2C26d59adb7d097b87fbc4d139d8602c7f29203a974bf53b2cd05066ab22f8f97a%2C7b90f48aea2a9c1346184a5d81fd0ce1ce1bb3791b1badc4c8cf7a6508f62982%2C2b185d5e706faa05601acd6b0388f651763bcc2b830288aae20c9b444f1c5ab0%2Cf4ae7e8b22823f80b3a6f28df848e3f9ba9dfa9c6976d754097fcb28fccdb767 → 200  12.265s  delay=1.500 min_gap=0.000 last=1784793434.792
09:57:14.792  PRE   POST /api/trade/search/Standard  delay=1.500 min_gap=0.000 last=1784793434.792
09:57:14.792  ENF   delay=1.500 min_gap=0.000 jitter=4.925 gap=6.425 since_last=0.000 sleep=6.425
09:57:21.826  PARSE Account 3:5:60 → 1.667s/req pen=60s (used=1); Ip 8:10:60 → 0.859s/req pen=60s (used=1); Ip 15:60:120 → 4.000s/req pen=120s (used=5); Ip 60:300:1800 → 6.375s/req pen=1800s (used=31)  delay 1.500→7.375  min_gap→0  max_usage=52%
09:57:21.826  RAW   content-type: application/json
09:57:21.826  RAW   x-rate-limit-policy: trade-search-request-limit
09:57:21.826  RAW   x-rate-limit-rules: Account,Ip
09:57:21.826  RAW   x-rate-limit-account: 3:5:60
09:57:21.826  RAW   x-rate-limit-account-state: 1:5:0
09:57:21.826  RAW   x-rate-limit-ip: 8:10:60,15:60:120,60:300:1800
09:57:21.826  RAW   x-rate-limit-ip-state: 1:10:0,5:60:0,31:300:0
09:57:21.826  RAW   cf-cache-status: DYNAMIC
09:57:21.826  RAW   cf-ray: a1f9223faf616e1e-WAW
09:57:21.826  RESP  POST /api/trade/search/Standard → 200  7.034s  delay=7.375 min_gap=0.000 last=1784793441.827
09:57:21.826  PRE   GET /api/trade/fetch/64014e77e6c257283fca4709056875a50fbf994b1814a6b5fd0328e2de00cf4b%2Ca80782068466141a8a3be06f0ec2f1cc3c0cb7f2a3776d6dea8c4bd9d6fbc8fc%2C47791b000495a0d14b91d9720c0dfcdf3de78443d021306d45259c5e1ea10a9c%2Cc5d417ed9d88e5c7a7c2de427a8c052fb830b84a66bcb47bcb9577bd0482dfbb%2C5de3049c89f30cec57aefb971843772b64e8d2b6b7b02f2420f5526058df071a  delay=7.375 min_gap=0.000 last=1784793441.827
09:57:21.826  ENF   delay=7.375 min_gap=0.000 jitter=3.352 gap=10.727 since_last=0.000 sleep=10.727
09:57:33.144  PARSE Account 6:4:10 → 0.500s/req pen=10s (used=1); Ip 12:4:60 → 0.208s/req pen=60s (used=1); Ip 16:12:60 → 0.445s/req pen=60s (used=1)  delay 7.375→1.500  min_gap→0  max_usage=0%
09:57:33.144  RAW   content-type: application/json
09:57:33.144  RAW   x-rate-limit-policy: trade-fetch-request-limit
09:57:33.145  RAW   x-rate-limit-rules: Account,Ip
09:57:33.145  RAW   x-rate-limit-account: 6:4:10
09:57:33.145  RAW   x-rate-limit-account-state: 1:4:0
09:57:33.145  RAW   x-rate-limit-ip: 12:4:60,16:12:60
09:57:33.145  RAW   x-rate-limit-ip-state: 1:4:0,1:12:0
09:57:33.145  RAW   cf-cache-status: DYNAMIC
09:57:33.145  RAW   cf-ray: a1f92286782f6e1e-WAW
09:57:33.145  RESP  GET /api/trade/fetch/64014e77e6c257283fca4709056875a50fbf994b1814a6b5fd0328e2de00cf4b%2Ca80782068466141a8a3be06f0ec2f1cc3c0cb7f2a3776d6dea8c4bd9d6fbc8fc%2C47791b000495a0d14b91d9720c0dfcdf3de78443d021306d45259c5e1ea10a9c%2Cc5d417ed9d88e5c7a7c2de427a8c052fb830b84a66bcb47bcb9577bd0482dfbb%2C5de3049c89f30cec57aefb971843772b64e8d2b6b7b02f2420f5526058df071a → 200  11.318s  delay=1.500 min_gap=0.000 last=1784793453.145
09:57:33.169  PRE   POST /api/trade/search/Standard  delay=1.500 min_gap=0.000 last=1784793453.145
09:57:33.169  ENF   delay=1.500 min_gap=0.000 jitter=3.943 gap=5.443 since_last=0.025 sleep=5.418
09:57:39.035  PARSE Account 3:5:60 → 1.667s/req pen=60s (used=1); Ip 8:10:60 → 0.859s/req pen=60s (used=1); Ip 15:60:120 → 4.400s/req pen=120s (used=6); Ip 60:300:1800 → 6.625s/req pen=1800s (used=33)  delay 1.500→7.625  min_gap→0  max_usage=55%
09:57:39.035  RAW   content-type: application/json
09:57:39.035  RAW   x-rate-limit-policy: trade-search-request-limit
09:57:39.035  RAW   x-rate-limit-rules: Account,Ip
09:57:39.035  RAW   x-rate-limit-account: 3:5:60
09:57:39.035  RAW   x-rate-limit-account-state: 1:5:0
09:57:39.035  RAW   x-rate-limit-ip: 8:10:60,15:60:120,60:300:1800
09:57:39.035  RAW   x-rate-limit-ip-state: 1:10:0,6:60:0,33:300:0
09:57:39.035  RAW   cf-cache-status: DYNAMIC
09:57:39.035  RAW   cf-ray: a1f922ac39646e1e-WAW
09:57:39.035  RESP  POST /api/trade/search/Standard → 200  5.866s  delay=7.625 min_gap=0.000 last=1784793459.036
09:57:39.035  PRE   GET /api/trade/fetch/4fc30ef32b0db3438be40cd0cb4939919308306d56e8132582ffe4cee69f8d9a%2Cc2e51d26ce655645a84a4ebbfff4c78da12f263ddad705f9172259f7e91c5cf2%2C4cf5747154a963027735341ca09ea1b4f5a92168220c7cb32978e0df05013a0e%2C59d8958d14c8f6c5492a1dc8fe21bb5c3c953a10d67a7d5f7c5e9979cb842d0a%2C3f394dd3358bfc21e75b905287630e8c3149ebdd33f10ef7f36829f39e72d73a  delay=7.625 min_gap=0.000 last=1784793459.036
09:57:39.035  ENF   delay=7.625 min_gap=0.000 jitter=4.503 gap=12.128 since_last=0.000 sleep=12.128
09:57:51.622  PARSE Account 6:4:10 → 0.500s/req pen=10s (used=1); Ip 12:4:60 → 0.208s/req pen=60s (used=1); Ip 16:12:60 → 0.445s/req pen=60s (used=1)  delay 7.625→1.500  min_gap→0  max_usage=0%
09:57:51.622  RAW   content-type: application/json
09:57:51.622  RAW   x-rate-limit-policy: trade-fetch-request-limit
09:57:51.622  RAW   x-rate-limit-rules: Account,Ip
09:57:51.622  RAW   x-rate-limit-account: 6:4:10
09:57:51.622  RAW   x-rate-limit-account-state: 1:4:0
09:57:51.622  RAW   x-rate-limit-ip: 12:4:60,16:12:60
09:57:51.622  RAW   x-rate-limit-ip-state: 1:4:0,1:12:0
09:57:51.622  RAW   cf-cache-status: DYNAMIC
09:57:51.622  RAW   cf-ray: a1f922faca336e1e-WAW
09:57:51.622  RESP  GET /api/trade/fetch/4fc30ef32b0db3438be40cd0cb4939919308306d56e8132582ffe4cee69f8d9a%2Cc2e51d26ce655645a84a4ebbfff4c78da12f263ddad705f9172259f7e91c5cf2%2C4cf5747154a963027735341ca09ea1b4f5a92168220c7cb32978e0df05013a0e%2C59d8958d14c8f6c5492a1dc8fe21bb5c3c953a10d67a7d5f7c5e9979cb842d0a%2C3f394dd3358bfc21e75b905287630e8c3149ebdd33f10ef7f36829f39e72d73a → 200  12.587s  delay=1.500 min_gap=0.000 last=1784793471.623
09:57:51.623  PRE   POST /api/trade/search/Standard  delay=1.500 min_gap=0.000 last=1784793471.623
09:57:51.623  ENF   delay=1.500 min_gap=0.000 jitter=4.671 gap=6.171 since_last=0.000 sleep=6.171
