08:12:17.361  INIT  user_agent=OAuth pypoe/0.1.0 (flipper) delay=0.0 min_gap=1.0
08:12:17.363  PRE   POST /api/trade/search/Standard  delay=0.000 min_gap=1.000 last=1784787137.362
08:12:17.364  ENF   delay=0.000 min_gap=1.000 jitter=4.641 gap=5.641 since_last=0.002 sleep=5.639
08:12:23.491  PARSE Account 3:5:60 → 2.500s/req pen=60s (used=2); Ip 8:10:60 → 1.094s/req pen=60s (used=2); Ip 15:60:120 → 2.800s/req pen=120s (used=2); Ip 60:300:1800 → 2.750s/req pen=1800s (used=2)  delay 0.000→3.800  min_gap→0  max_usage=13%
08:12:23.491  RAW   content-type: application/json
08:12:23.491  RAW   x-rate-limit-policy: trade-search-request-limit
08:12:23.491  RAW   x-rate-limit-rules: Account,Ip
08:12:23.491  RAW   x-rate-limit-account: 3:5:60
08:12:23.491  RAW   x-rate-limit-account-state: 2:5:0
08:12:23.491  RAW   x-rate-limit-ip: 8:10:60,15:60:120,60:300:1800
08:12:23.491  RAW   x-rate-limit-ip-state: 2:10:0,2:60:0,2:300:0
08:12:23.491  RAW   cf-cache-status: DYNAMIC
08:12:23.491  RAW   cf-ray: a1f8887beeaf5411-WAW
08:12:23.491  RESP  POST /api/trade/search/Standard → 200  6.127s  delay=3.800 min_gap=0.000 last=1784787143.491
08:12:23.491  PRE   GET /api/trade/fetch/b8427a551422cdad149243b1877ce3ec9bcb8435e85e6254bb0f86fd67384494%2Ca5abcc70f3951a754cec88b0d4c15a614c4981e43b4b9a6a774fd6fdd3968dd2%2C6f6995878dd5bb2bb2395bc85d9633d84f585856c29cbb50019b762bbfa1cc56%2C6fe93da0ed2dcf4f868efdde8acd885ad7c830291eec04375928443e60804d88%2C9283d734eee65d3a98875e2b6360b4e8258b3db328d6f82651b9d3a6bc56c762  delay=3.800 min_gap=0.000 last=1784787143.491
08:12:23.491  ENF   delay=3.800 min_gap=0.000 jitter=2.835 gap=6.635 since_last=0.000 sleep=6.635
08:12:30.468  PARSE Account 6:4:10 → 0.667s/req pen=10s (used=2); Ip 12:4:60 → 0.250s/req pen=60s (used=2); Ip 16:12:60 → 0.516s/req pen=60s (used=2)  delay 3.800→1.667  min_gap→0  max_usage=0%
08:12:30.468  RAW   content-type: application/json
08:12:30.468  RAW   x-rate-limit-policy: trade-fetch-request-limit
08:12:30.468  RAW   x-rate-limit-rules: Account,Ip
08:12:30.468  RAW   x-rate-limit-account: 6:4:10
08:12:30.468  RAW   x-rate-limit-account-state: 2:4:0
08:12:30.468  RAW   x-rate-limit-ip: 12:4:60,16:12:60
08:12:30.468  RAW   x-rate-limit-ip-state: 2:4:0,2:12:0
08:12:30.468  RAW   cf-cache-status: DYNAMIC
08:12:30.468  RAW   cf-ray: a1f888a84c925411-WAW
08:12:30.468  RESP  GET /api/trade/fetch/b8427a551422cdad149243b1877ce3ec9bcb8435e85e6254bb0f86fd67384494%2Ca5abcc70f3951a754cec88b0d4c15a614c4981e43b4b9a6a774fd6fdd3968dd2%2C6f6995878dd5bb2bb2395bc85d9633d84f585856c29cbb50019b762bbfa1cc56%2C6fe93da0ed2dcf4f868efdde8acd885ad7c830291eec04375928443e60804d88%2C9283d734eee65d3a98875e2b6360b4e8258b3db328d6f82651b9d3a6bc56c762 → 200  6.977s  delay=1.667 min_gap=0.000 last=1784787150.469
08:12:30.468  PRE   POST /api/trade/search/Standard  delay=1.667 min_gap=0.000 last=1784787150.469
08:12:30.468  ENF   delay=1.667 min_gap=0.000 jitter=4.992 gap=6.659 since_last=0.000 sleep=6.659
08:12:37.609  PARSE Account 3:5:60 → 1.667s/req pen=60s (used=1); Ip 8:10:60 → 1.094s/req pen=60s (used=2); Ip 15:60:120 → 3.600s/req pen=120s (used=4); Ip 60:300:1800 → 3.000s/req pen=1800s (used=4)  delay 1.667→4.600  min_gap→0  max_usage=27%
08:12:37.609  RAW   content-type: application/json
08:12:37.609  RAW   x-rate-limit-policy: trade-search-request-limit
08:12:37.609  RAW   x-rate-limit-rules: Account,Ip
08:12:37.609  RAW   x-rate-limit-account: 3:5:60
08:12:37.609  RAW   x-rate-limit-account-state: 1:5:0
08:12:37.609  RAW   x-rate-limit-ip: 8:10:60,15:60:120,60:300:1800
08:12:37.609  RAW   x-rate-limit-ip-state: 2:10:0,4:60:0,4:300:0
08:12:37.609  RAW   cf-cache-status: DYNAMIC
08:12:37.609  RAW   cf-ray: a1f888d41e285411-WAW
08:12:37.609  RESP  POST /api/trade/search/Standard → 200  7.140s  delay=4.600 min_gap=0.000 last=1784787157.609
08:12:37.609  PRE   GET /api/trade/fetch/b8427a551422cdad149243b1877ce3ec9bcb8435e85e6254bb0f86fd67384494%2C58fa9a3946869ccd50a43c0f64214f7beba6943ea47112cb47f6390ea3fa9fc7%2Cb1af26e4938854a5f99aee022f22f0072b49eb7a91f45e5159061fb0b90a360d%2C7bf620c9408144ee3f93e105fc5286801b62aa13fa616febaa5f0abc00678eac%2Cff7553ca19303f9e3d06d591a975aaa369b668732206bc6c41c81e2b1d7ff546  delay=4.600 min_gap=0.000 last=1784787157.609
08:12:37.609  ENF   delay=4.600 min_gap=0.000 jitter=2.831 gap=7.431 since_last=0.000 sleep=7.431
08:12:45.605  PARSE Account 6:4:10 → 0.667s/req pen=10s (used=2); Ip 12:4:60 → 0.250s/req pen=60s (used=2); Ip 16:12:60 → 0.516s/req pen=60s (used=2)  delay 4.600→1.667  min_gap→0  max_usage=0%
08:12:45.605  RAW   content-type: application/json
08:12:45.605  RAW   x-rate-limit-policy: trade-fetch-request-limit
08:12:45.605  RAW   x-rate-limit-rules: Account,Ip
08:12:45.605  RAW   x-rate-limit-account: 6:4:10
08:12:45.605  RAW   x-rate-limit-account-state: 2:4:0
08:12:45.605  RAW   x-rate-limit-ip: 12:4:60,16:12:60
08:12:45.605  RAW   x-rate-limit-ip-state: 2:4:0,2:12:0
08:12:45.605  RAW   cf-cache-status: DYNAMIC
08:12:45.605  RAW   cf-ray: a1f889058c5e5411-WAW
08:12:45.605  RESP  GET /api/trade/fetch/b8427a551422cdad149243b1877ce3ec9bcb8435e85e6254bb0f86fd67384494%2C58fa9a3946869ccd50a43c0f64214f7beba6943ea47112cb47f6390ea3fa9fc7%2Cb1af26e4938854a5f99aee022f22f0072b49eb7a91f45e5159061fb0b90a360d%2C7bf620c9408144ee3f93e105fc5286801b62aa13fa616febaa5f0abc00678eac%2Cff7553ca19303f9e3d06d591a975aaa369b668732206bc6c41c81e2b1d7ff546 → 200  7.996s  delay=1.667 min_gap=0.000 last=1784787165.606
08:12:45.622  PRE   POST /api/trade/search/Standard  delay=1.667 min_gap=0.000 last=1784787165.606
08:12:45.622  ENF   delay=1.667 min_gap=0.000 jitter=2.907 gap=4.574 since_last=0.017 sleep=4.557
08:12:50.519  PARSE Account 3:5:60 → 2.500s/req pen=60s (used=2); Ip 8:10:60 → 1.094s/req pen=60s (used=2); Ip 15:60:120 → 4.400s/req pen=120s (used=6); Ip 60:300:1800 → 3.250s/req pen=1800s (used=6)  delay 1.667→5.400  min_gap→0  max_usage=40%
08:12:50.519  RAW   content-type: application/json
08:12:50.519  RAW   x-rate-limit-policy: trade-search-request-limit
08:12:50.519  RAW   x-rate-limit-rules: Account,Ip
08:12:50.519  RAW   x-rate-limit-account: 3:5:60
08:12:50.519  RAW   x-rate-limit-account-state: 2:5:0
08:12:50.519  RAW   x-rate-limit-ip: 8:10:60,15:60:120,60:300:1800
08:12:50.519  RAW   x-rate-limit-ip-state: 2:10:0,6:60:0,6:300:0
08:12:50.519  RAW   cf-cache-status: DYNAMIC
08:12:50.519  RAW   cf-ray: a1f88925ab4b5411-WAW
08:12:50.519  RESP  POST /api/trade/search/Standard → 200  4.897s  delay=5.400 min_gap=0.000 last=1784787170.520
08:12:50.519  PRE   GET /api/trade/fetch/26a1ab38f6df14c59dadb2c180c8e11f335af197866f36c8fdeca85af1f8e779%2Ce860dc2e57aa429b4283236eb3e91833a01d9e4366964b3eb117f9b4f0f2cd73%2C4051482ae6923154ad644e018081f488a18dcdce83074ea5518d11f41380ef9d%2Ca8bfd5cf348c3f59a0f9de4254bd4ac092723d2454aa8b4ea9ab21c13a271f3d%2C864a6e45c450352dd4f7d8a11537f2837be122cede7d44874c90cee4534d9074  delay=5.400 min_gap=0.000 last=1784787170.520
08:12:50.519  ENF   delay=5.400 min_gap=0.000 jitter=2.942 gap=8.342 since_last=0.000 sleep=8.342
08:12:59.555  PARSE Account 6:4:10 → 0.500s/req pen=10s (used=1); Ip 12:4:60 → 0.208s/req pen=60s (used=1); Ip 16:12:60 → 0.516s/req pen=60s (used=2)  delay 5.400→1.516  min_gap→0  max_usage=0%
08:12:59.555  RAW   content-type: application/json
08:12:59.555  RAW   x-rate-limit-policy: trade-fetch-request-limit
08:12:59.555  RAW   x-rate-limit-rules: Account,Ip
08:12:59.555  RAW   x-rate-limit-account: 6:4:10
08:12:59.555  RAW   x-rate-limit-account-state: 1:4:0
08:12:59.555  RAW   x-rate-limit-ip: 12:4:60,16:12:60
08:12:59.555  RAW   x-rate-limit-ip-state: 1:4:0,2:12:0
08:12:59.555  RAW   cf-cache-status: DYNAMIC
08:12:59.555  RAW   cf-ray: a1f8895bedb15411-WAW
08:12:59.555  RESP  GET /api/trade/fetch/26a1ab38f6df14c59dadb2c180c8e11f335af197866f36c8fdeca85af1f8e779%2Ce860dc2e57aa429b4283236eb3e91833a01d9e4366964b3eb117f9b4f0f2cd73%2C4051482ae6923154ad644e018081f488a18dcdce83074ea5518d11f41380ef9d%2Ca8bfd5cf348c3f59a0f9de4254bd4ac092723d2454aa8b4ea9ab21c13a271f3d%2C864a6e45c450352dd4f7d8a11537f2837be122cede7d44874c90cee4534d9074 → 200  9.036s  delay=1.516 min_gap=0.000 last=1784787179.555
08:12:59.555  PRE   POST /api/trade/search/Standard  delay=1.516 min_gap=0.000 last=1784787179.555
08:12:59.555  ENF   delay=1.516 min_gap=0.000 jitter=4.515 gap=6.031 since_last=0.000 sleep=6.031
08:13:07.247  PARSE Account 3:5:60 → 2.500s/req pen=60s (used=2); Ip 8:10:60 → 1.094s/req pen=60s (used=2); Ip 15:60:120 → 5.200s/req pen=120s (used=8); Ip 60:300:1800 → 3.500s/req pen=1800s (used=8)  delay 1.516→6.200  min_gap→0  max_usage=53%
08:13:07.247  RAW   content-type: application/json
08:13:07.247  RAW   x-rate-limit-policy: trade-search-request-limit
08:13:07.247  RAW   x-rate-limit-rules: Account,Ip
08:13:07.247  RAW   x-rate-limit-account: 3:5:60
08:13:07.247  RAW   x-rate-limit-account-state: 2:5:0
08:13:07.247  RAW   x-rate-limit-ip: 8:10:60,15:60:120,60:300:1800
08:13:07.247  RAW   x-rate-limit-ip-state: 2:10:0,8:60:0,8:300:0
08:13:07.247  RAW   cf-cache-status: DYNAMIC
08:13:07.247  RAW   cf-ray: a1f88985fea45411-WAW
08:13:07.247  RESP  POST /api/trade/search/Standard → 200  7.692s  delay=6.200 min_gap=0.000 last=1784787187.248
08:13:07.565  PRE   POST /api/trade/search/Standard  delay=6.200 min_gap=0.000 last=1784787187.248
08:13:07.565  ENF   delay=6.200 min_gap=0.000 jitter=4.890 gap=11.090 since_last=0.318 sleep=10.772
08:13:19.771  PARSE Account 3:5:60 → 1.667s/req pen=60s (used=1); Ip 8:10:60 → 1.094s/req pen=60s (used=2); Ip 15:60:120 → 5.200s/req pen=120s (used=8); Ip 60:300:1800 → 3.750s/req pen=1800s (used=10)  delay 6.200→6.200  min_gap→0  max_usage=53%
08:13:19.771  RAW   content-type: application/json
08:13:19.771  RAW   x-rate-limit-policy: trade-search-request-limit
08:13:19.771  RAW   x-rate-limit-rules: Account,Ip
08:13:19.771  RAW   x-rate-limit-account: 3:5:60
08:13:19.771  RAW   x-rate-limit-account-state: 1:5:0
08:13:19.771  RAW   x-rate-limit-ip: 8:10:60,15:60:120,60:300:1800
08:13:19.771  RAW   x-rate-limit-ip-state: 2:10:0,8:60:0,10:300:0
08:13:19.771  RAW   cf-cache-status: DYNAMIC
08:13:19.771  RAW   cf-ray: a1f889d5a9a55411-WAW
08:13:19.771  RESP  POST /api/trade/search/Standard → 200  12.205s  delay=6.200 min_gap=0.000 last=1784787199.771
08:13:19.771  PRE   GET /api/trade/fetch/8c25fa48da7695755ca0a881c02aeebe20b662b3aa03a5cd4f6244c92a37a406%2Ca4b510131506e5e40fe9930070dbab39347205955cf1ea066e589a04e50f88e9%2Cb04c71249347f14391047a0739343aeff2025b49aea9fd55b381ba665efa744e%2Caf9b492ad7e9d19c63218ccb59d4320845ad36fa70ee1c565119c8d47add42ed%2Cb3d92e410c1bf95b43d041e9d0f38be41d4b05d83e6686ab9019034bad35320f  delay=6.200 min_gap=0.000 last=1784787199.771
08:13:19.771  ENF   delay=6.200 min_gap=0.000 jitter=4.174 gap=10.374 since_last=0.000 sleep=10.374
08:13:31.117  PARSE Account 6:4:10 → 0.500s/req pen=10s (used=1); Ip 12:4:60 → 0.208s/req pen=60s (used=1); Ip 16:12:60 → 0.516s/req pen=60s (used=2)  delay 6.200→1.516  min_gap→0  max_usage=0%
08:13:31.117  RAW   content-type: application/json
08:13:31.117  RAW   x-rate-limit-policy: trade-fetch-request-limit
08:13:31.117  RAW   x-rate-limit-rules: Account,Ip
08:13:31.117  RAW   x-rate-limit-account: 6:4:10
08:13:31.117  RAW   x-rate-limit-account-state: 1:4:0
08:13:31.117  RAW   x-rate-limit-ip: 12:4:60,16:12:60
08:13:31.117  RAW   x-rate-limit-ip-state: 1:4:0,2:12:0
08:13:31.117  RAW   cf-cache-status: DYNAMIC
08:13:31.117  RAW   cf-ray: a1f88a1f691a5411-WAW
08:13:31.117  RESP  GET /api/trade/fetch/8c25fa48da7695755ca0a881c02aeebe20b662b3aa03a5cd4f6244c92a37a406%2Ca4b510131506e5e40fe9930070dbab39347205955cf1ea066e589a04e50f88e9%2Cb04c71249347f14391047a0739343aeff2025b49aea9fd55b381ba665efa744e%2Caf9b492ad7e9d19c63218ccb59d4320845ad36fa70ee1c565119c8d47add42ed%2Cb3d92e410c1bf95b43d041e9d0f38be41d4b05d83e6686ab9019034bad35320f → 200  11.346s  delay=1.516 min_gap=0.000 last=1784787211.118
08:13:31.117  PRE   POST /api/trade/search/Standard  delay=1.516 min_gap=0.000 last=1784787211.118
08:13:31.117  ENF   delay=1.516 min_gap=0.000 jitter=2.716 gap=4.232 since_last=0.000 sleep=4.232
08:13:36.206  PARSE Account 3:5:60 → 1.667s/req pen=60s (used=1); Ip 8:10:60 → 0.859s/req pen=60s (used=1); Ip 15:60:120 → 5.200s/req pen=120s (used=8); Ip 60:300:1800 → 4.000s/req pen=1800s (used=12)  delay 1.516→6.200  min_gap→0  max_usage=53%
08:13:36.206  RAW   content-type: application/json
08:13:36.206  RAW   x-rate-limit-policy: trade-search-request-limit
08:13:36.206  RAW   x-rate-limit-rules: Account,Ip
08:13:36.206  RAW   x-rate-limit-account: 3:5:60
08:13:36.206  RAW   x-rate-limit-account-state: 1:5:0
08:13:36.206  RAW   x-rate-limit-ip: 8:10:60,15:60:120,60:300:1800
08:13:36.206  RAW   x-rate-limit-ip-state: 1:10:0,8:60:0,12:300:0
08:13:36.206  RAW   cf-cache-status: DYNAMIC
08:13:36.206  RAW   cf-ray: a1f88a3fff2d5411-WAW
08:13:36.206  RESP  POST /api/trade/search/Standard → 200  5.088s  delay=6.200 min_gap=0.000 last=1784787216.206
08:13:36.206  PRE   GET /api/trade/fetch/727da76cbf2f5fbe6674008dfc02b8b75a196567274dbec79cf2224b24dc5ac5%2Cffc8a566e87bd0eaa09436b264987bd8013fca73d0d33ffcf76d4be622893865%2C034d3a9ab273b65cff6ce5d3f2c1a7cd0297f1b62570a21e7db703ff61b64702%2Cbe7b793defd8ed0fe64d4d710cac1f41c4f87c4d25b3d54b89a9459aa4fe05f7%2C68d6e1bfe101d712251eb9b25ef46cb4865d5d930b6ae9b83d37fde1a4ee421f  delay=6.200 min_gap=0.000 last=1784787216.206
08:13:36.206  ENF   delay=6.200 min_gap=0.000 jitter=4.168 gap=10.368 since_last=0.000 sleep=10.368
08:13:50.594  PARSE Account 6:4:10 → 0.500s/req pen=10s (used=1); Ip 12:4:60 → 0.208s/req pen=60s (used=1); Ip 16:12:60 → 0.516s/req pen=60s (used=2)  delay 6.200→1.516  min_gap→0  max_usage=0%
08:13:50.594  RAW   content-type: application/json
08:13:50.594  RAW   x-rate-limit-policy: trade-fetch-request-limit
08:13:50.594  RAW   x-rate-limit-rules: Account,Ip
08:13:50.594  RAW   x-rate-limit-account: 6:4:10
08:13:50.594  RAW   x-rate-limit-account-state: 1:4:0
08:13:50.594  RAW   x-rate-limit-ip: 12:4:60,16:12:60
08:13:50.594  RAW   x-rate-limit-ip-state: 1:4:0,2:12:0
08:13:50.594  RAW   cf-cache-status: DYNAMIC
08:13:50.594  RAW   cf-ray: a1f88a8619795411-WAW
08:13:50.594  RESP  GET /api/trade/fetch/727da76cbf2f5fbe6674008dfc02b8b75a196567274dbec79cf2224b24dc5ac5%2Cffc8a566e87bd0eaa09436b264987bd8013fca73d0d33ffcf76d4be622893865%2C034d3a9ab273b65cff6ce5d3f2c1a7cd0297f1b62570a21e7db703ff61b64702%2Cbe7b793defd8ed0fe64d4d710cac1f41c4f87c4d25b3d54b89a9459aa4fe05f7%2C68d6e1bfe101d712251eb9b25ef46cb4865d5d930b6ae9b83d37fde1a4ee421f → 200  14.388s  delay=1.516 min_gap=0.000 last=1784787230.594
08:13:50.606  PRE   POST /api/trade/search/Standard  delay=1.516 min_gap=0.000 last=1784787230.594
08:13:50.606  ENF   delay=1.516 min_gap=0.000 jitter=2.450 gap=3.965 since_last=0.013 sleep=3.953
08:13:55.011  PARSE Account 3:5:60 → 1.667s/req pen=60s (used=1); Ip 8:10:60 → 1.094s/req pen=60s (used=2); Ip 15:60:120 → 5.200s/req pen=120s (used=8); Ip 60:300:1800 → 4.250s/req pen=1800s (used=14)  delay 1.516→6.200  min_gap→0  max_usage=53%
08:13:55.011  RAW   content-type: application/json
08:13:55.011  RAW   x-rate-limit-policy: trade-search-request-limit
08:13:55.011  RAW   x-rate-limit-rules: Account,Ip
08:13:55.011  RAW   x-rate-limit-account: 3:5:60
08:13:55.011  RAW   x-rate-limit-account-state: 1:5:0
08:13:55.011  RAW   x-rate-limit-ip: 8:10:60,15:60:120,60:300:1800
08:13:55.011  RAW   x-rate-limit-ip-state: 2:10:0,8:60:0,14:300:0
08:13:55.011  RAW   cf-cache-status: DYNAMIC
08:13:55.011  RAW   cf-ray: a1f88ab80bda5411-WAW
08:13:55.011  RESP  POST /api/trade/search/Standard → 200  4.404s  delay=6.200 min_gap=0.000 last=1784787235.011
08:13:55.011  PRE   GET /api/trade/fetch/2bc8422a2c19a6b10974c87982974dc3ec55533a35860755d80494f89f0f79a4%2C1d4a07f1668426793d9af8882a2542ae08d3552dae593a30780ed66ef01f0c07%2C141dcf6f6f7a5c129c38c87a3849230c7abc52559eb3f643c1455b5cb364ab30%2C30a8b058e0bfb9a0a007a053f15be02957c633975b1f8de286e8c6d561be1600%2Cd98c8726d958e58e0dfd09cdd6243a12aca8981552b12d45060b116915fa8186  delay=6.200 min_gap=0.000 last=1784787235.011
08:13:55.011  ENF   delay=6.200 min_gap=0.000 jitter=3.525 gap=9.725 since_last=0.000 sleep=9.725
08:14:05.162  PARSE Account 6:4:10 → 0.500s/req pen=10s (used=1); Ip 12:4:60 → 0.208s/req pen=60s (used=1); Ip 16:12:60 → 0.516s/req pen=60s (used=2)  delay 6.200→1.516  min_gap→0  max_usage=0%
08:14:05.162  RAW   content-type: application/json
08:14:05.162  RAW   x-rate-limit-policy: trade-fetch-request-limit
08:14:05.162  RAW   x-rate-limit-rules: Account,Ip
08:14:05.162  RAW   x-rate-limit-account: 6:4:10
08:14:05.162  RAW   x-rate-limit-account-state: 1:4:0
08:14:05.162  RAW   x-rate-limit-ip: 12:4:60,16:12:60
08:14:05.162  RAW   x-rate-limit-ip-state: 1:4:0,2:12:0
08:14:05.162  RAW   cf-cache-status: DYNAMIC
08:14:05.162  RAW   cf-ray: a1f88af799e05411-WAW
08:14:05.162  RESP  GET /api/trade/fetch/2bc8422a2c19a6b10974c87982974dc3ec55533a35860755d80494f89f0f79a4%2C1d4a07f1668426793d9af8882a2542ae08d3552dae593a30780ed66ef01f0c07%2C141dcf6f6f7a5c129c38c87a3849230c7abc52559eb3f643c1455b5cb364ab30%2C30a8b058e0bfb9a0a007a053f15be02957c633975b1f8de286e8c6d561be1600%2Cd98c8726d958e58e0dfd09cdd6243a12aca8981552b12d45060b116915fa8186 → 200  10.151s  delay=1.516 min_gap=0.000 last=1784787245.162
08:14:05.162  PRE   POST /api/trade/search/Standard  delay=1.516 min_gap=0.000 last=1784787245.162
08:14:05.162  ENF   delay=1.516 min_gap=0.000 jitter=4.652 gap=6.168 since_last=0.000 sleep=6.168
08:14:11.786  PARSE Account 3:5:60 → 1.667s/req pen=60s (used=1); Ip 8:10:60 → 1.094s/req pen=60s (used=2); Ip 15:60:120 → 4.800s/req pen=120s (used=7); Ip 60:300:1800 → 4.500s/req pen=1800s (used=16)  delay 1.516→5.800  min_gap→0  max_usage=47%
08:14:11.786  RAW   content-type: application/json
08:14:11.786  RAW   x-rate-limit-policy: trade-search-request-limit
08:14:11.786  RAW   x-rate-limit-rules: Account,Ip
08:14:11.786  RAW   x-rate-limit-account: 3:5:60
08:14:11.786  RAW   x-rate-limit-account-state: 1:5:0
08:14:11.786  RAW   x-rate-limit-ip: 8:10:60,15:60:120,60:300:1800
08:14:11.786  RAW   x-rate-limit-ip-state: 2:10:0,7:60:0,16:300:0
08:14:11.786  RAW   cf-cache-status: DYNAMIC
08:14:11.786  RAW   cf-ray: a1f88b20dea15411-WAW
08:14:11.786  RESP  POST /api/trade/search/Standard → 200  6.624s  delay=5.800 min_gap=0.000 last=1784787251.786
08:14:11.786  PRE   GET /api/trade/fetch/31eaff04909da93f24bcd649ae9d1e394f51e39b9978bf4bb26a28eb25d8b0c4%2C68d6e1bfe101d712251eb9b25ef46cb4865d5d930b6ae9b83d37fde1a4ee421f%2C034d3a9ab273b65cff6ce5d3f2c1a7cd0297f1b62570a21e7db703ff61b64702%2C50dd2018e27ad1e4faeae04d920ca2a94edb9921918cd1ad6dd118650d430413%2Caa7da2a4cac7ba0fa118e5a853a93a71609debe8d98e3bf95b5817d0cb593745  delay=5.800 min_gap=0.000 last=1784787251.786
08:14:11.786  ENF   delay=5.800 min_gap=0.000 jitter=2.380 gap=8.180 since_last=0.000 sleep=8.180
08:14:20.581  PARSE Account 6:4:10 → 0.500s/req pen=10s (used=1); Ip 12:4:60 → 0.208s/req pen=60s (used=1); Ip 16:12:60 → 0.516s/req pen=60s (used=2)  delay 5.800→1.516  min_gap→0  max_usage=0%
08:14:20.581  RAW   content-type: application/json
08:14:20.581  RAW   x-rate-limit-policy: trade-fetch-request-limit
08:14:20.581  RAW   x-rate-limit-rules: Account,Ip
08:14:20.581  RAW   x-rate-limit-account: 6:4:10
08:14:20.581  RAW   x-rate-limit-account-state: 1:4:0
08:14:20.581  RAW   x-rate-limit-ip: 12:4:60,16:12:60
08:14:20.581  RAW   x-rate-limit-ip-state: 1:4:0,2:12:0
08:14:20.581  RAW   cf-cache-status: DYNAMIC
08:14:20.581  RAW   cf-ray: a1f88b56ca275411-WAW
08:14:20.581  RESP  GET /api/trade/fetch/31eaff04909da93f24bcd649ae9d1e394f51e39b9978bf4bb26a28eb25d8b0c4%2C68d6e1bfe101d712251eb9b25ef46cb4865d5d930b6ae9b83d37fde1a4ee421f%2C034d3a9ab273b65cff6ce5d3f2c1a7cd0297f1b62570a21e7db703ff61b64702%2C50dd2018e27ad1e4faeae04d920ca2a94edb9921918cd1ad6dd118650d430413%2Caa7da2a4cac7ba0fa118e5a853a93a71609debe8d98e3bf95b5817d0cb593745 → 200  8.795s  delay=1.516 min_gap=0.000 last=1784787260.581
08:14:20.601  PRE   POST /api/trade/search/Standard  delay=1.516 min_gap=0.000 last=1784787260.581
08:14:20.601  ENF   delay=1.516 min_gap=0.000 jitter=4.269 gap=5.784 since_last=0.021 sleep=5.764
08:14:26.794  PARSE Account 3:5:60 → 1.667s/req pen=60s (used=1); Ip 8:10:60 → 1.094s/req pen=60s (used=2); Ip 15:60:120 → 4.800s/req pen=120s (used=7); Ip 60:300:1800 → 4.750s/req pen=1800s (used=18)  delay 1.516→5.800  min_gap→0  max_usage=47%
08:14:26.795  RAW   content-type: application/json
08:14:26.795  RAW   x-rate-limit-policy: trade-search-request-limit
08:14:26.795  RAW   x-rate-limit-rules: Account,Ip
08:14:26.795  RAW   x-rate-limit-account: 3:5:60
08:14:26.795  RAW   x-rate-limit-account-state: 1:5:0
08:14:26.795  RAW   x-rate-limit-ip: 8:10:60,15:60:120,60:300:1800
08:14:26.795  RAW   x-rate-limit-ip-state: 2:10:0,7:60:0,18:300:0
08:14:26.795  RAW   cf-cache-status: DYNAMIC
08:14:26.795  RAW   cf-ray: a1f88b7ec9e75411-WAW
08:14:26.795  RESP  POST /api/trade/search/Standard → 200  6.193s  delay=5.800 min_gap=0.000 last=1784787266.795
08:14:26.795  PRE   GET /api/trade/fetch/4cccd4fa74b387f4154945773aed708dfb10b1cb316111fbd246cc1e491ce327%2C6ae9c334807ac43ad5e460f63e14aaeb97c1a0faa1731e72853f9df2ce412c13%2C59dea9b6c99421e5127ee8465a82e1d4852da4076444987764023a5ebd2b09da%2Cfbe3bcbe99152dc47fb2a3b68a575bab0c74e372b3366f8adc93e4a208139f1b%2C4d8c9f581f9a16f0f70b3ce8ed9dcbbcd1c696a4d36aa3e0db88ae58960eb586  delay=5.800 min_gap=0.000 last=1784787266.795
08:14:26.795  ENF   delay=5.800 min_gap=0.000 jitter=4.133 gap=9.933 since_last=0.000 sleep=9.933
08:14:37.179  PARSE Account 6:4:10 → 0.500s/req pen=10s (used=1); Ip 12:4:60 → 0.208s/req pen=60s (used=1); Ip 16:12:60 → 0.516s/req pen=60s (used=2)  delay 5.800→1.516  min_gap→0  max_usage=0%
08:14:37.179  RAW   content-type: application/json
08:14:37.179  RAW   x-rate-limit-policy: trade-fetch-request-limit
08:14:37.179  RAW   x-rate-limit-rules: Account,Ip
08:14:37.179  RAW   x-rate-limit-account: 6:4:10
08:14:37.179  RAW   x-rate-limit-account-state: 1:4:0
08:14:37.179  RAW   x-rate-limit-ip: 12:4:60,16:12:60
08:14:37.179  RAW   x-rate-limit-ip-state: 1:4:0,2:12:0
08:14:37.179  RAW   cf-cache-status: DYNAMIC
08:14:37.179  RAW   cf-ray: a1f88bbf9abc5411-WAW
08:14:37.179  RESP  GET /api/trade/fetch/4cccd4fa74b387f4154945773aed708dfb10b1cb316111fbd246cc1e491ce327%2C6ae9c334807ac43ad5e460f63e14aaeb97c1a0faa1731e72853f9df2ce412c13%2C59dea9b6c99421e5127ee8465a82e1d4852da4076444987764023a5ebd2b09da%2Cfbe3bcbe99152dc47fb2a3b68a575bab0c74e372b3366f8adc93e4a208139f1b%2C4d8c9f581f9a16f0f70b3ce8ed9dcbbcd1c696a4d36aa3e0db88ae58960eb586 → 200  10.384s  delay=1.516 min_gap=0.000 last=1784787277.180
08:14:37.179  PRE   POST /api/trade/search/Standard  delay=1.516 min_gap=0.000 last=1784787277.180
08:14:37.179  ENF   delay=1.516 min_gap=0.000 jitter=3.524 gap=5.040 since_last=0.000 sleep=5.040
08:14:42.585  PARSE Account 3:5:60 → 1.667s/req pen=60s (used=1); Ip 8:10:60 → 1.094s/req pen=60s (used=2); Ip 15:60:120 → 5.200s/req pen=120s (used=8); Ip 60:300:1800 → 5.000s/req pen=1800s (used=20)  delay 1.516→6.200  min_gap→0  max_usage=53%
08:14:42.585  RAW   content-type: application/json
08:14:42.585  RAW   x-rate-limit-policy: trade-search-request-limit
08:14:42.585  RAW   x-rate-limit-rules: Account,Ip
08:14:42.585  RAW   x-rate-limit-account: 3:5:60
08:14:42.585  RAW   x-rate-limit-account-state: 1:5:0
08:14:42.585  RAW   x-rate-limit-ip: 8:10:60,15:60:120,60:300:1800
08:14:42.585  RAW   x-rate-limit-ip-state: 2:10:0,8:60:0,20:300:0
08:14:42.585  RAW   cf-cache-status: DYNAMIC
08:14:42.585  RAW   cf-ray: a1f88be1ea9f5411-WAW
08:14:42.585  RESP  POST /api/trade/search/Standard → 200  5.405s  delay=6.200 min_gap=0.000 last=1784787282.586
08:14:42.585  PRE   GET /api/trade/fetch/df97f6c8aee383ea4b18ce618d705260c54f166ac57fcce792ebd1b3d6938190%2C19519ec5a0562718302dc35a561fb21bc053962d5f2a55312b1e600d3850f76e%2Ca6a65e1cb6252a43798aa552607b1caf26ee82ccd6912888ac97b32eeb3488c3%2Cf5f03d3355e270b782bee5eb746ead772c4c35adef4086e27e04d82d3e59a6a1%2C7a6831d6a3030c7b64183b54591b2d58d7f37285fd01e8759df79ee1c2aa2ccb  delay=6.200 min_gap=0.000 last=1784787282.586
08:14:42.585  ENF   delay=6.200 min_gap=0.000 jitter=4.949 gap=11.149 since_last=0.000 sleep=11.149
08:14:54.125  PARSE Account 6:4:10 → 0.500s/req pen=10s (used=1); Ip 12:4:60 → 0.208s/req pen=60s (used=1); Ip 16:12:60 → 0.516s/req pen=60s (used=2)  delay 6.200→1.516  min_gap→0  max_usage=0%
08:14:54.125  RAW   content-type: application/json
08:14:54.125  RAW   x-rate-limit-policy: trade-fetch-request-limit
08:14:54.125  RAW   x-rate-limit-rules: Account,Ip
08:14:54.125  RAW   x-rate-limit-account: 6:4:10
08:14:54.125  RAW   x-rate-limit-account-state: 1:4:0
08:14:54.125  RAW   x-rate-limit-ip: 12:4:60,16:12:60
08:14:54.125  RAW   x-rate-limit-ip-state: 1:4:0,2:12:0
08:14:54.125  RAW   cf-cache-status: DYNAMIC
08:14:54.125  RAW   cf-ray: a1f88c29defd5411-WAW
08:14:54.125  RESP  GET /api/trade/fetch/df97f6c8aee383ea4b18ce618d705260c54f166ac57fcce792ebd1b3d6938190%2C19519ec5a0562718302dc35a561fb21bc053962d5f2a55312b1e600d3850f76e%2Ca6a65e1cb6252a43798aa552607b1caf26ee82ccd6912888ac97b32eeb3488c3%2Cf5f03d3355e270b782bee5eb746ead772c4c35adef4086e27e04d82d3e59a6a1%2C7a6831d6a3030c7b64183b54591b2d58d7f37285fd01e8759df79ee1c2aa2ccb → 200  11.540s  delay=1.516 min_gap=0.000 last=1784787294.125
08:14:54.146  PRE   POST /api/trade/search/Standard  delay=1.516 min_gap=0.000 last=1784787294.126
08:14:54.146  ENF   delay=1.516 min_gap=0.000 jitter=2.068 gap=3.584 since_last=0.021 sleep=3.562
08:15:00.590  PARSE Account 3:5:60 → 2.500s/req pen=60s (used=2); Ip 8:10:60 → 1.094s/req pen=60s (used=2); Ip 15:60:120 → 5.200s/req pen=120s (used=8); Ip 60:300:1800 → 5.250s/req pen=1800s (used=22)  delay 1.516→6.250  min_gap→0  max_usage=53%
08:15:00.590  RAW   content-type: application/json
08:15:00.590  RAW   x-rate-limit-policy: trade-search-request-limit
08:15:00.590  RAW   x-rate-limit-rules: Account,Ip
08:15:00.590  RAW   x-rate-limit-account: 3:5:60
08:15:00.590  RAW   x-rate-limit-account-state: 2:5:0
08:15:00.590  RAW   x-rate-limit-ip: 8:10:60,15:60:120,60:300:1800
08:15:00.590  RAW   x-rate-limit-ip-state: 2:10:0,8:60:0,22:300:0
08:15:00.590  RAW   cf-cache-status: DYNAMIC
08:15:00.590  RAW   cf-ray: a1f88c42be295411-WAW
08:15:00.590  RESP  POST /api/trade/search/Standard → 200  6.444s  delay=6.250 min_gap=0.000 last=1784787300.591
08:15:00.590  PRE   GET /api/trade/fetch/6c7f8b9022aeef057c1806190242e5a79092851fafb6b64a78d6da22860edd96%2Cd387c522e0ae8d96454456b88e7a74f5eb6433e5f36a2657eaa03741ccb9b758%2Ce00016e2ac92f3e5561d9b146d0f33e91933a564121fbe437ee592f945bedc5b%2C32b7cdec461fbb7d53df5a743340a2d5559a97dd4238c6ebaf57e311095f73a7%2C1b472fe660e4f18536d4471537995fdb475e1801f7ce155dc7695515f35fe380  delay=6.250 min_gap=0.000 last=1784787300.591
08:15:00.590  ENF   delay=6.250 min_gap=0.000 jitter=2.483 gap=8.733 since_last=0.000 sleep=8.733
08:15:09.748  PARSE Account 6:4:10 → 0.500s/req pen=10s (used=1); Ip 12:4:60 → 0.208s/req pen=60s (used=1); Ip 16:12:60 → 0.516s/req pen=60s (used=2)  delay 6.250→1.516  min_gap→0  max_usage=0%
08:15:09.748  RAW   content-type: application/json
08:15:09.748  RAW   x-rate-limit-policy: trade-fetch-request-limit
08:15:09.749  RAW   x-rate-limit-rules: Account,Ip
08:15:09.749  RAW   x-rate-limit-account: 6:4:10
08:15:09.749  RAW   x-rate-limit-account-state: 1:4:0
08:15:09.749  RAW   x-rate-limit-ip: 12:4:60,16:12:60
08:15:09.749  RAW   x-rate-limit-ip-state: 1:4:0,2:12:0
08:15:09.749  RAW   cf-cache-status: DYNAMIC
08:15:09.749  RAW   cf-ray: a1f88c8b4ce75411-WAW
08:15:09.749  RESP  GET /api/trade/fetch/6c7f8b9022aeef057c1806190242e5a79092851fafb6b64a78d6da22860edd96%2Cd387c522e0ae8d96454456b88e7a74f5eb6433e5f36a2657eaa03741ccb9b758%2Ce00016e2ac92f3e5561d9b146d0f33e91933a564121fbe437ee592f945bedc5b%2C32b7cdec461fbb7d53df5a743340a2d5559a97dd4238c6ebaf57e311095f73a7%2C1b472fe660e4f18536d4471537995fdb475e1801f7ce155dc7695515f35fe380 → 200  9.158s  delay=1.516 min_gap=0.000 last=1784787309.749
08:15:09.749  PRE   POST /api/trade/search/Standard  delay=1.516 min_gap=0.000 last=1784787309.749
08:15:09.749  ENF   delay=1.516 min_gap=0.000 jitter=4.243 gap=5.759 since_last=0.000 sleep=5.759
08:15:15.954  PARSE Account 3:5:60 → 2.500s/req pen=60s (used=2); Ip 8:10:60 → 1.094s/req pen=60s (used=2); Ip 15:60:120 → 4.400s/req pen=120s (used=6); Ip 60:300:1800 → 5.500s/req pen=1800s (used=24)  delay 1.516→6.500  min_gap→0  max_usage=40%
08:15:15.954  RAW   content-type: application/json
08:15:15.954  RAW   x-rate-limit-policy: trade-search-request-limit
08:15:15.954  RAW   x-rate-limit-rules: Account,Ip
08:15:15.954  RAW   x-rate-limit-account: 3:5:60
08:15:15.954  RAW   x-rate-limit-account-state: 2:5:0
08:15:15.954  RAW   x-rate-limit-ip: 8:10:60,15:60:120,60:300:1800
08:15:15.954  RAW   x-rate-limit-ip-state: 2:10:0,6:60:0,24:300:0
08:15:15.954  RAW   cf-cache-status: DYNAMIC
08:15:15.954  RAW   cf-ray: a1f88cb1ff7b5411-WAW
08:15:15.954  RESP  POST /api/trade/search/Standard → 200  6.205s  delay=6.500 min_gap=0.000 last=1784787315.955
08:15:15.968  PRE   POST /api/trade/search/Standard  delay=6.500 min_gap=0.000 last=1784787315.955
08:15:15.968  ENF   delay=6.500 min_gap=0.000 jitter=3.173 gap=9.673 since_last=0.013 sleep=9.660
08:15:25.930  PARSE Account 3:5:60 → 2.500s/req pen=60s (used=2); Ip 8:10:60 → 1.094s/req pen=60s (used=2); Ip 15:60:120 → 5.200s/req pen=120s (used=8); Ip 60:300:1800 → 5.750s/req pen=1800s (used=26)  delay 6.500→6.750  min_gap→0  max_usage=53%
08:15:25.930  RAW   content-type: application/json
08:15:25.930  RAW   x-rate-limit-policy: trade-search-request-limit
08:15:25.930  RAW   x-rate-limit-rules: Account,Ip
08:15:25.930  RAW   x-rate-limit-account: 3:5:60
08:15:25.930  RAW   x-rate-limit-account-state: 2:5:0
08:15:25.930  RAW   x-rate-limit-ip: 8:10:60,15:60:120,60:300:1800
08:15:25.930  RAW   x-rate-limit-ip-state: 2:10:0,8:60:0,26:300:0
08:15:25.930  RAW   cf-cache-status: DYNAMIC
08:15:25.930  RAW   cf-ray: a1f88cf1394f5411-WAW
08:15:25.930  RESP  POST /api/trade/search/Standard → 200  9.962s  delay=6.750 min_gap=0.000 last=1784787325.931
08:15:25.930  PRE   GET /api/trade/fetch/300d63e6164621629f92a2dde86d25cfd19200e0f0b8357f9785b607124990e2%2C1a1cf116a93cb913d2218df26c0b005d73fab68705b044c73cb76e3907541126%2C367448b15aeb03e1e8f8d2e316354ce0b553ea471d60a7fb506ce3cdfc266d07%2C1ed68da6f47cfdb4641ea2dcf40084426973958f21a244b1a52cf2d6f19ea0cd%2C4ffba1b3388a554b5df7b4c0603ca0bbffc860fee30e52b7b5ca1ca812743217  delay=6.750 min_gap=0.000 last=1784787325.931
08:15:25.930  ENF   delay=6.750 min_gap=0.000 jitter=3.982 gap=10.732 since_last=0.000 sleep=10.732
08:15:37.218  PARSE Account 6:4:10 → 0.500s/req pen=10s (used=1); Ip 12:4:60 → 0.208s/req pen=60s (used=1); Ip 16:12:60 → 0.516s/req pen=60s (used=2)  delay 6.750→1.516  min_gap→0  max_usage=0%
08:15:37.218  RAW   content-type: application/json
08:15:37.218  RAW   x-rate-limit-policy: trade-fetch-request-limit
08:15:37.218  RAW   x-rate-limit-rules: Account,Ip
08:15:37.218  RAW   x-rate-limit-account: 6:4:10
08:15:37.218  RAW   x-rate-limit-account-state: 1:4:0
08:15:37.218  RAW   x-rate-limit-ip: 12:4:60,16:12:60
08:15:37.218  RAW   x-rate-limit-ip-state: 1:4:0,2:12:0
08:15:37.218  RAW   cf-cache-status: DYNAMIC
08:15:37.218  RAW   cf-ray: a1f88d362ba95411-WAW
08:15:37.218  RESP  GET /api/trade/fetch/300d63e6164621629f92a2dde86d25cfd19200e0f0b8357f9785b607124990e2%2C1a1cf116a93cb913d2218df26c0b005d73fab68705b044c73cb76e3907541126%2C367448b15aeb03e1e8f8d2e316354ce0b553ea471d60a7fb506ce3cdfc266d07%2C1ed68da6f47cfdb4641ea2dcf40084426973958f21a244b1a52cf2d6f19ea0cd%2C4ffba1b3388a554b5df7b4c0603ca0bbffc860fee30e52b7b5ca1ca812743217 → 200  11.288s  delay=1.516 min_gap=0.000 last=1784787337.219
08:15:37.218  PRE   POST /api/trade/search/Standard  delay=1.516 min_gap=0.000 last=1784787337.219
08:15:37.219  ENF   delay=1.516 min_gap=0.000 jitter=2.484 gap=3.999 since_last=0.000 sleep=3.999
08:15:41.861  PARSE Account 3:5:60 → 1.667s/req pen=60s (used=1); Ip 8:10:60 → 1.094s/req pen=60s (used=2); Ip 15:60:120 → 5.200s/req pen=120s (used=8); Ip 60:300:1800 → 6.000s/req pen=1800s (used=28)  delay 1.516→7.000  min_gap→0  max_usage=53%
08:15:41.861  RAW   content-type: application/json
08:15:41.861  RAW   x-rate-limit-policy: trade-search-request-limit
08:15:41.861  RAW   x-rate-limit-rules: Account,Ip
08:15:41.861  RAW   x-rate-limit-account: 3:5:60
08:15:41.861  RAW   x-rate-limit-account-state: 1:5:0
08:15:41.861  RAW   x-rate-limit-ip: 8:10:60,15:60:120,60:300:1800
08:15:41.861  RAW   x-rate-limit-ip-state: 2:10:0,8:60:0,28:300:0
08:15:41.861  RAW   cf-cache-status: DYNAMIC
08:15:41.861  RAW   cf-ray: a1f88d52aa195411-WAW
08:15:41.861  RESP  POST /api/trade/search/Standard → 200  4.643s  delay=7.000 min_gap=0.000 last=1784787341.862
08:15:41.861  PRE   GET /api/trade/fetch/2c244467a2f9bbc1fe8044d6dac03a0ca9fb1d991f428d601658a76478903346%2Ceea966629ad153df419746417d0e4630a7be3868138b3d27c949875475570cf7%2Cca8635f64d5f687a51b21b5175dfa23c1a0f5e724a19a3872563d33de32ff1bb%2C351d93d772230997ecd7407a0da3f456cf8bfa69685eee25df214740d092812d%2C23837e984ce863868ae028982e3022a56e152036627499899094ad7a478a5080  delay=7.000 min_gap=0.000 last=1784787341.862
08:15:41.861  ENF   delay=7.000 min_gap=0.000 jitter=2.535 gap=9.535 since_last=0.000 sleep=9.535
08:15:51.850  PARSE Account 6:4:10 → 0.500s/req pen=10s (used=1); Ip 12:4:60 → 0.208s/req pen=60s (used=1); Ip 16:12:60 → 0.516s/req pen=60s (used=2)  delay 7.000→1.516  min_gap→0  max_usage=0%
08:15:51.850  RAW   content-type: application/json
08:15:51.850  RAW   x-rate-limit-policy: trade-fetch-request-limit
08:15:51.850  RAW   x-rate-limit-rules: Account,Ip
08:15:51.850  RAW   x-rate-limit-account: 6:4:10
08:15:51.850  RAW   x-rate-limit-account-state: 1:4:0
08:15:51.851  RAW   x-rate-limit-ip: 12:4:60,16:12:60
08:15:51.851  RAW   x-rate-limit-ip-state: 1:4:0,2:12:0
08:15:51.851  RAW   cf-cache-status: DYNAMIC
08:15:51.851  RAW   cf-ray: a1f88d9249945411-WAW
08:15:51.851  RESP  GET /api/trade/fetch/2c244467a2f9bbc1fe8044d6dac03a0ca9fb1d991f428d601658a76478903346%2Ceea966629ad153df419746417d0e4630a7be3868138b3d27c949875475570cf7%2Cca8635f64d5f687a51b21b5175dfa23c1a0f5e724a19a3872563d33de32ff1bb%2C351d93d772230997ecd7407a0da3f456cf8bfa69685eee25df214740d092812d%2C23837e984ce863868ae028982e3022a56e152036627499899094ad7a478a5080 → 200  9.989s  delay=1.516 min_gap=0.000 last=1784787351.851
08:15:51.876  PRE   POST /api/trade/search/Standard  delay=1.516 min_gap=0.000 last=1784787351.851
08:15:51.876  ENF   delay=1.516 min_gap=0.000 jitter=4.856 gap=6.371 since_last=0.025 sleep=6.346
08:15:59.067  PARSE Account 3:5:60 → 1.667s/req pen=60s (used=1); Ip 8:10:60 → 1.094s/req pen=60s (used=2); Ip 15:60:120 → 5.200s/req pen=120s (used=8); Ip 60:300:1800 → 6.250s/req pen=1800s (used=30)  delay 1.516→7.250  min_gap→0  max_usage=53%
08:15:59.067  RAW   content-type: application/json
08:15:59.067  RAW   x-rate-limit-policy: trade-search-request-limit
08:15:59.067  RAW   x-rate-limit-rules: Account,Ip
08:15:59.067  RAW   x-rate-limit-account: 3:5:60
08:15:59.067  RAW   x-rate-limit-account-state: 1:5:0
08:15:59.067  RAW   x-rate-limit-ip: 8:10:60,15:60:120,60:300:1800
08:15:59.067  RAW   x-rate-limit-ip-state: 2:10:0,8:60:0,30:300:0
08:15:59.067  RAW   cf-cache-status: DYNAMIC
08:15:59.067  RAW   cf-ray: a1f88dbcec775411-WAW
08:15:59.067  RESP  POST /api/trade/search/Standard → 200  7.191s  delay=7.250 min_gap=0.000 last=1784787359.068
08:15:59.067  PRE   GET /api/trade/fetch/a56040361adb25665aca9317730b61bd2262343ef18658f1fa3a465afdf366ea%2Ccefdb57912bac3cba0d5c8ce4f4ebbda6253152fa43f558bb4a3079f04a1e514%2Cfbc8a16f5796a9177e3ca69b1628979786609756414a4fb1648339c09abad290%2Ce541ed73d2dda00e7ba1851c43be4d5e0c5bc3b7eb3fb7ad2ee9ebb81de63592%2C80d5156aab0db5f6729703c2444026a2a1a57b4f0faeea60c68c9b8b13f24747  delay=7.250 min_gap=0.000 last=1784787359.068
08:15:59.067  ENF   delay=7.250 min_gap=0.000 jitter=4.236 gap=11.486 since_last=0.000 sleep=11.486
08:16:11.022  PARSE Account 6:4:10 → 0.500s/req pen=10s (used=1); Ip 12:4:60 → 0.208s/req pen=60s (used=1); Ip 16:12:60 → 0.516s/req pen=60s (used=2)  delay 7.250→1.516  min_gap→0  max_usage=0%
08:16:11.022  RAW   content-type: application/json
08:16:11.022  RAW   x-rate-limit-policy: trade-fetch-request-limit
08:16:11.022  RAW   x-rate-limit-rules: Account,Ip
08:16:11.022  RAW   x-rate-limit-account: 6:4:10
08:16:11.022  RAW   x-rate-limit-account-state: 1:4:0
08:16:11.022  RAW   x-rate-limit-ip: 12:4:60,16:12:60
08:16:11.022  RAW   x-rate-limit-ip-state: 1:4:0,2:12:0
08:16:11.022  RAW   cf-cache-status: DYNAMIC
08:16:11.022  RAW   cf-ray: a1f88e09f8825411-WAW
08:16:11.022  RESP  GET /api/trade/fetch/a56040361adb25665aca9317730b61bd2262343ef18658f1fa3a465afdf366ea%2Ccefdb57912bac3cba0d5c8ce4f4ebbda6253152fa43f558bb4a3079f04a1e514%2Cfbc8a16f5796a9177e3ca69b1628979786609756414a4fb1648339c09abad290%2Ce541ed73d2dda00e7ba1851c43be4d5e0c5bc3b7eb3fb7ad2ee9ebb81de63592%2C80d5156aab0db5f6729703c2444026a2a1a57b4f0faeea60c68c9b8b13f24747 → 200  11.955s  delay=1.516 min_gap=0.000 last=1784787371.023
08:16:11.022  PRE   POST /api/trade/search/Standard  delay=1.516 min_gap=0.000 last=1784787371.023
08:16:11.022  ENF   delay=1.516 min_gap=0.000 jitter=4.947 gap=6.462 since_last=0.000 sleep=6.462
08:16:17.962  PARSE Account 3:5:60 → 1.667s/req pen=60s (used=1); Ip 8:10:60 → 0.859s/req pen=60s (used=1); Ip 15:60:120 → 4.400s/req pen=120s (used=6); Ip 60:300:1800 → 6.500s/req pen=1800s (used=32)  delay 1.516→7.500  min_gap→0  max_usage=53%
08:16:17.962  RAW   content-type: application/json
08:16:17.962  RAW   x-rate-limit-policy: trade-search-request-limit
08:16:17.962  RAW   x-rate-limit-rules: Account,Ip
08:16:17.962  RAW   x-rate-limit-account: 3:5:60
08:16:17.962  RAW   x-rate-limit-account-state: 1:5:0
08:16:17.962  RAW   x-rate-limit-ip: 8:10:60,15:60:120,60:300:1800
08:16:17.962  RAW   x-rate-limit-ip-state: 1:10:0,6:60:0,32:300:0
08:16:17.962  RAW   cf-cache-status: DYNAMIC
08:16:17.962  RAW   cf-ray: a1f88e355f9c5411-WAW
08:16:17.962  RESP  POST /api/trade/search/Standard → 200  6.940s  delay=7.500 min_gap=0.000 last=1784787377.963
08:16:17.962  PRE   GET /api/trade/fetch/2c244467a2f9bbc1fe8044d6dac03a0ca9fb1d991f428d601658a76478903346%2C23837e984ce863868ae028982e3022a56e152036627499899094ad7a478a5080%2C6d2040dc5e2229d68fdcd2b43fc1fbd78f46c7136ff2b80b1a56da2908e4e16e%2C23ae2cf245dc7669f1ddc5f199eb1e6eb8907abd21f89c4c995138d416a81b33%2Ca90818948bc60a53a1cf9e048c667ea8ccc2914f6ac4837992b35b0b77f11324  delay=7.500 min_gap=0.000 last=1784787377.963
08:16:17.962  ENF   delay=7.500 min_gap=0.000 jitter=4.657 gap=12.157 since_last=0.000 sleep=12.157
08:16:30.648  PARSE Account 6:4:10 → 0.500s/req pen=10s (used=1); Ip 12:4:60 → 0.208s/req pen=60s (used=1); Ip 16:12:60 → 0.445s/req pen=60s (used=1)  delay 7.500→1.500  min_gap→0  max_usage=0%
08:16:30.648  RAW   content-type: application/json
08:16:30.648  RAW   x-rate-limit-policy: trade-fetch-request-limit
08:16:30.648  RAW   x-rate-limit-rules: Account,Ip
08:16:30.648  RAW   x-rate-limit-account: 6:4:10
08:16:30.648  RAW   x-rate-limit-account-state: 1:4:0
08:16:30.648  RAW   x-rate-limit-ip: 12:4:60,16:12:60
08:16:30.648  RAW   x-rate-limit-ip-state: 1:4:0,1:12:0
08:16:30.648  RAW   cf-cache-status: DYNAMIC
08:16:30.648  RAW   cf-ray: a1f88e8448315411-WAW
08:16:30.648  RESP  GET /api/trade/fetch/2c244467a2f9bbc1fe8044d6dac03a0ca9fb1d991f428d601658a76478903346%2C23837e984ce863868ae028982e3022a56e152036627499899094ad7a478a5080%2C6d2040dc5e2229d68fdcd2b43fc1fbd78f46c7136ff2b80b1a56da2908e4e16e%2C23ae2cf245dc7669f1ddc5f199eb1e6eb8907abd21f89c4c995138d416a81b33%2Ca90818948bc60a53a1cf9e048c667ea8ccc2914f6ac4837992b35b0b77f11324 → 200  12.686s  delay=1.500 min_gap=0.000 last=1784787390.649
08:16:30.674  PRE   POST /api/trade/search/Standard  delay=1.500 min_gap=0.000 last=1784787390.649
08:16:30.675  ENF   delay=1.500 min_gap=0.000 jitter=4.744 gap=6.244 since_last=0.026 sleep=6.218
08:16:37.472  PARSE Account 3:5:60 → 1.667s/req pen=60s (used=1); Ip 8:10:60 → 0.859s/req pen=60s (used=1); Ip 15:60:120 → 4.400s/req pen=120s (used=6); Ip 60:300:1800 → 6.750s/req pen=1800s (used=34)  delay 1.500→7.750  min_gap→0  max_usage=57%
08:16:37.472  RAW   content-type: application/json
08:16:37.472  RAW   x-rate-limit-policy: trade-search-request-limit
08:16:37.472  RAW   x-rate-limit-rules: Account,Ip
08:16:37.472  RAW   x-rate-limit-account: 3:5:60
08:16:37.472  RAW   x-rate-limit-account-state: 1:5:0
08:16:37.472  RAW   x-rate-limit-ip: 8:10:60,15:60:120,60:300:1800
08:16:37.472  RAW   x-rate-limit-ip-state: 1:10:0,6:60:0,34:300:0
08:16:37.472  RAW   cf-cache-status: DYNAMIC
08:16:37.472  RAW   cf-ray: a1f88eaead1a5411-WAW
08:16:37.472  RESP  POST /api/trade/search/Standard → 200  6.797s  delay=7.750 min_gap=0.000 last=1784787397.473
08:16:37.472  PRE   GET /api/trade/fetch/a7435d7e76fbd06aec4ed05d2e2af78f215f880ae2498a7c68b50930eba209e9%2C872870360fd88bdb1f45d5c0776eb7e9c51e2ada6b9d24825be5fdd507b63680%2Cc639595f3ab6e3cf3df89796979b5998fdfb6fef58db72525468beb4437add92%2C7f9ee6fd40b19b0c73ce31132cdfd55361c9186d96976f76e49556b966913d5c%2C0d09cdd4363b155575b4e1c3bd88a542789e505aa4ee139cef6932c73d703421  delay=7.750 min_gap=0.000 last=1784787397.473
08:16:37.472  ENF   delay=7.750 min_gap=0.000 jitter=2.322 gap=10.072 since_last=0.000 sleep=10.072
08:16:48.445  PARSE Account 6:4:10 → 0.500s/req pen=10s (used=1); Ip 12:4:60 → 0.208s/req pen=60s (used=1); Ip 16:12:60 → 0.516s/req pen=60s (used=2)  delay 7.750→1.516  min_gap→0  max_usage=0%
08:16:48.445  RAW   content-type: application/json
08:16:48.445  RAW   x-rate-limit-policy: trade-fetch-request-limit
08:16:48.445  RAW   x-rate-limit-rules: Account,Ip
08:16:48.445  RAW   x-rate-limit-account: 6:4:10
08:16:48.445  RAW   x-rate-limit-account-state: 1:4:0
08:16:48.445  RAW   x-rate-limit-ip: 12:4:60,16:12:60
08:16:48.445  RAW   x-rate-limit-ip-state: 1:4:0,2:12:0
08:16:48.445  RAW   cf-cache-status: DYNAMIC
08:16:48.445  RAW   cf-ray: a1f88ef13f105411-WAW
08:16:48.445  RESP  GET /api/trade/fetch/a7435d7e76fbd06aec4ed05d2e2af78f215f880ae2498a7c68b50930eba209e9%2C872870360fd88bdb1f45d5c0776eb7e9c51e2ada6b9d24825be5fdd507b63680%2Cc639595f3ab6e3cf3df89796979b5998fdfb6fef58db72525468beb4437add92%2C7f9ee6fd40b19b0c73ce31132cdfd55361c9186d96976f76e49556b966913d5c%2C0d09cdd4363b155575b4e1c3bd88a542789e505aa4ee139cef6932c73d703421 → 200  10.973s  delay=1.516 min_gap=0.000 last=1784787408.445
08:16:48.445  PRE   POST /api/trade/search/Standard  delay=1.516 min_gap=0.000 last=1784787408.446
08:16:48.445  ENF   delay=1.516 min_gap=0.000 jitter=4.511 gap=6.026 since_last=0.000 sleep=6.026
08:16:55.017  PARSE Account 3:5:60 → 1.667s/req pen=60s (used=1); Ip 8:10:60 → 0.859s/req pen=60s (used=1); Ip 15:60:120 → 4.400s/req pen=120s (used=6); Ip 60:300:1800 → 7.000s/req pen=1800s (used=36)  delay 1.516→8.000  min_gap→0  max_usage=60%
08:16:55.017  RAW   content-type: application/json
08:16:55.017  RAW   x-rate-limit-policy: trade-search-request-limit
08:16:55.017  RAW   x-rate-limit-rules: Account,Ip
08:16:55.017  RAW   x-rate-limit-account: 3:5:60
08:16:55.017  RAW   x-rate-limit-account-state: 1:5:0
08:16:55.017  RAW   x-rate-limit-ip: 8:10:60,15:60:120,60:300:1800
08:16:55.017  RAW   x-rate-limit-ip-state: 1:10:0,6:60:0,36:300:0
08:16:55.017  RAW   cf-cache-status: DYNAMIC
08:16:55.017  RAW   cf-ray: a1f88f1c7f695411-WAW
08:16:55.017  RESP  POST /api/trade/search/Standard → 200  6.572s  delay=8.000 min_gap=0.000 last=1784787415.018
08:16:55.017  PRE   GET /api/trade/fetch/a90818948bc60a53a1cf9e048c667ea8ccc2914f6ac4837992b35b0b77f11324%2C9acbbed53a71bb1208987f49227a269948871878fe87921f4ffb44082c456a5c%2C715f10c05dbbfdde758b3fce932e19278880355114b6aa65ddad3a7ec6e192a0%2C6d544d39c93dddd4f15559112689e57decac5d024938c9deb83b41d5d5eff7d3%2Cbd29acfcaf3e0ea1a9dc3676f26b73ee73efdee5e825a1de7d91a1249411594e  delay=8.000 min_gap=0.000 last=1784787415.018
08:16:55.017  ENF   delay=8.000 min_gap=0.000 jitter=2.211 gap=10.211 since_last=0.000 sleep=10.211
08:17:05.778  PARSE Account 6:4:10 → 0.500s/req pen=10s (used=1); Ip 12:4:60 → 0.208s/req pen=60s (used=1); Ip 16:12:60 → 0.516s/req pen=60s (used=2)  delay 8.000→1.516  min_gap→0  max_usage=0%
08:17:05.778  RAW   content-type: application/json
08:17:05.778  RAW   x-rate-limit-policy: trade-fetch-request-limit
08:17:05.778  RAW   x-rate-limit-rules: Account,Ip
08:17:05.778  RAW   x-rate-limit-account: 6:4:10
08:17:05.778  RAW   x-rate-limit-account-state: 1:4:0
08:17:05.778  RAW   x-rate-limit-ip: 12:4:60,16:12:60
08:17:05.778  RAW   x-rate-limit-ip-state: 1:4:0,2:12:0
08:17:05.778  RAW   cf-cache-status: DYNAMIC
08:17:05.778  RAW   cf-ray: a1f88f5fb90d5411-WAW
08:17:05.778  RESP  GET /api/trade/fetch/a90818948bc60a53a1cf9e048c667ea8ccc2914f6ac4837992b35b0b77f11324%2C9acbbed53a71bb1208987f49227a269948871878fe87921f4ffb44082c456a5c%2C715f10c05dbbfdde758b3fce932e19278880355114b6aa65ddad3a7ec6e192a0%2C6d544d39c93dddd4f15559112689e57decac5d024938c9deb83b41d5d5eff7d3%2Cbd29acfcaf3e0ea1a9dc3676f26b73ee73efdee5e825a1de7d91a1249411594e → 200  10.760s  delay=1.516 min_gap=0.000 last=1784787425.778
08:17:05.799  PRE   POST /api/trade/search/Standard  delay=1.516 min_gap=0.000 last=1784787425.778
08:17:05.799  ENF   delay=1.516 min_gap=0.000 jitter=3.977 gap=5.492 since_last=0.021 sleep=5.472
08:17:11.693  PARSE Account 3:5:60 → 1.667s/req pen=60s (used=1); Ip 8:10:60 → 0.859s/req pen=60s (used=1); Ip 15:60:120 → 4.800s/req pen=120s (used=7); Ip 60:300:1800 → 6.500s/req pen=1800s (used=32)  delay 1.516→7.500  min_gap→0  max_usage=53%
08:17:11.693  RAW   content-type: application/json
08:17:11.693  RAW   x-rate-limit-policy: trade-search-request-limit
08:17:11.693  RAW   x-rate-limit-rules: Account,Ip
08:17:11.693  RAW   x-rate-limit-account: 3:5:60
08:17:11.693  RAW   x-rate-limit-account-state: 1:5:0
08:17:11.693  RAW   x-rate-limit-ip: 8:10:60,15:60:120,60:300:1800
08:17:11.693  RAW   x-rate-limit-ip-state: 1:10:0,7:60:0,32:300:0
08:17:11.693  RAW   cf-cache-status: DYNAMIC
08:17:11.693  RAW   cf-ray: a1f88f857e6b5411-WAW
08:17:11.693  RESP  POST /api/trade/search/Standard → 200  5.894s  delay=7.500 min_gap=0.000 last=1784787431.693
08:17:11.693  PRE   GET /api/trade/fetch/ffb266f2e6414f291a5239827c662986285ebf641cdc24664469359ab5e18d0d%2C95a51205b08a62c86761efe57f59a79ed3016a472ce5b54ddae1a1b9f5b5f83d%2Cde3a34f618ff6a6509feb8c107680c64fd0e397fb6f5b2628babd93094489712%2C0823da12b3a8213e6cf69ec4f747b2e77f7133515135c74e0d7336ee45e1edf9%2C91acb2828a450701f1e642f0d6832a778bbdaff20ce7d2d626d21a194d054aec  delay=7.500 min_gap=0.000 last=1784787431.693
08:17:11.693  ENF   delay=7.500 min_gap=0.000 jitter=3.417 gap=10.917 since_last=0.000 sleep=10.917
08:17:23.065  PARSE Account 6:4:10 → 0.500s/req pen=10s (used=1); Ip 12:4:60 → 0.208s/req pen=60s (used=1); Ip 16:12:60 → 0.516s/req pen=60s (used=2)  delay 7.500→1.516  min_gap→0  max_usage=0%
08:17:23.065  RAW   content-type: application/json
08:17:23.065  RAW   x-rate-limit-policy: trade-fetch-request-limit
08:17:23.065  RAW   x-rate-limit-rules: Account,Ip
08:17:23.065  RAW   x-rate-limit-account: 6:4:10
08:17:23.065  RAW   x-rate-limit-account-state: 1:4:0
08:17:23.065  RAW   x-rate-limit-ip: 12:4:60,16:12:60
08:17:23.065  RAW   x-rate-limit-ip-state: 1:4:0,2:12:0
08:17:23.065  RAW   cf-cache-status: DYNAMIC
08:17:23.065  RAW   cf-ray: a1f88fcc5e995411-WAW
08:17:23.065  RESP  GET /api/trade/fetch/ffb266f2e6414f291a5239827c662986285ebf641cdc24664469359ab5e18d0d%2C95a51205b08a62c86761efe57f59a79ed3016a472ce5b54ddae1a1b9f5b5f83d%2Cde3a34f618ff6a6509feb8c107680c64fd0e397fb6f5b2628babd93094489712%2C0823da12b3a8213e6cf69ec4f747b2e77f7133515135c74e0d7336ee45e1edf9%2C91acb2828a450701f1e642f0d6832a778bbdaff20ce7d2d626d21a194d054aec → 200  11.372s  delay=1.516 min_gap=0.000 last=1784787443.065
08:17:23.065  PRE   POST /api/trade/search/Standard  delay=1.516 min_gap=0.000 last=1784787443.065
08:17:23.065  ENF   delay=1.516 min_gap=0.000 jitter=4.237 gap=5.753 since_last=0.000 sleep=5.752
08:17:29.257  PARSE Account 3:5:60 → 1.667s/req pen=60s (used=1); Ip 8:10:60 → 0.859s/req pen=60s (used=1); Ip 15:60:120 → 4.800s/req pen=120s (used=7); Ip 60:300:1800 → 6.750s/req pen=1800s (used=34)  delay 1.516→7.750  min_gap→0  max_usage=57%
08:17:29.257  RAW   content-type: application/json
08:17:29.257  RAW   x-rate-limit-policy: trade-search-request-limit
08:17:29.257  RAW   x-rate-limit-rules: Account,Ip
08:17:29.257  RAW   x-rate-limit-account: 3:5:60
08:17:29.257  RAW   x-rate-limit-account-state: 1:5:0
08:17:29.257  RAW   x-rate-limit-ip: 8:10:60,15:60:120,60:300:1800
08:17:29.257  RAW   x-rate-limit-ip-state: 1:10:0,7:60:0,34:300:0
08:17:29.257  RAW   cf-cache-status: DYNAMIC
08:17:29.257  RAW   cf-ray: a1f88ff328995411-WAW
08:17:29.257  RESP  POST /api/trade/search/Standard → 200  6.192s  delay=7.750 min_gap=0.000 last=1784787449.257
08:17:29.257  PRE   GET /api/trade/fetch/94efe02d13e7554ef3312a199c4e2e5583af09f3d140ede9fa00153de359b754%2Cac544fc5ad803a7c41e6e6de7a2a4a791def16b5c03cd18873be9ceb811f8d1e%2Cbcead71b56baca02ebf04270a000312a9162823c5fcf31f2e541f380c5187981%2C834e3eb6dc305746cdd8379b202158d55eed164b0ce5f911a17688775c174c5a%2C46e2c1de255dee270f9b2d8f26005305ede70867bd3e33c8dfc9008ee63b3a7d  delay=7.750 min_gap=0.000 last=1784787449.257
08:17:29.257  ENF   delay=7.750 min_gap=0.000 jitter=2.021 gap=9.771 since_last=0.000 sleep=9.770
08:17:39.363  PARSE Account 6:4:10 → 0.500s/req pen=10s (used=1); Ip 12:4:60 → 0.208s/req pen=60s (used=1); Ip 16:12:60 → 0.516s/req pen=60s (used=2)  delay 7.750→1.516  min_gap→0  max_usage=0%
08:17:39.363  RAW   content-type: application/json
08:17:39.363  RAW   x-rate-limit-policy: trade-fetch-request-limit
08:17:39.363  RAW   x-rate-limit-rules: Account,Ip
08:17:39.363  RAW   x-rate-limit-account: 6:4:10
08:17:39.363  RAW   x-rate-limit-account-state: 1:4:0
08:17:39.363  RAW   x-rate-limit-ip: 12:4:60,16:12:60
08:17:39.363  RAW   x-rate-limit-ip-state: 1:4:0,2:12:0
08:17:39.363  RAW   cf-cache-status: DYNAMIC
08:17:39.363  RAW   cf-ray: a1f89032f9e85411-WAW
08:17:39.363  RESP  GET /api/trade/fetch/94efe02d13e7554ef3312a199c4e2e5583af09f3d140ede9fa00153de359b754%2Cac544fc5ad803a7c41e6e6de7a2a4a791def16b5c03cd18873be9ceb811f8d1e%2Cbcead71b56baca02ebf04270a000312a9162823c5fcf31f2e541f380c5187981%2C834e3eb6dc305746cdd8379b202158d55eed164b0ce5f911a17688775c174c5a%2C46e2c1de255dee270f9b2d8f26005305ede70867bd3e33c8dfc9008ee63b3a7d → 200  10.106s  delay=1.516 min_gap=0.000 last=1784787459.363
08:17:39.381  PRE   POST /api/trade/search/Standard  delay=1.516 min_gap=0.000 last=1784787459.363
08:17:39.381  ENF   delay=1.516 min_gap=0.000 jitter=2.062 gap=3.577 since_last=0.019 sleep=3.559
08:17:43.370  PARSE Account 3:5:60 → 1.667s/req pen=60s (used=1); Ip 8:10:60 → 0.859s/req pen=60s (used=1); Ip 15:60:120 → 4.800s/req pen=120s (used=7); Ip 60:300:1800 → 7.000s/req pen=1800s (used=36)  delay 1.516→8.000  min_gap→0  max_usage=60%
08:17:43.370  RAW   content-type: application/json
08:17:43.370  RAW   x-rate-limit-policy: trade-search-request-limit
08:17:43.370  RAW   x-rate-limit-rules: Account,Ip
08:17:43.370  RAW   x-rate-limit-account: 3:5:60
08:17:43.370  RAW   x-rate-limit-account-state: 1:5:0
08:17:43.370  RAW   x-rate-limit-ip: 8:10:60,15:60:120,60:300:1800
08:17:43.370  RAW   x-rate-limit-ip-state: 1:10:0,7:60:0,36:300:0
08:17:43.370  RAW   cf-cache-status: DYNAMIC
08:17:43.370  RAW   cf-ray: a1f8904b6b1b5411-WAW
08:17:43.370  RESP  POST /api/trade/search/Standard → 200  3.988s  delay=8.000 min_gap=0.000 last=1784787463.370
08:17:43.370  PRE   GET /api/trade/fetch/a56040361adb25665aca9317730b61bd2262343ef18658f1fa3a465afdf366ea%2Ccefdb57912bac3cba0d5c8ce4f4ebbda6253152fa43f558bb4a3079f04a1e514%2Ce541ed73d2dda00e7ba1851c43be4d5e0c5bc3b7eb3fb7ad2ee9ebb81de63592%2Cfbc8a16f5796a9177e3ca69b1628979786609756414a4fb1648339c09abad290%2C80d5156aab0db5f6729703c2444026a2a1a57b4f0faeea60c68c9b8b13f24747  delay=8.000 min_gap=0.000 last=1784787463.370
08:17:43.370  ENF   delay=8.000 min_gap=0.000 jitter=3.487 gap=11.487 since_last=0.000 sleep=11.487
08:17:55.405  PARSE Account 6:4:10 → 0.500s/req pen=10s (used=1); Ip 12:4:60 → 0.208s/req pen=60s (used=1); Ip 16:12:60 → 0.516s/req pen=60s (used=2)  delay 8.000→1.516  min_gap→0  max_usage=0%
08:17:55.405  RAW   content-type: application/json
08:17:55.405  RAW   x-rate-limit-policy: trade-fetch-request-limit
08:17:55.405  RAW   x-rate-limit-rules: Account,Ip
08:17:55.405  RAW   x-rate-limit-account: 6:4:10
08:17:55.405  RAW   x-rate-limit-account-state: 1:4:0
08:17:55.405  RAW   x-rate-limit-ip: 12:4:60,16:12:60
08:17:55.405  RAW   x-rate-limit-ip-state: 1:4:0,2:12:0
08:17:55.405  RAW   cf-cache-status: DYNAMIC
08:17:55.405  RAW   cf-ray: a1f89095ebe45411-WAW
08:17:55.405  RESP  GET /api/trade/fetch/a56040361adb25665aca9317730b61bd2262343ef18658f1fa3a465afdf366ea%2Ccefdb57912bac3cba0d5c8ce4f4ebbda6253152fa43f558bb4a3079f04a1e514%2Ce541ed73d2dda00e7ba1851c43be4d5e0c5bc3b7eb3fb7ad2ee9ebb81de63592%2Cfbc8a16f5796a9177e3ca69b1628979786609756414a4fb1648339c09abad290%2C80d5156aab0db5f6729703c2444026a2a1a57b4f0faeea60c68c9b8b13f24747 → 200  12.035s  delay=1.516 min_gap=0.000 last=1784787475.405
08:17:55.405  PRE   POST /api/trade/search/Standard  delay=1.516 min_gap=0.000 last=1784787475.405
08:17:55.405  ENF   delay=1.516 min_gap=0.000 jitter=3.592 gap=5.108 since_last=0.000 sleep=5.108
08:18:00.887  PARSE Account 3:5:60 → 1.667s/req pen=60s (used=1); Ip 8:10:60 → 0.859s/req pen=60s (used=1); Ip 15:60:120 → 4.400s/req pen=120s (used=6); Ip 60:300:1800 → 6.250s/req pen=1800s (used=30)  delay 1.516→7.250  min_gap→0  max_usage=50%
08:18:00.887  RAW   content-type: application/json
08:18:00.887  RAW   x-rate-limit-policy: trade-search-request-limit
08:18:00.887  RAW   x-rate-limit-rules: Account,Ip
08:18:00.887  RAW   x-rate-limit-account: 3:5:60
08:18:00.887  RAW   x-rate-limit-account-state: 1:5:0
08:18:00.887  RAW   x-rate-limit-ip: 8:10:60,15:60:120,60:300:1800
08:18:00.887  RAW   x-rate-limit-ip-state: 1:10:0,6:60:0,30:300:0
08:18:00.887  RAW   cf-cache-status: DYNAMIC
08:18:00.887  RAW   cf-ray: a1f890b948255411-WAW
08:18:00.887  RESP  POST /api/trade/search/Standard → 200  5.482s  delay=7.250 min_gap=0.000 last=1784787480.888
08:18:00.887  PRE   GET /api/trade/fetch/2c244467a2f9bbc1fe8044d6dac03a0ca9fb1d991f428d601658a76478903346%2C6d2040dc5e2229d68fdcd2b43fc1fbd78f46c7136ff2b80b1a56da2908e4e16e%2C23837e984ce863868ae028982e3022a56e152036627499899094ad7a478a5080%2C23ae2cf245dc7669f1ddc5f199eb1e6eb8907abd21f89c4c995138d416a81b33%2C483ceebe5f8a71b8bf4b46da8c496ad2e9021a68065c9618ac5522e3abecae8f  delay=7.250 min_gap=0.000 last=1784787480.888
08:18:00.887  ENF   delay=7.250 min_gap=0.000 jitter=3.149 gap=10.399 since_last=0.000 sleep=10.399
08:18:11.841  PARSE Account 6:4:10 → 0.500s/req pen=10s (used=1); Ip 12:4:60 → 0.208s/req pen=60s (used=1); Ip 16:12:60 → 0.516s/req pen=60s (used=2)  delay 7.250→1.516  min_gap→0  max_usage=0%
08:18:11.841  RAW   content-type: application/json
08:18:11.841  RAW   x-rate-limit-policy: trade-fetch-request-limit
08:18:11.841  RAW   x-rate-limit-rules: Account,Ip
08:18:11.841  RAW   x-rate-limit-account: 6:4:10
08:18:11.841  RAW   x-rate-limit-account-state: 1:4:0
08:18:11.841  RAW   x-rate-limit-ip: 12:4:60,16:12:60
08:18:11.841  RAW   x-rate-limit-ip-state: 1:4:0,2:12:0
08:18:11.841  RAW   cf-cache-status: DYNAMIC
08:18:11.841  RAW   cf-ray: a1f890fc989e5411-WAW
08:18:11.841  RESP  GET /api/trade/fetch/2c244467a2f9bbc1fe8044d6dac03a0ca9fb1d991f428d601658a76478903346%2C6d2040dc5e2229d68fdcd2b43fc1fbd78f46c7136ff2b80b1a56da2908e4e16e%2C23837e984ce863868ae028982e3022a56e152036627499899094ad7a478a5080%2C23ae2cf245dc7669f1ddc5f199eb1e6eb8907abd21f89c4c995138d416a81b33%2C483ceebe5f8a71b8bf4b46da8c496ad2e9021a68065c9618ac5522e3abecae8f → 200  10.954s  delay=1.516 min_gap=0.000 last=1784787491.842
08:18:11.864  PRE   POST /api/trade/search/Standard  delay=1.516 min_gap=0.000 last=1784787491.842
08:18:11.864  ENF   delay=1.516 min_gap=0.000 jitter=3.734 gap=5.250 since_last=0.023 sleep=5.228
08:18:17.449  PARSE Account 3:5:60 → 1.667s/req pen=60s (used=1); Ip 8:10:60 → 0.859s/req pen=60s (used=1); Ip 15:60:120 → 4.400s/req pen=120s (used=6); Ip 60:300:1800 → 6.500s/req pen=1800s (used=32)  delay 1.516→7.500  min_gap→0  max_usage=53%
08:18:17.449  RAW   content-type: application/json
08:18:17.449  RAW   x-rate-limit-policy: trade-search-request-limit
08:18:17.449  RAW   x-rate-limit-rules: Account,Ip
08:18:17.449  RAW   x-rate-limit-account: 3:5:60
08:18:17.449  RAW   x-rate-limit-account-state: 1:5:0
08:18:17.449  RAW   x-rate-limit-ip: 8:10:60,15:60:120,60:300:1800
08:18:17.449  RAW   x-rate-limit-ip-state: 1:10:0,6:60:0,32:300:0
08:18:17.449  RAW   cf-cache-status: DYNAMIC
08:18:17.449  RAW   cf-ray: a1f89120ec795411-WAW
08:18:17.449  RESP  POST /api/trade/search/Standard → 200  5.585s  delay=7.500 min_gap=0.000 last=1784787497.449
08:18:17.449  PRE   GET /api/trade/fetch/b9e6cf3264ebb89bc1679186286a289141d77e2acf7ca82efb2663094eda37ce%2Cd44eae1942853a9fda5cb7a891638051418c46a71af2cd98abcc1375a2075c14%2C66e4d2868643be30c2bd21af10d0e1448417aec9547f12fcbe4948ea795f680d%2C907e0c5d0cd9a5ea384c8170812ae633f477f3fa7bd7a4c8683b20a01754cfe0%2Ccf3fc7c30b3f8fe7c42968b8c72d7f8b1ccce5927986ae4e44472c3a7eaced3b  delay=7.500 min_gap=0.000 last=1784787497.449
08:18:17.449  ENF   delay=7.500 min_gap=0.000 jitter=2.333 gap=9.833 since_last=0.000 sleep=9.833
08:18:27.660  PARSE Account 6:4:10 → 0.500s/req pen=10s (used=1); Ip 12:4:60 → 0.208s/req pen=60s (used=1); Ip 16:12:60 → 0.516s/req pen=60s (used=2)  delay 7.500→1.516  min_gap→0  max_usage=0%
08:18:27.660  RAW   content-type: application/json
08:18:27.660  RAW   x-rate-limit-policy: trade-fetch-request-limit
08:18:27.660  RAW   x-rate-limit-rules: Account,Ip
08:18:27.660  RAW   x-rate-limit-account: 6:4:10
08:18:27.660  RAW   x-rate-limit-account-state: 1:4:0
08:18:27.660  RAW   x-rate-limit-ip: 12:4:60,16:12:60
08:18:27.660  RAW   x-rate-limit-ip-state: 1:4:0,2:12:0
08:18:27.660  RAW   cf-cache-status: DYNAMIC
08:18:27.660  RAW   cf-ray: a1f8916099925411-WAW
08:18:27.660  RESP  GET /api/trade/fetch/b9e6cf3264ebb89bc1679186286a289141d77e2acf7ca82efb2663094eda37ce%2Cd44eae1942853a9fda5cb7a891638051418c46a71af2cd98abcc1375a2075c14%2C66e4d2868643be30c2bd21af10d0e1448417aec9547f12fcbe4948ea795f680d%2C907e0c5d0cd9a5ea384c8170812ae633f477f3fa7bd7a4c8683b20a01754cfe0%2Ccf3fc7c30b3f8fe7c42968b8c72d7f8b1ccce5927986ae4e44472c3a7eaced3b → 200  10.211s  delay=1.516 min_gap=0.000 last=1784787507.660
08:18:27.660  PRE   POST /api/trade/search/Standard  delay=1.516 min_gap=0.000 last=1784787507.660
08:18:27.660  ENF   delay=1.516 min_gap=0.000 jitter=2.307 gap=3.822 since_last=0.000 sleep=3.822
08:18:31.950  PARSE Account 3:5:60 → 1.667s/req pen=60s (used=1); Ip 8:10:60 → 0.859s/req pen=60s (used=1); Ip 15:60:120 → 4.400s/req pen=120s (used=6); Ip 60:300:1800 → 6.750s/req pen=1800s (used=34)  delay 1.516→7.750  min_gap→0  max_usage=57%
08:18:31.950  RAW   content-type: application/json
08:18:31.950  RAW   x-rate-limit-policy: trade-search-request-limit
08:18:31.950  RAW   x-rate-limit-rules: Account,Ip
08:18:31.950  RAW   x-rate-limit-account: 3:5:60
08:18:31.950  RAW   x-rate-limit-account-state: 1:5:0
08:18:31.950  RAW   x-rate-limit-ip: 8:10:60,15:60:120,60:300:1800
08:18:31.950  RAW   x-rate-limit-ip-state: 1:10:0,6:60:0,34:300:0
08:18:31.950  RAW   cf-cache-status: DYNAMIC
08:18:31.950  RAW   cf-ray: a1f8917ad9ea5411-WAW
08:18:31.950  RESP  POST /api/trade/search/Standard → 200  4.290s  delay=7.750 min_gap=0.000 last=1784787511.951
08:18:31.950  PRE   GET /api/trade/fetch/2692b3c0e43acd9c8d11e0375d9d6e31e86e1fa765b8f7715d3439afa562c3ee%2C51374bf3051a488d85cbb61bf9196a8d3ce016c475cf50b35442524497202f6f%2C20e6566054c8c5d99c4c94de21cbe356098eed3505be3a0fbd5fb080afa07168%2Cb8fee0f3c7470c8a700496d18e096fbe3ec577c94ac254e2bcab9025982356cf%2C69145f270eab2d1b2fc36b9b9e00a7ad44a814f3c338ec5c09f6ea058767d7c1  delay=7.750 min_gap=0.000 last=1784787511.951
08:18:31.950  ENF   delay=7.750 min_gap=0.000 jitter=4.674 gap=12.424 since_last=0.000 sleep=12.424
08:18:44.886  PARSE Account 6:4:10 → 0.500s/req pen=10s (used=1); Ip 12:4:60 → 0.208s/req pen=60s (used=1); Ip 16:12:60 → 0.516s/req pen=60s (used=2)  delay 7.750→1.516  min_gap→0  max_usage=0%
08:18:44.886  RAW   content-type: application/json
08:18:44.886  RAW   x-rate-limit-policy: trade-fetch-request-limit
08:18:44.886  RAW   x-rate-limit-rules: Account,Ip
08:18:44.886  RAW   x-rate-limit-account: 6:4:10
08:18:44.886  RAW   x-rate-limit-account-state: 1:4:0
08:18:44.886  RAW   x-rate-limit-ip: 12:4:60,16:12:60
08:18:44.886  RAW   x-rate-limit-ip-state: 1:4:0,2:12:0
08:18:44.886  RAW   cf-cache-status: DYNAMIC
08:18:44.886  RAW   cf-ray: a1f891cb6e6b5411-WAW
08:18:44.886  RESP  GET /api/trade/fetch/2692b3c0e43acd9c8d11e0375d9d6e31e86e1fa765b8f7715d3439afa562c3ee%2C51374bf3051a488d85cbb61bf9196a8d3ce016c475cf50b35442524497202f6f%2C20e6566054c8c5d99c4c94de21cbe356098eed3505be3a0fbd5fb080afa07168%2Cb8fee0f3c7470c8a700496d18e096fbe3ec577c94ac254e2bcab9025982356cf%2C69145f270eab2d1b2fc36b9b9e00a7ad44a814f3c338ec5c09f6ea058767d7c1 → 200  12.936s  delay=1.516 min_gap=0.000 last=1784787524.887
08:18:44.906  PRE   POST /api/trade/search/Standard  delay=1.516 min_gap=0.000 last=1784787524.887
08:18:44.906  ENF   delay=1.516 min_gap=0.000 jitter=3.260 gap=4.775 since_last=0.019 sleep=4.756
08:18:50.348  PARSE Account 3:5:60 → 1.667s/req pen=60s (used=1); Ip 8:10:60 → 1.094s/req pen=60s (used=2); Ip 15:60:120 → 4.800s/req pen=120s (used=7); Ip 60:300:1800 → 7.000s/req pen=1800s (used=36)  delay 1.516→8.000  min_gap→0  max_usage=60%
08:18:50.348  RAW   content-type: application/json
08:18:50.348  RAW   x-rate-limit-policy: trade-search-request-limit
08:18:50.348  RAW   x-rate-limit-rules: Account,Ip
08:18:50.348  RAW   x-rate-limit-account: 3:5:60
08:18:50.348  RAW   x-rate-limit-account-state: 1:5:0
08:18:50.348  RAW   x-rate-limit-ip: 8:10:60,15:60:120,60:300:1800
08:18:50.348  RAW   x-rate-limit-ip-state: 2:10:0,7:60:0,36:300:0
08:18:50.348  RAW   cf-cache-status: DYNAMIC
08:18:50.348  RAW   cf-ray: a1f891ec7e765411-WAW
08:18:50.348  RESP  POST /api/trade/search/Standard → 200  5.442s  delay=8.000 min_gap=0.000 last=1784787530.349
08:18:50.348  PRE   GET /api/trade/fetch/69430e2ee003621edbd1a59e6994f544518dc9c1e5f27e18f65f3daef41a2b11%2Cb9164d499f217358bc8f7f72c2e3f87389f552b54602395cb01a52365257fdfe%2C4285869a7a10029865a07d69cff19f2aa2fd0022fd3635ad5f87f89dcb24a0cb%2Ce5cead4dcc2da764e88b86cdb5f3f3db6dcb7e4ef84b24524624ed36ec403f35%2Cf8961ef2fc4a5c940f58ee1d2dbe0602cd68f2997239b96882a9b975ca97a697  delay=8.000 min_gap=0.000 last=1784787530.349
08:18:50.348  ENF   delay=8.000 min_gap=0.000 jitter=2.356 gap=10.356 since_last=0.000 sleep=10.356
08:19:02.022  PARSE Account 6:4:10 → 0.500s/req pen=10s (used=1); Ip 12:4:60 → 0.208s/req pen=60s (used=1); Ip 16:12:60 → 0.516s/req pen=60s (used=2)  delay 8.000→1.516  min_gap→0  max_usage=0%
08:19:02.023  RAW   content-type: application/json
08:19:02.023  RAW   x-rate-limit-policy: trade-fetch-request-limit
08:19:02.023  RAW   x-rate-limit-rules: Account,Ip
08:19:02.023  RAW   x-rate-limit-account: 6:4:10
08:19:02.023  RAW   x-rate-limit-account-state: 1:4:0
08:19:02.023  RAW   x-rate-limit-ip: 12:4:60,16:12:60
08:19:02.023  RAW   x-rate-limit-ip-state: 1:4:0,2:12:0
08:19:02.023  RAW   cf-cache-status: DYNAMIC
08:19:02.023  RAW   cf-ray: a1f892317ea55411-WAW
08:19:02.023  RESP  GET /api/trade/fetch/69430e2ee003621edbd1a59e6994f544518dc9c1e5f27e18f65f3daef41a2b11%2Cb9164d499f217358bc8f7f72c2e3f87389f552b54602395cb01a52365257fdfe%2C4285869a7a10029865a07d69cff19f2aa2fd0022fd3635ad5f87f89dcb24a0cb%2Ce5cead4dcc2da764e88b86cdb5f3f3db6dcb7e4ef84b24524624ed36ec403f35%2Cf8961ef2fc4a5c940f58ee1d2dbe0602cd68f2997239b96882a9b975ca97a697 → 200  11.674s  delay=1.516 min_gap=0.000 last=1784787542.023
08:19:02.023  PRE   POST /api/trade/search/Standard  delay=1.516 min_gap=0.000 last=1784787542.023
08:19:02.023  ENF   delay=1.516 min_gap=0.000 jitter=4.159 gap=5.675 since_last=0.000 sleep=5.675
08:19:08.553  PARSE Account 3:5:60 → 1.667s/req pen=60s (used=1); Ip 8:10:60 → 0.859s/req pen=60s (used=1); Ip 15:60:120 → 4.800s/req pen=120s (used=7); Ip 60:300:1800 → 6.250s/req pen=1800s (used=30)  delay 1.516→7.250  min_gap→0  max_usage=50%
08:19:08.553  RAW   content-type: application/json
08:19:08.553  RAW   x-rate-limit-policy: trade-search-request-limit
08:19:08.553  RAW   x-rate-limit-rules: Account,Ip
08:19:08.553  RAW   x-rate-limit-account: 3:5:60
08:19:08.553  RAW   x-rate-limit-account-state: 1:5:0
08:19:08.553  RAW   x-rate-limit-ip: 8:10:60,15:60:120,60:300:1800
08:19:08.553  RAW   x-rate-limit-ip-state: 1:10:0,7:60:0,30:300:0
08:19:08.553  RAW   cf-cache-status: DYNAMIC
08:19:08.553  RAW   cf-ray: a1f8925d2ff45411-WAW
08:19:08.553  RESP  POST /api/trade/search/Standard → 200  6.530s  delay=7.250 min_gap=0.000 last=1784787548.554
08:19:08.553  PRE   GET /api/trade/fetch/c8fed22d60a046efbbc3b222d8e38c67f96c22c709153577dd9c06556d07ebd4%2Caa8b36e97ca22e8f90162fbe2c5944e2b505ac8e10275dcb8923c13394d47b42%2Cf8961ef2fc4a5c940f58ee1d2dbe0602cd68f2997239b96882a9b975ca97a697%2C119094b5311831544eb43c47946097d777586f38f259cfa4e37ea7aca1a007ad%2Cfdca9e1e7883545ec88d735a76a327cfd34668a0127114c24e17a4033588f219  delay=7.250 min_gap=0.000 last=1784787548.554
08:19:08.553  ENF   delay=7.250 min_gap=0.000 jitter=4.676 gap=11.926 since_last=0.000 sleep=11.926
08:19:21.029  PARSE Account 6:4:10 → 0.500s/req pen=10s (used=1); Ip 12:4:60 → 0.208s/req pen=60s (used=1); Ip 16:12:60 → 0.516s/req pen=60s (used=2)  delay 7.250→1.516  min_gap→0  max_usage=0%
08:19:21.029  RAW   content-type: application/json
08:19:21.029  RAW   x-rate-limit-policy: trade-fetch-request-limit
08:19:21.029  RAW   x-rate-limit-rules: Account,Ip
08:19:21.029  RAW   x-rate-limit-account: 6:4:10
08:19:21.029  RAW   x-rate-limit-account-state: 1:4:0
08:19:21.029  RAW   x-rate-limit-ip: 12:4:60,16:12:60
08:19:21.029  RAW   x-rate-limit-ip-state: 1:4:0,2:12:0
08:19:21.030  RAW   cf-cache-status: DYNAMIC
08:19:21.030  RAW   cf-ray: a1f892ad1e445411-WAW
08:19:21.030  RESP  GET /api/trade/fetch/c8fed22d60a046efbbc3b222d8e38c67f96c22c709153577dd9c06556d07ebd4%2Caa8b36e97ca22e8f90162fbe2c5944e2b505ac8e10275dcb8923c13394d47b42%2Cf8961ef2fc4a5c940f58ee1d2dbe0602cd68f2997239b96882a9b975ca97a697%2C119094b5311831544eb43c47946097d777586f38f259cfa4e37ea7aca1a007ad%2Cfdca9e1e7883545ec88d735a76a327cfd34668a0127114c24e17a4033588f219 → 200  12.476s  delay=1.516 min_gap=0.000 last=1784787561.030
08:19:21.047  PRE   POST /api/trade/search/Standard  delay=1.516 min_gap=0.000 last=1784787561.030
08:19:21.047  ENF   delay=1.516 min_gap=0.000 jitter=2.737 gap=4.253 since_last=0.018 sleep=4.235
08:19:25.985  PARSE Account 3:5:60 → 1.667s/req pen=60s (used=1); Ip 8:10:60 → 1.094s/req pen=60s (used=2); Ip 15:60:120 → 4.800s/req pen=120s (used=7); Ip 60:300:1800 → 6.500s/req pen=1800s (used=32)  delay 1.516→7.500  min_gap→0  max_usage=53%
08:19:25.986  RAW   content-type: application/json
08:19:25.986  RAW   x-rate-limit-policy: trade-search-request-limit
08:19:25.986  RAW   x-rate-limit-rules: Account,Ip
08:19:25.986  RAW   x-rate-limit-account: 3:5:60
08:19:25.986  RAW   x-rate-limit-account-state: 1:5:0
08:19:25.986  RAW   x-rate-limit-ip: 8:10:60,15:60:120,60:300:1800
08:19:25.986  RAW   x-rate-limit-ip-state: 2:10:0,7:60:0,32:300:0
08:19:25.986  RAW   cf-cache-status: DYNAMIC
08:19:25.986  RAW   cf-ray: a1f892cb1bff5411-WAW
08:19:25.986  RESP  POST /api/trade/search/Standard → 200  4.938s  delay=7.500 min_gap=0.000 last=1784787565.986
08:19:25.986  PRE   GET /api/trade/fetch/4285869a7a10029865a07d69cff19f2aa2fd0022fd3635ad5f87f89dcb24a0cb%2Cb9164d499f217358bc8f7f72c2e3f87389f552b54602395cb01a52365257fdfe%2C15af6f8c8e64fb76fa633960431986111c18612675723b123aadccaaba72d84f%2Cc8fed22d60a046efbbc3b222d8e38c67f96c22c709153577dd9c06556d07ebd4%2C3120d6d1dfe824e08eb93ba4b47c81de658b21451cf5c6c6de14c25657367966  delay=7.500 min_gap=0.000 last=1784787565.986
08:19:25.986  ENF   delay=7.500 min_gap=0.000 jitter=3.715 gap=11.215 since_last=0.000 sleep=11.215
08:19:37.669  PARSE Account 6:4:10 → 0.500s/req pen=10s (used=1); Ip 12:4:60 → 0.208s/req pen=60s (used=1); Ip 16:12:60 → 0.516s/req pen=60s (used=2)  delay 7.500→1.516  min_gap→0  max_usage=0%
08:19:37.669  RAW   content-type: application/json
08:19:37.669  RAW   x-rate-limit-policy: trade-fetch-request-limit
08:19:37.669  RAW   x-rate-limit-rules: Account,Ip
08:19:37.669  RAW   x-rate-limit-account: 6:4:10
08:19:37.669  RAW   x-rate-limit-account-state: 1:4:0
08:19:37.669  RAW   x-rate-limit-ip: 12:4:60,16:12:60
08:19:37.669  RAW   x-rate-limit-ip-state: 1:4:0,2:12:0
08:19:37.669  RAW   cf-cache-status: DYNAMIC
08:19:37.669  RAW   cf-ray: a1f893159a5c5411-WAW
08:19:37.669  RESP  GET /api/trade/fetch/4285869a7a10029865a07d69cff19f2aa2fd0022fd3635ad5f87f89dcb24a0cb%2Cb9164d499f217358bc8f7f72c2e3f87389f552b54602395cb01a52365257fdfe%2C15af6f8c8e64fb76fa633960431986111c18612675723b123aadccaaba72d84f%2Cc8fed22d60a046efbbc3b222d8e38c67f96c22c709153577dd9c06556d07ebd4%2C3120d6d1dfe824e08eb93ba4b47c81de658b21451cf5c6c6de14c25657367966 → 200  11.683s  delay=1.516 min_gap=0.000 last=1784787577.670
08:19:37.669  PRE   POST /api/trade/search/Standard  delay=1.516 min_gap=0.000 last=1784787577.670
08:19:37.669  ENF   delay=1.516 min_gap=0.000 jitter=4.505 gap=6.020 since_last=0.000 sleep=6.020
08:19:44.388  PARSE Account 3:5:60 → 1.667s/req pen=60s (used=1); Ip 8:10:60 → 1.094s/req pen=60s (used=2); Ip 15:60:120 → 4.800s/req pen=120s (used=7); Ip 60:300:1800 → 6.750s/req pen=1800s (used=34)  delay 1.516→7.750  min_gap→0  max_usage=57%
08:19:44.388  RAW   content-type: application/json
08:19:44.388  RAW   x-rate-limit-policy: trade-search-request-limit
08:19:44.388  RAW   x-rate-limit-rules: Account,Ip
08:19:44.388  RAW   x-rate-limit-account: 3:5:60
08:19:44.388  RAW   x-rate-limit-account-state: 1:5:0
08:19:44.388  RAW   x-rate-limit-ip: 8:10:60,15:60:120,60:300:1800
08:19:44.388  RAW   x-rate-limit-ip-state: 2:10:0,7:60:0,34:300:0
08:19:44.388  RAW   cf-cache-status: DYNAMIC
08:19:44.388  RAW   cf-ray: a1f8933e2af45411-WAW
08:19:44.388  RESP  POST /api/trade/search/Standard → 200  6.718s  delay=7.750 min_gap=0.000 last=1784787584.388
08:19:44.388  PRE   GET /api/trade/fetch/d7dd76c2665d452ccc47a50967792ef3c2daba23598c9e4dca9f3931eb8eb66f%2C7cd3bc45b68a8a4154a6f1435a0ce51da2fe47ebc9dd86aad817ddc5ceb1262d%2C15af6f8c8e64fb76fa633960431986111c18612675723b123aadccaaba72d84f%2Cf8961ef2fc4a5c940f58ee1d2dbe0602cd68f2997239b96882a9b975ca97a697%2Caa8b36e97ca22e8f90162fbe2c5944e2b505ac8e10275dcb8923c13394d47b42  delay=7.750 min_gap=0.000 last=1784787584.388
08:19:44.388  ENF   delay=7.750 min_gap=0.000 jitter=2.315 gap=10.065 since_last=0.000 sleep=10.065
08:19:55.078  PARSE Account 6:4:10 → 0.500s/req pen=10s (used=1); Ip 12:4:60 → 0.208s/req pen=60s (used=1); Ip 16:12:60 → 0.516s/req pen=60s (used=2)  delay 7.750→1.516  min_gap→0  max_usage=0%
08:19:55.078  RAW   content-type: application/json
08:19:55.078  RAW   x-rate-limit-policy: trade-fetch-request-limit
08:19:55.078  RAW   x-rate-limit-rules: Account,Ip
08:19:55.078  RAW   x-rate-limit-account: 6:4:10
08:19:55.078  RAW   x-rate-limit-account-state: 1:4:0
08:19:55.078  RAW   x-rate-limit-ip: 12:4:60,16:12:60
08:19:55.078  RAW   x-rate-limit-ip-state: 1:4:0,2:12:0
08:19:55.078  RAW   cf-cache-status: DYNAMIC
08:19:55.078  RAW   cf-ray: a1f893816b9d5411-WAW
08:19:55.078  RESP  GET /api/trade/fetch/d7dd76c2665d452ccc47a50967792ef3c2daba23598c9e4dca9f3931eb8eb66f%2C7cd3bc45b68a8a4154a6f1435a0ce51da2fe47ebc9dd86aad817ddc5ceb1262d%2C15af6f8c8e64fb76fa633960431986111c18612675723b123aadccaaba72d84f%2Cf8961ef2fc4a5c940f58ee1d2dbe0602cd68f2997239b96882a9b975ca97a697%2Caa8b36e97ca22e8f90162fbe2c5944e2b505ac8e10275dcb8923c13394d47b42 → 200  10.690s  delay=1.516 min_gap=0.000 last=1784787595.079
08:19:55.097  PRE   POST /api/trade/search/Standard  delay=1.516 min_gap=0.000 last=1784787595.079
08:19:55.097  ENF   delay=1.516 min_gap=0.000 jitter=2.365 gap=3.881 since_last=0.019 sleep=3.862
08:19:59.558  PARSE Account 3:5:60 → 1.667s/req pen=60s (used=1); Ip 8:10:60 → 1.094s/req pen=60s (used=2); Ip 15:60:120 → 4.800s/req pen=120s (used=7); Ip 60:300:1800 → 7.000s/req pen=1800s (used=36)  delay 1.516→8.000  min_gap→0  max_usage=60%
08:19:59.558  RAW   content-type: application/json
08:19:59.558  RAW   x-rate-limit-policy: trade-search-request-limit
08:19:59.558  RAW   x-rate-limit-rules: Account,Ip
08:19:59.558  RAW   x-rate-limit-account: 3:5:60
08:19:59.558  RAW   x-rate-limit-account-state: 1:5:0
08:19:59.558  RAW   x-rate-limit-ip: 8:10:60,15:60:120,60:300:1800
08:19:59.558  RAW   x-rate-limit-ip-state: 2:10:0,7:60:0,36:300:0
08:19:59.558  RAW   cf-cache-status: DYNAMIC
08:19:59.558  RAW   cf-ray: a1f8939d993d5411-WAW
08:19:59.558  RESP  POST /api/trade/search/Standard → 200  4.461s  delay=8.000 min_gap=0.000 last=1784787599.559
08:19:59.558  PRE   GET /api/trade/fetch/033d070274497b7dadd764ba77eedd7af87cf092fbe8db193bca120b0235e86b%2Caef1091face8d267d4c900bf326846e462d03cf58ee54db8c5993ad8a7697821%2C6833a3eac745f51cfedb36aee94ff3ffd0aac13b5bb86220c40fab1e26e94856%2C06d5cc7cc5f98dde24c86753f30fe65099b73913b46bb0f1794b92c2be577877%2Cd6460a186227c134e64368f4088d230cb13187130d938a9a3a7758f771a4900b  delay=8.000 min_gap=0.000 last=1784787599.559
08:19:59.558  ENF   delay=8.000 min_gap=0.000 jitter=2.143 gap=10.143 since_last=0.000 sleep=10.142
08:20:10.081  PARSE Account 6:4:10 → 0.500s/req pen=10s (used=1); Ip 12:4:60 → 0.208s/req pen=60s (used=1); Ip 16:12:60 → 0.516s/req pen=60s (used=2)  delay 8.000→1.516  min_gap→0  max_usage=0%
08:20:10.081  RAW   content-type: application/json
08:20:10.081  RAW   x-rate-limit-policy: trade-fetch-request-limit
08:20:10.081  RAW   x-rate-limit-rules: Account,Ip
08:20:10.081  RAW   x-rate-limit-account: 6:4:10
08:20:10.081  RAW   x-rate-limit-account-state: 1:4:0
08:20:10.082  RAW   x-rate-limit-ip: 12:4:60,16:12:60
08:20:10.082  RAW   x-rate-limit-ip-state: 1:4:0,2:12:0
08:20:10.082  RAW   cf-cache-status: DYNAMIC
08:20:10.082  RAW   cf-ray: a1f893e0bc2b5411-WAW
08:20:10.082  RESP  GET /api/trade/fetch/033d070274497b7dadd764ba77eedd7af87cf092fbe8db193bca120b0235e86b%2Caef1091face8d267d4c900bf326846e462d03cf58ee54db8c5993ad8a7697821%2C6833a3eac745f51cfedb36aee94ff3ffd0aac13b5bb86220c40fab1e26e94856%2C06d5cc7cc5f98dde24c86753f30fe65099b73913b46bb0f1794b92c2be577877%2Cd6460a186227c134e64368f4088d230cb13187130d938a9a3a7758f771a4900b → 200  10.523s  delay=1.516 min_gap=0.000 last=1784787610.082
08:20:10.082  PRE   POST /api/trade/search/Standard  delay=1.516 min_gap=0.000 last=1784787610.082
08:20:10.082  ENF   delay=1.516 min_gap=0.000 jitter=2.733 gap=4.249 since_last=0.000 sleep=4.249
08:20:15.785  PARSE Account 3:5:60 → 2.500s/req pen=60s (used=2); Ip 8:10:60 → 1.094s/req pen=60s (used=2); Ip 15:60:120 → 5.200s/req pen=120s (used=8); Ip 60:300:1800 → 6.250s/req pen=1800s (used=30)  delay 1.516→7.250  min_gap→0  max_usage=53%
08:20:15.785  RAW   content-type: application/json
08:20:15.785  RAW   x-rate-limit-policy: trade-search-request-limit
08:20:15.785  RAW   x-rate-limit-rules: Account,Ip
08:20:15.785  RAW   x-rate-limit-account: 3:5:60
08:20:15.785  RAW   x-rate-limit-account-state: 2:5:0
08:20:15.785  RAW   x-rate-limit-ip: 8:10:60,15:60:120,60:300:1800
08:20:15.785  RAW   x-rate-limit-ip-state: 2:10:0,8:60:0,30:300:0
08:20:15.785  RAW   cf-cache-status: DYNAMIC
08:20:15.785  RAW   cf-ray: a1f893fdad2e5411-WAW
08:20:15.785  RESP  POST /api/trade/search/Standard → 200  5.703s  delay=7.250 min_gap=0.000 last=1784787615.786
08:20:15.785  PRE   GET /api/trade/fetch/87339a4ca0990d51aa44e3d6daf103f92aced152930fa519859885258c299cc7%2C756a43bfbbfac3baccb253489fa0d424c5057ad29635b8b8daa32f1e4b646a22%2C4e66b880a6f06b2a7cdee876892d97c0cddf01e074313113dd64da549f2cab63%2C7c4c23adaa48a6eb732c816275c0b179f840bc9747130228e7470a54e6f3fb50%2C6f8a43f906f34c9f8dc0ab2b4c715a22aa002131919dcd6706945d77d47a747e  delay=7.250 min_gap=0.000 last=1784787615.786
08:20:15.785  ENF   delay=7.250 min_gap=0.000 jitter=4.418 gap=11.668 since_last=0.000 sleep=11.668
08:20:27.907  PARSE Account 6:4:10 → 0.500s/req pen=10s (used=1); Ip 12:4:60 → 0.208s/req pen=60s (used=1); Ip 16:12:60 → 0.516s/req pen=60s (used=2)  delay 7.250→1.516  min_gap→0  max_usage=0%
08:20:27.907  RAW   content-type: application/json
08:20:27.907  RAW   x-rate-limit-policy: trade-fetch-request-limit
08:20:27.907  RAW   x-rate-limit-rules: Account,Ip
08:20:27.907  RAW   x-rate-limit-account: 6:4:10
08:20:27.907  RAW   x-rate-limit-account-state: 1:4:0
08:20:27.907  RAW   x-rate-limit-ip: 12:4:60,16:12:60
08:20:27.907  RAW   x-rate-limit-ip-state: 1:4:0,2:12:0
08:20:27.907  RAW   cf-cache-status: DYNAMIC
08:20:27.907  RAW   cf-ray: a1f8944faada5411-WAW
08:20:27.907  RESP  GET /api/trade/fetch/87339a4ca0990d51aa44e3d6daf103f92aced152930fa519859885258c299cc7%2C756a43bfbbfac3baccb253489fa0d424c5057ad29635b8b8daa32f1e4b646a22%2C4e66b880a6f06b2a7cdee876892d97c0cddf01e074313113dd64da549f2cab63%2C7c4c23adaa48a6eb732c816275c0b179f840bc9747130228e7470a54e6f3fb50%2C6f8a43f906f34c9f8dc0ab2b4c715a22aa002131919dcd6706945d77d47a747e → 200  12.122s  delay=1.516 min_gap=0.000 last=1784787627.908
08:20:27.925  PRE   POST /api/trade/search/Standard  delay=1.516 min_gap=0.000 last=1784787627.908
08:20:27.925  ENF   delay=1.516 min_gap=0.000 jitter=4.157 gap=5.673 since_last=0.018 sleep=5.655
08:20:34.071  PARSE Account 3:5:60 → 1.667s/req pen=60s (used=1); Ip 8:10:60 → 1.094s/req pen=60s (used=2); Ip 15:60:120 → 4.400s/req pen=120s (used=6); Ip 60:300:1800 → 6.500s/req pen=1800s (used=32)  delay 1.516→7.500  min_gap→0  max_usage=53%
08:20:34.071  RAW   content-type: application/json
08:20:34.071  RAW   x-rate-limit-policy: trade-search-request-limit
08:20:34.071  RAW   x-rate-limit-rules: Account,Ip
08:20:34.071  RAW   x-rate-limit-account: 3:5:60
08:20:34.071  RAW   x-rate-limit-account-state: 1:5:0
08:20:34.071  RAW   x-rate-limit-ip: 8:10:60,15:60:120,60:300:1800
08:20:34.071  RAW   x-rate-limit-ip-state: 2:10:0,6:60:0,32:300:0
08:20:34.071  RAW   cf-cache-status: DYNAMIC
08:20:34.071  RAW   cf-ray: a1f89475fd585411-WAW
08:20:34.071  RESP  POST /api/trade/search/Standard → 200  6.146s  delay=7.500 min_gap=0.000 last=1784787634.072
08:20:34.071  PRE   GET /api/trade/fetch/4612ffa5afc0e34a9cd153ed6885a1ab1b33728c128e5edd4f0028c5d02dfce6%2C3d9da963c90aed9d943982916ba618dcae670f28311bfcbff3330db9b21acca8%2C2b223eacd33d9319cba840cf175cddedf173f28bd5d37f2b5b30299ea774f926%2Cd1b9e76f4b6fd51f56caeba877b891b7b6f7ddbbe318dfaab6b23662faa97976%2Cbaa1e87f17d714d746fe66edfadca0faadf421f4d8214bb014e6a360d4466ce1  delay=7.500 min_gap=0.000 last=1784787634.072
08:20:34.071  ENF   delay=7.500 min_gap=0.000 jitter=3.663 gap=11.163 since_last=0.000 sleep=11.163
08:20:45.957  PARSE Account 6:4:10 → 0.500s/req pen=10s (used=1); Ip 12:4:60 → 0.208s/req pen=60s (used=1); Ip 16:12:60 → 0.516s/req pen=60s (used=2)  delay 7.500→1.516  min_gap→0  max_usage=0%
08:20:45.957  RAW   content-type: application/json
08:20:45.957  RAW   x-rate-limit-policy: trade-fetch-request-limit
08:20:45.957  RAW   x-rate-limit-rules: Account,Ip
08:20:45.957  RAW   x-rate-limit-account: 6:4:10
08:20:45.957  RAW   x-rate-limit-account-state: 1:4:0
08:20:45.957  RAW   x-rate-limit-ip: 12:4:60,16:12:60
08:20:45.957  RAW   x-rate-limit-ip-state: 1:4:0,2:12:0
08:20:45.957  RAW   cf-cache-status: DYNAMIC
08:20:45.957  RAW   cf-ray: a1f894becc7d5411-WAW
08:20:45.957  RESP  GET /api/trade/fetch/4612ffa5afc0e34a9cd153ed6885a1ab1b33728c128e5edd4f0028c5d02dfce6%2C3d9da963c90aed9d943982916ba618dcae670f28311bfcbff3330db9b21acca8%2C2b223eacd33d9319cba840cf175cddedf173f28bd5d37f2b5b30299ea774f926%2Cd1b9e76f4b6fd51f56caeba877b891b7b6f7ddbbe318dfaab6b23662faa97976%2Cbaa1e87f17d714d746fe66edfadca0faadf421f4d8214bb014e6a360d4466ce1 → 200  11.885s  delay=1.516 min_gap=0.000 last=1784787645.957
08:20:45.957  PRE   POST /api/trade/search/Standard  delay=1.516 min_gap=0.000 last=1784787645.957
08:20:45.957  ENF   delay=1.516 min_gap=0.000 jitter=4.814 gap=6.329 since_last=0.000 sleep=6.329
08:20:52.792  PARSE Account 3:5:60 → 1.667s/req pen=60s (used=1); Ip 8:10:60 → 0.859s/req pen=60s (used=1); Ip 15:60:120 → 4.400s/req pen=120s (used=6); Ip 60:300:1800 → 6.750s/req pen=1800s (used=34)  delay 1.516→7.750  min_gap→0  max_usage=57%
08:20:52.792  RAW   content-type: application/json
08:20:52.792  RAW   x-rate-limit-policy: trade-search-request-limit
08:20:52.792  RAW   x-rate-limit-rules: Account,Ip
08:20:52.792  RAW   x-rate-limit-account: 3:5:60
08:20:52.792  RAW   x-rate-limit-account-state: 1:5:0
08:20:52.792  RAW   x-rate-limit-ip: 8:10:60,15:60:120,60:300:1800
08:20:52.792  RAW   x-rate-limit-ip-state: 1:10:0,6:60:0,34:300:0
08:20:52.792  RAW   cf-cache-status: DYNAMIC
08:20:52.792  RAW   cf-ray: a1f894eae85a5411-WAW
08:20:52.792  RESP  POST /api/trade/search/Standard → 200  6.835s  delay=7.750 min_gap=0.000 last=1784787652.793
08:20:52.792  PRE   GET /api/trade/fetch/46ac35e7556696fd65bc3e18445d9bec50c07f43c13046e53809052c9ba75e47%2C86daa50433fbae5d34aebd17db7f991582c096881a8bbab379103b760116dc3f%2C164b7c712bcbfcbae2778dad2b4076b5d8a94a54e821b570ddb68044dd6931c0%2C7997d163d6e0145df69fb5338eed1dd2902bbdc2cfa887e101ed7af00a1c1bd3%2Ccd7251aa2f2504516277f9dc387a39af8f17f0f37937cc314ba64bc9e46085c5  delay=7.750 min_gap=0.000 last=1784787652.793
08:20:52.792  ENF   delay=7.750 min_gap=0.000 jitter=4.008 gap=11.758 since_last=0.000 sleep=11.758
08:21:05.311  PARSE Account 6:4:10 → 0.500s/req pen=10s (used=1); Ip 12:4:60 → 0.208s/req pen=60s (used=1); Ip 16:12:60 → 0.516s/req pen=60s (used=2)  delay 7.750→1.516  min_gap→0  max_usage=0%
08:21:05.311  RAW   content-type: application/json
08:21:05.311  RAW   x-rate-limit-policy: trade-fetch-request-limit
08:21:05.311  RAW   x-rate-limit-rules: Account,Ip
08:21:05.311  RAW   x-rate-limit-account: 6:4:10
08:21:05.311  RAW   x-rate-limit-account-state: 1:4:0
08:21:05.311  RAW   x-rate-limit-ip: 12:4:60,16:12:60
08:21:05.311  RAW   x-rate-limit-ip-state: 1:4:0,2:12:0
08:21:05.311  RAW   cf-cache-status: DYNAMIC
08:21:05.311  RAW   cf-ray: a1f895378c885411-WAW
08:21:05.311  RESP  GET /api/trade/fetch/46ac35e7556696fd65bc3e18445d9bec50c07f43c13046e53809052c9ba75e47%2C86daa50433fbae5d34aebd17db7f991582c096881a8bbab379103b760116dc3f%2C164b7c712bcbfcbae2778dad2b4076b5d8a94a54e821b570ddb68044dd6931c0%2C7997d163d6e0145df69fb5338eed1dd2902bbdc2cfa887e101ed7af00a1c1bd3%2Ccd7251aa2f2504516277f9dc387a39af8f17f0f37937cc314ba64bc9e46085c5 → 200  12.518s  delay=1.516 min_gap=0.000 last=1784787665.311
08:21:05.331  PRE   POST /api/trade/search/Standard  delay=1.516 min_gap=0.000 last=1784787665.311
08:21:05.331  ENF   delay=1.516 min_gap=0.000 jitter=3.589 gap=5.105 since_last=0.020 sleep=5.085
08:21:10.971  PARSE Account 3:5:60 → 1.667s/req pen=60s (used=1); Ip 8:10:60 → 0.859s/req pen=60s (used=1); Ip 15:60:120 → 4.400s/req pen=120s (used=6); Ip 60:300:1800 → 6.250s/req pen=1800s (used=30)  delay 1.516→7.250  min_gap→0  max_usage=50%
08:21:10.971  RAW   content-type: application/json
08:21:10.971  RAW   x-rate-limit-policy: trade-search-request-limit
08:21:10.971  RAW   x-rate-limit-rules: Account,Ip
08:21:10.971  RAW   x-rate-limit-account: 3:5:60
08:21:10.971  RAW   x-rate-limit-account-state: 1:5:0
08:21:10.971  RAW   x-rate-limit-ip: 8:10:60,15:60:120,60:300:1800
08:21:10.971  RAW   x-rate-limit-ip-state: 1:10:0,6:60:0,30:300:0
08:21:10.971  RAW   cf-cache-status: DYNAMIC
08:21:10.971  RAW   cf-ray: a1f8955c39cf5411-WAW
08:21:10.971  RESP  POST /api/trade/search/Standard → 200  5.640s  delay=7.250 min_gap=0.000 last=1784787670.972
08:21:10.971  PRE   GET /api/trade/fetch/b9e6cf3264ebb89bc1679186286a289141d77e2acf7ca82efb2663094eda37ce%2Cd44eae1942853a9fda5cb7a891638051418c46a71af2cd98abcc1375a2075c14%2C66e4d2868643be30c2bd21af10d0e1448417aec9547f12fcbe4948ea795f680d%2C907e0c5d0cd9a5ea384c8170812ae633f477f3fa7bd7a4c8683b20a01754cfe0%2Ccf3fc7c30b3f8fe7c42968b8c72d7f8b1ccce5927986ae4e44472c3a7eaced3b  delay=7.250 min_gap=0.000 last=1784787670.972
08:21:10.971  ENF   delay=7.250 min_gap=0.000 jitter=4.112 gap=11.362 since_last=0.000 sleep=11.362
08:21:22.835  PARSE Account 6:4:10 → 0.500s/req pen=10s (used=1); Ip 12:4:60 → 0.208s/req pen=60s (used=1); Ip 16:12:60 → 0.516s/req pen=60s (used=2)  delay 7.250→1.516  min_gap→0  max_usage=0%
08:21:22.835  RAW   content-type: application/json
08:21:22.835  RAW   x-rate-limit-policy: trade-fetch-request-limit
08:21:22.835  RAW   x-rate-limit-rules: Account,Ip
08:21:22.835  RAW   x-rate-limit-account: 6:4:10
08:21:22.835  RAW   x-rate-limit-account-state: 1:4:0
08:21:22.835  RAW   x-rate-limit-ip: 12:4:60,16:12:60
08:21:22.835  RAW   x-rate-limit-ip-state: 1:4:0,2:12:0
08:21:22.835  RAW   cf-cache-status: DYNAMIC
08:21:22.835  RAW   cf-ray: a1f895a6ab1f5411-WAW
08:21:22.835  RESP  GET /api/trade/fetch/b9e6cf3264ebb89bc1679186286a289141d77e2acf7ca82efb2663094eda37ce%2Cd44eae1942853a9fda5cb7a891638051418c46a71af2cd98abcc1375a2075c14%2C66e4d2868643be30c2bd21af10d0e1448417aec9547f12fcbe4948ea795f680d%2C907e0c5d0cd9a5ea384c8170812ae633f477f3fa7bd7a4c8683b20a01754cfe0%2Ccf3fc7c30b3f8fe7c42968b8c72d7f8b1ccce5927986ae4e44472c3a7eaced3b → 200  11.864s  delay=1.516 min_gap=0.000 last=1784787682.836
08:21:22.835  PRE   POST /api/trade/search/Standard  delay=1.516 min_gap=0.000 last=1784787682.836
08:21:22.835  ENF   delay=1.516 min_gap=0.000 jitter=2.817 gap=4.333 since_last=0.000 sleep=4.332
08:21:28.375  PARSE Account 3:5:60 → 1.667s/req pen=60s (used=1); Ip 8:10:60 → 1.094s/req pen=60s (used=2); Ip 15:60:120 → 4.800s/req pen=120s (used=7); Ip 60:300:1800 → 6.500s/req pen=1800s (used=32)  delay 1.516→7.500  min_gap→0  max_usage=53%
08:21:28.375  RAW   content-type: application/json
08:21:28.375  RAW   x-rate-limit-policy: trade-search-request-limit
08:21:28.375  RAW   x-rate-limit-rules: Account,Ip
08:21:28.375  RAW   x-rate-limit-account: 3:5:60
08:21:28.375  RAW   x-rate-limit-account-state: 1:5:0
08:21:28.375  RAW   x-rate-limit-ip: 8:10:60,15:60:120,60:300:1800
08:21:28.375  RAW   x-rate-limit-ip-state: 2:10:0,7:60:0,32:300:0
08:21:28.375  RAW   cf-cache-status: DYNAMIC
08:21:28.375  RAW   cf-ray: a1f895c4ec575411-WAW
08:21:28.375  RESP  POST /api/trade/search/Standard → 200  5.540s  delay=7.500 min_gap=0.000 last=1784787688.376
08:21:28.375  PRE   GET /api/trade/fetch/51374bf3051a488d85cbb61bf9196a8d3ce016c475cf50b35442524497202f6f%2C2692b3c0e43acd9c8d11e0375d9d6e31e86e1fa765b8f7715d3439afa562c3ee%2C20e6566054c8c5d99c4c94de21cbe356098eed3505be3a0fbd5fb080afa07168%2Cb8fee0f3c7470c8a700496d18e096fbe3ec577c94ac254e2bcab9025982356cf%2C69145f270eab2d1b2fc36b9b9e00a7ad44a814f3c338ec5c09f6ea058767d7c1  delay=7.500 min_gap=0.000 last=1784787688.376
08:21:28.375  ENF   delay=7.500 min_gap=0.000 jitter=4.352 gap=11.852 since_last=0.000 sleep=11.852
08:21:40.594  PARSE Account 6:4:10 → 0.500s/req pen=10s (used=1); Ip 12:4:60 → 0.208s/req pen=60s (used=1); Ip 16:12:60 → 0.516s/req pen=60s (used=2)  delay 7.500→1.516  min_gap→0  max_usage=0%
08:21:40.594  RAW   content-type: application/json
08:21:40.594  RAW   x-rate-limit-policy: trade-fetch-request-limit
08:21:40.594  RAW   x-rate-limit-rules: Account,Ip
08:21:40.594  RAW   x-rate-limit-account: 6:4:10
08:21:40.594  RAW   x-rate-limit-account-state: 1:4:0
08:21:40.594  RAW   x-rate-limit-ip: 12:4:60,16:12:60
08:21:40.595  RAW   x-rate-limit-ip-state: 1:4:0,2:12:0
08:21:40.595  RAW   cf-cache-status: DYNAMIC
08:21:40.595  RAW   cf-ray: a1f896168ee55411-WAW
08:21:40.595  RESP  GET /api/trade/fetch/51374bf3051a488d85cbb61bf9196a8d3ce016c475cf50b35442524497202f6f%2C2692b3c0e43acd9c8d11e0375d9d6e31e86e1fa765b8f7715d3439afa562c3ee%2C20e6566054c8c5d99c4c94de21cbe356098eed3505be3a0fbd5fb080afa07168%2Cb8fee0f3c7470c8a700496d18e096fbe3ec577c94ac254e2bcab9025982356cf%2C69145f270eab2d1b2fc36b9b9e00a7ad44a814f3c338ec5c09f6ea058767d7c1 → 200  12.219s  delay=1.516 min_gap=0.000 last=1784787700.595
08:21:40.620  PRE   POST /api/trade/search/Standard  delay=1.516 min_gap=0.000 last=1784787700.595
08:21:40.620  ENF   delay=1.516 min_gap=0.000 jitter=2.843 gap=4.358 since_last=0.026 sleep=4.333
08:21:45.552  PARSE Account 3:5:60 → 1.667s/req pen=60s (used=1); Ip 8:10:60 → 1.094s/req pen=60s (used=2); Ip 15:60:120 → 4.400s/req pen=120s (used=6); Ip 60:300:1800 → 6.750s/req pen=1800s (used=34)  delay 1.516→7.750  min_gap→0  max_usage=57%
08:21:45.552  RAW   content-type: application/json
08:21:45.552  RAW   x-rate-limit-policy: trade-search-request-limit
08:21:45.552  RAW   x-rate-limit-rules: Account,Ip
08:21:45.552  RAW   x-rate-limit-account: 3:5:60
08:21:45.552  RAW   x-rate-limit-account-state: 1:5:0
08:21:45.552  RAW   x-rate-limit-ip: 8:10:60,15:60:120,60:300:1800
08:21:45.552  RAW   x-rate-limit-ip-state: 2:10:0,6:60:0,34:300:0
08:21:45.552  RAW   cf-cache-status: DYNAMIC
08:21:45.552  RAW   cf-ray: a1f896340ec95411-WAW
08:21:45.552  RESP  POST /api/trade/search/Standard → 200  4.931s  delay=7.750 min_gap=0.000 last=1784787705.552
08:21:45.552  PRE   GET /api/trade/fetch/3120d6d1dfe824e08eb93ba4b47c81de658b21451cf5c6c6de14c25657367966%2C7cd3bc45b68a8a4154a6f1435a0ce51da2fe47ebc9dd86aad817ddc5ceb1262d%2Cc8fed22d60a046efbbc3b222d8e38c67f96c22c709153577dd9c06556d07ebd4%2Cfdca9e1e7883545ec88d735a76a327cfd34668a0127114c24e17a4033588f219%2Cd7dd76c2665d452ccc47a50967792ef3c2daba23598c9e4dca9f3931eb8eb66f  delay=7.750 min_gap=0.000 last=1784787705.552
08:21:45.552  ENF   delay=7.750 min_gap=0.000 jitter=4.840 gap=12.590 since_last=0.000 sleep=12.590
08:21:58.711  PARSE Account 6:4:10 → 0.500s/req pen=10s (used=1); Ip 12:4:60 → 0.208s/req pen=60s (used=1); Ip 16:12:60 → 0.516s/req pen=60s (used=2)  delay 7.750→1.516  min_gap→0  max_usage=0%
08:21:58.711  RAW   content-type: application/json
08:21:58.711  RAW   x-rate-limit-policy: trade-fetch-request-limit
08:21:58.711  RAW   x-rate-limit-rules: Account,Ip
08:21:58.711  RAW   x-rate-limit-account: 6:4:10
08:21:58.711  RAW   x-rate-limit-account-state: 1:4:0
08:21:58.711  RAW   x-rate-limit-ip: 12:4:60,16:12:60
08:21:58.711  RAW   x-rate-limit-ip-state: 1:4:0,2:12:0
08:21:58.711  RAW   cf-cache-status: DYNAMIC
08:21:58.711  RAW   cf-ray: a1f8968678d05411-WAW
08:21:58.711  RESP  GET /api/trade/fetch/3120d6d1dfe824e08eb93ba4b47c81de658b21451cf5c6c6de14c25657367966%2C7cd3bc45b68a8a4154a6f1435a0ce51da2fe47ebc9dd86aad817ddc5ceb1262d%2Cc8fed22d60a046efbbc3b222d8e38c67f96c22c709153577dd9c06556d07ebd4%2Cfdca9e1e7883545ec88d735a76a327cfd34668a0127114c24e17a4033588f219%2Cd7dd76c2665d452ccc47a50967792ef3c2daba23598c9e4dca9f3931eb8eb66f → 200  13.158s  delay=1.516 min_gap=0.000 last=1784787718.711
08:21:58.711  PRE   POST /api/trade/search/Standard  delay=1.516 min_gap=0.000 last=1784787718.711
08:21:58.711  ENF   delay=1.516 min_gap=0.000 jitter=4.614 gap=6.130 since_last=0.000 sleep=6.129
08:22:05.518  PARSE Account 3:5:60 → 1.667s/req pen=60s (used=1); Ip 8:10:60 → 0.859s/req pen=60s (used=1); Ip 15:60:120 → 4.400s/req pen=120s (used=6); Ip 60:300:1800 → 6.125s/req pen=1800s (used=29)  delay 1.516→7.125  min_gap→0  max_usage=48%
08:22:05.518  RAW   content-type: application/json
08:22:05.518  RAW   x-rate-limit-policy: trade-search-request-limit
08:22:05.518  RAW   x-rate-limit-rules: Account,Ip
08:22:05.518  RAW   x-rate-limit-account: 3:5:60
08:22:05.518  RAW   x-rate-limit-account-state: 1:5:0
08:22:05.518  RAW   x-rate-limit-ip: 8:10:60,15:60:120,60:300:1800
08:22:05.518  RAW   x-rate-limit-ip-state: 1:10:0,6:60:0,29:300:0
08:22:05.518  RAW   cf-cache-status: DYNAMIC
08:22:05.518  RAW   cf-ray: a1f896b05b425411-WAW
08:22:05.518  RESP  POST /api/trade/search/Standard → 200  6.807s  delay=7.125 min_gap=0.000 last=1784787725.518
08:22:05.518  PRE   GET /api/trade/fetch/d7dd76c2665d452ccc47a50967792ef3c2daba23598c9e4dca9f3931eb8eb66f%2Caa8b36e97ca22e8f90162fbe2c5944e2b505ac8e10275dcb8923c13394d47b42%2Cfdca9e1e7883545ec88d735a76a327cfd34668a0127114c24e17a4033588f219%2C7cd3bc45b68a8a4154a6f1435a0ce51da2fe47ebc9dd86aad817ddc5ceb1262d%2C7e4d31f9a66b2839ef35c05a07de29a0d67102d8eb36022c81ea019ee7b17a55  delay=7.125 min_gap=0.000 last=1784787725.518
08:22:05.518  ENF   delay=7.125 min_gap=0.000 jitter=3.541 gap=10.666 since_last=0.000 sleep=10.666
08:22:16.577  PARSE Account 6:4:10 → 0.500s/req pen=10s (used=1); Ip 12:4:60 → 0.208s/req pen=60s (used=1); Ip 16:12:60 → 0.516s/req pen=60s (used=2)  delay 7.125→1.516  min_gap→0  max_usage=0%
08:22:16.577  RAW   content-type: application/json
08:22:16.577  RAW   x-rate-limit-policy: trade-fetch-request-limit
08:22:16.577  RAW   x-rate-limit-rules: Account,Ip
08:22:16.577  RAW   x-rate-limit-account: 6:4:10
08:22:16.577  RAW   x-rate-limit-account-state: 1:4:0
08:22:16.577  RAW   x-rate-limit-ip: 12:4:60,16:12:60
08:22:16.577  RAW   x-rate-limit-ip-state: 1:4:0,2:12:0
08:22:16.577  RAW   cf-cache-status: DYNAMIC
08:22:16.577  RAW   cf-ray: a1f896f73f4b5411-WAW
08:22:16.577  RESP  GET /api/trade/fetch/d7dd76c2665d452ccc47a50967792ef3c2daba23598c9e4dca9f3931eb8eb66f%2Caa8b36e97ca22e8f90162fbe2c5944e2b505ac8e10275dcb8923c13394d47b42%2Cfdca9e1e7883545ec88d735a76a327cfd34668a0127114c24e17a4033588f219%2C7cd3bc45b68a8a4154a6f1435a0ce51da2fe47ebc9dd86aad817ddc5ceb1262d%2C7e4d31f9a66b2839ef35c05a07de29a0d67102d8eb36022c81ea019ee7b17a55 → 200  11.059s  delay=1.516 min_gap=0.000 last=1784787736.577
08:22:16.597  PRE   POST /api/trade/search/Standard  delay=1.516 min_gap=0.000 last=1784787736.578
08:22:16.597  ENF   delay=1.516 min_gap=0.000 jitter=4.388 gap=5.904 since_last=0.020 sleep=5.884
08:22:22.926  PARSE Account 3:5:60 → 1.667s/req pen=60s (used=1); Ip 8:10:60 → 1.094s/req pen=60s (used=2); Ip 15:60:120 → 4.400s/req pen=120s (used=6); Ip 60:300:1800 → 6.375s/req pen=1800s (used=31)  delay 1.516→7.375  min_gap→0  max_usage=52%
08:22:22.926  RAW   content-type: application/json
08:22:22.926  RAW   x-rate-limit-policy: trade-search-request-limit
08:22:22.926  RAW   x-rate-limit-rules: Account,Ip
08:22:22.926  RAW   x-rate-limit-account: 3:5:60
08:22:22.926  RAW   x-rate-limit-account-state: 1:5:0
08:22:22.926  RAW   x-rate-limit-ip: 8:10:60,15:60:120,60:300:1800
08:22:22.926  RAW   x-rate-limit-ip-state: 2:10:0,6:60:0,31:300:0
08:22:22.926  RAW   cf-cache-status: DYNAMIC
08:22:22.926  RAW   cf-ray: a1f8971e9d5d5411-WAW
08:22:22.926  RESP  POST /api/trade/search/Standard → 200  6.329s  delay=7.375 min_gap=0.000 last=1784787742.927
08:22:22.926  PRE   GET /api/trade/fetch/aef1091face8d267d4c900bf326846e462d03cf58ee54db8c5993ad8a7697821%2C033d070274497b7dadd764ba77eedd7af87cf092fbe8db193bca120b0235e86b%2C6833a3eac745f51cfedb36aee94ff3ffd0aac13b5bb86220c40fab1e26e94856%2Cd6460a186227c134e64368f4088d230cb13187130d938a9a3a7758f771a4900b%2C06d5cc7cc5f98dde24c86753f30fe65099b73913b46bb0f1794b92c2be577877  delay=7.375 min_gap=0.000 last=1784787742.927
08:22:22.926  ENF   delay=7.375 min_gap=0.000 jitter=2.502 gap=9.877 since_last=0.000 sleep=9.876
08:22:33.166  PARSE Account 6:4:10 → 0.500s/req pen=10s (used=1); Ip 12:4:60 → 0.208s/req pen=60s (used=1); Ip 16:12:60 → 0.516s/req pen=60s (used=2)  delay 7.375→1.516  min_gap→0  max_usage=0%
08:22:33.166  RAW   content-type: application/json
08:22:33.166  RAW   x-rate-limit-policy: trade-fetch-request-limit
08:22:33.166  RAW   x-rate-limit-rules: Account,Ip
08:22:33.166  RAW   x-rate-limit-account: 6:4:10
08:22:33.166  RAW   x-rate-limit-account-state: 1:4:0
08:22:33.166  RAW   x-rate-limit-ip: 12:4:60,16:12:60
08:22:33.166  RAW   x-rate-limit-ip-state: 1:4:0,2:12:0
08:22:33.166  RAW   cf-cache-status: DYNAMIC
08:22:33.166  RAW   cf-ray: a1f8975f1db95411-WAW
08:22:33.166  RESP  GET /api/trade/fetch/aef1091face8d267d4c900bf326846e462d03cf58ee54db8c5993ad8a7697821%2C033d070274497b7dadd764ba77eedd7af87cf092fbe8db193bca120b0235e86b%2C6833a3eac745f51cfedb36aee94ff3ffd0aac13b5bb86220c40fab1e26e94856%2Cd6460a186227c134e64368f4088d230cb13187130d938a9a3a7758f771a4900b%2C06d5cc7cc5f98dde24c86753f30fe65099b73913b46bb0f1794b92c2be577877 → 200  10.240s  delay=1.516 min_gap=0.000 last=1784787753.167
08:22:33.166  PRE   POST /api/trade/search/Standard  delay=1.516 min_gap=0.000 last=1784787753.167
08:22:33.166  ENF   delay=1.516 min_gap=0.000 jitter=4.777 gap=6.293 since_last=0.000 sleep=6.293
08:22:39.925  PARSE Account 3:5:60 → 1.667s/req pen=60s (used=1); Ip 8:10:60 → 1.094s/req pen=60s (used=2); Ip 15:60:120 → 4.800s/req pen=120s (used=7); Ip 60:300:1800 → 6.625s/req pen=1800s (used=33)  delay 1.516→7.625  min_gap→0  max_usage=55%
08:22:39.926  RAW   content-type: application/json
08:22:39.926  RAW   x-rate-limit-policy: trade-search-request-limit
08:22:39.926  RAW   x-rate-limit-rules: Account,Ip
08:22:39.926  RAW   x-rate-limit-account: 3:5:60
08:22:39.926  RAW   x-rate-limit-account-state: 1:5:0
08:22:39.926  RAW   x-rate-limit-ip: 8:10:60,15:60:120,60:300:1800
08:22:39.926  RAW   x-rate-limit-ip-state: 2:10:0,7:60:0,33:300:0
08:22:39.926  RAW   cf-cache-status: DYNAMIC
08:22:39.926  RAW   cf-ray: a1f89788bffd5411-WAW
08:22:39.926  RESP  POST /api/trade/search/Standard → 200  6.759s  delay=7.625 min_gap=0.000 last=1784787759.926
08:22:39.926  PRE   GET /api/trade/fetch/87339a4ca0990d51aa44e3d6daf103f92aced152930fa519859885258c299cc7%2C756a43bfbbfac3baccb253489fa0d424c5057ad29635b8b8daa32f1e4b646a22%2C60c87adaecb245c61b654a4668b2f71904e3b3d8ef997fbbf45372241f3d3aae%2C7c4c23adaa48a6eb732c816275c0b179f840bc9747130228e7470a54e6f3fb50%2Ca19c06473324b212f243e698bf3a32c5aa010c8c78766f262f650b3ac5cd7d9a  delay=7.625 min_gap=0.000 last=1784787759.926
08:22:39.926  ENF   delay=7.625 min_gap=0.000 jitter=3.594 gap=11.219 since_last=0.000 sleep=11.219
08:22:51.466  PARSE Account 6:4:10 → 0.500s/req pen=10s (used=1); Ip 12:4:60 → 0.208s/req pen=60s (used=1); Ip 16:12:60 → 0.516s/req pen=60s (used=2)  delay 7.625→1.516  min_gap→0  max_usage=0%
08:22:51.466  RAW   content-type: application/json
08:22:51.466  RAW   x-rate-limit-policy: trade-fetch-request-limit
08:22:51.466  RAW   x-rate-limit-rules: Account,Ip
08:22:51.466  RAW   x-rate-limit-account: 6:4:10
08:22:51.466  RAW   x-rate-limit-account-state: 1:4:0
08:22:51.466  RAW   x-rate-limit-ip: 12:4:60,16:12:60
08:22:51.466  RAW   x-rate-limit-ip-state: 1:4:0,2:12:0
08:22:51.466  RAW   cf-cache-status: DYNAMIC
08:22:51.466  RAW   cf-ray: a1f897d1b8d85411-WAW
08:22:51.466  RESP  GET /api/trade/fetch/87339a4ca0990d51aa44e3d6daf103f92aced152930fa519859885258c299cc7%2C756a43bfbbfac3baccb253489fa0d424c5057ad29635b8b8daa32f1e4b646a22%2C60c87adaecb245c61b654a4668b2f71904e3b3d8ef997fbbf45372241f3d3aae%2C7c4c23adaa48a6eb732c816275c0b179f840bc9747130228e7470a54e6f3fb50%2Ca19c06473324b212f243e698bf3a32c5aa010c8c78766f262f650b3ac5cd7d9a → 200  11.541s  delay=1.516 min_gap=0.000 last=1784787771.467
08:22:51.493  PRE   POST /api/trade/search/Standard  delay=1.516 min_gap=0.000 last=1784787771.467
08:22:51.493  ENF   delay=1.516 min_gap=0.000 jitter=4.555 gap=6.071 since_last=0.026 sleep=6.044
08:22:57.870  PARSE Account 3:5:60 → 1.667s/req pen=60s (used=1); Ip 8:10:60 → 0.859s/req pen=60s (used=1); Ip 15:60:120 → 4.800s/req pen=120s (used=7); Ip 60:300:1800 → 6.875s/req pen=1800s (used=35)  delay 1.516→7.875  min_gap→0  max_usage=58%
08:22:57.870  RAW   content-type: application/json
08:22:57.870  RAW   x-rate-limit-policy: trade-search-request-limit
08:22:57.870  RAW   x-rate-limit-rules: Account,Ip
08:22:57.870  RAW   x-rate-limit-account: 3:5:60
08:22:57.870  RAW   x-rate-limit-account-state: 1:5:0
08:22:57.870  RAW   x-rate-limit-ip: 8:10:60,15:60:120,60:300:1800
08:22:57.870  RAW   x-rate-limit-ip-state: 1:10:0,7:60:0,35:300:0
08:22:57.870  RAW   cf-cache-status: DYNAMIC
08:22:57.870  RAW   cf-ray: a1f897f9a99d5411-WAW
08:22:57.870  RESP  POST /api/trade/search/Standard → 200  6.377s  delay=7.875 min_gap=0.000 last=1784787777.871
08:22:57.870  PRE   GET /api/trade/fetch/b2b00b81ba32684cc0d540da861a259f9e996dc7cc6c101999d7b26082944dc0%2C756a43bfbbfac3baccb253489fa0d424c5057ad29635b8b8daa32f1e4b646a22%2C6f8a43f906f34c9f8dc0ab2b4c715a22aa002131919dcd6706945d77d47a747e%2Cf15089384dbb0b50304a146d709946b4060b5c8e6c8c7eb51d24284c7d811672%2C3d819699501335dbd26f71e4d7dd6991a24e7124bed594ef5dec07d9f5301190  delay=7.875 min_gap=0.000 last=1784787777.871
08:22:57.870  ENF   delay=7.875 min_gap=0.000 jitter=2.325 gap=10.200 since_last=0.000 sleep=10.200
08:23:08.495  PARSE Account 6:4:10 → 0.500s/req pen=10s (used=1); Ip 12:4:60 → 0.208s/req pen=60s (used=1); Ip 16:12:60 → 0.516s/req pen=60s (used=2)  delay 7.875→1.516  min_gap→0  max_usage=0%
08:23:08.495  RAW   content-type: application/json
08:23:08.495  RAW   x-rate-limit-policy: trade-fetch-request-limit
08:23:08.495  RAW   x-rate-limit-rules: Account,Ip
08:23:08.495  RAW   x-rate-limit-account: 6:4:10
08:23:08.495  RAW   x-rate-limit-account-state: 1:4:0
08:23:08.495  RAW   x-rate-limit-ip: 12:4:60,16:12:60
08:23:08.495  RAW   x-rate-limit-ip-state: 1:4:0,2:12:0
08:23:08.495  RAW   cf-cache-status: DYNAMIC
08:23:08.495  RAW   cf-ray: a1f8983b8c135411-WAW
08:23:08.495  RESP  GET /api/trade/fetch/b2b00b81ba32684cc0d540da861a259f9e996dc7cc6c101999d7b26082944dc0%2C756a43bfbbfac3baccb253489fa0d424c5057ad29635b8b8daa32f1e4b646a22%2C6f8a43f906f34c9f8dc0ab2b4c715a22aa002131919dcd6706945d77d47a747e%2Cf15089384dbb0b50304a146d709946b4060b5c8e6c8c7eb51d24284c7d811672%2C3d819699501335dbd26f71e4d7dd6991a24e7124bed594ef5dec07d9f5301190 → 200  10.625s  delay=1.516 min_gap=0.000 last=1784787788.496
08:23:08.495  PRE   POST /api/trade/search/Standard  delay=1.516 min_gap=0.000 last=1784787788.496
08:23:08.495  ENF   delay=1.516 min_gap=0.000 jitter=3.368 gap=4.884 since_last=0.000 sleep=4.884
08:23:13.785  PARSE Account 3:5:60 → 1.667s/req pen=60s (used=1); Ip 8:10:60 → 1.094s/req pen=60s (used=2); Ip 15:60:120 → 5.200s/req pen=120s (used=8); Ip 60:300:1800 → 6.125s/req pen=1800s (used=29)  delay 1.516→7.125  min_gap→0  max_usage=53%
08:23:13.785  RAW   content-type: application/json
08:23:13.785  RAW   x-rate-limit-policy: trade-search-request-limit
08:23:13.785  RAW   x-rate-limit-rules: Account,Ip
08:23:13.785  RAW   x-rate-limit-account: 3:5:60
08:23:13.785  RAW   x-rate-limit-account-state: 1:5:0
08:23:13.785  RAW   x-rate-limit-ip: 8:10:60,15:60:120,60:300:1800
08:23:13.785  RAW   x-rate-limit-ip-state: 2:10:0,8:60:0,29:300:0
08:23:13.785  RAW   cf-cache-status: DYNAMIC
08:23:13.785  RAW   cf-ray: a1f8985cab845411-WAW
08:23:13.785  RESP  POST /api/trade/search/Standard → 200  5.289s  delay=7.125 min_gap=0.000 last=1784787793.785
08:23:13.785  PRE   GET /api/trade/fetch/756a43bfbbfac3baccb253489fa0d424c5057ad29635b8b8daa32f1e4b646a22%2C7c4c23adaa48a6eb732c816275c0b179f840bc9747130228e7470a54e6f3fb50%2C3d819699501335dbd26f71e4d7dd6991a24e7124bed594ef5dec07d9f5301190%2Ca19c06473324b212f243e698bf3a32c5aa010c8c78766f262f650b3ac5cd7d9a%2C340cd8e561196d2e5e3bddc72c0ac71bc3bf3fddac30ca9592fe5da3fa87a949  delay=7.125 min_gap=0.000 last=1784787793.785
08:23:13.785  ENF   delay=7.125 min_gap=0.000 jitter=2.137 gap=9.262 since_last=0.000 sleep=9.262
08:23:23.394  PARSE Account 6:4:10 → 0.500s/req pen=10s (used=1); Ip 12:4:60 → 0.208s/req pen=60s (used=1); Ip 16:12:60 → 0.516s/req pen=60s (used=2)  delay 7.125→1.516  min_gap→0  max_usage=0%
08:23:23.394  RAW   content-type: application/json
08:23:23.394  RAW   x-rate-limit-policy: trade-fetch-request-limit
08:23:23.394  RAW   x-rate-limit-rules: Account,Ip
08:23:23.394  RAW   x-rate-limit-account: 6:4:10
08:23:23.394  RAW   x-rate-limit-account-state: 1:4:0
08:23:23.394  RAW   x-rate-limit-ip: 12:4:60,16:12:60
08:23:23.394  RAW   x-rate-limit-ip-state: 1:4:0,2:12:0
08:23:23.394  RAW   cf-cache-status: DYNAMIC
08:23:23.394  RAW   cf-ray: a1f898991f8b5411-WAW
08:23:23.394  RESP  GET /api/trade/fetch/756a43bfbbfac3baccb253489fa0d424c5057ad29635b8b8daa32f1e4b646a22%2C7c4c23adaa48a6eb732c816275c0b179f840bc9747130228e7470a54e6f3fb50%2C3d819699501335dbd26f71e4d7dd6991a24e7124bed594ef5dec07d9f5301190%2Ca19c06473324b212f243e698bf3a32c5aa010c8c78766f262f650b3ac5cd7d9a%2C340cd8e561196d2e5e3bddc72c0ac71bc3bf3fddac30ca9592fe5da3fa87a949 → 200  9.609s  delay=1.516 min_gap=0.000 last=1784787803.395
08:23:23.420  PRE   POST /api/trade/search/Standard  delay=1.516 min_gap=0.000 last=1784787803.395
08:23:23.420  ENF   delay=1.516 min_gap=0.000 jitter=2.920 gap=4.436 since_last=0.026 sleep=4.410
08:23:28.183  PARSE Account 3:5:60 → 2.500s/req pen=60s (used=2); Ip 8:10:60 → 1.094s/req pen=60s (used=2); Ip 15:60:120 → 5.200s/req pen=120s (used=8); Ip 60:300:1800 → 6.375s/req pen=1800s (used=31)  delay 1.516→7.375  min_gap→0  max_usage=53%
08:23:28.183  RAW   content-type: application/json
08:23:28.183  RAW   x-rate-limit-policy: trade-search-request-limit
08:23:28.183  RAW   x-rate-limit-rules: Account,Ip
08:23:28.183  RAW   x-rate-limit-account: 3:5:60
08:23:28.183  RAW   x-rate-limit-account-state: 2:5:0
08:23:28.183  RAW   x-rate-limit-ip: 8:10:60,15:60:120,60:300:1800
08:23:28.183  RAW   x-rate-limit-ip-state: 2:10:0,8:60:0,31:300:0
08:23:28.183  RAW   cf-cache-status: DYNAMIC
08:23:28.183  RAW   cf-ray: a1f898b6fc865411-WAW
08:23:28.183  RESP  POST /api/trade/search/Standard → 200  4.763s  delay=7.375 min_gap=0.000 last=1784787808.184
08:23:28.184  PRE   GET /api/trade/fetch/88332afbc02f1b1671c7a6d9dc57bb87684ed632e4b134a5df80c52c2499e45c%2Cc9c27fdace4ccb147a53add018ed680bf88f5e00a7a0b98564d51b1dce4dd574%2C2f5527c26570cd603ae87d6785c1fdd7e9f85068d9e6c37f81c6b283f6606c63%2C1f6a2681054849ea2bf4aac0924896adb6b67164bfab1b8ce7232de1ad03c1e6%2Cbbbccf52a991e13877c56263ea389d36d0f1c4ac9b4b45b0cada3346c7ec5457  delay=7.375 min_gap=0.000 last=1784787808.184
08:23:28.184  ENF   delay=7.375 min_gap=0.000 jitter=2.651 gap=10.026 since_last=0.000 sleep=10.026
08:23:38.669  PARSE Account 6:4:10 → 0.667s/req pen=10s (used=2); Ip 12:4:60 → 0.250s/req pen=60s (used=2); Ip 16:12:60 → 0.516s/req pen=60s (used=2)  delay 7.375→1.667  min_gap→0  max_usage=0%
08:23:38.669  RAW   content-type: application/json
08:23:38.669  RAW   x-rate-limit-policy: trade-fetch-request-limit
08:23:38.669  RAW   x-rate-limit-rules: Account,Ip
08:23:38.669  RAW   x-rate-limit-account: 6:4:10
08:23:38.669  RAW   x-rate-limit-account-state: 2:4:0
08:23:38.669  RAW   x-rate-limit-ip: 12:4:60,16:12:60
08:23:38.669  RAW   x-rate-limit-ip-state: 2:4:0,2:12:0
08:23:38.669  RAW   cf-cache-status: DYNAMIC
08:23:38.669  RAW   cf-ray: a1f898f7d8d45411-WAW
08:23:38.669  RESP  GET /api/trade/fetch/88332afbc02f1b1671c7a6d9dc57bb87684ed632e4b134a5df80c52c2499e45c%2Cc9c27fdace4ccb147a53add018ed680bf88f5e00a7a0b98564d51b1dce4dd574%2C2f5527c26570cd603ae87d6785c1fdd7e9f85068d9e6c37f81c6b283f6606c63%2C1f6a2681054849ea2bf4aac0924896adb6b67164bfab1b8ce7232de1ad03c1e6%2Cbbbccf52a991e13877c56263ea389d36d0f1c4ac9b4b45b0cada3346c7ec5457 → 200  10.485s  delay=1.667 min_gap=0.000 last=1784787818.670
08:23:38.669  PRE   POST /api/trade/search/Standard  delay=1.667 min_gap=0.000 last=1784787818.670
08:23:38.669  ENF   delay=1.667 min_gap=0.000 jitter=3.651 gap=5.318 since_last=0.000 sleep=5.318
08:23:44.499  PARSE Account 3:5:60 → 2.500s/req pen=60s (used=2); Ip 8:10:60 → 1.094s/req pen=60s (used=2); Ip 15:60:120 → 5.200s/req pen=120s (used=8); Ip 60:300:1800 → 6.625s/req pen=1800s (used=33)  delay 1.667→7.625  min_gap→0  max_usage=55%
08:23:44.499  RAW   content-type: application/json
08:23:44.499  RAW   x-rate-limit-policy: trade-search-request-limit
08:23:44.499  RAW   x-rate-limit-rules: Account,Ip
08:23:44.499  RAW   x-rate-limit-account: 3:5:60
08:23:44.499  RAW   x-rate-limit-account-state: 2:5:0
08:23:44.499  RAW   x-rate-limit-ip: 8:10:60,15:60:120,60:300:1800
08:23:44.499  RAW   x-rate-limit-ip-state: 2:10:0,8:60:0,33:300:0
08:23:44.499  RAW   cf-cache-status: DYNAMIC
08:23:44.499  RAW   cf-ray: a1f8991bfc495411-WAW
08:23:44.499  RESP  POST /api/trade/search/Standard → 200  5.830s  delay=7.625 min_gap=0.000 last=1784787824.500
08:23:44.499  PRE   GET /api/trade/fetch/1284040aa7c453d734e2952550685941f0d24cada65f8d8b5aaf9d6c63821bc4%2Cd3f3c41009e45ca2b3d3dbf54fac389a01fd78ec753c45125ca4697b75ae03c8%2C932cf507e4da5f031d80ce77a96fb7cbe64a285ef7f07ff0fb52ae778f3525a3%2Cc727382b38f6d9b53a0722de082a96777b51839f9f03acbb94e191a03a074363%2Cab908941bd64a02ae850a56ef50ec208f8020c9ae3988d9657fd73fa8aec2e0a  delay=7.625 min_gap=0.000 last=1784787824.500
08:23:44.499  ENF   delay=7.625 min_gap=0.000 jitter=4.214 gap=11.839 since_last=0.000 sleep=11.839
08:23:56.654  PARSE Account 6:4:10 → 0.667s/req pen=10s (used=2); Ip 12:4:60 → 0.250s/req pen=60s (used=2); Ip 16:12:60 → 0.516s/req pen=60s (used=2)  delay 7.625→1.667  min_gap→0  max_usage=0%
08:23:56.654  RAW   content-type: application/json
08:23:56.654  RAW   x-rate-limit-policy: trade-fetch-request-limit
08:23:56.654  RAW   x-rate-limit-rules: Account,Ip
08:23:56.654  RAW   x-rate-limit-account: 6:4:10
08:23:56.654  RAW   x-rate-limit-account-state: 2:4:0
08:23:56.655  RAW   x-rate-limit-ip: 12:4:60,16:12:60
08:23:56.655  RAW   x-rate-limit-ip-state: 2:4:0,2:12:0
08:23:56.655  RAW   cf-cache-status: DYNAMIC
08:23:56.655  RAW   cf-ray: a1f899692cce5411-WAW
08:23:56.655  RESP  GET /api/trade/fetch/1284040aa7c453d734e2952550685941f0d24cada65f8d8b5aaf9d6c63821bc4%2Cd3f3c41009e45ca2b3d3dbf54fac389a01fd78ec753c45125ca4697b75ae03c8%2C932cf507e4da5f031d80ce77a96fb7cbe64a285ef7f07ff0fb52ae778f3525a3%2Cc727382b38f6d9b53a0722de082a96777b51839f9f03acbb94e191a03a074363%2Cab908941bd64a02ae850a56ef50ec208f8020c9ae3988d9657fd73fa8aec2e0a → 200  12.155s  delay=1.667 min_gap=0.000 last=1784787836.655
08:23:56.655  PRE   POST /api/trade/search/Standard  delay=1.667 min_gap=0.000 last=1784787836.655
08:23:56.655  ENF   delay=1.667 min_gap=0.000 jitter=3.328 gap=4.995 since_last=0.000 sleep=4.994
08:24:01.971  PARSE Account 3:5:60 → 2.500s/req pen=60s (used=2); Ip 8:10:60 → 1.094s/req pen=60s (used=2); Ip 15:60:120 → 4.400s/req pen=120s (used=6); Ip 60:300:1800 → 6.000s/req pen=1800s (used=28)  delay 1.667→7.000  min_gap→0  max_usage=47%
08:24:01.971  RAW   content-type: application/json
08:24:01.971  RAW   x-rate-limit-policy: trade-search-request-limit
08:24:01.971  RAW   x-rate-limit-rules: Account,Ip
08:24:01.971  RAW   x-rate-limit-account: 3:5:60
08:24:01.971  RAW   x-rate-limit-account-state: 2:5:0
08:24:01.971  RAW   x-rate-limit-ip: 8:10:60,15:60:120,60:300:1800
08:24:01.971  RAW   x-rate-limit-ip-state: 2:10:0,6:60:0,28:300:0
08:24:01.971  RAW   cf-cache-status: DYNAMIC
08:24:01.971  RAW   cf-ray: a1f8998a5b825411-WAW
08:24:01.971  RESP  POST /api/trade/search/Standard → 200  5.316s  delay=7.000 min_gap=0.000 last=1784787841.971
08:24:01.971  PRE   GET /api/trade/fetch/bbbccf52a991e13877c56263ea389d36d0f1c4ac9b4b45b0cada3346c7ec5457%2C94ea810e1fbcfcd75835f9eb65009e65f1c3b7935951c2cdbb9a062a741939ad%2Cedad0a86d817628dc0284024ab1a61ae38e7e6dd7832737b528bfda06fac22f6%2C926a00afcf2ddb9eb78a6ef74c8043d32c85600f3dae6ad7210211661da61141%2C246f82dc9d4618642b4f2315385d8f4f8daddd5e4cf089350ebf49ee91f10303  delay=7.000 min_gap=0.000 last=1784787841.971
08:24:01.971  ENF   delay=7.000 min_gap=0.000 jitter=2.421 gap=9.421 since_last=0.000 sleep=9.421
08:24:11.743  PARSE Account 6:4:10 → 0.500s/req pen=10s (used=1); Ip 12:4:60 → 0.208s/req pen=60s (used=1); Ip 16:12:60 → 0.445s/req pen=60s (used=1)  delay 7.000→1.500  min_gap→0  max_usage=0%
08:24:11.743  RAW   content-type: application/json
08:24:11.743  RAW   x-rate-limit-policy: trade-fetch-request-limit
08:24:11.743  RAW   x-rate-limit-rules: Account,Ip
08:24:11.743  RAW   x-rate-limit-account: 6:4:10
08:24:11.743  RAW   x-rate-limit-account-state: 1:4:0
08:24:11.743  RAW   x-rate-limit-ip: 12:4:60,16:12:60
08:24:11.743  RAW   x-rate-limit-ip-state: 1:4:0,1:12:0
08:24:11.743  RAW   cf-cache-status: DYNAMIC
08:24:11.743  RAW   cf-ray: a1f899c738885411-WAW
08:24:11.743  RESP  GET /api/trade/fetch/bbbccf52a991e13877c56263ea389d36d0f1c4ac9b4b45b0cada3346c7ec5457%2C94ea810e1fbcfcd75835f9eb65009e65f1c3b7935951c2cdbb9a062a741939ad%2Cedad0a86d817628dc0284024ab1a61ae38e7e6dd7832737b528bfda06fac22f6%2C926a00afcf2ddb9eb78a6ef74c8043d32c85600f3dae6ad7210211661da61141%2C246f82dc9d4618642b4f2315385d8f4f8daddd5e4cf089350ebf49ee91f10303 → 200  9.772s  delay=1.500 min_gap=0.000 last=1784787851.743
08:24:11.763  PRE   POST /api/trade/search/Standard  delay=1.500 min_gap=0.000 last=1784787851.743
08:24:11.764  ENF   delay=1.500 min_gap=0.000 jitter=4.878 gap=6.378 since_last=0.021 sleep=6.357
08:24:18.550  PARSE Account 3:5:60 → 2.500s/req pen=60s (used=2); Ip 8:10:60 → 1.094s/req pen=60s (used=2); Ip 15:60:120 → 4.400s/req pen=120s (used=6); Ip 60:300:1800 → 6.250s/req pen=1800s (used=30)  delay 1.500→7.250  min_gap→0  max_usage=50%
08:24:18.550  RAW   content-type: application/json
08:24:18.550  RAW   x-rate-limit-policy: trade-search-request-limit
08:24:18.550  RAW   x-rate-limit-rules: Account,Ip
08:24:18.550  RAW   x-rate-limit-account: 3:5:60
08:24:18.550  RAW   x-rate-limit-account-state: 2:5:0
08:24:18.550  RAW   x-rate-limit-ip: 8:10:60,15:60:120,60:300:1800
08:24:18.550  RAW   x-rate-limit-ip-state: 2:10:0,6:60:0,30:300:0
08:24:18.550  RAW   cf-cache-status: DYNAMIC
08:24:18.550  RAW   cf-ray: a1f899f148875411-WAW
08:24:18.550  RESP  POST /api/trade/search/Standard → 200  6.787s  delay=7.250 min_gap=0.000 last=1784787858.551
08:24:18.550  PRE   GET /api/trade/fetch/c1c4550f7917ab34e532409c1e6ecf5ddce3e8fd1b2254fd6420f5a9de8f10fe%2Cd697a175fd87bb04f9a9740847431b2a7f1a207db29e4aa221ed6c57f80d58f7%2C9a846f50520beeb871c5ff4c0e2dc546099f54eda78a8b243f550beb2e0c2405%2C6109bb6c6ced1b0e45ecc66f84c8d008d2cde7ba83d80d3e5fc3c6ca6a7638f7%2C891a5992023fe007209f0ca64fd5289283a1ffe5c089e4a2cfad95bc3ca339ba  delay=7.250 min_gap=0.000 last=1784787858.551
08:24:18.550  ENF   delay=7.250 min_gap=0.000 jitter=3.696 gap=10.946 since_last=0.000 sleep=10.946
08:24:29.760  PARSE Account 6:4:10 → 0.667s/req pen=10s (used=2); Ip 12:4:60 → 0.250s/req pen=60s (used=2); Ip 16:12:60 → 0.516s/req pen=60s (used=2)  delay 7.250→1.667  min_gap→0  max_usage=0%
08:24:29.760  RAW   content-type: application/json
08:24:29.760  RAW   x-rate-limit-policy: trade-fetch-request-limit
08:24:29.760  RAW   x-rate-limit-rules: Account,Ip
08:24:29.760  RAW   x-rate-limit-account: 6:4:10
08:24:29.760  RAW   x-rate-limit-account-state: 2:4:0
08:24:29.760  RAW   x-rate-limit-ip: 12:4:60,16:12:60
08:24:29.760  RAW   x-rate-limit-ip-state: 2:4:0,2:12:0
08:24:29.760  RAW   cf-cache-status: DYNAMIC
08:24:29.760  RAW   cf-ray: a1f89a386f175411-WAW
08:24:29.760  RESP  GET /api/trade/fetch/c1c4550f7917ab34e532409c1e6ecf5ddce3e8fd1b2254fd6420f5a9de8f10fe%2Cd697a175fd87bb04f9a9740847431b2a7f1a207db29e4aa221ed6c57f80d58f7%2C9a846f50520beeb871c5ff4c0e2dc546099f54eda78a8b243f550beb2e0c2405%2C6109bb6c6ced1b0e45ecc66f84c8d008d2cde7ba83d80d3e5fc3c6ca6a7638f7%2C891a5992023fe007209f0ca64fd5289283a1ffe5c089e4a2cfad95bc3ca339ba → 200  11.210s  delay=1.667 min_gap=0.000 last=1784787869.761
08:24:29.760  PRE   POST /api/trade/search/Standard  delay=1.667 min_gap=0.000 last=1784787869.761
08:24:29.760  ENF   delay=1.667 min_gap=0.000 jitter=2.196 gap=3.862 since_last=0.000 sleep=3.862
08:24:34.055  PARSE Account 3:5:60 → 1.667s/req pen=60s (used=1); Ip 8:10:60 → 0.859s/req pen=60s (used=1); Ip 15:60:120 → 4.000s/req pen=120s (used=5); Ip 60:300:1800 → 6.375s/req pen=1800s (used=31)  delay 1.667→7.375  min_gap→0  max_usage=52%
08:24:34.055  RAW   content-type: application/json
08:24:34.055  RAW   x-rate-limit-policy: trade-search-request-limit
08:24:34.055  RAW   x-rate-limit-rules: Account,Ip
08:24:34.055  RAW   x-rate-limit-account: 3:5:60
08:24:34.055  RAW   x-rate-limit-account-state: 1:5:0
08:24:34.055  RAW   x-rate-limit-ip: 8:10:60,15:60:120,60:300:1800
08:24:34.055  RAW   x-rate-limit-ip-state: 1:10:0,5:60:0,31:300:0
08:24:34.055  RAW   cf-cache-status: DYNAMIC
08:24:34.055  RAW   cf-ray: a1f89a522a0a5411-WAW
08:24:34.055  RESP  POST /api/trade/search/Standard → 200  4.295s  delay=7.375 min_gap=0.000 last=1784787874.056
08:24:34.055  PRE   GET /api/trade/fetch/1284040aa7c453d734e2952550685941f0d24cada65f8d8b5aaf9d6c63821bc4%2Cd3f3c41009e45ca2b3d3dbf54fac389a01fd78ec753c45125ca4697b75ae03c8%2C932cf507e4da5f031d80ce77a96fb7cbe64a285ef7f07ff0fb52ae778f3525a3%2C519cc297a74a0c7dbc4348c04ba02564989fdf1341564b6af7106febb550ac66%2Cab908941bd64a02ae850a56ef50ec208f8020c9ae3988d9657fd73fa8aec2e0a  delay=7.375 min_gap=0.000 last=1784787874.056
08:24:34.055  ENF   delay=7.375 min_gap=0.000 jitter=2.124 gap=9.499 since_last=0.000 sleep=9.499
08:24:43.974  PARSE Account 6:4:10 → 0.500s/req pen=10s (used=1); Ip 12:4:60 → 0.208s/req pen=60s (used=1); Ip 16:12:60 → 0.445s/req pen=60s (used=1)  delay 7.375→1.500  min_gap→0  max_usage=0%
08:24:43.974  RAW   content-type: application/json
08:24:43.974  RAW   x-rate-limit-policy: trade-fetch-request-limit
08:24:43.974  RAW   x-rate-limit-rules: Account,Ip
08:24:43.974  RAW   x-rate-limit-account: 6:4:10
08:24:43.974  RAW   x-rate-limit-account-state: 1:4:0
08:24:43.974  RAW   x-rate-limit-ip: 12:4:60,16:12:60
08:24:43.974  RAW   x-rate-limit-ip-state: 1:4:0,1:12:0
08:24:43.974  RAW   cf-cache-status: DYNAMIC
08:24:43.974  RAW   cf-ray: a1f89a903a235411-WAW
08:24:43.974  RESP  GET /api/trade/fetch/1284040aa7c453d734e2952550685941f0d24cada65f8d8b5aaf9d6c63821bc4%2Cd3f3c41009e45ca2b3d3dbf54fac389a01fd78ec753c45125ca4697b75ae03c8%2C932cf507e4da5f031d80ce77a96fb7cbe64a285ef7f07ff0fb52ae778f3525a3%2C519cc297a74a0c7dbc4348c04ba02564989fdf1341564b6af7106febb550ac66%2Cab908941bd64a02ae850a56ef50ec208f8020c9ae3988d9657fd73fa8aec2e0a → 200  9.918s  delay=1.500 min_gap=0.000 last=1784787883.975
08:24:43.974  PRE   POST /api/trade/search/Standard  delay=1.500 min_gap=0.000 last=1784787883.975
08:24:43.974  ENF   delay=1.500 min_gap=0.000 jitter=3.240 gap=4.740 since_last=0.000 sleep=4.740
08:24:49.281  PARSE Account 3:5:60 → 1.667s/req pen=60s (used=1); Ip 8:10:60 → 0.859s/req pen=60s (used=1); Ip 15:60:120 → 4.400s/req pen=120s (used=6); Ip 60:300:1800 → 6.625s/req pen=1800s (used=33)  delay 1.500→7.625  min_gap→0  max_usage=55%
08:24:49.281  RAW   content-type: application/json
08:24:49.281  RAW   x-rate-limit-policy: trade-search-request-limit
08:24:49.281  RAW   x-rate-limit-rules: Account,Ip
08:24:49.281  RAW   x-rate-limit-account: 3:5:60
08:24:49.281  RAW   x-rate-limit-account-state: 1:5:0
08:24:49.281  RAW   x-rate-limit-ip: 8:10:60,15:60:120,60:300:1800
08:24:49.281  RAW   x-rate-limit-ip-state: 1:10:0,6:60:0,33:300:0
08:24:49.281  RAW   cf-cache-status: DYNAMIC
08:24:49.281  RAW   cf-ray: a1f89ab07ff95411-WAW
08:24:49.281  RESP  POST /api/trade/search/Standard → 200  5.307s  delay=7.625 min_gap=0.000 last=1784787889.282
08:24:49.281  PRE   GET /api/trade/fetch/f1545062e35a7456a1a8ef4ebb3ba01bf7b9def3d6c85b52f9c9550d7dddd0f6%2C246f82dc9d4618642b4f2315385d8f4f8daddd5e4cf089350ebf49ee91f10303%2Caf2a34fa76187ac163cfeacad5a4b274327ba6027c637161248842f162e94ec9%2C0e76374648a57adb1b80939cb7620cd903226000883d98f5dbf3398a40d82021%2C1ab788dda5a3ab13840e74622299a91bdb28e5a1429240c825f2ea752eeadf64  delay=7.625 min_gap=0.000 last=1784787889.282
08:24:49.281  ENF   delay=7.625 min_gap=0.000 jitter=4.426 gap=12.051 since_last=0.000 sleep=12.051
08:25:02.029  PARSE Account 6:4:10 → 0.500s/req pen=10s (used=1); Ip 12:4:60 → 0.208s/req pen=60s (used=1); Ip 16:12:60 → 0.445s/req pen=60s (used=1)  delay 7.625→1.500  min_gap→0  max_usage=0%
08:25:02.029  RAW   content-type: application/json
08:25:02.029  RAW   x-rate-limit-policy: trade-fetch-request-limit
08:25:02.029  RAW   x-rate-limit-rules: Account,Ip
08:25:02.029  RAW   x-rate-limit-account: 6:4:10
08:25:02.029  RAW   x-rate-limit-account-state: 1:4:0
08:25:02.029  RAW   x-rate-limit-ip: 12:4:60,16:12:60
08:25:02.029  RAW   x-rate-limit-ip-state: 1:4:0,1:12:0
08:25:02.029  RAW   cf-cache-status: DYNAMIC
08:25:02.029  RAW   cf-ray: a1f89aff5f425411-WAW
08:25:02.029  RESP  GET /api/trade/fetch/f1545062e35a7456a1a8ef4ebb3ba01bf7b9def3d6c85b52f9c9550d7dddd0f6%2C246f82dc9d4618642b4f2315385d8f4f8daddd5e4cf089350ebf49ee91f10303%2Caf2a34fa76187ac163cfeacad5a4b274327ba6027c637161248842f162e94ec9%2C0e76374648a57adb1b80939cb7620cd903226000883d98f5dbf3398a40d82021%2C1ab788dda5a3ab13840e74622299a91bdb28e5a1429240c825f2ea752eeadf64 → 200  12.748s  delay=1.500 min_gap=0.000 last=1784787902.030
08:25:02.055  PRE   POST /api/trade/search/Standard  delay=1.500 min_gap=0.000 last=1784787902.030
08:25:02.055  ENF   delay=1.500 min_gap=0.000 jitter=3.958 gap=5.458 since_last=0.026 sleep=5.432
08:25:08.037  PARSE Account 3:5:60 → 1.667s/req pen=60s (used=1); Ip 8:10:60 → 0.859s/req pen=60s (used=1); Ip 15:60:120 → 4.800s/req pen=120s (used=7); Ip 60:300:1800 → 6.125s/req pen=1800s (used=29)  delay 1.500→7.125  min_gap→0  max_usage=48%
08:25:08.037  RAW   content-type: application/json
08:25:08.038  RAW   x-rate-limit-policy: trade-search-request-limit
08:25:08.038  RAW   x-rate-limit-rules: Account,Ip
08:25:08.038  RAW   x-rate-limit-account: 3:5:60
08:25:08.038  RAW   x-rate-limit-account-state: 1:5:0
08:25:08.038  RAW   x-rate-limit-ip: 8:10:60,15:60:120,60:300:1800
08:25:08.038  RAW   x-rate-limit-ip-state: 1:10:0,7:60:0,29:300:0
08:25:08.038  RAW   cf-cache-status: DYNAMIC
08:25:08.038  RAW   cf-ray: a1f89b25dd0b5411-WAW
08:25:08.038  RESP  POST /api/trade/search/Standard → 200  5.982s  delay=7.125 min_gap=0.000 last=1784787908.038
08:25:08.038  PRE   GET /api/trade/fetch/4fa5fe884d8484a50abb13ead9ff525dcb087c5f9547b9084f70bee5da747e97%2Cbb07ab81f4208d74435cad7ab7f9be366c33812cd8a7fbd0ceafc814908a42f5%2C9528bf9b70b22e4ee48d5097c140d605f68208ff8ccd5a39d0bc11336d4b664f%2C82b0d4664c9e04cddfbe5fc4f97089054aa75f069f3bddeee661ed0ecda3161b%2Cb6b2e33d4a5c9297a6599f18edf8bc10d07fec6b1160987f0f9f9d1c56b117e2  delay=7.125 min_gap=0.000 last=1784787908.038
08:25:08.038  ENF   delay=7.125 min_gap=0.000 jitter=4.409 gap=11.534 since_last=0.000 sleep=11.534
08:25:19.927  PARSE Account 6:4:10 → 0.500s/req pen=10s (used=1); Ip 12:4:60 → 0.208s/req pen=60s (used=1); Ip 16:12:60 → 0.445s/req pen=60s (used=1)  delay 7.125→1.500  min_gap→0  max_usage=0%
08:25:19.927  RAW   content-type: application/json
08:25:19.927  RAW   x-rate-limit-policy: trade-fetch-request-limit
08:25:19.927  RAW   x-rate-limit-rules: Account,Ip
08:25:19.927  RAW   x-rate-limit-account: 6:4:10
08:25:19.927  RAW   x-rate-limit-account-state: 1:4:0
08:25:19.927  RAW   x-rate-limit-ip: 12:4:60,16:12:60
08:25:19.927  RAW   x-rate-limit-ip-state: 1:4:0,1:12:0
08:25:19.927  RAW   cf-cache-status: DYNAMIC
08:25:19.927  RAW   cf-ray: a1f89b715e3e5411-WAW
08:25:19.927  RESP  GET /api/trade/fetch/4fa5fe884d8484a50abb13ead9ff525dcb087c5f9547b9084f70bee5da747e97%2Cbb07ab81f4208d74435cad7ab7f9be366c33812cd8a7fbd0ceafc814908a42f5%2C9528bf9b70b22e4ee48d5097c140d605f68208ff8ccd5a39d0bc11336d4b664f%2C82b0d4664c9e04cddfbe5fc4f97089054aa75f069f3bddeee661ed0ecda3161b%2Cb6b2e33d4a5c9297a6599f18edf8bc10d07fec6b1160987f0f9f9d1c56b117e2 → 200  11.889s  delay=1.500 min_gap=0.000 last=1784787919.927
08:25:19.927  PRE   POST /api/trade/search/Standard  delay=1.500 min_gap=0.000 last=1784787919.927
08:25:19.927  ENF   delay=1.500 min_gap=0.000 jitter=4.849 gap=6.349 since_last=0.000 sleep=6.349
08:25:26.791  PARSE Account 3:5:60 → 2.500s/req pen=60s (used=2); Ip 8:10:60 → 1.094s/req pen=60s (used=2); Ip 15:60:120 → 5.200s/req pen=120s (used=8); Ip 60:300:1800 → 6.500s/req pen=1800s (used=32)  delay 1.500→7.500  min_gap→0  max_usage=53%
08:25:26.791  RAW   content-type: application/json
08:25:26.791  RAW   x-rate-limit-policy: trade-search-request-limit
08:25:26.791  RAW   x-rate-limit-rules: Account,Ip
08:25:26.791  RAW   x-rate-limit-account: 3:5:60
08:25:26.791  RAW   x-rate-limit-account-state: 2:5:0
08:25:26.791  RAW   x-rate-limit-ip: 8:10:60,15:60:120,60:300:1800
08:25:26.791  RAW   x-rate-limit-ip-state: 2:10:0,8:60:0,32:300:0
08:25:26.791  RAW   cf-cache-status: DYNAMIC
08:25:26.791  RAW   cf-ray: a1f89b9b4be95411-WAW
08:25:26.791  RESP  POST /api/trade/search/Standard → 200  6.864s  delay=7.500 min_gap=0.000 last=1784787926.791
08:25:26.791  PRE   GET /api/trade/fetch/1284040aa7c453d734e2952550685941f0d24cada65f8d8b5aaf9d6c63821bc4%2Cd3f3c41009e45ca2b3d3dbf54fac389a01fd78ec753c45125ca4697b75ae03c8%2C932cf507e4da5f031d80ce77a96fb7cbe64a285ef7f07ff0fb52ae778f3525a3%2C25094c569c19611de7f93b60dcbdc78a1358dc5d64aee7f7ef7e05c9f0f8df17%2Cab908941bd64a02ae850a56ef50ec208f8020c9ae3988d9657fd73fa8aec2e0a  delay=7.500 min_gap=0.000 last=1784787926.791
08:25:26.791  ENF   delay=7.500 min_gap=0.000 jitter=4.594 gap=12.094 since_last=0.000 sleep=12.094
08:25:39.354  PARSE Account 6:4:10 → 0.667s/req pen=10s (used=2); Ip 12:4:60 → 0.250s/req pen=60s (used=2); Ip 16:12:60 → 0.516s/req pen=60s (used=2)  delay 7.500→1.667  min_gap→0  max_usage=0%
08:25:39.354  RAW   content-type: application/json
08:25:39.354  RAW   x-rate-limit-policy: trade-fetch-request-limit
08:25:39.354  RAW   x-rate-limit-rules: Account,Ip
08:25:39.354  RAW   x-rate-limit-account: 6:4:10
08:25:39.354  RAW   x-rate-limit-account-state: 2:4:0
08:25:39.354  RAW   x-rate-limit-ip: 12:4:60,16:12:60
08:25:39.354  RAW   x-rate-limit-ip-state: 2:4:0,2:12:0
08:25:39.354  RAW   cf-cache-status: DYNAMIC
08:25:39.354  RAW   cf-ray: a1f89bea0e985411-WAW
08:25:39.354  RESP  GET /api/trade/fetch/1284040aa7c453d734e2952550685941f0d24cada65f8d8b5aaf9d6c63821bc4%2Cd3f3c41009e45ca2b3d3dbf54fac389a01fd78ec753c45125ca4697b75ae03c8%2C932cf507e4da5f031d80ce77a96fb7cbe64a285ef7f07ff0fb52ae778f3525a3%2C25094c569c19611de7f93b60dcbdc78a1358dc5d64aee7f7ef7e05c9f0f8df17%2Cab908941bd64a02ae850a56ef50ec208f8020c9ae3988d9657fd73fa8aec2e0a → 200  12.563s  delay=1.667 min_gap=0.000 last=1784787939.354
08:25:39.354  PRE   POST /api/trade/search/Standard  delay=1.667 min_gap=0.000 last=1784787939.354
08:25:39.354  ENF   delay=1.667 min_gap=0.000 jitter=3.920 gap=5.587 since_last=0.000 sleep=5.587
08:25:45.526  PARSE Account 3:5:60 → 2.500s/req pen=60s (used=2); Ip 8:10:60 → 1.094s/req pen=60s (used=2); Ip 15:60:120 → 4.400s/req pen=120s (used=6); Ip 60:300:1800 → 6.750s/req pen=1800s (used=34)  delay 1.667→7.750  min_gap→0  max_usage=57%
08:25:45.526  RAW   content-type: application/json
08:25:45.526  RAW   x-rate-limit-policy: trade-search-request-limit
08:25:45.526  RAW   x-rate-limit-rules: Account,Ip
08:25:45.526  RAW   x-rate-limit-account: 3:5:60
08:25:45.526  RAW   x-rate-limit-account-state: 2:5:0
08:25:45.526  RAW   x-rate-limit-ip: 8:10:60,15:60:120,60:300:1800
08:25:45.526  RAW   x-rate-limit-ip-state: 2:10:0,6:60:0,34:300:0
08:25:45.526  RAW   cf-cache-status: DYNAMIC
08:25:45.526  RAW   cf-ray: a1f89c0fed775411-WAW
08:25:45.526  RESP  POST /api/trade/search/Standard → 200  6.172s  delay=7.750 min_gap=0.000 last=1784787945.526
08:25:45.526  PRE   GET /api/trade/fetch/1ab788dda5a3ab13840e74622299a91bdb28e5a1429240c825f2ea752eeadf64%2C91cb46d2f40b3d239d36a896a6b065aa313a68ad0bff4f564ca9f5c9780be47d%2C0e76374648a57adb1b80939cb7620cd903226000883d98f5dbf3398a40d82021%2C983b2c4cf8c68116f6e0fc8972ff0769df8c639e13fcc61bceace3f64f1b6d60%2Ca81a1258cd50774c4beebee4b14340666a774ad6c5fbd0bf402ebbc205316d86  delay=7.750 min_gap=0.000 last=1784787945.526
08:25:45.526  ENF   delay=7.750 min_gap=0.000 jitter=4.443 gap=12.193 since_last=0.000 sleep=12.193
08:25:58.073  PARSE Account 6:4:10 → 0.667s/req pen=10s (used=2); Ip 12:4:60 → 0.250s/req pen=60s (used=2); Ip 16:12:60 → 0.516s/req pen=60s (used=2)  delay 7.750→1.667  min_gap→0  max_usage=0%
08:25:58.073  RAW   content-type: application/json
08:25:58.073  RAW   x-rate-limit-policy: trade-fetch-request-limit
08:25:58.073  RAW   x-rate-limit-rules: Account,Ip
08:25:58.073  RAW   x-rate-limit-account: 6:4:10
08:25:58.073  RAW   x-rate-limit-account-state: 2:4:0
08:25:58.073  RAW   x-rate-limit-ip: 12:4:60,16:12:60
08:25:58.073  RAW   x-rate-limit-ip-state: 2:4:0,2:12:0
08:25:58.073  RAW   cf-cache-status: DYNAMIC
08:25:58.073  RAW   cf-ray: a1f89c5fcdc75411-WAW
08:25:58.073  RESP  GET /api/trade/fetch/1ab788dda5a3ab13840e74622299a91bdb28e5a1429240c825f2ea752eeadf64%2C91cb46d2f40b3d239d36a896a6b065aa313a68ad0bff4f564ca9f5c9780be47d%2C0e76374648a57adb1b80939cb7620cd903226000883d98f5dbf3398a40d82021%2C983b2c4cf8c68116f6e0fc8972ff0769df8c639e13fcc61bceace3f64f1b6d60%2Ca81a1258cd50774c4beebee4b14340666a774ad6c5fbd0bf402ebbc205316d86 → 200  12.547s  delay=1.667 min_gap=0.000 last=1784787958.073
08:25:58.094  PRE   POST /api/trade/search/Standard  delay=1.667 min_gap=0.000 last=1784787958.073
08:25:58.094  ENF   delay=1.667 min_gap=0.000 jitter=4.284 gap=5.950 since_last=0.021 sleep=5.929
08:26:04.423  PARSE Account 3:5:60 → 2.500s/req pen=60s (used=2); Ip 8:10:60 → 1.094s/req pen=60s (used=2); Ip 15:60:120 → 4.400s/req pen=120s (used=6); Ip 60:300:1800 → 6.125s/req pen=1800s (used=29)  delay 1.667→7.125  min_gap→0  max_usage=48%
08:26:04.423  RAW   content-type: application/json
08:26:04.423  RAW   x-rate-limit-policy: trade-search-request-limit
08:26:04.423  RAW   x-rate-limit-rules: Account,Ip
08:26:04.423  RAW   x-rate-limit-account: 3:5:60
08:26:04.423  RAW   x-rate-limit-account-state: 2:5:0
08:26:04.423  RAW   x-rate-limit-ip: 8:10:60,15:60:120,60:300:1800
08:26:04.423  RAW   x-rate-limit-ip-state: 2:10:0,6:60:0,29:300:0
08:26:04.423  RAW   cf-cache-status: DYNAMIC
08:26:04.423  RAW   cf-ray: a1f89c872e5e5411-WAW
08:26:04.423  RESP  POST /api/trade/search/Standard → 200  6.328s  delay=7.125 min_gap=0.000 last=1784787964.424
08:26:04.423  PRE   GET /api/trade/fetch/6833a3eac745f51cfedb36aee94ff3ffd0aac13b5bb86220c40fab1e26e94856%2C6ef183203ebc4ba455132e333b40f7ccf5aa6e2435e8c4141385eabf27a8dd7c%2Cf9ad9772b10aece7001cd4abb138702c8dec46b92fe00bcddc790efe77bc38fc%2Cb2b00b81ba32684cc0d540da861a259f9e996dc7cc6c101999d7b26082944dc0%2C87339a4ca0990d51aa44e3d6daf103f92aced152930fa519859885258c299cc7  delay=7.125 min_gap=0.000 last=1784787964.424
08:26:04.423  ENF   delay=7.125 min_gap=0.000 jitter=2.850 gap=9.975 since_last=0.000 sleep=9.975
08:26:14.865  PARSE Account 6:4:10 → 0.667s/req pen=10s (used=2); Ip 12:4:60 → 0.250s/req pen=60s (used=2); Ip 16:12:60 → 0.516s/req pen=60s (used=2)  delay 7.125→1.667  min_gap→0  max_usage=0%
08:26:14.865  RAW   content-type: application/json
08:26:14.865  RAW   x-rate-limit-policy: trade-fetch-request-limit
08:26:14.865  RAW   x-rate-limit-rules: Account,Ip
08:26:14.865  RAW   x-rate-limit-account: 6:4:10
08:26:14.865  RAW   x-rate-limit-account-state: 2:4:0
08:26:14.865  RAW   x-rate-limit-ip: 12:4:60,16:12:60
08:26:14.865  RAW   x-rate-limit-ip-state: 2:4:0,2:12:0
08:26:14.865  RAW   cf-cache-status: DYNAMIC
08:26:14.865  RAW   cf-ray: a1f89cc808795411-WAW
08:26:14.865  RESP  GET /api/trade/fetch/6833a3eac745f51cfedb36aee94ff3ffd0aac13b5bb86220c40fab1e26e94856%2C6ef183203ebc4ba455132e333b40f7ccf5aa6e2435e8c4141385eabf27a8dd7c%2Cf9ad9772b10aece7001cd4abb138702c8dec46b92fe00bcddc790efe77bc38fc%2Cb2b00b81ba32684cc0d540da861a259f9e996dc7cc6c101999d7b26082944dc0%2C87339a4ca0990d51aa44e3d6daf103f92aced152930fa519859885258c299cc7 → 200  10.441s  delay=1.667 min_gap=0.000 last=1784787974.865
08:26:14.865  PRE   POST /api/trade/search/Standard  delay=1.667 min_gap=0.000 last=1784787974.865
08:26:14.865  ENF   delay=1.667 min_gap=0.000 jitter=3.122 gap=4.789 since_last=0.000 sleep=4.788
08:26:20.331  PARSE Account 3:5:60 → 2.500s/req pen=60s (used=2); Ip 8:10:60 → 1.094s/req pen=60s (used=2); Ip 15:60:120 → 4.400s/req pen=120s (used=6); Ip 60:300:1800 → 6.375s/req pen=1800s (used=31)  delay 1.667→7.375  min_gap→0  max_usage=52%
08:26:20.331  RAW   content-type: application/json
08:26:20.331  RAW   x-rate-limit-policy: trade-search-request-limit
08:26:20.331  RAW   x-rate-limit-rules: Account,Ip
08:26:20.331  RAW   x-rate-limit-account: 3:5:60
08:26:20.331  RAW   x-rate-limit-account-state: 2:5:0
08:26:20.331  RAW   x-rate-limit-ip: 8:10:60,15:60:120,60:300:1800
08:26:20.331  RAW   x-rate-limit-ip-state: 2:10:0,6:60:0,31:300:0
08:26:20.331  RAW   cf-cache-status: DYNAMIC
08:26:20.331  RAW   cf-ray: a1f89ce8dffc5411-WAW
08:26:20.331  RESP  POST /api/trade/search/Standard → 200  5.466s  delay=7.375 min_gap=0.000 last=1784787980.332
08:26:20.331  PRE   GET /api/trade/fetch/87339a4ca0990d51aa44e3d6daf103f92aced152930fa519859885258c299cc7%2C756a43bfbbfac3baccb253489fa0d424c5057ad29635b8b8daa32f1e4b646a22%2C60c87adaecb245c61b654a4668b2f71904e3b3d8ef997fbbf45372241f3d3aae%2Cf15089384dbb0b50304a146d709946b4060b5c8e6c8c7eb51d24284c7d811672%2C3d819699501335dbd26f71e4d7dd6991a24e7124bed594ef5dec07d9f5301190  delay=7.375 min_gap=0.000 last=1784787980.332
08:26:20.331  ENF   delay=7.375 min_gap=0.000 jitter=3.557 gap=10.932 since_last=0.000 sleep=10.932
08:26:31.631  PARSE Account 6:4:10 → 0.667s/req pen=10s (used=2); Ip 12:4:60 → 0.250s/req pen=60s (used=2); Ip 16:12:60 → 0.516s/req pen=60s (used=2)  delay 7.375→1.667  min_gap→0  max_usage=0%
08:26:31.632  RAW   content-type: application/json
08:26:31.632  RAW   x-rate-limit-policy: trade-fetch-request-limit
08:26:31.632  RAW   x-rate-limit-rules: Account,Ip
08:26:31.632  RAW   x-rate-limit-account: 6:4:10
08:26:31.632  RAW   x-rate-limit-account-state: 2:4:0
08:26:31.632  RAW   x-rate-limit-ip: 12:4:60,16:12:60
08:26:31.632  RAW   x-rate-limit-ip-state: 2:4:0,2:12:0
08:26:31.632  RAW   cf-cache-status: DYNAMIC
08:26:31.632  RAW   cf-ray: a1f89d316ab15411-WAW
08:26:31.632  RESP  GET /api/trade/fetch/87339a4ca0990d51aa44e3d6daf103f92aced152930fa519859885258c299cc7%2C756a43bfbbfac3baccb253489fa0d424c5057ad29635b8b8daa32f1e4b646a22%2C60c87adaecb245c61b654a4668b2f71904e3b3d8ef997fbbf45372241f3d3aae%2Cf15089384dbb0b50304a146d709946b4060b5c8e6c8c7eb51d24284c7d811672%2C3d819699501335dbd26f71e4d7dd6991a24e7124bed594ef5dec07d9f5301190 → 200  11.300s  delay=1.667 min_gap=0.000 last=1784787991.632
08:26:31.661  PRE   POST /api/trade/search/Standard  delay=1.667 min_gap=0.000 last=1784787991.632
08:26:31.661  ENF   delay=1.667 min_gap=0.000 jitter=2.318 gap=3.985 since_last=0.030 sleep=3.955
08:26:36.060  PARSE Account 3:5:60 → 2.500s/req pen=60s (used=2); Ip 8:10:60 → 1.094s/req pen=60s (used=2); Ip 15:60:120 → 4.800s/req pen=120s (used=7); Ip 60:300:1800 → 6.625s/req pen=1800s (used=33)  delay 1.667→7.625  min_gap→0  max_usage=55%
08:26:36.060  RAW   content-type: application/json
08:26:36.060  RAW   x-rate-limit-policy: trade-search-request-limit
08:26:36.060  RAW   x-rate-limit-rules: Account,Ip
08:26:36.060  RAW   x-rate-limit-account: 3:5:60
08:26:36.060  RAW   x-rate-limit-account-state: 2:5:0
08:26:36.060  RAW   x-rate-limit-ip: 8:10:60,15:60:120,60:300:1800
08:26:36.060  RAW   x-rate-limit-ip-state: 2:10:0,7:60:0,33:300:0
08:26:36.060  RAW   cf-cache-status: DYNAMIC
08:26:36.060  RAW   cf-ray: a1f89d4ca96c5411-WAW
08:26:36.060  RESP  POST /api/trade/search/Standard → 200  4.398s  delay=7.625 min_gap=0.000 last=1784787996.060
08:26:36.060  PRE   GET /api/trade/fetch/687902972681420041bf0186061af6105a06272bf589f0de1cb97d2f36164989%2C44d9b26bc799ca4f24bd54ef4ad8a7bc738b33b5ea9d080100599b5cdb56956c%2C20b486a157b4b46b593975770d76a6636e05ce151a0618e7b048840bb88e11ae%2C8a379f8b14d9ace6ff5be4d11cf32e17c4b327fe503952cb5e6428845f21555d%2Cb1f2937caa5c77ff35dc7786372cafbf364d39121f8aa8b1c0b6ef13bdefa341  delay=7.625 min_gap=0.000 last=1784787996.060
08:26:36.060  ENF   delay=7.625 min_gap=0.000 jitter=2.347 gap=9.972 since_last=0.000 sleep=9.972
08:26:46.521  PARSE Account 6:4:10 → 0.500s/req pen=10s (used=1); Ip 12:4:60 → 0.208s/req pen=60s (used=1); Ip 16:12:60 → 0.445s/req pen=60s (used=1)  delay 7.625→1.500  min_gap→0  max_usage=0%
08:26:46.521  RAW   content-type: application/json
08:26:46.521  RAW   x-rate-limit-policy: trade-fetch-request-limit
08:26:46.521  RAW   x-rate-limit-rules: Account,Ip
08:26:46.521  RAW   x-rate-limit-account: 6:4:10
08:26:46.521  RAW   x-rate-limit-account-state: 1:4:0
08:26:46.521  RAW   x-rate-limit-ip: 12:4:60,16:12:60
08:26:46.521  RAW   x-rate-limit-ip-state: 1:4:0,1:12:0
08:26:46.521  RAW   cf-cache-status: DYNAMIC
08:26:46.521  RAW   cf-ray: a1f89d8dbe1b5411-WAW
08:26:46.521  RESP  GET /api/trade/fetch/687902972681420041bf0186061af6105a06272bf589f0de1cb97d2f36164989%2C44d9b26bc799ca4f24bd54ef4ad8a7bc738b33b5ea9d080100599b5cdb56956c%2C20b486a157b4b46b593975770d76a6636e05ce151a0618e7b048840bb88e11ae%2C8a379f8b14d9ace6ff5be4d11cf32e17c4b327fe503952cb5e6428845f21555d%2Cb1f2937caa5c77ff35dc7786372cafbf364d39121f8aa8b1c0b6ef13bdefa341 → 200  10.461s  delay=1.500 min_gap=0.000 last=1784788006.522
08:26:46.521  PRE   POST /api/trade/search/Standard  delay=1.500 min_gap=0.000 last=1784788006.522
08:26:46.521  ENF   delay=1.500 min_gap=0.000 jitter=3.256 gap=4.756 since_last=0.000 sleep=4.755
08:26:51.776  PARSE Account 3:5:60 → 2.500s/req pen=60s (used=2); Ip 8:10:60 → 1.094s/req pen=60s (used=2); Ip 15:60:120 → 5.200s/req pen=120s (used=8); Ip 60:300:1800 → 6.875s/req pen=1800s (used=35)  delay 1.500→7.875  min_gap→0  max_usage=58%
08:26:51.776  RAW   content-type: application/json
08:26:51.776  RAW   x-rate-limit-policy: trade-search-request-limit
08:26:51.776  RAW   x-rate-limit-rules: Account,Ip
08:26:51.776  RAW   x-rate-limit-account: 3:5:60
08:26:51.776  RAW   x-rate-limit-account-state: 2:5:0
08:26:51.776  RAW   x-rate-limit-ip: 8:10:60,15:60:120,60:300:1800
08:26:51.776  RAW   x-rate-limit-ip-state: 2:10:0,8:60:0,35:300:0
08:26:51.776  RAW   cf-cache-status: DYNAMIC
08:26:51.776  RAW   cf-ray: a1f89dae8d205411-WAW
08:26:51.776  RESP  POST /api/trade/search/Standard → 200  5.255s  delay=7.875 min_gap=0.000 last=1784788011.777
08:26:51.776  PRE   GET /api/trade/fetch/1284040aa7c453d734e2952550685941f0d24cada65f8d8b5aaf9d6c63821bc4%2C932cf507e4da5f031d80ce77a96fb7cbe64a285ef7f07ff0fb52ae778f3525a3%2Cd3f3c41009e45ca2b3d3dbf54fac389a01fd78ec753c45125ca4697b75ae03c8%2C25094c569c19611de7f93b60dcbdc78a1358dc5d64aee7f7ef7e05c9f0f8df17%2C519cc297a74a0c7dbc4348c04ba02564989fdf1341564b6af7106febb550ac66  delay=7.875 min_gap=0.000 last=1784788011.777
08:26:51.776  ENF   delay=7.875 min_gap=0.000 jitter=3.478 gap=11.353 since_last=0.000 sleep=11.353
08:27:03.700  PARSE Account 6:4:10 → 0.500s/req pen=10s (used=1); Ip 12:4:60 → 0.208s/req pen=60s (used=1); Ip 16:12:60 → 0.445s/req pen=60s (used=1)  delay 7.875→1.500  min_gap→0  max_usage=0%
08:27:03.701  RAW   content-type: application/json
08:27:03.701  RAW   x-rate-limit-policy: trade-fetch-request-limit
08:27:03.701  RAW   x-rate-limit-rules: Account,Ip
08:27:03.701  RAW   x-rate-limit-account: 6:4:10
08:27:03.701  RAW   x-rate-limit-account-state: 1:4:0
08:27:03.701  RAW   x-rate-limit-ip: 12:4:60,16:12:60
08:27:03.701  RAW   x-rate-limit-ip-state: 1:4:0,1:12:0
08:27:03.701  RAW   cf-cache-status: DYNAMIC
08:27:03.701  RAW   cf-ray: a1f89df898865411-WAW
08:27:03.701  RESP  GET /api/trade/fetch/1284040aa7c453d734e2952550685941f0d24cada65f8d8b5aaf9d6c63821bc4%2C932cf507e4da5f031d80ce77a96fb7cbe64a285ef7f07ff0fb52ae778f3525a3%2Cd3f3c41009e45ca2b3d3dbf54fac389a01fd78ec753c45125ca4697b75ae03c8%2C25094c569c19611de7f93b60dcbdc78a1358dc5d64aee7f7ef7e05c9f0f8df17%2C519cc297a74a0c7dbc4348c04ba02564989fdf1341564b6af7106febb550ac66 → 200  11.924s  delay=1.500 min_gap=0.000 last=1784788023.701
08:27:03.701  PRE   POST /api/trade/search/Standard  delay=1.500 min_gap=0.000 last=1784788023.701
08:27:03.701  ENF   delay=1.500 min_gap=0.000 jitter=3.000 gap=4.500 since_last=0.000 sleep=4.500
08:27:08.923  PARSE Account 3:5:60 → 1.667s/req pen=60s (used=1); Ip 8:10:60 → 0.859s/req pen=60s (used=1); Ip 15:60:120 → 4.800s/req pen=120s (used=7); Ip 60:300:1800 → 6.125s/req pen=1800s (used=29)  delay 1.500→7.125  min_gap→0  max_usage=48%
08:27:08.924  RAW   content-type: application/json
08:27:08.924  RAW   x-rate-limit-policy: trade-search-request-limit
08:27:08.924  RAW   x-rate-limit-rules: Account,Ip
08:27:08.924  RAW   x-rate-limit-account: 3:5:60
08:27:08.924  RAW   x-rate-limit-account-state: 1:5:0
08:27:08.924  RAW   x-rate-limit-ip: 8:10:60,15:60:120,60:300:1800
08:27:08.924  RAW   x-rate-limit-ip-state: 1:10:0,7:60:0,29:300:0
08:27:08.924  RAW   cf-cache-status: DYNAMIC
08:27:08.924  RAW   cf-ray: a1f89e1849785411-WAW
08:27:08.924  RESP  POST /api/trade/search/Standard → 200  5.223s  delay=7.125 min_gap=0.000 last=1784788028.924
08:27:08.924  PRE   GET /api/trade/fetch/f0af1ebf8e84c02d23e00310c60b68e8be103cb175d1e59ed5e65122fbdd0432%2Ca54bf19cb27484743f501a321b3f240a8e8ecf22000a772e657057a1316b5921%2Cbeabefb79a00999ba8f64d085c891b81b1fc032cd841a3144266945983af3aab%2Cfa0955f4647ca5dce613b34fdf952d5f9a98b2604ca4f551e2c81245d4ae64f3%2Ce087f8dea73e3561859beeaab11ea647705742d6a077ea7401d042564a0955bf  delay=7.125 min_gap=0.000 last=1784788028.924
08:27:08.924  ENF   delay=7.125 min_gap=0.000 jitter=2.073 gap=9.198 since_last=0.000 sleep=9.198
08:27:18.717  PARSE Account 6:4:10 → 0.500s/req pen=10s (used=1); Ip 12:4:60 → 0.208s/req pen=60s (used=1); Ip 16:12:60 → 0.445s/req pen=60s (used=1)  delay 7.125→1.500  min_gap→0  max_usage=0%
08:27:18.717  RAW   content-type: application/json
08:27:18.717  RAW   x-rate-limit-policy: trade-fetch-request-limit
08:27:18.717  RAW   x-rate-limit-rules: Account,Ip
08:27:18.717  RAW   x-rate-limit-account: 6:4:10
08:27:18.717  RAW   x-rate-limit-account-state: 1:4:0
08:27:18.717  RAW   x-rate-limit-ip: 12:4:60,16:12:60
08:27:18.717  RAW   x-rate-limit-ip-state: 1:4:0,1:12:0
08:27:18.717  RAW   cf-cache-status: DYNAMIC
08:27:18.717  RAW   cf-ray: a1f89e564e285411-WAW
08:27:18.717  RESP  GET /api/trade/fetch/f0af1ebf8e84c02d23e00310c60b68e8be103cb175d1e59ed5e65122fbdd0432%2Ca54bf19cb27484743f501a321b3f240a8e8ecf22000a772e657057a1316b5921%2Cbeabefb79a00999ba8f64d085c891b81b1fc032cd841a3144266945983af3aab%2Cfa0955f4647ca5dce613b34fdf952d5f9a98b2604ca4f551e2c81245d4ae64f3%2Ce087f8dea73e3561859beeaab11ea647705742d6a077ea7401d042564a0955bf → 200  9.793s  delay=1.500 min_gap=0.000 last=1784788038.718
08:27:18.743  PRE   POST /api/trade/search/Standard  delay=1.500 min_gap=0.000 last=1784788038.718
08:27:18.743  ENF   delay=1.500 min_gap=0.000 jitter=2.570 gap=4.070 since_last=0.025 sleep=4.044
08:27:23.442  PARSE Account 3:5:60 → 1.667s/req pen=60s (used=1); Ip 8:10:60 → 0.859s/req pen=60s (used=1); Ip 15:60:120 → 4.800s/req pen=120s (used=7); Ip 60:300:1800 → 6.375s/req pen=1800s (used=31)  delay 1.500→7.375  min_gap→0  max_usage=52%
08:27:23.442  RAW   content-type: application/json
08:27:23.442  RAW   x-rate-limit-policy: trade-search-request-limit
08:27:23.442  RAW   x-rate-limit-rules: Account,Ip
08:27:23.442  RAW   x-rate-limit-account: 3:5:60
08:27:23.442  RAW   x-rate-limit-account-state: 1:5:0
08:27:23.442  RAW   x-rate-limit-ip: 8:10:60,15:60:120,60:300:1800
08:27:23.442  RAW   x-rate-limit-ip-state: 1:10:0,7:60:0,31:300:0
08:27:23.442  RAW   cf-cache-status: DYNAMIC
08:27:23.442  RAW   cf-ray: a1f89e737e965411-WAW
08:27:23.442  RESP  POST /api/trade/search/Standard → 200  4.700s  delay=7.375 min_gap=0.000 last=1784788043.443
08:27:23.442  PRE   GET /api/trade/fetch/c1c4550f7917ab34e532409c1e6ecf5ddce3e8fd1b2254fd6420f5a9de8f10fe%2C9a846f50520beeb871c5ff4c0e2dc546099f54eda78a8b243f550beb2e0c2405%2Cd697a175fd87bb04f9a9740847431b2a7f1a207db29e4aa221ed6c57f80d58f7%2C6109bb6c6ced1b0e45ecc66f84c8d008d2cde7ba83d80d3e5fc3c6ca6a7638f7%2C891a5992023fe007209f0ca64fd5289283a1ffe5c089e4a2cfad95bc3ca339ba  delay=7.375 min_gap=0.000 last=1784788043.443
08:27:23.443  ENF   delay=7.375 min_gap=0.000 jitter=4.561 gap=11.936 since_last=0.000 sleep=11.936
08:27:35.969  PARSE Account 6:4:10 → 0.500s/req pen=10s (used=1); Ip 12:4:60 → 0.208s/req pen=60s (used=1); Ip 16:12:60 → 0.445s/req pen=60s (used=1)  delay 7.375→1.500  min_gap→0  max_usage=0%
08:27:35.969  RAW   content-type: application/json
08:27:35.969  RAW   x-rate-limit-policy: trade-fetch-request-limit
08:27:35.969  RAW   x-rate-limit-rules: Account,Ip
08:27:35.969  RAW   x-rate-limit-account: 6:4:10
08:27:35.969  RAW   x-rate-limit-account-state: 1:4:0
08:27:35.969  RAW   x-rate-limit-ip: 12:4:60,16:12:60
08:27:35.969  RAW   x-rate-limit-ip-state: 1:4:0,1:12:0
08:27:35.969  RAW   cf-cache-status: DYNAMIC
08:27:35.969  RAW   cf-ray: a1f89ec22e8a5411-WAW
08:27:35.969  RESP  GET /api/trade/fetch/c1c4550f7917ab34e532409c1e6ecf5ddce3e8fd1b2254fd6420f5a9de8f10fe%2C9a846f50520beeb871c5ff4c0e2dc546099f54eda78a8b243f550beb2e0c2405%2Cd697a175fd87bb04f9a9740847431b2a7f1a207db29e4aa221ed6c57f80d58f7%2C6109bb6c6ced1b0e45ecc66f84c8d008d2cde7ba83d80d3e5fc3c6ca6a7638f7%2C891a5992023fe007209f0ca64fd5289283a1ffe5c089e4a2cfad95bc3ca339ba → 200  12.526s  delay=1.500 min_gap=0.000 last=1784788055.969
08:27:35.969  PRE   POST /api/trade/search/Standard  delay=1.500 min_gap=0.000 last=1784788055.969
08:27:35.969  ENF   delay=1.500 min_gap=0.000 jitter=3.645 gap=5.145 since_last=0.000 sleep=5.145
08:27:41.965  PARSE Account 3:5:60 → 1.667s/req pen=60s (used=1); Ip 8:10:60 → 0.859s/req pen=60s (used=1); Ip 15:60:120 → 4.800s/req pen=120s (used=7); Ip 60:300:1800 → 6.625s/req pen=1800s (used=33)  delay 1.500→7.625  min_gap→0  max_usage=55%
08:27:41.965  RAW   content-type: application/json
08:27:41.965  RAW   x-rate-limit-policy: trade-search-request-limit
08:27:41.965  RAW   x-rate-limit-rules: Account,Ip
08:27:41.965  RAW   x-rate-limit-account: 3:5:60
08:27:41.965  RAW   x-rate-limit-account-state: 1:5:0
08:27:41.965  RAW   x-rate-limit-ip: 8:10:60,15:60:120,60:300:1800
08:27:41.965  RAW   x-rate-limit-ip-state: 1:10:0,7:60:0,33:300:0
08:27:41.965  RAW   cf-cache-status: DYNAMIC
08:27:41.965  RAW   cf-ray: a1f89ee5fa5f5411-WAW
08:27:41.965  RESP  POST /api/trade/search/Standard → 200  5.996s  delay=7.625 min_gap=0.000 last=1784788061.966
08:27:41.965  PRE   GET /api/trade/fetch/1284040aa7c453d734e2952550685941f0d24cada65f8d8b5aaf9d6c63821bc4%2Cd3f3c41009e45ca2b3d3dbf54fac389a01fd78ec753c45125ca4697b75ae03c8%2C932cf507e4da5f031d80ce77a96fb7cbe64a285ef7f07ff0fb52ae778f3525a3%2Cab908941bd64a02ae850a56ef50ec208f8020c9ae3988d9657fd73fa8aec2e0a%2C25094c569c19611de7f93b60dcbdc78a1358dc5d64aee7f7ef7e05c9f0f8df17  delay=7.625 min_gap=0.000 last=1784788061.966
08:27:41.965  ENF   delay=7.625 min_gap=0.000 jitter=2.454 gap=10.079 since_last=0.000 sleep=10.079
08:27:52.638  PARSE Account 6:4:10 → 0.500s/req pen=10s (used=1); Ip 12:4:60 → 0.208s/req pen=60s (used=1); Ip 16:12:60 → 0.445s/req pen=60s (used=1)  delay 7.625→1.500  min_gap→0  max_usage=0%
08:27:52.638  RAW   content-type: application/json
08:27:52.638  RAW   x-rate-limit-policy: trade-fetch-request-limit
08:27:52.638  RAW   x-rate-limit-rules: Account,Ip
08:27:52.638  RAW   x-rate-limit-account: 6:4:10
08:27:52.638  RAW   x-rate-limit-account-state: 1:4:0
08:27:52.638  RAW   x-rate-limit-ip: 12:4:60,16:12:60
08:27:52.638  RAW   x-rate-limit-ip-state: 1:4:0,1:12:0
08:27:52.638  RAW   cf-cache-status: DYNAMIC
08:27:52.638  RAW   cf-ray: a1f89f2a49a85411-WAW
08:27:52.638  RESP  GET /api/trade/fetch/1284040aa7c453d734e2952550685941f0d24cada65f8d8b5aaf9d6c63821bc4%2Cd3f3c41009e45ca2b3d3dbf54fac389a01fd78ec753c45125ca4697b75ae03c8%2C932cf507e4da5f031d80ce77a96fb7cbe64a285ef7f07ff0fb52ae778f3525a3%2Cab908941bd64a02ae850a56ef50ec208f8020c9ae3988d9657fd73fa8aec2e0a%2C25094c569c19611de7f93b60dcbdc78a1358dc5d64aee7f7ef7e05c9f0f8df17 → 200  10.672s  delay=1.500 min_gap=0.000 last=1784788072.638
08:27:52.638  PRE   POST /api/trade/search/Standard  delay=1.500 min_gap=0.000 last=1784788072.638
08:27:52.638  ENF   delay=1.500 min_gap=0.000 jitter=2.427 gap=3.927 since_last=0.000 sleep=3.927
08:27:57.123  PARSE Account 3:5:60 → 1.667s/req pen=60s (used=1); Ip 8:10:60 → 0.859s/req pen=60s (used=1); Ip 15:60:120 → 4.800s/req pen=120s (used=7); Ip 60:300:1800 → 6.875s/req pen=1800s (used=35)  delay 1.500→7.875  min_gap→0  max_usage=58%
08:27:57.124  RAW   content-type: application/json
08:27:57.124  RAW   x-rate-limit-policy: trade-search-request-limit
08:27:57.124  RAW   x-rate-limit-rules: Account,Ip
08:27:57.124  RAW   x-rate-limit-account: 3:5:60
08:27:57.124  RAW   x-rate-limit-account-state: 1:5:0
08:27:57.124  RAW   x-rate-limit-ip: 8:10:60,15:60:120,60:300:1800
08:27:57.124  RAW   x-rate-limit-ip-state: 1:10:0,7:60:0,35:300:0
08:27:57.124  RAW   cf-cache-status: DYNAMIC
08:27:57.124  RAW   cf-ray: a1f89f468ad25411-WAW
08:27:57.124  RESP  POST /api/trade/search/Standard → 200  4.485s  delay=7.875 min_gap=0.000 last=1784788077.124
08:27:57.124  PRE   GET /api/trade/fetch/246f82dc9d4618642b4f2315385d8f4f8daddd5e4cf089350ebf49ee91f10303%2Cf1545062e35a7456a1a8ef4ebb3ba01bf7b9def3d6c85b52f9c9550d7dddd0f6%2Caf2a34fa76187ac163cfeacad5a4b274327ba6027c637161248842f162e94ec9%2C1ab788dda5a3ab13840e74622299a91bdb28e5a1429240c825f2ea752eeadf64%2C91cb46d2f40b3d239d36a896a6b065aa313a68ad0bff4f564ca9f5c9780be47d  delay=7.875 min_gap=0.000 last=1784788077.124
08:27:57.124  ENF   delay=7.875 min_gap=0.000 jitter=4.831 gap=12.706 since_last=0.000 sleep=12.706
08:28:10.173  PARSE Account 6:4:10 → 0.500s/req pen=10s (used=1); Ip 12:4:60 → 0.208s/req pen=60s (used=1); Ip 16:12:60 → 0.445s/req pen=60s (used=1)  delay 7.875→1.500  min_gap→0  max_usage=0%
08:28:10.173  RAW   content-type: application/json
08:28:10.173  RAW   x-rate-limit-policy: trade-fetch-request-limit
08:28:10.173  RAW   x-rate-limit-rules: Account,Ip
08:28:10.173  RAW   x-rate-limit-account: 6:4:10
08:28:10.173  RAW   x-rate-limit-account-state: 1:4:0
08:28:10.173  RAW   x-rate-limit-ip: 12:4:60,16:12:60
08:28:10.173  RAW   x-rate-limit-ip-state: 1:4:0,1:12:0
08:28:10.173  RAW   cf-cache-status: DYNAMIC
08:28:10.173  RAW   cf-ray: a1f89f997f465411-WAW
08:28:10.174  RESP  GET /api/trade/fetch/246f82dc9d4618642b4f2315385d8f4f8daddd5e4cf089350ebf49ee91f10303%2Cf1545062e35a7456a1a8ef4ebb3ba01bf7b9def3d6c85b52f9c9550d7dddd0f6%2Caf2a34fa76187ac163cfeacad5a4b274327ba6027c637161248842f162e94ec9%2C1ab788dda5a3ab13840e74622299a91bdb28e5a1429240c825f2ea752eeadf64%2C91cb46d2f40b3d239d36a896a6b065aa313a68ad0bff4f564ca9f5c9780be47d → 200  13.050s  delay=1.500 min_gap=0.000 last=1784788090.174
08:28:10.200  PRE   POST /api/trade/search/Standard  delay=1.500 min_gap=0.000 last=1784788090.174
08:28:10.200  ENF   delay=1.500 min_gap=0.000 jitter=4.783 gap=6.283 since_last=0.027 sleep=6.256
08:28:16.811  PARSE Account 3:5:60 → 1.667s/req pen=60s (used=1); Ip 8:10:60 → 0.859s/req pen=60s (used=1); Ip 15:60:120 → 4.000s/req pen=120s (used=5); Ip 60:300:1800 → 6.250s/req pen=1800s (used=30)  delay 1.500→7.250  min_gap→0  max_usage=50%
08:28:16.811  RAW   content-type: application/json
08:28:16.811  RAW   x-rate-limit-policy: trade-search-request-limit
08:28:16.811  RAW   x-rate-limit-rules: Account,Ip
08:28:16.811  RAW   x-rate-limit-account: 3:5:60
08:28:16.811  RAW   x-rate-limit-account-state: 1:5:0
08:28:16.811  RAW   x-rate-limit-ip: 8:10:60,15:60:120,60:300:1800
08:28:16.811  RAW   x-rate-limit-ip-state: 1:10:0,5:60:0,30:300:0
08:28:16.811  RAW   cf-cache-status: DYNAMIC
08:28:16.811  RAW   cf-ray: a1f89fc2e8c95411-WAW
08:28:16.811  RESP  POST /api/trade/search/Standard → 200  6.611s  delay=7.250 min_gap=0.000 last=1784788096.812
08:28:16.811  PRE   GET /api/trade/fetch/07e946dc23f79825f5140c3100f89783e7d708053c6e11c71750dd336485aa4e%2C26fe4fe88f88cfa29fd443e7995559a6cb2b5d3df5c85821d094744f7f07dd12%2Cbeabefb79a00999ba8f64d085c891b81b1fc032cd841a3144266945983af3aab%2Cf0af1ebf8e84c02d23e00310c60b68e8be103cb175d1e59ed5e65122fbdd0432%2C46a6e2a19f43f879eb5b0deb0a83d60184061d09eb8058f837c49e62487987c2  delay=7.250 min_gap=0.000 last=1784788096.812
08:28:16.811  ENF   delay=7.250 min_gap=0.000 jitter=2.346 gap=9.596 since_last=0.000 sleep=9.596
08:28:26.694  PARSE Account 6:4:10 → 0.500s/req pen=10s (used=1); Ip 12:4:60 → 0.208s/req pen=60s (used=1); Ip 16:12:60 → 0.516s/req pen=60s (used=2)  delay 7.250→1.516  min_gap→0  max_usage=0%
08:28:26.694  RAW   content-type: application/json
08:28:26.694  RAW   x-rate-limit-policy: trade-fetch-request-limit
08:28:26.694  RAW   x-rate-limit-rules: Account,Ip
08:28:26.694  RAW   x-rate-limit-account: 6:4:10
08:28:26.694  RAW   x-rate-limit-account-state: 1:4:0
08:28:26.694  RAW   x-rate-limit-ip: 12:4:60,16:12:60
08:28:26.694  RAW   x-rate-limit-ip-state: 1:4:0,2:12:0
08:28:26.694  RAW   cf-cache-status: DYNAMIC
08:28:26.694  RAW   cf-ray: a1f8a0011c155411-WAW
08:28:26.694  RESP  GET /api/trade/fetch/07e946dc23f79825f5140c3100f89783e7d708053c6e11c71750dd336485aa4e%2C26fe4fe88f88cfa29fd443e7995559a6cb2b5d3df5c85821d094744f7f07dd12%2Cbeabefb79a00999ba8f64d085c891b81b1fc032cd841a3144266945983af3aab%2Cf0af1ebf8e84c02d23e00310c60b68e8be103cb175d1e59ed5e65122fbdd0432%2C46a6e2a19f43f879eb5b0deb0a83d60184061d09eb8058f837c49e62487987c2 → 200  9.883s  delay=1.516 min_gap=0.000 last=1784788106.695
08:28:26.694  PRE   POST /api/trade/search/Standard  delay=1.516 min_gap=0.000 last=1784788106.695
08:28:26.694  ENF   delay=1.516 min_gap=0.000 jitter=2.529 gap=4.045 since_last=0.000 sleep=4.045
08:28:31.106  PARSE Account 3:5:60 → 1.667s/req pen=60s (used=1); Ip 8:10:60 → 0.859s/req pen=60s (used=1); Ip 15:60:120 → 4.400s/req pen=120s (used=6); Ip 60:300:1800 → 6.500s/req pen=1800s (used=32)  delay 1.516→7.500  min_gap→0  max_usage=53%
08:28:31.106  RAW   content-type: application/json
08:28:31.106  RAW   x-rate-limit-policy: trade-search-request-limit
08:28:31.106  RAW   x-rate-limit-rules: Account,Ip
08:28:31.106  RAW   x-rate-limit-account: 3:5:60
08:28:31.106  RAW   x-rate-limit-account-state: 1:5:0
08:28:31.106  RAW   x-rate-limit-ip: 8:10:60,15:60:120,60:300:1800
08:28:31.106  RAW   x-rate-limit-ip-state: 1:10:0,6:60:0,32:300:0
08:28:31.106  RAW   cf-cache-status: DYNAMIC
08:28:31.106  RAW   cf-ray: a1f8a01c2ce65411-WAW
08:28:31.106  RESP  POST /api/trade/search/Standard → 200  4.411s  delay=7.500 min_gap=0.000 last=1784788111.106
08:28:31.106  PRE   GET /api/trade/fetch/1284040aa7c453d734e2952550685941f0d24cada65f8d8b5aaf9d6c63821bc4%2C932cf507e4da5f031d80ce77a96fb7cbe64a285ef7f07ff0fb52ae778f3525a3%2Cd3f3c41009e45ca2b3d3dbf54fac389a01fd78ec753c45125ca4697b75ae03c8%2Cab908941bd64a02ae850a56ef50ec208f8020c9ae3988d9657fd73fa8aec2e0a%2C25094c569c19611de7f93b60dcbdc78a1358dc5d64aee7f7ef7e05c9f0f8df17  delay=7.500 min_gap=0.000 last=1784788111.106
08:28:31.106  ENF   delay=7.500 min_gap=0.000 jitter=2.278 gap=9.778 since_last=0.000 sleep=9.778
08:28:41.176  PARSE Account 6:4:10 → 0.500s/req pen=10s (used=1); Ip 12:4:60 → 0.208s/req pen=60s (used=1); Ip 16:12:60 → 0.516s/req pen=60s (used=2)  delay 7.500→1.516  min_gap→0  max_usage=0%
08:28:41.176  RAW   content-type: application/json
08:28:41.176  RAW   x-rate-limit-policy: trade-fetch-request-limit
08:28:41.176  RAW   x-rate-limit-rules: Account,Ip
08:28:41.176  RAW   x-rate-limit-account: 6:4:10
08:28:41.176  RAW   x-rate-limit-account-state: 1:4:0
08:28:41.176  RAW   x-rate-limit-ip: 12:4:60,16:12:60
08:28:41.176  RAW   x-rate-limit-ip-state: 1:4:0,2:12:0
08:28:41.176  RAW   cf-cache-status: DYNAMIC
08:28:41.176  RAW   cf-ray: a1f8a05b88125411-WAW
08:28:41.176  RESP  GET /api/trade/fetch/1284040aa7c453d734e2952550685941f0d24cada65f8d8b5aaf9d6c63821bc4%2C932cf507e4da5f031d80ce77a96fb7cbe64a285ef7f07ff0fb52ae778f3525a3%2Cd3f3c41009e45ca2b3d3dbf54fac389a01fd78ec753c45125ca4697b75ae03c8%2Cab908941bd64a02ae850a56ef50ec208f8020c9ae3988d9657fd73fa8aec2e0a%2C25094c569c19611de7f93b60dcbdc78a1358dc5d64aee7f7ef7e05c9f0f8df17 → 200  10.070s  delay=1.516 min_gap=0.000 last=1784788121.177
08:28:41.176  PRE   POST /api/trade/search/Standard  delay=1.516 min_gap=0.000 last=1784788121.177
08:28:41.176  ENF   delay=1.516 min_gap=0.000 jitter=2.826 gap=4.342 since_last=0.000 sleep=4.342
08:28:45.916  PARSE Account 3:5:60 → 1.667s/req pen=60s (used=1); Ip 8:10:60 → 0.859s/req pen=60s (used=1); Ip 15:60:120 → 4.400s/req pen=120s (used=6); Ip 60:300:1800 → 6.750s/req pen=1800s (used=34)  delay 1.516→7.750  min_gap→0  max_usage=57%
08:28:45.916  RAW   content-type: application/json
08:28:45.916  RAW   x-rate-limit-policy: trade-search-request-limit
08:28:45.916  RAW   x-rate-limit-rules: Account,Ip
08:28:45.916  RAW   x-rate-limit-account: 3:5:60
08:28:45.916  RAW   x-rate-limit-account-state: 1:5:0
08:28:45.916  RAW   x-rate-limit-ip: 8:10:60,15:60:120,60:300:1800
08:28:45.916  RAW   x-rate-limit-ip-state: 1:10:0,6:60:0,34:300:0
08:28:45.916  RAW   cf-cache-status: DYNAMIC
08:28:45.916  RAW   cf-ray: a1f8a0788db05411-WAW
08:28:45.916  RESP  POST /api/trade/search/Standard → 200  4.740s  delay=7.750 min_gap=0.000 last=1784788125.917
08:28:45.916  PRE   GET /api/trade/fetch/beabefb79a00999ba8f64d085c891b81b1fc032cd841a3144266945983af3aab%2Cf0af1ebf8e84c02d23e00310c60b68e8be103cb175d1e59ed5e65122fbdd0432%2C699309d6f52598105767c603f0bdee6d0fa3af73b78d70204c5fb116afe60d1b%2Cdb61b19942705d7cccaa61d96db45772aaa3479349706c2af403027211a2962f%2Ce01a9c9a86614f2372d6098a5a7796af286487f43ed670d0bf96c1d99cf3264c  delay=7.750 min_gap=0.000 last=1784788125.917
08:28:45.916  ENF   delay=7.750 min_gap=0.000 jitter=2.876 gap=10.626 since_last=0.000 sleep=10.626
08:28:56.868  PARSE Account 6:4:10 → 0.500s/req pen=10s (used=1); Ip 12:4:60 → 0.208s/req pen=60s (used=1); Ip 16:12:60 → 0.516s/req pen=60s (used=2)  delay 7.750→1.516  min_gap→0  max_usage=0%
08:28:56.868  RAW   content-type: application/json
08:28:56.868  RAW   x-rate-limit-policy: trade-fetch-request-limit
08:28:56.868  RAW   x-rate-limit-rules: Account,Ip
08:28:56.868  RAW   x-rate-limit-account: 6:4:10
08:28:56.868  RAW   x-rate-limit-account-state: 1:4:0
08:28:56.868  RAW   x-rate-limit-ip: 12:4:60,16:12:60
08:28:56.868  RAW   x-rate-limit-ip-state: 1:4:0,2:12:0
08:28:56.868  RAW   cf-cache-status: DYNAMIC
08:28:56.868  RAW   cf-ray: a1f8a0bd68fd5411-WAW
08:28:56.868  RESP  GET /api/trade/fetch/beabefb79a00999ba8f64d085c891b81b1fc032cd841a3144266945983af3aab%2Cf0af1ebf8e84c02d23e00310c60b68e8be103cb175d1e59ed5e65122fbdd0432%2C699309d6f52598105767c603f0bdee6d0fa3af73b78d70204c5fb116afe60d1b%2Cdb61b19942705d7cccaa61d96db45772aaa3479349706c2af403027211a2962f%2Ce01a9c9a86614f2372d6098a5a7796af286487f43ed670d0bf96c1d99cf3264c → 200  10.952s  delay=1.516 min_gap=0.000 last=1784788136.868
08:28:56.888  PRE   POST /api/trade/search/Standard  delay=1.516 min_gap=0.000 last=1784788136.868
08:28:56.888  ENF   delay=1.516 min_gap=0.000 jitter=3.999 gap=5.515 since_last=0.020 sleep=5.495
08:29:02.705  PARSE Account 3:5:60 → 1.667s/req pen=60s (used=1); Ip 8:10:60 → 1.094s/req pen=60s (used=2); Ip 15:60:120 → 4.800s/req pen=120s (used=7); Ip 60:300:1800 → 6.125s/req pen=1800s (used=29)  delay 1.516→7.125  min_gap→0  max_usage=48%
08:29:02.705  RAW   content-type: application/json
08:29:02.705  RAW   x-rate-limit-policy: trade-search-request-limit
08:29:02.705  RAW   x-rate-limit-rules: Account,Ip
08:29:02.705  RAW   x-rate-limit-account: 3:5:60
08:29:02.705  RAW   x-rate-limit-account-state: 1:5:0
08:29:02.705  RAW   x-rate-limit-ip: 8:10:60,15:60:120,60:300:1800
08:29:02.705  RAW   x-rate-limit-ip-state: 2:10:0,7:60:0,29:300:0
08:29:02.705  RAW   cf-cache-status: DYNAMIC
08:29:02.705  RAW   cf-ray: a1f8a0e1eb475411-WAW
08:29:02.705  RESP  POST /api/trade/search/Standard → 200  5.817s  delay=7.125 min_gap=0.000 last=1784788142.705
08:29:02.705  PRE   GET /api/trade/fetch/5b825ec022fffea032435ea380af285189a33388ad3a726b6556c775b20b6ddb%2C4af80d2a1c58da922e37bb024ffafd75a2cdafba98665b573fabf4812798b8e9%2C83da4c3837dafd2c43ca797c25f0dd613d4682391d337edf80a2113b1203a249%2Cf2bfd0c0bdef743e5fa0778c8f967bafea9673e2096a45573325220e84c3a6f3%2C72461b5540f9498f38ab5b495a8e20c5b0a8dbd22c8384dd0ff7e6120f2082b2  delay=7.125 min_gap=0.000 last=1784788142.706
08:29:02.705  ENF   delay=7.125 min_gap=0.000 jitter=3.319 gap=10.444 since_last=0.000 sleep=10.444
08:29:13.425  PARSE Account 6:4:10 → 0.500s/req pen=10s (used=1); Ip 12:4:60 → 0.208s/req pen=60s (used=1); Ip 16:12:60 → 0.516s/req pen=60s (used=2)  delay 7.125→1.516  min_gap→0  max_usage=0%
08:29:13.425  RAW   content-type: application/json
08:29:13.425  RAW   x-rate-limit-policy: trade-fetch-request-limit
08:29:13.425  RAW   x-rate-limit-rules: Account,Ip
08:29:13.425  RAW   x-rate-limit-account: 6:4:10
08:29:13.425  RAW   x-rate-limit-account-state: 1:4:0
08:29:13.425  RAW   x-rate-limit-ip: 12:4:60,16:12:60
08:29:13.425  RAW   x-rate-limit-ip-state: 1:4:0,2:12:0
08:29:13.425  RAW   cf-cache-status: DYNAMIC
08:29:13.425  RAW   cf-ray: a1f8a12539c05411-WAW
08:29:13.425  RESP  GET /api/trade/fetch/5b825ec022fffea032435ea380af285189a33388ad3a726b6556c775b20b6ddb%2C4af80d2a1c58da922e37bb024ffafd75a2cdafba98665b573fabf4812798b8e9%2C83da4c3837dafd2c43ca797c25f0dd613d4682391d337edf80a2113b1203a249%2Cf2bfd0c0bdef743e5fa0778c8f967bafea9673e2096a45573325220e84c3a6f3%2C72461b5540f9498f38ab5b495a8e20c5b0a8dbd22c8384dd0ff7e6120f2082b2 → 200  10.720s  delay=1.516 min_gap=0.000 last=1784788153.426
08:29:13.426  PRE   POST /api/trade/search/Standard  delay=1.516 min_gap=0.000 last=1784788153.426
08:29:13.426  ENF   delay=1.516 min_gap=0.000 jitter=3.311 gap=4.827 since_last=0.000 sleep=4.827
08:29:18.586  PARSE Account 3:5:60 → 1.667s/req pen=60s (used=1); Ip 8:10:60 → 1.094s/req pen=60s (used=2); Ip 15:60:120 → 4.800s/req pen=120s (used=7); Ip 60:300:1800 → 6.375s/req pen=1800s (used=31)  delay 1.516→7.375  min_gap→0  max_usage=52%
08:29:18.586  RAW   content-type: application/json
08:29:18.586  RAW   x-rate-limit-policy: trade-search-request-limit
08:29:18.586  RAW   x-rate-limit-rules: Account,Ip
08:29:18.586  RAW   x-rate-limit-account: 3:5:60
08:29:18.586  RAW   x-rate-limit-account-state: 1:5:0
08:29:18.586  RAW   x-rate-limit-ip: 8:10:60,15:60:120,60:300:1800
08:29:18.586  RAW   x-rate-limit-ip-state: 2:10:0,7:60:0,31:300:0
08:29:18.586  RAW   cf-cache-status: DYNAMIC
08:29:18.586  RAW   cf-ray: a1f8a1451f3b5411-WAW
08:29:18.586  RESP  POST /api/trade/search/Standard → 200  5.160s  delay=7.375 min_gap=0.000 last=1784788158.587
08:29:18.586  PRE   GET /api/trade/fetch/1284040aa7c453d734e2952550685941f0d24cada65f8d8b5aaf9d6c63821bc4%2Cd3f3c41009e45ca2b3d3dbf54fac389a01fd78ec753c45125ca4697b75ae03c8%2C932cf507e4da5f031d80ce77a96fb7cbe64a285ef7f07ff0fb52ae778f3525a3%2C25094c569c19611de7f93b60dcbdc78a1358dc5d64aee7f7ef7e05c9f0f8df17%2C519cc297a74a0c7dbc4348c04ba02564989fdf1341564b6af7106febb550ac66  delay=7.375 min_gap=0.000 last=1784788158.587
08:29:18.586  ENF   delay=7.375 min_gap=0.000 jitter=2.895 gap=10.270 since_last=0.000 sleep=10.270
08:29:29.343  PARSE Account 6:4:10 → 0.500s/req pen=10s (used=1); Ip 12:4:60 → 0.208s/req pen=60s (used=1); Ip 16:12:60 → 0.516s/req pen=60s (used=2)  delay 7.375→1.516  min_gap→0  max_usage=0%
08:29:29.343  RAW   content-type: application/json
08:29:29.343  RAW   x-rate-limit-policy: trade-fetch-request-limit
08:29:29.343  RAW   x-rate-limit-rules: Account,Ip
08:29:29.343  RAW   x-rate-limit-account: 6:4:10
08:29:29.343  RAW   x-rate-limit-account-state: 1:4:0
08:29:29.343  RAW   x-rate-limit-ip: 12:4:60,16:12:60
08:29:29.343  RAW   x-rate-limit-ip-state: 1:4:0,2:12:0
08:29:29.343  RAW   cf-cache-status: DYNAMIC
08:29:29.343  RAW   cf-ray: a1f8a1876bde5411-WAW
08:29:29.343  RESP  GET /api/trade/fetch/1284040aa7c453d734e2952550685941f0d24cada65f8d8b5aaf9d6c63821bc4%2Cd3f3c41009e45ca2b3d3dbf54fac389a01fd78ec753c45125ca4697b75ae03c8%2C932cf507e4da5f031d80ce77a96fb7cbe64a285ef7f07ff0fb52ae778f3525a3%2C25094c569c19611de7f93b60dcbdc78a1358dc5d64aee7f7ef7e05c9f0f8df17%2C519cc297a74a0c7dbc4348c04ba02564989fdf1341564b6af7106febb550ac66 → 200  10.756s  delay=1.516 min_gap=0.000 last=1784788169.343
08:29:29.343  PRE   POST /api/trade/search/Standard  delay=1.516 min_gap=0.000 last=1784788169.343
08:29:29.343  ENF   delay=1.516 min_gap=0.000 jitter=4.659 gap=6.174 since_last=0.000 sleep=6.174
08:29:35.986  PARSE Account 3:5:60 → 1.667s/req pen=60s (used=1); Ip 8:10:60 → 0.859s/req pen=60s (used=1); Ip 15:60:120 → 4.800s/req pen=120s (used=7); Ip 60:300:1800 → 6.625s/req pen=1800s (used=33)  delay 1.516→7.625  min_gap→0  max_usage=55%
08:29:35.987  RAW   content-type: application/json
08:29:35.987  RAW   x-rate-limit-policy: trade-search-request-limit
08:29:35.987  RAW   x-rate-limit-rules: Account,Ip
08:29:35.987  RAW   x-rate-limit-account: 3:5:60
08:29:35.987  RAW   x-rate-limit-account-state: 1:5:0
08:29:35.987  RAW   x-rate-limit-ip: 8:10:60,15:60:120,60:300:1800
08:29:35.987  RAW   x-rate-limit-ip-state: 1:10:0,7:60:0,33:300:0
08:29:35.987  RAW   cf-cache-status: DYNAMIC
08:29:35.987  RAW   cf-ray: a1f8a1b109785411-WAW
08:29:35.987  RESP  POST /api/trade/search/Standard → 200  6.644s  delay=7.625 min_gap=0.000 last=1784788175.987
08:29:36.013  PRE   POST /api/trade/search/Standard  delay=7.625 min_gap=0.000 last=1784788175.987
08:29:36.013  ENF   delay=7.625 min_gap=0.000 jitter=4.727 gap=12.352 since_last=0.026 sleep=12.326
08:29:48.771  PARSE Account 3:5:60 → 2.500s/req pen=60s (used=2); Ip 8:10:60 → 1.094s/req pen=60s (used=2); Ip 15:60:120 → 4.800s/req pen=120s (used=7); Ip 60:300:1800 → 6.875s/req pen=1800s (used=35)  delay 7.625→7.875  min_gap→0  max_usage=58%
08:29:48.771  RAW   content-type: application/json
08:29:48.771  RAW   x-rate-limit-policy: trade-search-request-limit
08:29:48.771  RAW   x-rate-limit-rules: Account,Ip
08:29:48.771  RAW   x-rate-limit-account: 3:5:60
08:29:48.771  RAW   x-rate-limit-account-state: 2:5:0
08:29:48.771  RAW   x-rate-limit-ip: 8:10:60,15:60:120,60:300:1800
08:29:48.771  RAW   x-rate-limit-ip-state: 2:10:0,7:60:0,35:300:0
08:29:48.771  RAW   cf-cache-status: DYNAMIC
08:29:48.771  RAW   cf-ray: a1f8a2012a495411-WAW
08:29:48.771  RESP  POST /api/trade/search/Standard → 200  12.757s  delay=7.875 min_gap=0.000 last=1784788188.771
08:29:48.771  PRE   GET /api/trade/fetch/1f361ae570d67f26764f634646a3284861be5888b6a2963d99b6b60912e30be6%2Cfc5d7a43c5f623459cea01043f6c3d6da418690c7f9f53ba82daa6435f943a11%2C92e965e69c02947b0ce14aef408324af1b3e9d00c01e02bdaf85148f7fbc8ebe%2C3979791da3bc3e66f7a4b8faf2fca60d8e4254b4df6c0ce053be2c673f9fb081%2Ceac3f39f5c466560ef37818774c32d2c3ad1a079570d360ca3dc5c227c22e890  delay=7.875 min_gap=0.000 last=1784788188.771
08:29:48.771  ENF   delay=7.875 min_gap=0.000 jitter=2.543 gap=10.418 since_last=0.000 sleep=10.418
08:29:59.696  PARSE Account 6:4:10 → 0.500s/req pen=10s (used=1); Ip 12:4:60 → 0.208s/req pen=60s (used=1); Ip 16:12:60 → 0.516s/req pen=60s (used=2)  delay 7.875→1.516  min_gap→0  max_usage=0%
08:29:59.696  RAW   content-type: application/json
08:29:59.696  RAW   x-rate-limit-policy: trade-fetch-request-limit
08:29:59.696  RAW   x-rate-limit-rules: Account,Ip
08:29:59.696  RAW   x-rate-limit-account: 6:4:10
08:29:59.696  RAW   x-rate-limit-account-state: 1:4:0
08:29:59.696  RAW   x-rate-limit-ip: 12:4:60,16:12:60
08:29:59.696  RAW   x-rate-limit-ip-state: 1:4:0,2:12:0
08:29:59.696  RAW   cf-cache-status: DYNAMIC
08:29:59.696  RAW   cf-ray: a1f8a244fcba5411-WAW
08:29:59.696  RESP  GET /api/trade/fetch/1f361ae570d67f26764f634646a3284861be5888b6a2963d99b6b60912e30be6%2Cfc5d7a43c5f623459cea01043f6c3d6da418690c7f9f53ba82daa6435f943a11%2C92e965e69c02947b0ce14aef408324af1b3e9d00c01e02bdaf85148f7fbc8ebe%2C3979791da3bc3e66f7a4b8faf2fca60d8e4254b4df6c0ce053be2c673f9fb081%2Ceac3f39f5c466560ef37818774c32d2c3ad1a079570d360ca3dc5c227c22e890 → 200  10.925s  delay=1.516 min_gap=0.000 last=1784788199.697
08:29:59.696  PRE   POST /api/trade/search/Standard  delay=1.516 min_gap=0.000 last=1784788199.697
08:29:59.697  ENF   delay=1.516 min_gap=0.000 jitter=2.192 gap=3.707 since_last=0.000 sleep=3.707
08:30:03.966  PARSE Account 3:5:60 → 2.500s/req pen=60s (used=2); Ip 8:10:60 → 1.094s/req pen=60s (used=2); Ip 15:60:120 → 4.800s/req pen=120s (used=7); Ip 60:300:1800 → 6.375s/req pen=1800s (used=31)  delay 1.516→7.375  min_gap→0  max_usage=52%
08:30:03.966  RAW   content-type: application/json
08:30:03.966  RAW   x-rate-limit-policy: trade-search-request-limit
08:30:03.966  RAW   x-rate-limit-rules: Account,Ip
08:30:03.966  RAW   x-rate-limit-account: 3:5:60
08:30:03.966  RAW   x-rate-limit-account-state: 2:5:0
08:30:03.966  RAW   x-rate-limit-ip: 8:10:60,15:60:120,60:300:1800
08:30:03.966  RAW   x-rate-limit-ip-state: 2:10:0,7:60:0,31:300:0
08:30:03.966  RAW   cf-cache-status: DYNAMIC
08:30:03.966  RAW   cf-ray: a1f8a25f4db65411-WAW
08:30:03.966  RESP  POST /api/trade/search/Standard → 200  4.269s  delay=7.375 min_gap=0.000 last=1784788203.967
08:30:03.966  PRE   GET /api/trade/fetch/1284040aa7c453d734e2952550685941f0d24cada65f8d8b5aaf9d6c63821bc4%2C932cf507e4da5f031d80ce77a96fb7cbe64a285ef7f07ff0fb52ae778f3525a3%2Cd3f3c41009e45ca2b3d3dbf54fac389a01fd78ec753c45125ca4697b75ae03c8%2C519cc297a74a0c7dbc4348c04ba02564989fdf1341564b6af7106febb550ac66%2C25094c569c19611de7f93b60dcbdc78a1358dc5d64aee7f7ef7e05c9f0f8df17  delay=7.375 min_gap=0.000 last=1784788203.967
08:30:03.966  ENF   delay=7.375 min_gap=0.000 jitter=4.470 gap=11.845 since_last=0.000 sleep=11.845
08:30:16.416  PARSE Account 6:4:10 → 0.667s/req pen=10s (used=2); Ip 12:4:60 → 0.250s/req pen=60s (used=2); Ip 16:12:60 → 0.516s/req pen=60s (used=2)  delay 7.375→1.667  min_gap→0  max_usage=0%
08:30:16.416  RAW   content-type: application/json
08:30:16.416  RAW   x-rate-limit-policy: trade-fetch-request-limit
08:30:16.416  RAW   x-rate-limit-rules: Account,Ip
08:30:16.416  RAW   x-rate-limit-account: 6:4:10
08:30:16.416  RAW   x-rate-limit-account-state: 2:4:0
08:30:16.416  RAW   x-rate-limit-ip: 12:4:60,16:12:60
08:30:16.416  RAW   x-rate-limit-ip-state: 2:4:0,2:12:0
08:30:16.416  RAW   cf-cache-status: DYNAMIC
08:30:16.416  RAW   cf-ray: a1f8a2acde845411-WAW
08:30:16.416  RESP  GET /api/trade/fetch/1284040aa7c453d734e2952550685941f0d24cada65f8d8b5aaf9d6c63821bc4%2C932cf507e4da5f031d80ce77a96fb7cbe64a285ef7f07ff0fb52ae778f3525a3%2Cd3f3c41009e45ca2b3d3dbf54fac389a01fd78ec753c45125ca4697b75ae03c8%2C519cc297a74a0c7dbc4348c04ba02564989fdf1341564b6af7106febb550ac66%2C25094c569c19611de7f93b60dcbdc78a1358dc5d64aee7f7ef7e05c9f0f8df17 → 200  12.450s  delay=1.667 min_gap=0.000 last=1784788216.417
08:30:16.417  PRE   POST /api/trade/search/Standard  delay=1.667 min_gap=0.000 last=1784788216.417
08:30:16.417  ENF   delay=1.667 min_gap=0.000 jitter=4.683 gap=6.350 since_last=0.000 sleep=6.350
08:30:23.299  PARSE Account 3:5:60 → 2.500s/req pen=60s (used=2); Ip 8:10:60 → 1.094s/req pen=60s (used=2); Ip 15:60:120 → 4.800s/req pen=120s (used=7); Ip 60:300:1800 → 6.625s/req pen=1800s (used=33)  delay 1.667→7.625  min_gap→0  max_usage=55%
08:30:23.300  RAW   content-type: application/json
08:30:23.300  RAW   x-rate-limit-policy: trade-search-request-limit
08:30:23.300  RAW   x-rate-limit-rules: Account,Ip
08:30:23.300  RAW   x-rate-limit-account: 3:5:60
08:30:23.300  RAW   x-rate-limit-account-state: 2:5:0
08:30:23.300  RAW   x-rate-limit-ip: 8:10:60,15:60:120,60:300:1800
08:30:23.300  RAW   x-rate-limit-ip-state: 2:10:0,7:60:0,33:300:0
08:30:23.300  RAW   cf-cache-status: DYNAMIC
08:30:23.300  RAW   cf-ray: a1f8a2d8589d5411-WAW
08:30:23.300  RESP  POST /api/trade/search/Standard → 200  6.883s  delay=7.625 min_gap=0.000 last=1784788223.300
08:30:23.300  PRE   GET /api/trade/fetch/0d9c1a48af5eee3006c8153deb6f1bfe97679921f93e5f46c5e7541aa19cb31b%2Cc776ff91faa5d9a4b576641915cc840d52fc665b918111abb59e4f18da70ce5c%2C92e965e69c02947b0ce14aef408324af1b3e9d00c01e02bdaf85148f7fbc8ebe%2C3979791da3bc3e66f7a4b8faf2fca60d8e4254b4df6c0ce053be2c673f9fb081%2C17263fb4dd44aa34a299844cabb19e0881c16870b8d0f0d30febf502d609fd65  delay=7.625 min_gap=0.000 last=1784788223.300
08:30:23.300  ENF   delay=7.625 min_gap=0.000 jitter=2.223 gap=9.848 since_last=0.000 sleep=9.848
08:30:33.556  PARSE Account 6:4:10 → 0.500s/req pen=10s (used=1); Ip 12:4:60 → 0.208s/req pen=60s (used=1); Ip 16:12:60 → 0.445s/req pen=60s (used=1)  delay 7.625→1.500  min_gap→0  max_usage=0%
08:30:33.556  RAW   content-type: application/json
08:30:33.556  RAW   x-rate-limit-policy: trade-fetch-request-limit
08:30:33.556  RAW   x-rate-limit-rules: Account,Ip
08:30:33.556  RAW   x-rate-limit-account: 6:4:10
08:30:33.556  RAW   x-rate-limit-account-state: 1:4:0
08:30:33.556  RAW   x-rate-limit-ip: 12:4:60,16:12:60
08:30:33.556  RAW   x-rate-limit-ip-state: 1:4:0,1:12:0
08:30:33.556  RAW   cf-cache-status: DYNAMIC
08:30:33.556  RAW   cf-ray: a1f8a3193f955411-WAW
08:30:33.556  RESP  GET /api/trade/fetch/0d9c1a48af5eee3006c8153deb6f1bfe97679921f93e5f46c5e7541aa19cb31b%2Cc776ff91faa5d9a4b576641915cc840d52fc665b918111abb59e4f18da70ce5c%2C92e965e69c02947b0ce14aef408324af1b3e9d00c01e02bdaf85148f7fbc8ebe%2C3979791da3bc3e66f7a4b8faf2fca60d8e4254b4df6c0ce053be2c673f9fb081%2C17263fb4dd44aa34a299844cabb19e0881c16870b8d0f0d30febf502d609fd65 → 200  10.256s  delay=1.500 min_gap=0.000 last=1784788233.556
08:30:33.583  PRE   POST /api/trade/search/Standard  delay=1.500 min_gap=0.000 last=1784788233.556
08:30:33.583  ENF   delay=1.500 min_gap=0.000 jitter=3.618 gap=5.118 since_last=0.027 sleep=5.091
08:30:39.040  PARSE Account 3:5:60 → 1.667s/req pen=60s (used=1); Ip 8:10:60 → 0.859s/req pen=60s (used=1); Ip 15:60:120 → 4.800s/req pen=120s (used=7); Ip 60:300:1800 → 6.875s/req pen=1800s (used=35)  delay 1.500→7.875  min_gap→0  max_usage=58%
08:30:39.040  RAW   content-type: application/json
08:30:39.040  RAW   x-rate-limit-policy: trade-search-request-limit
08:30:39.040  RAW   x-rate-limit-rules: Account,Ip
08:30:39.040  RAW   x-rate-limit-account: 3:5:60
08:30:39.040  RAW   x-rate-limit-account-state: 1:5:0
08:30:39.040  RAW   x-rate-limit-ip: 8:10:60,15:60:120,60:300:1800
08:30:39.040  RAW   x-rate-limit-ip-state: 1:10:0,7:60:0,35:300:0
08:30:39.040  RAW   cf-cache-status: DYNAMIC
08:30:39.040  RAW   cf-ray: a1f8a33bb9ff5411-WAW
08:30:39.040  RESP  POST /api/trade/search/Standard → 200  5.457s  delay=7.875 min_gap=0.000 last=1784788239.040
08:30:39.040  PRE   GET /api/trade/fetch/6833a3eac745f51cfedb36aee94ff3ffd0aac13b5bb86220c40fab1e26e94856%2C6ef183203ebc4ba455132e333b40f7ccf5aa6e2435e8c4141385eabf27a8dd7c%2Cf9ad9772b10aece7001cd4abb138702c8dec46b92fe00bcddc790efe77bc38fc%2Cb2b00b81ba32684cc0d540da861a259f9e996dc7cc6c101999d7b26082944dc0%2C87339a4ca0990d51aa44e3d6daf103f92aced152930fa519859885258c299cc7  delay=7.875 min_gap=0.000 last=1784788239.040
08:30:39.040  ENF   delay=7.875 min_gap=0.000 jitter=2.946 gap=10.821 since_last=0.000 sleep=10.821
08:30:50.484  PARSE Account 6:4:10 → 0.500s/req pen=10s (used=1); Ip 12:4:60 → 0.208s/req pen=60s (used=1); Ip 16:12:60 → 0.516s/req pen=60s (used=2)  delay 7.875→1.516  min_gap→0  max_usage=0%
08:30:50.484  RAW   content-type: application/json
08:30:50.484  RAW   x-rate-limit-policy: trade-fetch-request-limit
08:30:50.484  RAW   x-rate-limit-rules: Account,Ip
08:30:50.484  RAW   x-rate-limit-account: 6:4:10
08:30:50.484  RAW   x-rate-limit-account-state: 1:4:0
08:30:50.484  RAW   x-rate-limit-ip: 12:4:60,16:12:60
08:30:50.484  RAW   x-rate-limit-ip-state: 1:4:0,2:12:0
08:30:50.484  RAW   cf-cache-status: DYNAMIC
08:30:50.484  RAW   cf-ray: a1f8a381a8d65411-WAW
08:30:50.484  RESP  GET /api/trade/fetch/6833a3eac745f51cfedb36aee94ff3ffd0aac13b5bb86220c40fab1e26e94856%2C6ef183203ebc4ba455132e333b40f7ccf5aa6e2435e8c4141385eabf27a8dd7c%2Cf9ad9772b10aece7001cd4abb138702c8dec46b92fe00bcddc790efe77bc38fc%2Cb2b00b81ba32684cc0d540da861a259f9e996dc7cc6c101999d7b26082944dc0%2C87339a4ca0990d51aa44e3d6daf103f92aced152930fa519859885258c299cc7 → 200  11.444s  delay=1.516 min_gap=0.000 last=1784788250.484
08:30:50.484  PRE   POST /api/trade/search/Standard  delay=1.516 min_gap=0.000 last=1784788250.484
08:30:50.484  ENF   delay=1.516 min_gap=0.000 jitter=3.099 gap=4.614 since_last=0.000 sleep=4.614
08:30:55.643  PARSE Account 3:5:60 → 1.667s/req pen=60s (used=1); Ip 8:10:60 → 0.859s/req pen=60s (used=1); Ip 15:60:120 → 5.200s/req pen=120s (used=8); Ip 60:300:1800 → 7.125s/req pen=1800s (used=37)  delay 1.516→8.125  min_gap→0  max_usage=62%
08:30:55.643  RAW   content-type: application/json
08:30:55.643  RAW   x-rate-limit-policy: trade-search-request-limit
08:30:55.643  RAW   x-rate-limit-rules: Account,Ip
08:30:55.643  RAW   x-rate-limit-account: 3:5:60
08:30:55.643  RAW   x-rate-limit-account-state: 1:5:0
08:30:55.643  RAW   x-rate-limit-ip: 8:10:60,15:60:120,60:300:1800
08:30:55.643  RAW   x-rate-limit-ip-state: 1:10:0,8:60:0,37:300:0
08:30:55.643  RAW   cf-cache-status: DYNAMIC
08:30:55.643  RAW   cf-ray: a1f8a3a26c7e5411-WAW
08:30:55.643  RESP  POST /api/trade/search/Standard → 200  5.159s  delay=8.125 min_gap=0.000 last=1784788255.644
08:30:55.643  PRE   GET /api/trade/fetch/87339a4ca0990d51aa44e3d6daf103f92aced152930fa519859885258c299cc7%2C756a43bfbbfac3baccb253489fa0d424c5057ad29635b8b8daa32f1e4b646a22%2C3d819699501335dbd26f71e4d7dd6991a24e7124bed594ef5dec07d9f5301190%2C60c87adaecb245c61b654a4668b2f71904e3b3d8ef997fbbf45372241f3d3aae%2C6f8a43f906f34c9f8dc0ab2b4c715a22aa002131919dcd6706945d77d47a747e  delay=8.125 min_gap=0.000 last=1784788255.644
08:30:55.643  ENF   delay=8.125 min_gap=0.000 jitter=3.160 gap=11.285 since_last=0.000 sleep=11.285
08:31:07.210  PARSE Account 6:4:10 → 0.500s/req pen=10s (used=1); Ip 12:4:60 → 0.208s/req pen=60s (used=1); Ip 16:12:60 → 0.516s/req pen=60s (used=2)  delay 8.125→1.516  min_gap→0  max_usage=0%
08:31:07.210  RAW   content-type: application/json
08:31:07.210  RAW   x-rate-limit-policy: trade-fetch-request-limit
08:31:07.210  RAW   x-rate-limit-rules: Account,Ip
08:31:07.210  RAW   x-rate-limit-account: 6:4:10
08:31:07.210  RAW   x-rate-limit-account-state: 1:4:0
08:31:07.210  RAW   x-rate-limit-ip: 12:4:60,16:12:60
08:31:07.210  RAW   x-rate-limit-ip-state: 1:4:0,2:12:0
08:31:07.210  RAW   cf-cache-status: DYNAMIC
08:31:07.210  RAW   cf-ray: a1f8a3ec5dc65411-WAW
08:31:07.210  RESP  GET /api/trade/fetch/87339a4ca0990d51aa44e3d6daf103f92aced152930fa519859885258c299cc7%2C756a43bfbbfac3baccb253489fa0d424c5057ad29635b8b8daa32f1e4b646a22%2C3d819699501335dbd26f71e4d7dd6991a24e7124bed594ef5dec07d9f5301190%2C60c87adaecb245c61b654a4668b2f71904e3b3d8ef997fbbf45372241f3d3aae%2C6f8a43f906f34c9f8dc0ab2b4c715a22aa002131919dcd6706945d77d47a747e → 200  11.567s  delay=1.516 min_gap=0.000 last=1784788267.210
08:31:07.230  PRE   POST /api/trade/search/Standard  delay=1.516 min_gap=0.000 last=1784788267.210
08:31:07.230  ENF   delay=1.516 min_gap=0.000 jitter=3.548 gap=5.064 since_last=0.020 sleep=5.043
08:31:12.662  PARSE Account 3:5:60 → 1.667s/req pen=60s (used=1); Ip 8:10:60 → 0.859s/req pen=60s (used=1); Ip 15:60:120 → 5.200s/req pen=120s (used=8); Ip 60:300:1800 → 6.375s/req pen=1800s (used=31)  delay 1.516→7.375  min_gap→0  max_usage=53%
08:31:12.662  RAW   content-type: application/json
08:31:12.662  RAW   x-rate-limit-policy: trade-search-request-limit
08:31:12.662  RAW   x-rate-limit-rules: Account,Ip
08:31:12.662  RAW   x-rate-limit-account: 3:5:60
08:31:12.662  RAW   x-rate-limit-account-state: 1:5:0
08:31:12.662  RAW   x-rate-limit-ip: 8:10:60,15:60:120,60:300:1800
08:31:12.662  RAW   x-rate-limit-ip-state: 1:10:0,8:60:0,31:300:0
08:31:12.662  RAW   cf-cache-status: DYNAMIC
08:31:12.662  RAW   cf-ray: a1f8a40dbafe5411-WAW
08:31:12.662  RESP  POST /api/trade/search/Standard → 200  5.431s  delay=7.375 min_gap=0.000 last=1784788272.662
08:31:12.662  PRE   GET /api/trade/fetch/12065e19839e27550b847ddb418c47ecd0cb002f57080c8883ba73f735bbcf96%2Cac3c9c4539271eb092ccfd7f32c6cbd789e1b398d2828143c2e9473618cfe8a6%2C103cf96f03f1260f3bc201989d47c1281bd43a7914c3de4de4bff9b9205ad34a%2C1d6d5d7e57803a877ae6d557de64d66c01529c6c1a4a2e95be819fb96f9baf6e%2C0e62f62d6f654fcc30465b80b914c4789a87d3eea73a44e5b4fdee15dba1a994  delay=7.375 min_gap=0.000 last=1784788272.662
08:31:12.662  ENF   delay=7.375 min_gap=0.000 jitter=2.862 gap=10.237 since_last=0.000 sleep=10.237
08:31:23.192  PARSE Account 6:4:10 → 0.500s/req pen=10s (used=1); Ip 12:4:60 → 0.208s/req pen=60s (used=1); Ip 16:12:60 → 0.516s/req pen=60s (used=2)  delay 7.375→1.516  min_gap→0  max_usage=0%
08:31:23.192  RAW   content-type: application/json
08:31:23.192  RAW   x-rate-limit-policy: trade-fetch-request-limit
08:31:23.192  RAW   x-rate-limit-rules: Account,Ip
08:31:23.192  RAW   x-rate-limit-account: 6:4:10
08:31:23.192  RAW   x-rate-limit-account-state: 1:4:0
08:31:23.192  RAW   x-rate-limit-ip: 12:4:60,16:12:60
08:31:23.192  RAW   x-rate-limit-ip-state: 1:4:0,2:12:0
08:31:23.192  RAW   cf-cache-status: DYNAMIC
08:31:23.192  RAW   cf-ray: a1f8a4502b885411-WAW
08:31:23.192  RESP  GET /api/trade/fetch/12065e19839e27550b847ddb418c47ecd0cb002f57080c8883ba73f735bbcf96%2Cac3c9c4539271eb092ccfd7f32c6cbd789e1b398d2828143c2e9473618cfe8a6%2C103cf96f03f1260f3bc201989d47c1281bd43a7914c3de4de4bff9b9205ad34a%2C1d6d5d7e57803a877ae6d557de64d66c01529c6c1a4a2e95be819fb96f9baf6e%2C0e62f62d6f654fcc30465b80b914c4789a87d3eea73a44e5b4fdee15dba1a994 → 200  10.530s  delay=1.516 min_gap=0.000 last=1784788283.192
08:31:23.192  PRE   POST /api/trade/search/Standard  delay=1.516 min_gap=0.000 last=1784788283.193
08:31:23.192  ENF   delay=1.516 min_gap=0.000 jitter=3.250 gap=4.766 since_last=0.000 sleep=4.766
08:31:28.447  PARSE Account 3:5:60 → 1.667s/req pen=60s (used=1); Ip 8:10:60 → 1.094s/req pen=60s (used=2); Ip 15:60:120 → 4.800s/req pen=120s (used=7); Ip 60:300:1800 → 6.625s/req pen=1800s (used=33)  delay 1.516→7.625  min_gap→0  max_usage=55%
08:31:28.447  RAW   content-type: application/json
08:31:28.447  RAW   x-rate-limit-policy: trade-search-request-limit
08:31:28.447  RAW   x-rate-limit-rules: Account,Ip
08:31:28.447  RAW   x-rate-limit-account: 3:5:60
08:31:28.447  RAW   x-rate-limit-account-state: 1:5:0
08:31:28.447  RAW   x-rate-limit-ip: 8:10:60,15:60:120,60:300:1800
08:31:28.447  RAW   x-rate-limit-ip-state: 2:10:0,7:60:0,33:300:0
08:31:28.447  RAW   cf-cache-status: DYNAMIC
08:31:28.447  RAW   cf-ray: a1f8a46fca485411-WAW
08:31:28.447  RESP  POST /api/trade/search/Standard → 200  5.255s  delay=7.625 min_gap=0.000 last=1784788288.448
08:31:28.447  PRE   GET /api/trade/fetch/1284040aa7c453d734e2952550685941f0d24cada65f8d8b5aaf9d6c63821bc4%2C932cf507e4da5f031d80ce77a96fb7cbe64a285ef7f07ff0fb52ae778f3525a3%2Cd3f3c41009e45ca2b3d3dbf54fac389a01fd78ec753c45125ca4697b75ae03c8%2C519cc297a74a0c7dbc4348c04ba02564989fdf1341564b6af7106febb550ac66%2C25094c569c19611de7f93b60dcbdc78a1358dc5d64aee7f7ef7e05c9f0f8df17  delay=7.625 min_gap=0.000 last=1784788288.448
08:31:28.447  ENF   delay=7.625 min_gap=0.000 jitter=2.882 gap=10.507 since_last=0.000 sleep=10.507
08:31:39.235  PARSE Account 6:4:10 → 0.500s/req pen=10s (used=1); Ip 12:4:60 → 0.208s/req pen=60s (used=1); Ip 16:12:60 → 0.516s/req pen=60s (used=2)  delay 7.625→1.516  min_gap→0  max_usage=0%
08:31:39.235  RAW   content-type: application/json
08:31:39.235  RAW   x-rate-limit-policy: trade-fetch-request-limit
08:31:39.235  RAW   x-rate-limit-rules: Account,Ip
08:31:39.235  RAW   x-rate-limit-account: 6:4:10
08:31:39.235  RAW   x-rate-limit-account-state: 1:4:0
08:31:39.235  RAW   x-rate-limit-ip: 12:4:60,16:12:60
08:31:39.235  RAW   x-rate-limit-ip-state: 1:4:0,2:12:0
08:31:39.235  RAW   cf-cache-status: DYNAMIC
08:31:39.235  RAW   cf-ray: a1f8a4b47d1e5411-WAW
08:31:39.235  RESP  GET /api/trade/fetch/1284040aa7c453d734e2952550685941f0d24cada65f8d8b5aaf9d6c63821bc4%2C932cf507e4da5f031d80ce77a96fb7cbe64a285ef7f07ff0fb52ae778f3525a3%2Cd3f3c41009e45ca2b3d3dbf54fac389a01fd78ec753c45125ca4697b75ae03c8%2C519cc297a74a0c7dbc4348c04ba02564989fdf1341564b6af7106febb550ac66%2C25094c569c19611de7f93b60dcbdc78a1358dc5d64aee7f7ef7e05c9f0f8df17 → 200  10.788s  delay=1.516 min_gap=0.000 last=1784788299.235
08:31:39.235  PRE   POST /api/trade/search/Standard  delay=1.516 min_gap=0.000 last=1784788299.235
08:31:39.235  ENF   delay=1.516 min_gap=0.000 jitter=3.639 gap=5.155 since_last=0.000 sleep=5.155
08:31:44.712  PARSE Account 3:5:60 → 1.667s/req pen=60s (used=1); Ip 8:10:60 → 1.094s/req pen=60s (used=2); Ip 15:60:120 → 5.200s/req pen=120s (used=8); Ip 60:300:1800 → 6.875s/req pen=1800s (used=35)  delay 1.516→7.875  min_gap→0  max_usage=58%
08:31:44.712  RAW   content-type: application/json
08:31:44.712  RAW   x-rate-limit-policy: trade-search-request-limit
08:31:44.712  RAW   x-rate-limit-rules: Account,Ip
08:31:44.712  RAW   x-rate-limit-account: 3:5:60
08:31:44.712  RAW   x-rate-limit-account-state: 1:5:0
08:31:44.712  RAW   x-rate-limit-ip: 8:10:60,15:60:120,60:300:1800
08:31:44.712  RAW   x-rate-limit-ip-state: 2:10:0,8:60:0,35:300:0
08:31:44.712  RAW   cf-cache-status: DYNAMIC
08:31:44.712  RAW   cf-ray: a1f8a4d67c1f5411-WAW
08:31:44.712  RESP  POST /api/trade/search/Standard → 200  5.476s  delay=7.875 min_gap=0.000 last=1784788304.712
08:31:44.712  PRE   GET /api/trade/fetch/35b12b16c4d6bdef1689039bda4b1d824c8c7bf69a832fc2cadec5835cb8f8bd%2Ca8977ce310853e808a40f8272ac7e88114f3f8dbf37fa51e9f4de7d0182d53e9%2Cb33cc1edaf2c22ee9d5afffc16daccb3b74eac4f5043edac278c4b030483f7ff%2Cac15b7abf6ef058fa2b975824c2c9d821c99c839ed4aa21f7cd4a7af12bda682%2C9e3e52391237be11477bfdef3351e23d39eb3699408f3536ec477c239f581371  delay=7.875 min_gap=0.000 last=1784788304.712
08:31:44.712  ENF   delay=7.875 min_gap=0.000 jitter=3.579 gap=11.454 since_last=0.000 sleep=11.454
08:31:56.625  PARSE Account 6:4:10 → 0.500s/req pen=10s (used=1); Ip 12:4:60 → 0.208s/req pen=60s (used=1); Ip 16:12:60 → 0.516s/req pen=60s (used=2)  delay 7.875→1.516  min_gap→0  max_usage=0%
08:31:56.625  RAW   content-type: application/json
08:31:56.625  RAW   x-rate-limit-policy: trade-fetch-request-limit
08:31:56.625  RAW   x-rate-limit-rules: Account,Ip
08:31:56.625  RAW   x-rate-limit-account: 6:4:10
08:31:56.625  RAW   x-rate-limit-account-state: 1:4:0
08:31:56.625  RAW   x-rate-limit-ip: 12:4:60,16:12:60
08:31:56.625  RAW   x-rate-limit-ip-state: 1:4:0,2:12:0
08:31:56.625  RAW   cf-cache-status: DYNAMIC
08:31:56.625  RAW   cf-ray: a1f8a52008905411-WAW
08:31:56.625  RESP  GET /api/trade/fetch/35b12b16c4d6bdef1689039bda4b1d824c8c7bf69a832fc2cadec5835cb8f8bd%2Ca8977ce310853e808a40f8272ac7e88114f3f8dbf37fa51e9f4de7d0182d53e9%2Cb33cc1edaf2c22ee9d5afffc16daccb3b74eac4f5043edac278c4b030483f7ff%2Cac15b7abf6ef058fa2b975824c2c9d821c99c839ed4aa21f7cd4a7af12bda682%2C9e3e52391237be11477bfdef3351e23d39eb3699408f3536ec477c239f581371 → 200  11.913s  delay=1.516 min_gap=0.000 last=1784788316.625
08:31:56.651  PRE   POST /api/trade/search/Standard  delay=1.516 min_gap=0.000 last=1784788316.625
08:31:56.652  ENF   delay=1.516 min_gap=0.000 jitter=4.851 gap=6.367 since_last=0.027 sleep=6.340
08:32:03.507  PARSE Account 3:5:60 → 1.667s/req pen=60s (used=1); Ip 8:10:60 → 0.859s/req pen=60s (used=1); Ip 15:60:120 → 4.400s/req pen=120s (used=6); Ip 60:300:1800 → 6.250s/req pen=1800s (used=30)  delay 1.516→7.250  min_gap→0  max_usage=50%
08:32:03.507  RAW   content-type: application/json
08:32:03.507  RAW   x-rate-limit-policy: trade-search-request-limit
08:32:03.507  RAW   x-rate-limit-rules: Account,Ip
08:32:03.507  RAW   x-rate-limit-account: 3:5:60
08:32:03.507  RAW   x-rate-limit-account-state: 1:5:0
08:32:03.507  RAW   x-rate-limit-ip: 8:10:60,15:60:120,60:300:1800
08:32:03.507  RAW   x-rate-limit-ip-state: 1:10:0,6:60:0,30:300:0
08:32:03.507  RAW   cf-cache-status: DYNAMIC
08:32:03.507  RAW   cf-ray: a1f8a54abad25411-WAW
08:32:03.507  RESP  POST /api/trade/search/Standard → 200  6.856s  delay=7.250 min_gap=0.000 last=1784788323.508
08:32:03.507  PRE   GET /api/trade/fetch/5213f066fa9aa9ab3329cdea2746a57f64902e18bab705704a0f29a79c65504f%2C671368ae1a14204d097be9d021caf4062d9a4f21f36962b8414ec4b1f0def9a7%2Ccc15b14f6f5a9dc230f0c572949476f63893fadffd1427eb106a2b9132928f99%2C89ba9ff421cb75df3be5e4368eff8fc0a4f9b6d8b603af10eea4120c44d2d12c%2C400062acd653b5d716065d852c0d520fcf15d2413cd8545c8ad8b565abc5f7ca  delay=7.250 min_gap=0.000 last=1784788323.508
08:32:03.507  ENF   delay=7.250 min_gap=0.000 jitter=2.665 gap=9.915 since_last=0.000 sleep=9.915
08:32:13.884  PARSE Account 6:4:10 → 0.500s/req pen=10s (used=1); Ip 12:4:60 → 0.208s/req pen=60s (used=1); Ip 16:12:60 → 0.516s/req pen=60s (used=2)  delay 7.250→1.516  min_gap→0  max_usage=0%
08:32:13.884  RAW   content-type: application/json
08:32:13.884  RAW   x-rate-limit-policy: trade-fetch-request-limit
08:32:13.884  RAW   x-rate-limit-rules: Account,Ip
08:32:13.884  RAW   x-rate-limit-account: 6:4:10
08:32:13.884  RAW   x-rate-limit-account-state: 1:4:0
08:32:13.884  RAW   x-rate-limit-ip: 12:4:60,16:12:60
08:32:13.884  RAW   x-rate-limit-ip-state: 1:4:0,2:12:0
08:32:13.884  RAW   cf-cache-status: DYNAMIC
08:32:13.884  RAW   cf-ray: a1f8a58beea85411-WAW
08:32:13.884  RESP  GET /api/trade/fetch/5213f066fa9aa9ab3329cdea2746a57f64902e18bab705704a0f29a79c65504f%2C671368ae1a14204d097be9d021caf4062d9a4f21f36962b8414ec4b1f0def9a7%2Ccc15b14f6f5a9dc230f0c572949476f63893fadffd1427eb106a2b9132928f99%2C89ba9ff421cb75df3be5e4368eff8fc0a4f9b6d8b603af10eea4120c44d2d12c%2C400062acd653b5d716065d852c0d520fcf15d2413cd8545c8ad8b565abc5f7ca → 200  10.376s  delay=1.516 min_gap=0.000 last=1784788333.884
08:32:13.884  PRE   POST /api/trade/search/Standard  delay=1.516 min_gap=0.000 last=1784788333.884
08:32:13.884  ENF   delay=1.516 min_gap=0.000 jitter=3.478 gap=4.993 since_last=0.000 sleep=4.993
08:32:19.493  PARSE Account 3:5:60 → 1.667s/req pen=60s (used=1); Ip 8:10:60 → 0.859s/req pen=60s (used=1); Ip 15:60:120 → 4.400s/req pen=120s (used=6); Ip 60:300:1800 → 6.500s/req pen=1800s (used=32)  delay 1.516→7.500  min_gap→0  max_usage=53%
08:32:19.493  RAW   content-type: application/json
08:32:19.493  RAW   x-rate-limit-policy: trade-search-request-limit
08:32:19.493  RAW   x-rate-limit-rules: Account,Ip
08:32:19.493  RAW   x-rate-limit-account: 3:5:60
08:32:19.493  RAW   x-rate-limit-account-state: 1:5:0
08:32:19.493  RAW   x-rate-limit-ip: 8:10:60,15:60:120,60:300:1800
08:32:19.493  RAW   x-rate-limit-ip-state: 1:10:0,6:60:0,32:300:0
08:32:19.493  RAW   cf-cache-status: DYNAMIC
08:32:19.493  RAW   cf-ray: a1f8a5ae0c815411-WAW
08:32:19.493  RESP  POST /api/trade/search/Standard → 200  5.609s  delay=7.500 min_gap=0.000 last=1784788339.494
08:32:19.493  PRE   GET /api/trade/fetch/1284040aa7c453d734e2952550685941f0d24cada65f8d8b5aaf9d6c63821bc4%2Cd3f3c41009e45ca2b3d3dbf54fac389a01fd78ec753c45125ca4697b75ae03c8%2C932cf507e4da5f031d80ce77a96fb7cbe64a285ef7f07ff0fb52ae778f3525a3%2C519cc297a74a0c7dbc4348c04ba02564989fdf1341564b6af7106febb550ac66%2C25094c569c19611de7f93b60dcbdc78a1358dc5d64aee7f7ef7e05c9f0f8df17  delay=7.500 min_gap=0.000 last=1784788339.494
08:32:19.494  ENF   delay=7.500 min_gap=0.000 jitter=3.362 gap=10.862 since_last=0.000 sleep=10.862
08:32:30.791  PARSE Account 6:4:10 → 0.500s/req pen=10s (used=1); Ip 12:4:60 → 0.208s/req pen=60s (used=1); Ip 16:12:60 → 0.516s/req pen=60s (used=2)  delay 7.500→1.516  min_gap→0  max_usage=0%
08:32:30.791  RAW   content-type: application/json
08:32:30.791  RAW   x-rate-limit-policy: trade-fetch-request-limit
08:32:30.791  RAW   x-rate-limit-rules: Account,Ip
08:32:30.791  RAW   x-rate-limit-account: 6:4:10
08:32:30.791  RAW   x-rate-limit-account-state: 1:4:0
08:32:30.791  RAW   x-rate-limit-ip: 12:4:60,16:12:60
08:32:30.791  RAW   x-rate-limit-ip-state: 1:4:0,2:12:0
08:32:30.791  RAW   cf-cache-status: DYNAMIC
08:32:30.791  RAW   cf-ray: a1f8a5f5bdfd5411-WAW
08:32:30.791  RESP  GET /api/trade/fetch/1284040aa7c453d734e2952550685941f0d24cada65f8d8b5aaf9d6c63821bc4%2Cd3f3c41009e45ca2b3d3dbf54fac389a01fd78ec753c45125ca4697b75ae03c8%2C932cf507e4da5f031d80ce77a96fb7cbe64a285ef7f07ff0fb52ae778f3525a3%2C519cc297a74a0c7dbc4348c04ba02564989fdf1341564b6af7106febb550ac66%2C25094c569c19611de7f93b60dcbdc78a1358dc5d64aee7f7ef7e05c9f0f8df17 → 200  11.297s  delay=1.516 min_gap=0.000 last=1784788350.792
08:32:30.791  PRE   POST /api/trade/search/Standard  delay=1.516 min_gap=0.000 last=1784788350.792
08:32:30.791  ENF   delay=1.516 min_gap=0.000 jitter=3.556 gap=5.071 since_last=0.000 sleep=5.071
08:32:36.643  PARSE Account 3:5:60 → 1.667s/req pen=60s (used=1); Ip 8:10:60 → 0.859s/req pen=60s (used=1); Ip 15:60:120 → 4.400s/req pen=120s (used=6); Ip 60:300:1800 → 6.750s/req pen=1800s (used=34)  delay 1.516→7.750  min_gap→0  max_usage=57%
08:32:36.643  RAW   content-type: application/json
08:32:36.643  RAW   x-rate-limit-policy: trade-search-request-limit
08:32:36.643  RAW   x-rate-limit-rules: Account,Ip
08:32:36.643  RAW   x-rate-limit-account: 3:5:60
08:32:36.643  RAW   x-rate-limit-account-state: 1:5:0
08:32:36.643  RAW   x-rate-limit-ip: 8:10:60,15:60:120,60:300:1800
08:32:36.643  RAW   x-rate-limit-ip-state: 1:10:0,6:60:0,34:300:0
08:32:36.643  RAW   cf-cache-status: DYNAMIC
08:32:36.643  RAW   cf-ray: a1f8a61828705411-WAW
08:32:36.643  RESP  POST /api/trade/search/Standard → 200  5.851s  delay=7.750 min_gap=0.000 last=1784788356.643
08:32:36.643  PRE   GET /api/trade/fetch/5931294d3cbab3c548712398e45ac660067aaf7989d3cff4f309c8a7bfac107e%2C400062acd653b5d716065d852c0d520fcf15d2413cd8545c8ad8b565abc5f7ca%2C81fdd01108c8a55df4766d92a72b948e1e2e9ff618b998bf7504b37b650bab09%2Cc10a25399f316798226387690f267927648ca5dd5e9cf7739b59d881057ce57e%2C8b4dcfdfd8b40bdbba2e73695332f74b444beb0c6a2aace018196e5aef3f75df  delay=7.750 min_gap=0.000 last=1784788356.643
08:32:36.643  ENF   delay=7.750 min_gap=0.000 jitter=3.554 gap=11.304 since_last=0.000 sleep=11.304
08:32:48.314  PARSE Account 6:4:10 → 0.500s/req pen=10s (used=1); Ip 12:4:60 → 0.208s/req pen=60s (used=1); Ip 16:12:60 → 0.516s/req pen=60s (used=2)  delay 7.750→1.516  min_gap→0  max_usage=0%
08:32:48.314  RAW   content-type: application/json
08:32:48.314  RAW   x-rate-limit-policy: trade-fetch-request-limit
08:32:48.314  RAW   x-rate-limit-rules: Account,Ip
08:32:48.314  RAW   x-rate-limit-account: 6:4:10
08:32:48.314  RAW   x-rate-limit-account-state: 1:4:0
08:32:48.314  RAW   x-rate-limit-ip: 12:4:60,16:12:60
08:32:48.314  RAW   x-rate-limit-ip-state: 1:4:0,2:12:0
08:32:48.314  RAW   cf-cache-status: DYNAMIC
08:32:48.314  RAW   cf-ray: a1f8a663bc615411-WAW
08:32:48.314  RESP  GET /api/trade/fetch/5931294d3cbab3c548712398e45ac660067aaf7989d3cff4f309c8a7bfac107e%2C400062acd653b5d716065d852c0d520fcf15d2413cd8545c8ad8b565abc5f7ca%2C81fdd01108c8a55df4766d92a72b948e1e2e9ff618b998bf7504b37b650bab09%2Cc10a25399f316798226387690f267927648ca5dd5e9cf7739b59d881057ce57e%2C8b4dcfdfd8b40bdbba2e73695332f74b444beb0c6a2aace018196e5aef3f75df → 200  11.671s  delay=1.516 min_gap=0.000 last=1784788368.314
08:32:48.341  PRE   POST /api/trade/search/Standard  delay=1.516 min_gap=0.000 last=1784788368.314
08:32:48.341  ENF   delay=1.516 min_gap=0.000 jitter=2.415 gap=3.930 since_last=0.027 sleep=3.903
08:32:52.826  PARSE Account 3:5:60 → 1.667s/req pen=60s (used=1); Ip 8:10:60 → 0.859s/req pen=60s (used=1); Ip 15:60:120 → 4.800s/req pen=120s (used=7); Ip 60:300:1800 → 7.000s/req pen=1800s (used=36)  delay 1.516→8.000  min_gap→0  max_usage=60%
08:32:52.826  RAW   content-type: application/json
08:32:52.826  RAW   x-rate-limit-policy: trade-search-request-limit
08:32:52.826  RAW   x-rate-limit-rules: Account,Ip
08:32:52.826  RAW   x-rate-limit-account: 3:5:60
08:32:52.826  RAW   x-rate-limit-account-state: 1:5:0
08:32:52.826  RAW   x-rate-limit-ip: 8:10:60,15:60:120,60:300:1800
08:32:52.826  RAW   x-rate-limit-ip-state: 1:10:0,7:60:0,36:300:0
08:32:52.826  RAW   cf-cache-status: DYNAMIC
08:32:52.826  RAW   cf-ray: a1f8a67e8ab05411-WAW
08:32:52.826  RESP  POST /api/trade/search/Standard → 200  4.485s  delay=8.000 min_gap=0.000 last=1784788372.827
08:32:52.826  PRE   GET /api/trade/fetch/b877cbda61209fdc3ec4386c7324bb935645ea1b99f12326974449a5b5ce89a2%2C2f968ec1631a6b7b3a54417e196d4a717724bd9d79878e52c327d37fd072c282%2Cf3e72be9497f7995c38152f9b616ee6c9536dcbf81423983f87b622b4f11b352%2Ceffef887bca25e070bedb726230e66ac77b426b67fe12a3d794d8d186b05f1ec%2C8cfa710c0385b496caf81ddadbfb0d8a91db12db240523656d70c90158abcbb5  delay=8.000 min_gap=0.000 last=1784788372.827
08:32:52.826  ENF   delay=8.000 min_gap=0.000 jitter=3.439 gap=11.439 since_last=0.000 sleep=11.439
08:33:04.948  PARSE Account 6:4:10 → 0.500s/req pen=10s (used=1); Ip 12:4:60 → 0.208s/req pen=60s (used=1); Ip 16:12:60 → 0.516s/req pen=60s (used=2)  delay 8.000→1.516  min_gap→0  max_usage=0%
08:33:04.948  RAW   content-type: application/json
08:33:04.949  RAW   x-rate-limit-policy: trade-fetch-request-limit
08:33:04.949  RAW   x-rate-limit-rules: Account,Ip
08:33:04.949  RAW   x-rate-limit-account: 6:4:10
08:33:04.949  RAW   x-rate-limit-account-state: 1:4:0
08:33:04.949  RAW   x-rate-limit-ip: 12:4:60,16:12:60
08:33:04.949  RAW   x-rate-limit-ip-state: 1:4:0,2:12:0
08:33:04.949  RAW   cf-cache-status: DYNAMIC
08:33:04.949  RAW   cf-ray: a1f8a6c9af015411-WAW
08:33:04.949  RESP  GET /api/trade/fetch/b877cbda61209fdc3ec4386c7324bb935645ea1b99f12326974449a5b5ce89a2%2C2f968ec1631a6b7b3a54417e196d4a717724bd9d79878e52c327d37fd072c282%2Cf3e72be9497f7995c38152f9b616ee6c9536dcbf81423983f87b622b4f11b352%2Ceffef887bca25e070bedb726230e66ac77b426b67fe12a3d794d8d186b05f1ec%2C8cfa710c0385b496caf81ddadbfb0d8a91db12db240523656d70c90158abcbb5 → 200  12.122s  delay=1.516 min_gap=0.000 last=1784788384.949
08:33:04.949  PRE   POST /api/trade/search/Standard  delay=1.516 min_gap=0.000 last=1784788384.949
08:33:04.949  ENF   delay=1.516 min_gap=0.000 jitter=2.833 gap=4.349 since_last=0.000 sleep=4.348
08:33:09.903  PARSE Account 3:5:60 → 1.667s/req pen=60s (used=1); Ip 8:10:60 → 1.094s/req pen=60s (used=2); Ip 15:60:120 → 4.800s/req pen=120s (used=7); Ip 60:300:1800 → 6.375s/req pen=1800s (used=31)  delay 1.516→7.375  min_gap→0  max_usage=52%
08:33:09.903  RAW   content-type: application/json
08:33:09.903  RAW   x-rate-limit-policy: trade-search-request-limit
08:33:09.903  RAW   x-rate-limit-rules: Account,Ip
08:33:09.903  RAW   x-rate-limit-account: 3:5:60
08:33:09.903  RAW   x-rate-limit-account-state: 1:5:0
08:33:09.903  RAW   x-rate-limit-ip: 8:10:60,15:60:120,60:300:1800
08:33:09.903  RAW   x-rate-limit-ip-state: 2:10:0,7:60:0,31:300:0
08:33:09.903  RAW   cf-cache-status: DYNAMIC
08:33:09.904  RAW   cf-ray: a1f8a6e92a455411-WAW
08:33:09.904  RESP  POST /api/trade/search/Standard → 200  4.954s  delay=7.375 min_gap=0.000 last=1784788389.904
08:33:09.904  PRE   GET /api/trade/fetch/1284040aa7c453d734e2952550685941f0d24cada65f8d8b5aaf9d6c63821bc4%2Cd3f3c41009e45ca2b3d3dbf54fac389a01fd78ec753c45125ca4697b75ae03c8%2C932cf507e4da5f031d80ce77a96fb7cbe64a285ef7f07ff0fb52ae778f3525a3%2Cc727382b38f6d9b53a0722de082a96777b51839f9f03acbb94e191a03a074363%2C25094c569c19611de7f93b60dcbdc78a1358dc5d64aee7f7ef7e05c9f0f8df17  delay=7.375 min_gap=0.000 last=1784788389.904
08:33:09.904  ENF   delay=7.375 min_gap=0.000 jitter=4.371 gap=11.746 since_last=0.000 sleep=11.746
08:33:22.048  PARSE Account 6:4:10 → 0.500s/req pen=10s (used=1); Ip 12:4:60 → 0.208s/req pen=60s (used=1); Ip 16:12:60 → 0.516s/req pen=60s (used=2)  delay 7.375→1.516  min_gap→0  max_usage=0%
08:33:22.048  RAW   content-type: application/json
08:33:22.048  RAW   x-rate-limit-policy: trade-fetch-request-limit
08:33:22.048  RAW   x-rate-limit-rules: Account,Ip
08:33:22.048  RAW   x-rate-limit-account: 6:4:10
08:33:22.048  RAW   x-rate-limit-account-state: 1:4:0
08:33:22.048  RAW   x-rate-limit-ip: 12:4:60,16:12:60
08:33:22.048  RAW   x-rate-limit-ip-state: 1:4:0,2:12:0
08:33:22.048  RAW   cf-cache-status: DYNAMIC
08:33:22.048  RAW   cf-ray: a1f8a7365a2f5411-WAW
08:33:22.048  RESP  GET /api/trade/fetch/1284040aa7c453d734e2952550685941f0d24cada65f8d8b5aaf9d6c63821bc4%2Cd3f3c41009e45ca2b3d3dbf54fac389a01fd78ec753c45125ca4697b75ae03c8%2C932cf507e4da5f031d80ce77a96fb7cbe64a285ef7f07ff0fb52ae778f3525a3%2Cc727382b38f6d9b53a0722de082a96777b51839f9f03acbb94e191a03a074363%2C25094c569c19611de7f93b60dcbdc78a1358dc5d64aee7f7ef7e05c9f0f8df17 → 200  12.144s  delay=1.516 min_gap=0.000 last=1784788402.049
08:33:22.048  PRE   POST /api/trade/search/Standard  delay=1.516 min_gap=0.000 last=1784788402.049
08:33:22.048  ENF   delay=1.516 min_gap=0.000 jitter=3.073 gap=4.589 since_last=0.000 sleep=4.589
08:33:27.012  PARSE Account 3:5:60 → 1.667s/req pen=60s (used=1); Ip 8:10:60 → 0.859s/req pen=60s (used=1); Ip 15:60:120 → 4.800s/req pen=120s (used=7); Ip 60:300:1800 → 6.625s/req pen=1800s (used=33)  delay 1.516→7.625  min_gap→0  max_usage=55%
08:33:27.012  RAW   content-type: application/json
08:33:27.012  RAW   x-rate-limit-policy: trade-search-request-limit
08:33:27.012  RAW   x-rate-limit-rules: Account,Ip
08:33:27.012  RAW   x-rate-limit-account: 3:5:60
08:33:27.012  RAW   x-rate-limit-account-state: 1:5:0
08:33:27.012  RAW   x-rate-limit-ip: 8:10:60,15:60:120,60:300:1800
08:33:27.012  RAW   x-rate-limit-ip-state: 1:10:0,7:60:0,33:300:0
08:33:27.012  RAW   cf-cache-status: DYNAMIC
08:33:27.012  RAW   cf-ray: a1f8a75589035411-WAW
08:33:27.012  RESP  POST /api/trade/search/Standard → 200  4.963s  delay=7.625 min_gap=0.000 last=1784788407.012
08:33:27.012  PRE   GET /api/trade/fetch/8cfa710c0385b496caf81ddadbfb0d8a91db12db240523656d70c90158abcbb5%2Cda1ce715ec9fbc32990ed16f362a330ec5b41d06c5cb9eab8f6c57d7c2b8a11d%2C141ca37cb2a4bf72c523c48466a6c27810999668af392bf46bee8497bd0c39a9%2C259cf4ffe8a6804425badb921c1acbbe0454a9a0dd72583668cfda3366f80325%2C5bd84adfc81809f81ab257562f63cff494cea3ff5a5efb15214df85a7b773a34  delay=7.625 min_gap=0.000 last=1784788407.012
08:33:27.012  ENF   delay=7.625 min_gap=0.000 jitter=4.103 gap=11.728 since_last=0.000 sleep=11.728
08:33:39.082  PARSE Account 6:4:10 → 0.500s/req pen=10s (used=1); Ip 12:4:60 → 0.208s/req pen=60s (used=1); Ip 16:12:60 → 0.516s/req pen=60s (used=2)  delay 7.625→1.516  min_gap→0  max_usage=0%
08:33:39.082  RAW   content-type: application/json
08:33:39.082  RAW   x-rate-limit-policy: trade-fetch-request-limit
08:33:39.082  RAW   x-rate-limit-rules: Account,Ip
08:33:39.082  RAW   x-rate-limit-account: 6:4:10
08:33:39.082  RAW   x-rate-limit-account-state: 1:4:0
08:33:39.082  RAW   x-rate-limit-ip: 12:4:60,16:12:60
08:33:39.082  RAW   x-rate-limit-ip-state: 1:4:0,2:12:0
08:33:39.082  RAW   cf-cache-status: DYNAMIC
08:33:39.082  RAW   cf-ray: a1f8a7a1289c5411-WAW
08:33:39.082  RESP  GET /api/trade/fetch/8cfa710c0385b496caf81ddadbfb0d8a91db12db240523656d70c90158abcbb5%2Cda1ce715ec9fbc32990ed16f362a330ec5b41d06c5cb9eab8f6c57d7c2b8a11d%2C141ca37cb2a4bf72c523c48466a6c27810999668af392bf46bee8497bd0c39a9%2C259cf4ffe8a6804425badb921c1acbbe0454a9a0dd72583668cfda3366f80325%2C5bd84adfc81809f81ab257562f63cff494cea3ff5a5efb15214df85a7b773a34 → 200  12.070s  delay=1.516 min_gap=0.000 last=1784788419.082
08:33:39.107  PRE   POST /api/trade/search/Standard  delay=1.516 min_gap=0.000 last=1784788419.082
08:33:39.108  ENF   delay=1.516 min_gap=0.000 jitter=3.990 gap=5.506 since_last=0.026 sleep=5.480
08:33:44.972  PARSE Account 3:5:60 → 1.667s/req pen=60s (used=1); Ip 8:10:60 → 0.859s/req pen=60s (used=1); Ip 15:60:120 → 4.800s/req pen=120s (used=7); Ip 60:300:1800 → 6.875s/req pen=1800s (used=35)  delay 1.516→7.875  min_gap→0  max_usage=58%
08:33:44.972  RAW   content-type: application/json
08:33:44.972  RAW   x-rate-limit-policy: trade-search-request-limit
08:33:44.972  RAW   x-rate-limit-rules: Account,Ip
08:33:44.972  RAW   x-rate-limit-account: 3:5:60
08:33:44.972  RAW   x-rate-limit-account-state: 1:5:0
08:33:44.972  RAW   x-rate-limit-ip: 8:10:60,15:60:120,60:300:1800
08:33:44.972  RAW   x-rate-limit-ip-state: 1:10:0,7:60:0,35:300:0
08:33:44.972  RAW   cf-cache-status: DYNAMIC
08:33:44.972  RAW   cf-ray: a1f8a7c5b8f45411-WAW
08:33:44.972  RESP  POST /api/trade/search/Standard → 200  5.864s  delay=7.875 min_gap=0.000 last=1784788424.972
08:33:44.972  PRE   GET /api/trade/fetch/b15520fc132785485c9fd3a9ea9e74193d562e3accd2e14af97c8cc8b6214a2f%2C815378d1a70335f7dcb4924176bb2309a36b4eeb9241d31308671ba87c63ff1c%2C78525a30d58b4a4c1aa778106d3f5890ebc8a47923f4367d949684ab3abbfdb9%2C2c71bede8f778011859533947ee7e309e54fcf9ecc809ea8d1011f067783a6ac%2C2d81c57211934f2cbdc064e96f5ae25e27664674205eaff69cd75a36dd40ca33  delay=7.875 min_gap=0.000 last=1784788424.972
08:33:44.972  ENF   delay=7.875 min_gap=0.000 jitter=3.170 gap=11.045 since_last=0.000 sleep=11.045
08:33:56.353  PARSE Account 6:4:10 → 0.500s/req pen=10s (used=1); Ip 12:4:60 → 0.208s/req pen=60s (used=1); Ip 16:12:60 → 0.516s/req pen=60s (used=2)  delay 7.875→1.516  min_gap→0  max_usage=0%
08:33:56.353  RAW   content-type: application/json
08:33:56.353  RAW   x-rate-limit-policy: trade-fetch-request-limit
08:33:56.353  RAW   x-rate-limit-rules: Account,Ip
08:33:56.354  RAW   x-rate-limit-account: 6:4:10
08:33:56.354  RAW   x-rate-limit-account-state: 1:4:0
08:33:56.354  RAW   x-rate-limit-ip: 12:4:60,16:12:60
08:33:56.354  RAW   x-rate-limit-ip-state: 1:4:0,2:12:0
08:33:56.354  RAW   cf-cache-status: DYNAMIC
08:33:56.354  RAW   cf-ray: a1f8a80d2b525411-WAW
08:33:56.354  RESP  GET /api/trade/fetch/b15520fc132785485c9fd3a9ea9e74193d562e3accd2e14af97c8cc8b6214a2f%2C815378d1a70335f7dcb4924176bb2309a36b4eeb9241d31308671ba87c63ff1c%2C78525a30d58b4a4c1aa778106d3f5890ebc8a47923f4367d949684ab3abbfdb9%2C2c71bede8f778011859533947ee7e309e54fcf9ecc809ea8d1011f067783a6ac%2C2d81c57211934f2cbdc064e96f5ae25e27664674205eaff69cd75a36dd40ca33 → 200  11.381s  delay=1.516 min_gap=0.000 last=1784788436.354
08:33:56.354  PRE   POST /api/trade/search/Standard  delay=1.516 min_gap=0.000 last=1784788436.354
08:33:56.354  ENF   delay=1.516 min_gap=0.000 jitter=2.084 gap=3.599 since_last=0.000 sleep=3.599
08:34:00.365  PARSE Account 3:5:60 → 1.667s/req pen=60s (used=1); Ip 8:10:60 → 0.859s/req pen=60s (used=1); Ip 15:60:120 → 4.400s/req pen=120s (used=6); Ip 60:300:1800 → 6.250s/req pen=1800s (used=30)  delay 1.516→7.250  min_gap→0  max_usage=50%
08:34:00.365  RAW   content-type: application/json
08:34:00.365  RAW   x-rate-limit-policy: trade-search-request-limit
08:34:00.365  RAW   x-rate-limit-rules: Account,Ip
08:34:00.365  RAW   x-rate-limit-account: 3:5:60
08:34:00.365  RAW   x-rate-limit-account-state: 1:5:0
08:34:00.366  RAW   x-rate-limit-ip: 8:10:60,15:60:120,60:300:1800
08:34:00.366  RAW   x-rate-limit-ip-state: 1:10:0,6:60:0,30:300:0
08:34:00.366  RAW   cf-cache-status: DYNAMIC
08:34:00.366  RAW   cf-ray: a1f8a825bf1d5411-WAW
08:34:00.366  RESP  POST /api/trade/search/Standard → 200  4.012s  delay=7.250 min_gap=0.000 last=1784788440.366
08:34:00.366  PRE   GET /api/trade/fetch/1284040aa7c453d734e2952550685941f0d24cada65f8d8b5aaf9d6c63821bc4%2Cd3f3c41009e45ca2b3d3dbf54fac389a01fd78ec753c45125ca4697b75ae03c8%2C932cf507e4da5f031d80ce77a96fb7cbe64a285ef7f07ff0fb52ae778f3525a3%2Cc727382b38f6d9b53a0722de082a96777b51839f9f03acbb94e191a03a074363%2Cab908941bd64a02ae850a56ef50ec208f8020c9ae3988d9657fd73fa8aec2e0a  delay=7.250 min_gap=0.000 last=1784788440.366
08:34:00.366  ENF   delay=7.250 min_gap=0.000 jitter=3.863 gap=11.113 since_last=0.000 sleep=11.113
08:34:11.901  PARSE Account 6:4:10 → 0.500s/req pen=10s (used=1); Ip 12:4:60 → 0.208s/req pen=60s (used=1); Ip 16:12:60 → 0.516s/req pen=60s (used=2)  delay 7.250→1.516  min_gap→0  max_usage=0%
08:34:11.901  RAW   content-type: application/json
08:34:11.901  RAW   x-rate-limit-policy: trade-fetch-request-limit
08:34:11.901  RAW   x-rate-limit-rules: Account,Ip
08:34:11.901  RAW   x-rate-limit-account: 6:4:10
08:34:11.901  RAW   x-rate-limit-account-state: 1:4:0
08:34:11.901  RAW   x-rate-limit-ip: 12:4:60,16:12:60
08:34:11.901  RAW   x-rate-limit-ip-state: 1:4:0,2:12:0
08:34:11.901  RAW   cf-cache-status: DYNAMIC
08:34:11.901  RAW   cf-ray: a1f8a86dcbbe5411-WAW
08:34:11.901  RESP  GET /api/trade/fetch/1284040aa7c453d734e2952550685941f0d24cada65f8d8b5aaf9d6c63821bc4%2Cd3f3c41009e45ca2b3d3dbf54fac389a01fd78ec753c45125ca4697b75ae03c8%2C932cf507e4da5f031d80ce77a96fb7cbe64a285ef7f07ff0fb52ae778f3525a3%2Cc727382b38f6d9b53a0722de082a96777b51839f9f03acbb94e191a03a074363%2Cab908941bd64a02ae850a56ef50ec208f8020c9ae3988d9657fd73fa8aec2e0a → 200  11.535s  delay=1.516 min_gap=0.000 last=1784788451.901
08:34:11.901  PRE   POST /api/trade/search/Standard  delay=1.516 min_gap=0.000 last=1784788451.901
08:34:11.901  ENF   delay=1.516 min_gap=0.000 jitter=2.380 gap=3.895 since_last=0.000 sleep=3.895
08:34:16.207  PARSE Account 3:5:60 → 1.667s/req pen=60s (used=1); Ip 8:10:60 → 0.859s/req pen=60s (used=1); Ip 15:60:120 → 4.400s/req pen=120s (used=6); Ip 60:300:1800 → 6.500s/req pen=1800s (used=32)  delay 1.516→7.500  min_gap→0  max_usage=53%
08:34:16.207  RAW   content-type: application/json
08:34:16.207  RAW   x-rate-limit-policy: trade-search-request-limit
08:34:16.207  RAW   x-rate-limit-rules: Account,Ip
08:34:16.207  RAW   x-rate-limit-account: 3:5:60
08:34:16.207  RAW   x-rate-limit-account-state: 1:5:0
08:34:16.207  RAW   x-rate-limit-ip: 8:10:60,15:60:120,60:300:1800
08:34:16.207  RAW   x-rate-limit-ip-state: 1:10:0,6:60:0,32:300:0
08:34:16.207  RAW   cf-cache-status: DYNAMIC
08:34:16.207  RAW   cf-ray: a1f8a888cd7d5411-WAW
08:34:16.207  RESP  POST /api/trade/search/Standard → 200  4.305s  delay=7.500 min_gap=0.000 last=1784788456.207
08:34:16.207  PRE   GET /api/trade/fetch/b15520fc132785485c9fd3a9ea9e74193d562e3accd2e14af97c8cc8b6214a2f%2C78525a30d58b4a4c1aa778106d3f5890ebc8a47923f4367d949684ab3abbfdb9%2C815378d1a70335f7dcb4924176bb2309a36b4eeb9241d31308671ba87c63ff1c%2C2c71bede8f778011859533947ee7e309e54fcf9ecc809ea8d1011f067783a6ac%2C32e39d237cb99cf577963e306ae9097fdef28133f4fed27ba04a3048e7f9bafb  delay=7.500 min_gap=0.000 last=1784788456.207
08:34:16.207  ENF   delay=7.500 min_gap=0.000 jitter=2.036 gap=9.536 since_last=0.000 sleep=9.536
08:34:26.047  PARSE Account 6:4:10 → 0.500s/req pen=10s (used=1); Ip 12:4:60 → 0.208s/req pen=60s (used=1); Ip 16:12:60 → 0.516s/req pen=60s (used=2)  delay 7.500→1.516  min_gap→0  max_usage=0%
08:34:26.047  RAW   content-type: application/json
08:34:26.047  RAW   x-rate-limit-policy: trade-fetch-request-limit
08:34:26.047  RAW   x-rate-limit-rules: Account,Ip
08:34:26.047  RAW   x-rate-limit-account: 6:4:10
08:34:26.047  RAW   x-rate-limit-account-state: 1:4:0
08:34:26.047  RAW   x-rate-limit-ip: 12:4:60,16:12:60
08:34:26.047  RAW   x-rate-limit-ip-state: 1:4:0,2:12:0
08:34:26.047  RAW   cf-cache-status: DYNAMIC
08:34:26.047  RAW   cf-ray: a1f8a8c6eec55411-WAW
08:34:26.047  RESP  GET /api/trade/fetch/b15520fc132785485c9fd3a9ea9e74193d562e3accd2e14af97c8cc8b6214a2f%2C78525a30d58b4a4c1aa778106d3f5890ebc8a47923f4367d949684ab3abbfdb9%2C815378d1a70335f7dcb4924176bb2309a36b4eeb9241d31308671ba87c63ff1c%2C2c71bede8f778011859533947ee7e309e54fcf9ecc809ea8d1011f067783a6ac%2C32e39d237cb99cf577963e306ae9097fdef28133f4fed27ba04a3048e7f9bafb → 200  9.840s  delay=1.516 min_gap=0.000 last=1784788466.047
08:34:26.072  PRE   POST /api/trade/search/Standard  delay=1.516 min_gap=0.000 last=1784788466.047
08:34:26.072  ENF   delay=1.516 min_gap=0.000 jitter=2.706 gap=4.222 since_last=0.025 sleep=4.196
08:34:30.805  PARSE Account 3:5:60 → 1.667s/req pen=60s (used=1); Ip 8:10:60 → 0.859s/req pen=60s (used=1); Ip 15:60:120 → 4.400s/req pen=120s (used=6); Ip 60:300:1800 → 6.750s/req pen=1800s (used=34)  delay 1.516→7.750  min_gap→0  max_usage=57%
08:34:30.806  RAW   content-type: application/json
08:34:30.806  RAW   x-rate-limit-policy: trade-search-request-limit
08:34:30.806  RAW   x-rate-limit-rules: Account,Ip
08:34:30.806  RAW   x-rate-limit-account: 3:5:60
08:34:30.806  RAW   x-rate-limit-account-state: 1:5:0
08:34:30.806  RAW   x-rate-limit-ip: 8:10:60,15:60:120,60:300:1800
08:34:30.806  RAW   x-rate-limit-ip-state: 1:10:0,6:60:0,34:300:0
08:34:30.806  RAW   cf-cache-status: DYNAMIC
08:34:30.806  RAW   cf-ray: a1f8a8e33aaf5411-WAW
08:34:30.806  RESP  POST /api/trade/search/Standard → 200  4.733s  delay=7.750 min_gap=0.000 last=1784788470.806
08:34:30.806  PRE   GET /api/trade/fetch/fc874e39f3e63e916722ebf22bcb103acf8de1ef8d5250100f0c0924beda0a5f%2C585dc4a231946b9f6204a8d0763cacee923b920c6bbfbc47f0bbe35dd33c39c0%2Cd108b9cb621f3279ecc341772b3871c202170914d637950b173dca7f5648b777%2C406fd772cfda43810d07cac661b056018d66b12bc8cefb81958eb71a8917c023%2Cc9cb5f968a40b52f3001594e9b69b71e191284e101363ebc84a992e62fbb61f0  delay=7.750 min_gap=0.000 last=1784788470.806
08:34:30.806  ENF   delay=7.750 min_gap=0.000 jitter=4.565 gap=12.315 since_last=0.000 sleep=12.314
08:34:43.402  PARSE Account 6:4:10 → 0.500s/req pen=10s (used=1); Ip 12:4:60 → 0.208s/req pen=60s (used=1); Ip 16:12:60 → 0.516s/req pen=60s (used=2)  delay 7.750→1.516  min_gap→0  max_usage=0%
08:34:43.402  RAW   content-type: application/json
08:34:43.402  RAW   x-rate-limit-policy: trade-fetch-request-limit
08:34:43.402  RAW   x-rate-limit-rules: Account,Ip
08:34:43.402  RAW   x-rate-limit-account: 6:4:10
08:34:43.402  RAW   x-rate-limit-account-state: 1:4:0
08:34:43.402  RAW   x-rate-limit-ip: 12:4:60,16:12:60
08:34:43.402  RAW   x-rate-limit-ip-state: 1:4:0,2:12:0
08:34:43.403  RAW   cf-cache-status: DYNAMIC
08:34:43.403  RAW   cf-ray: a1f8a9338bb85411-WAW
08:34:43.403  RESP  GET /api/trade/fetch/fc874e39f3e63e916722ebf22bcb103acf8de1ef8d5250100f0c0924beda0a5f%2C585dc4a231946b9f6204a8d0763cacee923b920c6bbfbc47f0bbe35dd33c39c0%2Cd108b9cb621f3279ecc341772b3871c202170914d637950b173dca7f5648b777%2C406fd772cfda43810d07cac661b056018d66b12bc8cefb81958eb71a8917c023%2Cc9cb5f968a40b52f3001594e9b69b71e191284e101363ebc84a992e62fbb61f0 → 200  12.597s  delay=1.516 min_gap=0.000 last=1784788483.403
08:34:43.403  PRE   POST /api/trade/search/Standard  delay=1.516 min_gap=0.000 last=1784788483.403
08:34:43.403  ENF   delay=1.516 min_gap=0.000 jitter=2.396 gap=3.912 since_last=0.000 sleep=3.912
08:34:47.701  PARSE Account 3:5:60 → 1.667s/req pen=60s (used=1); Ip 8:10:60 → 1.094s/req pen=60s (used=2); Ip 15:60:120 → 4.800s/req pen=120s (used=7); Ip 60:300:1800 → 7.000s/req pen=1800s (used=36)  delay 1.516→8.000  min_gap→0  max_usage=60%
08:34:47.701  RAW   content-type: application/json
08:34:47.701  RAW   x-rate-limit-policy: trade-search-request-limit
08:34:47.701  RAW   x-rate-limit-rules: Account,Ip
08:34:47.701  RAW   x-rate-limit-account: 3:5:60
08:34:47.701  RAW   x-rate-limit-account-state: 1:5:0
08:34:47.701  RAW   x-rate-limit-ip: 8:10:60,15:60:120,60:300:1800
08:34:47.701  RAW   x-rate-limit-ip-state: 2:10:0,7:60:0,36:300:0
08:34:47.701  RAW   cf-cache-status: DYNAMIC
08:34:47.701  RAW   cf-ray: a1f8a94dbbad5411-WAW
08:34:47.701  RESP  POST /api/trade/search/Standard → 200  4.298s  delay=8.000 min_gap=0.000 last=1784788487.702
08:34:47.701  PRE   GET /api/trade/fetch/1284040aa7c453d734e2952550685941f0d24cada65f8d8b5aaf9d6c63821bc4%2C932cf507e4da5f031d80ce77a96fb7cbe64a285ef7f07ff0fb52ae778f3525a3%2Cd3f3c41009e45ca2b3d3dbf54fac389a01fd78ec753c45125ca4697b75ae03c8%2Cab908941bd64a02ae850a56ef50ec208f8020c9ae3988d9657fd73fa8aec2e0a%2C25094c569c19611de7f93b60dcbdc78a1358dc5d64aee7f7ef7e05c9f0f8df17  delay=8.000 min_gap=0.000 last=1784788487.702
08:34:47.701  ENF   delay=8.000 min_gap=0.000 jitter=3.214 gap=11.214 since_last=0.000 sleep=11.214
08:34:59.215  PARSE Account 6:4:10 → 0.500s/req pen=10s (used=1); Ip 12:4:60 → 0.208s/req pen=60s (used=1); Ip 16:12:60 → 0.516s/req pen=60s (used=2)  delay 8.000→1.516  min_gap→0  max_usage=0%
08:34:59.216  RAW   content-type: application/json
08:34:59.216  RAW   x-rate-limit-policy: trade-fetch-request-limit
08:34:59.216  RAW   x-rate-limit-rules: Account,Ip
08:34:59.216  RAW   x-rate-limit-account: 6:4:10
08:34:59.216  RAW   x-rate-limit-account-state: 1:4:0
08:34:59.216  RAW   x-rate-limit-ip: 12:4:60,16:12:60
08:34:59.216  RAW   x-rate-limit-ip-state: 1:4:0,2:12:0
08:34:59.216  RAW   cf-cache-status: DYNAMIC
08:34:59.216  RAW   cf-ray: a1f8a996394a5411-WAW
08:34:59.216  RESP  GET /api/trade/fetch/1284040aa7c453d734e2952550685941f0d24cada65f8d8b5aaf9d6c63821bc4%2C932cf507e4da5f031d80ce77a96fb7cbe64a285ef7f07ff0fb52ae778f3525a3%2Cd3f3c41009e45ca2b3d3dbf54fac389a01fd78ec753c45125ca4697b75ae03c8%2Cab908941bd64a02ae850a56ef50ec208f8020c9ae3988d9657fd73fa8aec2e0a%2C25094c569c19611de7f93b60dcbdc78a1358dc5d64aee7f7ef7e05c9f0f8df17 → 200  11.514s  delay=1.516 min_gap=0.000 last=1784788499.216
08:34:59.216  PRE   POST /api/trade/search/Standard  delay=1.516 min_gap=0.000 last=1784788499.216
08:34:59.216  ENF   delay=1.516 min_gap=0.000 jitter=2.735 gap=4.251 since_last=0.000 sleep=4.251
08:35:03.915  PARSE Account 3:5:60 → 1.667s/req pen=60s (used=1); Ip 8:10:60 → 1.094s/req pen=60s (used=2); Ip 15:60:120 → 4.800s/req pen=120s (used=7); Ip 60:300:1800 → 6.250s/req pen=1800s (used=30)  delay 1.516→7.250  min_gap→0  max_usage=50%
08:35:03.915  RAW   content-type: application/json
08:35:03.915  RAW   x-rate-limit-policy: trade-search-request-limit
08:35:03.915  RAW   x-rate-limit-rules: Account,Ip
08:35:03.915  RAW   x-rate-limit-account: 3:5:60
08:35:03.915  RAW   x-rate-limit-account-state: 1:5:0
08:35:03.915  RAW   x-rate-limit-ip: 8:10:60,15:60:120,60:300:1800
08:35:03.915  RAW   x-rate-limit-ip-state: 2:10:0,7:60:0,30:300:0
08:35:03.915  RAW   cf-cache-status: DYNAMIC
08:35:03.915  RAW   cf-ray: a1f8a9b2bcbf5411-WAW
08:35:03.915  RESP  POST /api/trade/search/Standard → 200  4.699s  delay=7.250 min_gap=0.000 last=1784788503.916
08:35:03.915  PRE   GET /api/trade/fetch/587498f53cb864970f592d47ecc067ea2d014a14ac96856154e883a56158e510%2C895509329dbab9ab9333e81cb63c2cccb4194f9fc0c0badf84a4f9795089f86e%2C91a59d7499c6378bb3d31eda1998b6972dc695367bf23a8e40d0cb585a9a4c4b%2C1271beb124eef7f9fb99b83e21c294e7bccef958cd0a17c295e911de1015d8ed%2Cae4c306191b966feaea123eb4c4c9aba5d411b613f9ca0069b56e6ca08dcd9ec  delay=7.250 min_gap=0.000 last=1784788503.916
08:35:03.915  ENF   delay=7.250 min_gap=0.000 jitter=4.810 gap=12.060 since_last=0.000 sleep=12.060
08:35:16.598  PARSE Account 6:4:10 → 0.500s/req pen=10s (used=1); Ip 12:4:60 → 0.208s/req pen=60s (used=1); Ip 16:12:60 → 0.516s/req pen=60s (used=2)  delay 7.250→1.516  min_gap→0  max_usage=0%
08:35:16.598  RAW   content-type: application/json
08:35:16.598  RAW   x-rate-limit-policy: trade-fetch-request-limit
08:35:16.598  RAW   x-rate-limit-rules: Account,Ip
08:35:16.598  RAW   x-rate-limit-account: 6:4:10
08:35:16.598  RAW   x-rate-limit-account-state: 1:4:0
08:35:16.598  RAW   x-rate-limit-ip: 12:4:60,16:12:60
08:35:16.598  RAW   x-rate-limit-ip-state: 1:4:0,2:12:0
08:35:16.598  RAW   cf-cache-status: DYNAMIC
08:35:16.598  RAW   cf-ray: a1f8aa00dc1c5411-WAW
08:35:16.598  RESP  GET /api/trade/fetch/587498f53cb864970f592d47ecc067ea2d014a14ac96856154e883a56158e510%2C895509329dbab9ab9333e81cb63c2cccb4194f9fc0c0badf84a4f9795089f86e%2C91a59d7499c6378bb3d31eda1998b6972dc695367bf23a8e40d0cb585a9a4c4b%2C1271beb124eef7f9fb99b83e21c294e7bccef958cd0a17c295e911de1015d8ed%2Cae4c306191b966feaea123eb4c4c9aba5d411b613f9ca0069b56e6ca08dcd9ec → 200  12.682s  delay=1.516 min_gap=0.000 last=1784788516.598
08:35:16.625  PRE   POST /api/trade/search/Standard  delay=1.516 min_gap=0.000 last=1784788516.598
08:35:16.625  ENF   delay=1.516 min_gap=0.000 jitter=2.986 gap=4.502 since_last=0.027 sleep=4.475
08:35:21.834  PARSE Account 3:5:60 → 1.667s/req pen=60s (used=1); Ip 8:10:60 → 1.094s/req pen=60s (used=2); Ip 15:60:120 → 4.800s/req pen=120s (used=7); Ip 60:300:1800 → 6.500s/req pen=1800s (used=32)  delay 1.516→7.500  min_gap→0  max_usage=53%
08:35:21.834  RAW   content-type: application/json
08:35:21.834  RAW   x-rate-limit-policy: trade-search-request-limit
08:35:21.834  RAW   x-rate-limit-rules: Account,Ip
08:35:21.834  RAW   x-rate-limit-account: 3:5:60
08:35:21.834  RAW   x-rate-limit-account-state: 1:5:0
08:35:21.834  RAW   x-rate-limit-ip: 8:10:60,15:60:120,60:300:1800
08:35:21.834  RAW   x-rate-limit-ip-state: 2:10:0,7:60:0,32:300:0
08:35:21.834  RAW   cf-cache-status: DYNAMIC
08:35:21.834  RAW   cf-ray: a1f8aa20edc15411-WAW
08:35:21.834  RESP  POST /api/trade/search/Standard → 200  5.209s  delay=7.500 min_gap=0.000 last=1784788521.835
08:35:21.834  PRE   GET /api/trade/fetch/1f361ae570d67f26764f634646a3284861be5888b6a2963d99b6b60912e30be6%2Cc776ff91faa5d9a4b576641915cc840d52fc665b918111abb59e4f18da70ce5c%2C3979791da3bc3e66f7a4b8faf2fca60d8e4254b4df6c0ce053be2c673f9fb081%2C0d9c1a48af5eee3006c8153deb6f1bfe97679921f93e5f46c5e7541aa19cb31b%2C92e965e69c02947b0ce14aef408324af1b3e9d00c01e02bdaf85148f7fbc8ebe  delay=7.500 min_gap=0.000 last=1784788521.835
08:35:21.834  ENF   delay=7.500 min_gap=0.000 jitter=3.338 gap=10.838 since_last=0.000 sleep=10.838
08:35:33.073  PARSE Account 6:4:10 → 0.500s/req pen=10s (used=1); Ip 12:4:60 → 0.208s/req pen=60s (used=1); Ip 16:12:60 → 0.516s/req pen=60s (used=2)  delay 7.500→1.516  min_gap→0  max_usage=0%
08:35:33.074  RAW   content-type: application/json
08:35:33.074  RAW   x-rate-limit-policy: trade-fetch-request-limit
08:35:33.074  RAW   x-rate-limit-rules: Account,Ip
08:35:33.074  RAW   x-rate-limit-account: 6:4:10
08:35:33.074  RAW   x-rate-limit-account-state: 1:4:0
08:35:33.074  RAW   x-rate-limit-ip: 12:4:60,16:12:60
08:35:33.074  RAW   x-rate-limit-ip-state: 1:4:0,2:12:0
08:35:33.074  RAW   cf-cache-status: DYNAMIC
08:35:33.074  RAW   cf-ray: a1f8aa693d815411-WAW
08:35:33.074  RESP  GET /api/trade/fetch/1f361ae570d67f26764f634646a3284861be5888b6a2963d99b6b60912e30be6%2Cc776ff91faa5d9a4b576641915cc840d52fc665b918111abb59e4f18da70ce5c%2C3979791da3bc3e66f7a4b8faf2fca60d8e4254b4df6c0ce053be2c673f9fb081%2C0d9c1a48af5eee3006c8153deb6f1bfe97679921f93e5f46c5e7541aa19cb31b%2C92e965e69c02947b0ce14aef408324af1b3e9d00c01e02bdaf85148f7fbc8ebe → 200  11.239s  delay=1.516 min_gap=0.000 last=1784788533.074
08:35:33.074  PRE   POST /api/trade/search/Standard  delay=1.516 min_gap=0.000 last=1784788533.074
08:35:33.074  ENF   delay=1.516 min_gap=0.000 jitter=2.448 gap=3.964 since_last=0.000 sleep=3.964
08:35:37.566  PARSE Account 3:5:60 → 2.500s/req pen=60s (used=2); Ip 8:10:60 → 1.094s/req pen=60s (used=2); Ip 15:60:120 → 4.800s/req pen=120s (used=7); Ip 60:300:1800 → 6.750s/req pen=1800s (used=34)  delay 1.516→7.750  min_gap→0  max_usage=57%
08:35:37.566  RAW   content-type: application/json
08:35:37.566  RAW   x-rate-limit-policy: trade-search-request-limit
08:35:37.566  RAW   x-rate-limit-rules: Account,Ip
08:35:37.566  RAW   x-rate-limit-account: 3:5:60
08:35:37.566  RAW   x-rate-limit-account-state: 2:5:0
08:35:37.566  RAW   x-rate-limit-ip: 8:10:60,15:60:120,60:300:1800
08:35:37.566  RAW   x-rate-limit-ip-state: 2:10:0,7:60:0,34:300:0
08:35:37.566  RAW   cf-cache-status: DYNAMIC
08:35:37.566  RAW   cf-ray: a1f8aa848b155411-WAW
08:35:37.566  RESP  POST /api/trade/search/Standard → 200  4.492s  delay=7.750 min_gap=0.000 last=1784788537.566
08:35:37.566  PRE   GET /api/trade/fetch/1284040aa7c453d734e2952550685941f0d24cada65f8d8b5aaf9d6c63821bc4%2Cd3f3c41009e45ca2b3d3dbf54fac389a01fd78ec753c45125ca4697b75ae03c8%2C932cf507e4da5f031d80ce77a96fb7cbe64a285ef7f07ff0fb52ae778f3525a3%2Cab908941bd64a02ae850a56ef50ec208f8020c9ae3988d9657fd73fa8aec2e0a%2C25094c569c19611de7f93b60dcbdc78a1358dc5d64aee7f7ef7e05c9f0f8df17  delay=7.750 min_gap=0.000 last=1784788537.566
08:35:37.566  ENF   delay=7.750 min_gap=0.000 jitter=4.673 gap=12.423 since_last=0.000 sleep=12.423
08:35:50.431  PARSE Account 6:4:10 → 0.500s/req pen=10s (used=1); Ip 12:4:60 → 0.208s/req pen=60s (used=1); Ip 16:12:60 → 0.516s/req pen=60s (used=2)  delay 7.750→1.516  min_gap→0  max_usage=0%
08:35:50.431  RAW   content-type: application/json
08:35:50.431  RAW   x-rate-limit-policy: trade-fetch-request-limit
08:35:50.431  RAW   x-rate-limit-rules: Account,Ip
08:35:50.431  RAW   x-rate-limit-account: 6:4:10
08:35:50.431  RAW   x-rate-limit-account-state: 1:4:0
08:35:50.431  RAW   x-rate-limit-ip: 12:4:60,16:12:60
08:35:50.431  RAW   x-rate-limit-ip-state: 1:4:0,2:12:0
08:35:50.431  RAW   cf-cache-status: DYNAMIC
08:35:50.431  RAW   cf-ray: a1f8aad578755411-WAW
08:35:50.431  RESP  GET /api/trade/fetch/1284040aa7c453d734e2952550685941f0d24cada65f8d8b5aaf9d6c63821bc4%2Cd3f3c41009e45ca2b3d3dbf54fac389a01fd78ec753c45125ca4697b75ae03c8%2C932cf507e4da5f031d80ce77a96fb7cbe64a285ef7f07ff0fb52ae778f3525a3%2Cab908941bd64a02ae850a56ef50ec208f8020c9ae3988d9657fd73fa8aec2e0a%2C25094c569c19611de7f93b60dcbdc78a1358dc5d64aee7f7ef7e05c9f0f8df17 → 200  12.865s  delay=1.516 min_gap=0.000 last=1784788550.431
08:35:50.431  PRE   POST /api/trade/search/Standard  delay=1.516 min_gap=0.000 last=1784788550.431
08:35:50.431  ENF   delay=1.516 min_gap=0.000 jitter=2.440 gap=3.956 since_last=0.000 sleep=3.956
08:35:54.853  PARSE Account 3:5:60 → 1.667s/req pen=60s (used=1); Ip 8:10:60 → 1.094s/req pen=60s (used=2); Ip 15:60:120 → 4.800s/req pen=120s (used=7); Ip 60:300:1800 → 7.000s/req pen=1800s (used=36)  delay 1.516→8.000  min_gap→0  max_usage=60%
08:35:54.853  RAW   content-type: application/json
08:35:54.853  RAW   x-rate-limit-policy: trade-search-request-limit
08:35:54.853  RAW   x-rate-limit-rules: Account,Ip
08:35:54.853  RAW   x-rate-limit-account: 3:5:60
08:35:54.853  RAW   x-rate-limit-account-state: 1:5:0
08:35:54.853  RAW   x-rate-limit-ip: 8:10:60,15:60:120,60:300:1800
08:35:54.853  RAW   x-rate-limit-ip-state: 2:10:0,7:60:0,36:300:0
08:35:54.853  RAW   cf-cache-status: DYNAMIC
08:35:54.853  RAW   cf-ray: a1f8aaf0fef75411-WAW
08:35:54.853  RESP  POST /api/trade/search/Standard → 200  4.421s  delay=8.000 min_gap=0.000 last=1784788554.853
08:35:54.853  PRE   GET /api/trade/fetch/92e965e69c02947b0ce14aef408324af1b3e9d00c01e02bdaf85148f7fbc8ebe%2C3979791da3bc3e66f7a4b8faf2fca60d8e4254b4df6c0ce053be2c673f9fb081%2Cc776ff91faa5d9a4b576641915cc840d52fc665b918111abb59e4f18da70ce5c%2C0d9c1a48af5eee3006c8153deb6f1bfe97679921f93e5f46c5e7541aa19cb31b%2C17263fb4dd44aa34a299844cabb19e0881c16870b8d0f0d30febf502d609fd65  delay=8.000 min_gap=0.000 last=1784788554.853
08:35:54.853  ENF   delay=8.000 min_gap=0.000 jitter=3.617 gap=11.617 since_last=0.000 sleep=11.617
08:36:06.924  PARSE Account 6:4:10 → 0.500s/req pen=10s (used=1); Ip 12:4:60 → 0.208s/req pen=60s (used=1); Ip 16:12:60 → 0.516s/req pen=60s (used=2)  delay 8.000→1.516  min_gap→0  max_usage=0%
08:36:06.924  RAW   content-type: application/json
08:36:06.924  RAW   x-rate-limit-policy: trade-fetch-request-limit
08:36:06.924  RAW   x-rate-limit-rules: Account,Ip
08:36:06.924  RAW   x-rate-limit-account: 6:4:10
08:36:06.924  RAW   x-rate-limit-account-state: 1:4:0
08:36:06.924  RAW   x-rate-limit-ip: 12:4:60,16:12:60
08:36:06.924  RAW   x-rate-limit-ip-state: 1:4:0,2:12:0
08:36:06.924  RAW   cf-cache-status: DYNAMIC
08:36:06.925  RAW   cf-ray: a1f8ab3c7c5b5411-WAW
08:36:06.925  RESP  GET /api/trade/fetch/92e965e69c02947b0ce14aef408324af1b3e9d00c01e02bdaf85148f7fbc8ebe%2C3979791da3bc3e66f7a4b8faf2fca60d8e4254b4df6c0ce053be2c673f9fb081%2Cc776ff91faa5d9a4b576641915cc840d52fc665b918111abb59e4f18da70ce5c%2C0d9c1a48af5eee3006c8153deb6f1bfe97679921f93e5f46c5e7541aa19cb31b%2C17263fb4dd44aa34a299844cabb19e0881c16870b8d0f0d30febf502d609fd65 → 200  12.071s  delay=1.516 min_gap=0.000 last=1784788566.925
08:36:06.950  PRE   POST /api/trade/search/Standard  delay=1.516 min_gap=0.000 last=1784788566.925
08:36:06.950  ENF   delay=1.516 min_gap=0.000 jitter=3.139 gap=4.654 since_last=0.025 sleep=4.629
08:36:11.911  PARSE Account 3:5:60 → 1.667s/req pen=60s (used=1); Ip 8:10:60 → 0.859s/req pen=60s (used=1); Ip 15:60:120 → 5.200s/req pen=120s (used=8); Ip 60:300:1800 → 6.375s/req pen=1800s (used=31)  delay 1.516→7.375  min_gap→0  max_usage=53%
08:36:11.911  RAW   content-type: application/json
08:36:11.911  RAW   x-rate-limit-policy: trade-search-request-limit
08:36:11.911  RAW   x-rate-limit-rules: Account,Ip
08:36:11.911  RAW   x-rate-limit-account: 3:5:60
08:36:11.911  RAW   x-rate-limit-account-state: 1:5:0
08:36:11.911  RAW   x-rate-limit-ip: 8:10:60,15:60:120,60:300:1800
08:36:11.911  RAW   x-rate-limit-ip-state: 1:10:0,8:60:0,31:300:0
08:36:11.911  RAW   cf-cache-status: DYNAMIC
08:36:11.911  RAW   cf-ray: a1f8ab5c6da95411-WAW
08:36:11.911  RESP  POST /api/trade/search/Standard → 200  4.961s  delay=7.375 min_gap=0.000 last=1784788571.912
08:36:11.911  PRE   GET /api/trade/fetch/cc15b14f6f5a9dc230f0c572949476f63893fadffd1427eb106a2b9132928f99%2C5213f066fa9aa9ab3329cdea2746a57f64902e18bab705704a0f29a79c65504f%2C671368ae1a14204d097be9d021caf4062d9a4f21f36962b8414ec4b1f0def9a7%2C89ba9ff421cb75df3be5e4368eff8fc0a4f9b6d8b603af10eea4120c44d2d12c%2C400062acd653b5d716065d852c0d520fcf15d2413cd8545c8ad8b565abc5f7ca  delay=7.375 min_gap=0.000 last=1784788571.912
08:36:11.911  ENF   delay=7.375 min_gap=0.000 jitter=4.334 gap=11.709 since_last=0.000 sleep=11.709
08:36:24.073  PARSE Account 6:4:10 → 0.500s/req pen=10s (used=1); Ip 12:4:60 → 0.208s/req pen=60s (used=1); Ip 16:12:60 → 0.516s/req pen=60s (used=2)  delay 7.375→1.516  min_gap→0  max_usage=0%
08:36:24.073  RAW   content-type: application/json
08:36:24.073  RAW   x-rate-limit-policy: trade-fetch-request-limit
08:36:24.073  RAW   x-rate-limit-rules: Account,Ip
08:36:24.073  RAW   x-rate-limit-account: 6:4:10
08:36:24.073  RAW   x-rate-limit-account-state: 1:4:0
08:36:24.073  RAW   x-rate-limit-ip: 12:4:60,16:12:60
08:36:24.073  RAW   x-rate-limit-ip-state: 1:4:0,2:12:0
08:36:24.073  RAW   cf-cache-status: DYNAMIC
08:36:24.073  RAW   cf-ray: a1f8aba7a9475411-WAW
08:36:24.073  RESP  GET /api/trade/fetch/cc15b14f6f5a9dc230f0c572949476f63893fadffd1427eb106a2b9132928f99%2C5213f066fa9aa9ab3329cdea2746a57f64902e18bab705704a0f29a79c65504f%2C671368ae1a14204d097be9d021caf4062d9a4f21f36962b8414ec4b1f0def9a7%2C89ba9ff421cb75df3be5e4368eff8fc0a4f9b6d8b603af10eea4120c44d2d12c%2C400062acd653b5d716065d852c0d520fcf15d2413cd8545c8ad8b565abc5f7ca → 200  12.161s  delay=1.516 min_gap=0.000 last=1784788584.073
08:36:24.073  PRE   POST /api/trade/search/Standard  delay=1.516 min_gap=0.000 last=1784788584.073
08:36:24.073  ENF   delay=1.516 min_gap=0.000 jitter=2.660 gap=4.176 since_last=0.000 sleep=4.176
08:36:28.664  PARSE Account 3:5:60 → 1.667s/req pen=60s (used=1); Ip 8:10:60 → 0.859s/req pen=60s (used=1); Ip 15:60:120 → 5.200s/req pen=120s (used=8); Ip 60:300:1800 → 6.625s/req pen=1800s (used=33)  delay 1.516→7.625  min_gap→0  max_usage=55%
08:36:28.664  RAW   content-type: application/json
08:36:28.664  RAW   x-rate-limit-policy: trade-search-request-limit
08:36:28.664  RAW   x-rate-limit-rules: Account,Ip
08:36:28.664  RAW   x-rate-limit-account: 3:5:60
08:36:28.664  RAW   x-rate-limit-account-state: 1:5:0
08:36:28.664  RAW   x-rate-limit-ip: 8:10:60,15:60:120,60:300:1800
08:36:28.664  RAW   x-rate-limit-ip-state: 1:10:0,8:60:0,33:300:0
08:36:28.664  RAW   cf-cache-status: DYNAMIC
08:36:28.664  RAW   cf-ray: a1f8abc498925411-WAW
08:36:28.664  RESP  POST /api/trade/search/Standard → 200  4.591s  delay=7.625 min_gap=0.000 last=1784788588.665
08:36:28.664  PRE   GET /api/trade/fetch/1284040aa7c453d734e2952550685941f0d24cada65f8d8b5aaf9d6c63821bc4%2Cd3f3c41009e45ca2b3d3dbf54fac389a01fd78ec753c45125ca4697b75ae03c8%2C932cf507e4da5f031d80ce77a96fb7cbe64a285ef7f07ff0fb52ae778f3525a3%2C25094c569c19611de7f93b60dcbdc78a1358dc5d64aee7f7ef7e05c9f0f8df17%2Cab908941bd64a02ae850a56ef50ec208f8020c9ae3988d9657fd73fa8aec2e0a  delay=7.625 min_gap=0.000 last=1784788588.665
08:36:28.664  ENF   delay=7.625 min_gap=0.000 jitter=3.081 gap=10.706 since_last=0.000 sleep=10.706
08:36:39.668  PARSE Account 6:4:10 → 0.500s/req pen=10s (used=1); Ip 12:4:60 → 0.208s/req pen=60s (used=1); Ip 16:12:60 → 0.516s/req pen=60s (used=2)  delay 7.625→1.516  min_gap→0  max_usage=0%
08:36:39.668  RAW   content-type: application/json
08:36:39.668  RAW   x-rate-limit-policy: trade-fetch-request-limit
08:36:39.668  RAW   x-rate-limit-rules: Account,Ip
08:36:39.668  RAW   x-rate-limit-account: 6:4:10
08:36:39.668  RAW   x-rate-limit-account-state: 1:4:0
08:36:39.668  RAW   x-rate-limit-ip: 12:4:60,16:12:60
08:36:39.668  RAW   x-rate-limit-ip-state: 1:4:0,2:12:0
08:36:39.668  RAW   cf-cache-status: DYNAMIC
08:36:39.668  RAW   cf-ray: a1f8ac0a1c185411-WAW
08:36:39.668  RESP  GET /api/trade/fetch/1284040aa7c453d734e2952550685941f0d24cada65f8d8b5aaf9d6c63821bc4%2Cd3f3c41009e45ca2b3d3dbf54fac389a01fd78ec753c45125ca4697b75ae03c8%2C932cf507e4da5f031d80ce77a96fb7cbe64a285ef7f07ff0fb52ae778f3525a3%2C25094c569c19611de7f93b60dcbdc78a1358dc5d64aee7f7ef7e05c9f0f8df17%2Cab908941bd64a02ae850a56ef50ec208f8020c9ae3988d9657fd73fa8aec2e0a → 200  11.004s  delay=1.516 min_gap=0.000 last=1784788599.669
08:36:39.668  PRE   POST /api/trade/search/Standard  delay=1.516 min_gap=0.000 last=1784788599.669
08:36:39.668  ENF   delay=1.516 min_gap=0.000 jitter=3.624 gap=5.140 since_last=0.000 sleep=5.140
08:36:45.253  PARSE Account 3:5:60 → 1.667s/req pen=60s (used=1); Ip 8:10:60 → 1.094s/req pen=60s (used=2); Ip 15:60:120 → 5.200s/req pen=120s (used=8); Ip 60:300:1800 → 6.875s/req pen=1800s (used=35)  delay 1.516→7.875  min_gap→0  max_usage=58%
08:36:45.253  RAW   content-type: application/json
08:36:45.253  RAW   x-rate-limit-policy: trade-search-request-limit
08:36:45.253  RAW   x-rate-limit-rules: Account,Ip
08:36:45.253  RAW   x-rate-limit-account: 3:5:60
08:36:45.253  RAW   x-rate-limit-account-state: 1:5:0
08:36:45.253  RAW   x-rate-limit-ip: 8:10:60,15:60:120,60:300:1800
08:36:45.253  RAW   x-rate-limit-ip-state: 2:10:0,8:60:0,35:300:0
08:36:45.253  RAW   cf-cache-status: DYNAMIC
08:36:45.253  RAW   cf-ray: a1f8ac2c19645411-WAW
08:36:45.253  RESP  POST /api/trade/search/Standard → 200  5.585s  delay=7.875 min_gap=0.000 last=1784788605.254
08:36:45.253  PRE   GET /api/trade/fetch/400062acd653b5d716065d852c0d520fcf15d2413cd8545c8ad8b565abc5f7ca%2C5931294d3cbab3c548712398e45ac660067aaf7989d3cff4f309c8a7bfac107e%2C81fdd01108c8a55df4766d92a72b948e1e2e9ff618b998bf7504b37b650bab09%2Cc10a25399f316798226387690f267927648ca5dd5e9cf7739b59d881057ce57e%2C050dc7a8551eec133f8ef7e53597df3326304e67a08591fcc0161a3c35c5de8b  delay=7.875 min_gap=0.000 last=1784788605.254
08:36:45.253  ENF   delay=7.875 min_gap=0.000 jitter=4.063 gap=11.938 since_last=0.000 sleep=11.938
08:36:57.710  PARSE Account 6:4:10 → 0.500s/req pen=10s (used=1); Ip 12:4:60 → 0.208s/req pen=60s (used=1); Ip 16:12:60 → 0.516s/req pen=60s (used=2)  delay 7.875→1.516  min_gap→0  max_usage=0%
08:36:57.710  RAW   content-type: application/json
08:36:57.710  RAW   x-rate-limit-policy: trade-fetch-request-limit
08:36:57.710  RAW   x-rate-limit-rules: Account,Ip
08:36:57.710  RAW   x-rate-limit-account: 6:4:10
08:36:57.710  RAW   x-rate-limit-account-state: 1:4:0
08:36:57.710  RAW   x-rate-limit-ip: 12:4:60,16:12:60
08:36:57.710  RAW   x-rate-limit-ip-state: 1:4:0,2:12:0
08:36:57.710  RAW   cf-cache-status: DYNAMIC
08:36:57.710  RAW   cf-ray: a1f8ac797f085411-WAW
08:36:57.710  RESP  GET /api/trade/fetch/400062acd653b5d716065d852c0d520fcf15d2413cd8545c8ad8b565abc5f7ca%2C5931294d3cbab3c548712398e45ac660067aaf7989d3cff4f309c8a7bfac107e%2C81fdd01108c8a55df4766d92a72b948e1e2e9ff618b998bf7504b37b650bab09%2Cc10a25399f316798226387690f267927648ca5dd5e9cf7739b59d881057ce57e%2C050dc7a8551eec133f8ef7e53597df3326304e67a08591fcc0161a3c35c5de8b → 200  12.457s  delay=1.516 min_gap=0.000 last=1784788617.710
08:36:57.732  PRE   POST /api/trade/search/Standard  delay=1.516 min_gap=0.000 last=1784788617.710
08:36:57.733  ENF   delay=1.516 min_gap=0.000 jitter=3.904 gap=5.420 since_last=0.023 sleep=5.397
08:37:03.648  PARSE Account 3:5:60 → 1.667s/req pen=60s (used=1); Ip 8:10:60 → 0.859s/req pen=60s (used=1); Ip 15:60:120 → 4.400s/req pen=120s (used=6); Ip 60:300:1800 → 6.250s/req pen=1800s (used=30)  delay 1.516→7.250  min_gap→0  max_usage=50%
08:37:03.648  RAW   content-type: application/json
08:37:03.648  RAW   x-rate-limit-policy: trade-search-request-limit
08:37:03.648  RAW   x-rate-limit-rules: Account,Ip
08:37:03.648  RAW   x-rate-limit-account: 3:5:60
08:37:03.648  RAW   x-rate-limit-account-state: 1:5:0
08:37:03.648  RAW   x-rate-limit-ip: 8:10:60,15:60:120,60:300:1800
08:37:03.649  RAW   x-rate-limit-ip-state: 1:10:0,6:60:0,30:300:0
08:37:03.649  RAW   cf-cache-status: DYNAMIC
08:37:03.649  RAW   cf-ray: a1f8ac9e9f055411-WAW
08:37:03.649  RESP  POST /api/trade/search/Standard → 200  5.916s  delay=7.250 min_gap=0.000 last=1784788623.649
08:37:03.649  PRE   GET /api/trade/fetch/a9383131cb067cd50c2bdafea7ccdc2a82e775317d4545027d844129a48c2f91%2C451379584c63c8eb509c9656b819722b5e7748e94edfe519fe23c7cbf123fe06%2C340eb6a11f5c1bc64f7da852b73d1f1d7ba0becf9f6b77997a8c5126c9925ae3%2C5156c931ec3c5672810d4f2c6fe5105262aaf8736ae0e89d4c3893200a23ade7%2C191689c45400abe39d21b83e233e1f15271ee6c74222403bfa60b556fdc6c79a  delay=7.250 min_gap=0.000 last=1784788623.649
08:37:03.649  ENF   delay=7.250 min_gap=0.000 jitter=3.221 gap=10.471 since_last=0.000 sleep=10.471
08:37:14.639  PARSE Account 6:4:10 → 0.500s/req pen=10s (used=1); Ip 12:4:60 → 0.208s/req pen=60s (used=1); Ip 16:12:60 → 0.516s/req pen=60s (used=2)  delay 7.250→1.516  min_gap→0  max_usage=0%
08:37:14.639  RAW   content-type: application/json
08:37:14.639  RAW   x-rate-limit-policy: trade-fetch-request-limit
08:37:14.639  RAW   x-rate-limit-rules: Account,Ip
08:37:14.639  RAW   x-rate-limit-account: 6:4:10
08:37:14.639  RAW   x-rate-limit-account-state: 1:4:0
08:37:14.639  RAW   x-rate-limit-ip: 12:4:60,16:12:60
08:37:14.639  RAW   x-rate-limit-ip-state: 1:4:0,2:12:0
08:37:14.639  RAW   cf-cache-status: DYNAMIC
08:37:14.639  RAW   cf-ray: a1f8ace34a455411-WAW
08:37:14.639  RESP  GET /api/trade/fetch/a9383131cb067cd50c2bdafea7ccdc2a82e775317d4545027d844129a48c2f91%2C451379584c63c8eb509c9656b819722b5e7748e94edfe519fe23c7cbf123fe06%2C340eb6a11f5c1bc64f7da852b73d1f1d7ba0becf9f6b77997a8c5126c9925ae3%2C5156c931ec3c5672810d4f2c6fe5105262aaf8736ae0e89d4c3893200a23ade7%2C191689c45400abe39d21b83e233e1f15271ee6c74222403bfa60b556fdc6c79a → 200  10.990s  delay=1.516 min_gap=0.000 last=1784788634.639
08:37:14.639  PRE   POST /api/trade/search/Standard  delay=1.516 min_gap=0.000 last=1784788634.639
08:37:14.639  ENF   delay=1.516 min_gap=0.000 jitter=4.112 gap=5.627 since_last=0.000 sleep=5.627
08:37:20.648  PARSE Account 3:5:60 → 1.667s/req pen=60s (used=1); Ip 8:10:60 → 0.859s/req pen=60s (used=1); Ip 15:60:120 → 4.400s/req pen=120s (used=6); Ip 60:300:1800 → 6.500s/req pen=1800s (used=32)  delay 1.516→7.500  min_gap→0  max_usage=53%
08:37:20.648  RAW   content-type: application/json
08:37:20.648  RAW   x-rate-limit-policy: trade-search-request-limit
08:37:20.648  RAW   x-rate-limit-rules: Account,Ip
08:37:20.648  RAW   x-rate-limit-account: 3:5:60
08:37:20.648  RAW   x-rate-limit-account-state: 1:5:0
08:37:20.648  RAW   x-rate-limit-ip: 8:10:60,15:60:120,60:300:1800
08:37:20.648  RAW   x-rate-limit-ip-state: 1:10:0,6:60:0,32:300:0
08:37:20.648  RAW   cf-cache-status: DYNAMIC
08:37:20.648  RAW   cf-ray: a1f8ad09bbf85411-WAW
08:37:20.648  RESP  POST /api/trade/search/Standard → 200  6.009s  delay=7.500 min_gap=0.000 last=1784788640.649
08:37:20.648  PRE   GET /api/trade/fetch/1284040aa7c453d734e2952550685941f0d24cada65f8d8b5aaf9d6c63821bc4%2C932cf507e4da5f031d80ce77a96fb7cbe64a285ef7f07ff0fb52ae778f3525a3%2Cd3f3c41009e45ca2b3d3dbf54fac389a01fd78ec753c45125ca4697b75ae03c8%2Cab908941bd64a02ae850a56ef50ec208f8020c9ae3988d9657fd73fa8aec2e0a%2C519cc297a74a0c7dbc4348c04ba02564989fdf1341564b6af7106febb550ac66  delay=7.500 min_gap=0.000 last=1784788640.649
08:37:20.648  ENF   delay=7.500 min_gap=0.000 jitter=2.216 gap=9.716 since_last=0.000 sleep=9.716
08:37:30.750  PARSE Account 6:4:10 → 0.500s/req pen=10s (used=1); Ip 12:4:60 → 0.208s/req pen=60s (used=1); Ip 16:12:60 → 0.516s/req pen=60s (used=2)  delay 7.500→1.516  min_gap→0  max_usage=0%
08:37:30.750  RAW   content-type: application/json
08:37:30.750  RAW   x-rate-limit-policy: trade-fetch-request-limit
08:37:30.750  RAW   x-rate-limit-rules: Account,Ip
08:37:30.750  RAW   x-rate-limit-account: 6:4:10
08:37:30.750  RAW   x-rate-limit-account-state: 1:4:0
08:37:30.750  RAW   x-rate-limit-ip: 12:4:60,16:12:60
08:37:30.750  RAW   x-rate-limit-ip-state: 1:4:0,2:12:0
08:37:30.750  RAW   cf-cache-status: DYNAMIC
08:37:30.750  RAW   cf-ray: a1f8ad48ccfd5411-WAW
08:37:30.750  RESP  GET /api/trade/fetch/1284040aa7c453d734e2952550685941f0d24cada65f8d8b5aaf9d6c63821bc4%2C932cf507e4da5f031d80ce77a96fb7cbe64a285ef7f07ff0fb52ae778f3525a3%2Cd3f3c41009e45ca2b3d3dbf54fac389a01fd78ec753c45125ca4697b75ae03c8%2Cab908941bd64a02ae850a56ef50ec208f8020c9ae3988d9657fd73fa8aec2e0a%2C519cc297a74a0c7dbc4348c04ba02564989fdf1341564b6af7106febb550ac66 → 200  10.102s  delay=1.516 min_gap=0.000 last=1784788650.750
08:37:30.750  PRE   POST /api/trade/search/Standard  delay=1.516 min_gap=0.000 last=1784788650.750
08:37:30.750  ENF   delay=1.516 min_gap=0.000 jitter=3.117 gap=4.632 since_last=0.000 sleep=4.632
08:37:35.689  PARSE Account 3:5:60 → 1.667s/req pen=60s (used=1); Ip 8:10:60 → 0.859s/req pen=60s (used=1); Ip 15:60:120 → 4.400s/req pen=120s (used=6); Ip 60:300:1800 → 6.750s/req pen=1800s (used=34)  delay 1.516→7.750  min_gap→0  max_usage=57%
08:37:35.689  RAW   content-type: application/json
08:37:35.689  RAW   x-rate-limit-policy: trade-search-request-limit
08:37:35.689  RAW   x-rate-limit-rules: Account,Ip
08:37:35.689  RAW   x-rate-limit-account: 3:5:60
08:37:35.689  RAW   x-rate-limit-account-state: 1:5:0
08:37:35.689  RAW   x-rate-limit-ip: 8:10:60,15:60:120,60:300:1800
08:37:35.689  RAW   x-rate-limit-ip-state: 1:10:0,6:60:0,34:300:0
08:37:35.689  RAW   cf-cache-status: DYNAMIC
08:37:35.689  RAW   cf-ray: a1f8ad682fbd5411-WAW
08:37:35.689  RESP  POST /api/trade/search/Standard → 200  4.938s  delay=7.750 min_gap=0.000 last=1784788655.689
08:37:35.689  PRE   GET /api/trade/fetch/b8fdda888e4eded197e154767f253ce0852ba0e39fd74b54dfe908af699e3f1d%2C26cd0a413bacdea00fa177dad83aff9d5efd208797173ef81624e1e1821c0f49%2C2687c51cfff51d256d44011633ebbf26ec994ad75a2a14abf56c814f3c141c02%2C191689c45400abe39d21b83e233e1f15271ee6c74222403bfa60b556fdc6c79a%2Cb1e1af466c524d5a2f8fe9e724e08666dccc29143aa9339906a32050d8e3aef4  delay=7.750 min_gap=0.000 last=1784788655.689
08:37:35.689  ENF   delay=7.750 min_gap=0.000 jitter=4.812 gap=12.562 since_last=0.000 sleep=12.562
08:37:48.825  PARSE Account 6:4:10 → 0.500s/req pen=10s (used=1); Ip 12:4:60 → 0.208s/req pen=60s (used=1); Ip 16:12:60 → 0.516s/req pen=60s (used=2)  delay 7.750→1.516  min_gap→0  max_usage=0%
08:37:48.825  RAW   content-type: application/json
08:37:48.825  RAW   x-rate-limit-policy: trade-fetch-request-limit
08:37:48.825  RAW   x-rate-limit-rules: Account,Ip
08:37:48.825  RAW   x-rate-limit-account: 6:4:10
08:37:48.825  RAW   x-rate-limit-account-state: 1:4:0
08:37:48.825  RAW   x-rate-limit-ip: 12:4:60,16:12:60
08:37:48.825  RAW   x-rate-limit-ip-state: 1:4:0,2:12:0
08:37:48.825  RAW   cf-cache-status: DYNAMIC
08:37:48.825  RAW   cf-ray: a1f8adb89a2e5411-WAW
08:37:48.825  RESP  GET /api/trade/fetch/b8fdda888e4eded197e154767f253ce0852ba0e39fd74b54dfe908af699e3f1d%2C26cd0a413bacdea00fa177dad83aff9d5efd208797173ef81624e1e1821c0f49%2C2687c51cfff51d256d44011633ebbf26ec994ad75a2a14abf56c814f3c141c02%2C191689c45400abe39d21b83e233e1f15271ee6c74222403bfa60b556fdc6c79a%2Cb1e1af466c524d5a2f8fe9e724e08666dccc29143aa9339906a32050d8e3aef4 → 200  13.136s  delay=1.516 min_gap=0.000 last=1784788668.826
08:37:48.852  PRE   POST /api/trade/search/Standard  delay=1.516 min_gap=0.000 last=1784788668.826
08:37:48.852  ENF   delay=1.516 min_gap=0.000 jitter=2.622 gap=4.138 since_last=0.026 sleep=4.111
08:37:53.632  PARSE Account 3:5:60 → 1.667s/req pen=60s (used=1); Ip 8:10:60 → 1.094s/req pen=60s (used=2); Ip 15:60:120 → 4.800s/req pen=120s (used=7); Ip 60:300:1800 → 7.000s/req pen=1800s (used=36)  delay 1.516→8.000  min_gap→0  max_usage=60%
08:37:53.632  RAW   content-type: application/json
08:37:53.632  RAW   x-rate-limit-policy: trade-search-request-limit
08:37:53.632  RAW   x-rate-limit-rules: Account,Ip
08:37:53.632  RAW   x-rate-limit-account: 3:5:60
08:37:53.632  RAW   x-rate-limit-account-state: 1:5:0
08:37:53.632  RAW   x-rate-limit-ip: 8:10:60,15:60:120,60:300:1800
08:37:53.632  RAW   x-rate-limit-ip-state: 2:10:0,7:60:0,36:300:0
08:37:53.632  RAW   cf-cache-status: DYNAMIC
08:37:53.632  RAW   cf-ray: a1f8add60a7a5411-WAW
08:37:53.632  RESP  POST /api/trade/search/Standard → 200  4.780s  delay=8.000 min_gap=0.000 last=1784788673.633
08:37:53.632  PRE   GET /api/trade/fetch/81fdd01108c8a55df4766d92a72b948e1e2e9ff618b998bf7504b37b650bab09%2C8b4dcfdfd8b40bdbba2e73695332f74b444beb0c6a2aace018196e5aef3f75df%2C050dc7a8551eec133f8ef7e53597df3326304e67a08591fcc0161a3c35c5de8b%2C89597fac8a78e1c3349d43c0ff8e1a1b55c667f02ce524eaef15f36617ab5ac0%2C551171ceea541acd49c8c8dbbfd35839a0fb90d16cb48afac60e33256801988c  delay=8.000 min_gap=0.000 last=1784788673.633
08:37:53.632  ENF   delay=8.000 min_gap=0.000 jitter=4.016 gap=12.016 since_last=0.000 sleep=12.016
08:38:05.985  PARSE Account 6:4:10 → 0.500s/req pen=10s (used=1); Ip 12:4:60 → 0.208s/req pen=60s (used=1); Ip 16:12:60 → 0.516s/req pen=60s (used=2)  delay 8.000→1.516  min_gap→0  max_usage=0%
08:38:05.985  RAW   content-type: application/json
08:38:05.985  RAW   x-rate-limit-policy: trade-fetch-request-limit
08:38:05.985  RAW   x-rate-limit-rules: Account,Ip
08:38:05.985  RAW   x-rate-limit-account: 6:4:10
08:38:05.985  RAW   x-rate-limit-account-state: 1:4:0
08:38:05.985  RAW   x-rate-limit-ip: 12:4:60,16:12:60
08:38:05.985  RAW   x-rate-limit-ip-state: 1:4:0,2:12:0
08:38:05.986  RAW   cf-cache-status: DYNAMIC
08:38:05.986  RAW   cf-ray: a1f8ae2558845411-WAW
08:38:05.986  RESP  GET /api/trade/fetch/81fdd01108c8a55df4766d92a72b948e1e2e9ff618b998bf7504b37b650bab09%2C8b4dcfdfd8b40bdbba2e73695332f74b444beb0c6a2aace018196e5aef3f75df%2C050dc7a8551eec133f8ef7e53597df3326304e67a08591fcc0161a3c35c5de8b%2C89597fac8a78e1c3349d43c0ff8e1a1b55c667f02ce524eaef15f36617ab5ac0%2C551171ceea541acd49c8c8dbbfd35839a0fb90d16cb48afac60e33256801988c → 200  12.353s  delay=1.516 min_gap=0.000 last=1784788685.986
08:38:05.986  PRE   POST /api/trade/search/Standard  delay=1.516 min_gap=0.000 last=1784788685.986
08:38:05.986  ENF   delay=1.516 min_gap=0.000 jitter=2.050 gap=3.565 since_last=0.000 sleep=3.565
08:38:09.973  PARSE Account 3:5:60 → 1.667s/req pen=60s (used=1); Ip 8:10:60 → 1.094s/req pen=60s (used=2); Ip 15:60:120 → 4.800s/req pen=120s (used=7); Ip 60:300:1800 → 6.375s/req pen=1800s (used=31)  delay 1.516→7.375  min_gap→0  max_usage=52%
08:38:09.973  RAW   content-type: application/json
08:38:09.973  RAW   x-rate-limit-policy: trade-search-request-limit
08:38:09.973  RAW   x-rate-limit-rules: Account,Ip
08:38:09.973  RAW   x-rate-limit-account: 3:5:60
08:38:09.974  RAW   x-rate-limit-account-state: 1:5:0
08:38:09.974  RAW   x-rate-limit-ip: 8:10:60,15:60:120,60:300:1800
08:38:09.974  RAW   x-rate-limit-ip-state: 2:10:0,7:60:0,31:300:0
08:38:09.974  RAW   cf-cache-status: DYNAMIC
08:38:09.974  RAW   cf-ray: a1f8ae3dba165411-WAW
08:38:09.974  RESP  POST /api/trade/search/Standard → 200  3.988s  delay=7.375 min_gap=0.000 last=1784788689.974
08:38:09.974  PRE   GET /api/trade/fetch/1284040aa7c453d734e2952550685941f0d24cada65f8d8b5aaf9d6c63821bc4%2Cd3f3c41009e45ca2b3d3dbf54fac389a01fd78ec753c45125ca4697b75ae03c8%2C932cf507e4da5f031d80ce77a96fb7cbe64a285ef7f07ff0fb52ae778f3525a3%2Cab908941bd64a02ae850a56ef50ec208f8020c9ae3988d9657fd73fa8aec2e0a%2Cc727382b38f6d9b53a0722de082a96777b51839f9f03acbb94e191a03a074363  delay=7.375 min_gap=0.000 last=1784788689.974
08:38:09.974  ENF   delay=7.375 min_gap=0.000 jitter=4.473 gap=11.848 since_last=0.000 sleep=11.848
08:38:22.434  PARSE Account 6:4:10 → 0.500s/req pen=10s (used=1); Ip 12:4:60 → 0.208s/req pen=60s (used=1); Ip 16:12:60 → 0.516s/req pen=60s (used=2)  delay 7.375→1.516  min_gap→0  max_usage=0%
08:38:22.434  RAW   content-type: application/json
08:38:22.434  RAW   x-rate-limit-policy: trade-fetch-request-limit
08:38:22.434  RAW   x-rate-limit-rules: Account,Ip
08:38:22.434  RAW   x-rate-limit-account: 6:4:10
08:38:22.434  RAW   x-rate-limit-account-state: 1:4:0
08:38:22.434  RAW   x-rate-limit-ip: 12:4:60,16:12:60
08:38:22.434  RAW   x-rate-limit-ip-state: 1:4:0,2:12:0
08:38:22.434  RAW   cf-cache-status: DYNAMIC
08:38:22.434  RAW   cf-ray: a1f8ae8a68dc5411-WAW
08:38:22.434  RESP  GET /api/trade/fetch/1284040aa7c453d734e2952550685941f0d24cada65f8d8b5aaf9d6c63821bc4%2Cd3f3c41009e45ca2b3d3dbf54fac389a01fd78ec753c45125ca4697b75ae03c8%2C932cf507e4da5f031d80ce77a96fb7cbe64a285ef7f07ff0fb52ae778f3525a3%2Cab908941bd64a02ae850a56ef50ec208f8020c9ae3988d9657fd73fa8aec2e0a%2Cc727382b38f6d9b53a0722de082a96777b51839f9f03acbb94e191a03a074363 → 200  12.460s  delay=1.516 min_gap=0.000 last=1784788702.435
08:38:22.434  PRE   POST /api/trade/search/Standard  delay=1.516 min_gap=0.000 last=1784788702.435
08:38:22.434  ENF   delay=1.516 min_gap=0.000 jitter=4.279 gap=5.795 since_last=0.000 sleep=5.795
08:38:28.548  PARSE Account 3:5:60 → 1.667s/req pen=60s (used=1); Ip 8:10:60 → 0.859s/req pen=60s (used=1); Ip 15:60:120 → 4.800s/req pen=120s (used=7); Ip 60:300:1800 → 6.625s/req pen=1800s (used=33)  delay 1.516→7.625  min_gap→0  max_usage=55%
08:38:28.548  RAW   content-type: application/json
08:38:28.548  RAW   x-rate-limit-policy: trade-search-request-limit
08:38:28.548  RAW   x-rate-limit-rules: Account,Ip
08:38:28.548  RAW   x-rate-limit-account: 3:5:60
08:38:28.548  RAW   x-rate-limit-account-state: 1:5:0
08:38:28.548  RAW   x-rate-limit-ip: 8:10:60,15:60:120,60:300:1800
08:38:28.548  RAW   x-rate-limit-ip-state: 1:10:0,7:60:0,33:300:0
08:38:28.548  RAW   cf-cache-status: DYNAMIC
08:38:28.548  RAW   cf-ray: a1f8aeb27b645411-WAW
08:38:28.548  RESP  POST /api/trade/search/Standard → 200  6.114s  delay=7.625 min_gap=0.000 last=1784788708.549
08:38:28.548  PRE   GET /api/trade/fetch/81fdd01108c8a55df4766d92a72b948e1e2e9ff618b998bf7504b37b650bab09%2C050dc7a8551eec133f8ef7e53597df3326304e67a08591fcc0161a3c35c5de8b%2C8b4dcfdfd8b40bdbba2e73695332f74b444beb0c6a2aace018196e5aef3f75df%2C89597fac8a78e1c3349d43c0ff8e1a1b55c667f02ce524eaef15f36617ab5ac0%2C551171ceea541acd49c8c8dbbfd35839a0fb90d16cb48afac60e33256801988c  delay=7.625 min_gap=0.000 last=1784788708.549
08:38:28.548  ENF   delay=7.625 min_gap=0.000 jitter=3.404 gap=11.029 since_last=0.000 sleep=11.029
08:38:40.089  PARSE Account 6:4:10 → 0.500s/req pen=10s (used=1); Ip 12:4:60 → 0.208s/req pen=60s (used=1); Ip 16:12:60 → 0.516s/req pen=60s (used=2)  delay 7.625→1.516  min_gap→0  max_usage=0%
08:38:40.089  RAW   content-type: application/json
08:38:40.089  RAW   x-rate-limit-policy: trade-fetch-request-limit
08:38:40.089  RAW   x-rate-limit-rules: Account,Ip
08:38:40.089  RAW   x-rate-limit-account: 6:4:10
08:38:40.089  RAW   x-rate-limit-account-state: 1:4:0
08:38:40.089  RAW   x-rate-limit-ip: 12:4:60,16:12:60
08:38:40.089  RAW   x-rate-limit-ip-state: 1:4:0,2:12:0
08:38:40.089  RAW   cf-cache-status: DYNAMIC
08:38:40.089  RAW   cf-ray: a1f8aef96f765411-WAW
08:38:40.089  RESP  GET /api/trade/fetch/81fdd01108c8a55df4766d92a72b948e1e2e9ff618b998bf7504b37b650bab09%2C050dc7a8551eec133f8ef7e53597df3326304e67a08591fcc0161a3c35c5de8b%2C8b4dcfdfd8b40bdbba2e73695332f74b444beb0c6a2aace018196e5aef3f75df%2C89597fac8a78e1c3349d43c0ff8e1a1b55c667f02ce524eaef15f36617ab5ac0%2C551171ceea541acd49c8c8dbbfd35839a0fb90d16cb48afac60e33256801988c → 200  11.541s  delay=1.516 min_gap=0.000 last=1784788720.090
08:38:40.116  PRE   POST /api/trade/search/Standard  delay=1.516 min_gap=0.000 last=1784788720.090
08:38:40.116  ENF   delay=1.516 min_gap=0.000 jitter=2.059 gap=3.574 since_last=0.027 sleep=3.548
08:38:44.028  PARSE Account 3:5:60 → 1.667s/req pen=60s (used=1); Ip 8:10:60 → 1.094s/req pen=60s (used=2); Ip 15:60:120 → 5.200s/req pen=120s (used=8); Ip 60:300:1800 → 6.875s/req pen=1800s (used=35)  delay 1.516→7.875  min_gap→0  max_usage=58%
08:38:44.028  RAW   content-type: application/json
08:38:44.028  RAW   x-rate-limit-policy: trade-search-request-limit
08:38:44.028  RAW   x-rate-limit-rules: Account,Ip
08:38:44.028  RAW   x-rate-limit-account: 3:5:60
08:38:44.028  RAW   x-rate-limit-account-state: 1:5:0
08:38:44.028  RAW   x-rate-limit-ip: 8:10:60,15:60:120,60:300:1800
08:38:44.028  RAW   x-rate-limit-ip-state: 2:10:0,8:60:0,35:300:0
08:38:44.028  RAW   cf-cache-status: DYNAMIC
08:38:44.028  RAW   cf-ray: a1f8af12e9e65411-WAW
08:38:44.028  RESP  POST /api/trade/search/Standard → 200  3.912s  delay=7.875 min_gap=0.000 last=1784788724.028
08:38:44.028  PRE   GET /api/trade/fetch/b15520fc132785485c9fd3a9ea9e74193d562e3accd2e14af97c8cc8b6214a2f%2C815378d1a70335f7dcb4924176bb2309a36b4eeb9241d31308671ba87c63ff1c%2C78525a30d58b4a4c1aa778106d3f5890ebc8a47923f4367d949684ab3abbfdb9%2C2c71bede8f778011859533947ee7e309e54fcf9ecc809ea8d1011f067783a6ac%2C32e39d237cb99cf577963e306ae9097fdef28133f4fed27ba04a3048e7f9bafb  delay=7.875 min_gap=0.000 last=1784788724.028
08:38:44.028  ENF   delay=7.875 min_gap=0.000 jitter=4.085 gap=11.960 since_last=0.000 sleep=11.960
08:38:56.297  PARSE Account 6:4:10 → 0.500s/req pen=10s (used=1); Ip 12:4:60 → 0.208s/req pen=60s (used=1); Ip 16:12:60 → 0.516s/req pen=60s (used=2)  delay 7.875→1.516  min_gap→0  max_usage=0%
08:38:56.297  RAW   content-type: application/json
08:38:56.297  RAW   x-rate-limit-policy: trade-fetch-request-limit
08:38:56.297  RAW   x-rate-limit-rules: Account,Ip
08:38:56.297  RAW   x-rate-limit-account: 6:4:10
08:38:56.297  RAW   x-rate-limit-account-state: 1:4:0
08:38:56.297  RAW   x-rate-limit-ip: 12:4:60,16:12:60
08:38:56.297  RAW   x-rate-limit-ip-state: 1:4:0,2:12:0
08:38:56.297  RAW   cf-cache-status: DYNAMIC
08:38:56.297  RAW   cf-ray: a1f8af5ff9375411-WAW
08:38:56.297  RESP  GET /api/trade/fetch/b15520fc132785485c9fd3a9ea9e74193d562e3accd2e14af97c8cc8b6214a2f%2C815378d1a70335f7dcb4924176bb2309a36b4eeb9241d31308671ba87c63ff1c%2C78525a30d58b4a4c1aa778106d3f5890ebc8a47923f4367d949684ab3abbfdb9%2C2c71bede8f778011859533947ee7e309e54fcf9ecc809ea8d1011f067783a6ac%2C32e39d237cb99cf577963e306ae9097fdef28133f4fed27ba04a3048e7f9bafb → 200  12.269s  delay=1.516 min_gap=0.000 last=1784788736.298
08:38:56.297  PRE   POST /api/trade/search/Standard  delay=1.516 min_gap=0.000 last=1784788736.298
08:38:56.297  ENF   delay=1.516 min_gap=0.000 jitter=3.012 gap=4.528 since_last=0.000 sleep=4.528
08:39:01.177  PARSE Account 3:5:60 → 1.667s/req pen=60s (used=1); Ip 8:10:60 → 0.859s/req pen=60s (used=1); Ip 15:60:120 → 4.400s/req pen=120s (used=6); Ip 60:300:1800 → 6.125s/req pen=1800s (used=29)  delay 1.516→7.125  min_gap→0  max_usage=48%
08:39:01.177  RAW   content-type: application/json
08:39:01.177  RAW   x-rate-limit-policy: trade-search-request-limit
08:39:01.177  RAW   x-rate-limit-rules: Account,Ip
08:39:01.177  RAW   x-rate-limit-account: 3:5:60
08:39:01.177  RAW   x-rate-limit-account-state: 1:5:0
08:39:01.178  RAW   x-rate-limit-ip: 8:10:60,15:60:120,60:300:1800
08:39:01.178  RAW   x-rate-limit-ip-state: 1:10:0,6:60:0,29:300:0
08:39:01.178  RAW   cf-cache-status: DYNAMIC
08:39:01.178  RAW   cf-ray: a1f8af7e2f0d5411-WAW
08:39:01.178  RESP  POST /api/trade/search/Standard → 200  4.880s  delay=7.125 min_gap=0.000 last=1784788741.178
08:39:01.178  PRE   GET /api/trade/fetch/1284040aa7c453d734e2952550685941f0d24cada65f8d8b5aaf9d6c63821bc4%2C932cf507e4da5f031d80ce77a96fb7cbe64a285ef7f07ff0fb52ae778f3525a3%2Cd3f3c41009e45ca2b3d3dbf54fac389a01fd78ec753c45125ca4697b75ae03c8%2C519cc297a74a0c7dbc4348c04ba02564989fdf1341564b6af7106febb550ac66%2Cc727382b38f6d9b53a0722de082a96777b51839f9f03acbb94e191a03a074363  delay=7.125 min_gap=0.000 last=1784788741.178
08:39:01.178  ENF   delay=7.125 min_gap=0.000 jitter=3.767 gap=10.892 since_last=0.000 sleep=10.892
08:39:12.502  PARSE Account 6:4:10 → 0.500s/req pen=10s (used=1); Ip 12:4:60 → 0.208s/req pen=60s (used=1); Ip 16:12:60 → 0.516s/req pen=60s (used=2)  delay 7.125→1.516  min_gap→0  max_usage=0%
08:39:12.502  RAW   content-type: application/json
08:39:12.502  RAW   x-rate-limit-policy: trade-fetch-request-limit
08:39:12.502  RAW   x-rate-limit-rules: Account,Ip
08:39:12.502  RAW   x-rate-limit-account: 6:4:10
08:39:12.502  RAW   x-rate-limit-account-state: 1:4:0
08:39:12.502  RAW   x-rate-limit-ip: 12:4:60,16:12:60
08:39:12.502  RAW   x-rate-limit-ip-state: 1:4:0,2:12:0
08:39:12.502  RAW   cf-cache-status: DYNAMIC
08:39:12.502  RAW   cf-ray: a1f8afc47a4b5411-WAW
08:39:12.502  RESP  GET /api/trade/fetch/1284040aa7c453d734e2952550685941f0d24cada65f8d8b5aaf9d6c63821bc4%2C932cf507e4da5f031d80ce77a96fb7cbe64a285ef7f07ff0fb52ae778f3525a3%2Cd3f3c41009e45ca2b3d3dbf54fac389a01fd78ec753c45125ca4697b75ae03c8%2C519cc297a74a0c7dbc4348c04ba02564989fdf1341564b6af7106febb550ac66%2Cc727382b38f6d9b53a0722de082a96777b51839f9f03acbb94e191a03a074363 → 200  11.325s  delay=1.516 min_gap=0.000 last=1784788752.503
08:39:12.503  PRE   POST /api/trade/search/Standard  delay=1.516 min_gap=0.000 last=1784788752.503
08:39:12.503  ENF   delay=1.516 min_gap=0.000 jitter=4.301 gap=5.817 since_last=0.000 sleep=5.817
08:39:18.938  PARSE Account 3:5:60 → 1.667s/req pen=60s (used=1); Ip 8:10:60 → 0.859s/req pen=60s (used=1); Ip 15:60:120 → 4.400s/req pen=120s (used=6); Ip 60:300:1800 → 6.375s/req pen=1800s (used=31)  delay 1.516→7.375  min_gap→0  max_usage=52%
08:39:18.938  RAW   content-type: application/json
08:39:18.938  RAW   x-rate-limit-policy: trade-search-request-limit
08:39:18.938  RAW   x-rate-limit-rules: Account,Ip
08:39:18.938  RAW   x-rate-limit-account: 3:5:60
08:39:18.938  RAW   x-rate-limit-account-state: 1:5:0
08:39:18.938  RAW   x-rate-limit-ip: 8:10:60,15:60:120,60:300:1800
08:39:18.938  RAW   x-rate-limit-ip-state: 1:10:0,6:60:0,31:300:0
08:39:18.938  RAW   cf-cache-status: DYNAMIC
08:39:18.938  RAW   cf-ray: a1f8afeb88a05411-WAW
08:39:18.938  RESP  POST /api/trade/search/Standard → 200  6.436s  delay=7.375 min_gap=0.000 last=1784788758.939
08:39:18.938  PRE   GET /api/trade/fetch/b15520fc132785485c9fd3a9ea9e74193d562e3accd2e14af97c8cc8b6214a2f%2C815378d1a70335f7dcb4924176bb2309a36b4eeb9241d31308671ba87c63ff1c%2C78525a30d58b4a4c1aa778106d3f5890ebc8a47923f4367d949684ab3abbfdb9%2C2c71bede8f778011859533947ee7e309e54fcf9ecc809ea8d1011f067783a6ac%2C32e39d237cb99cf577963e306ae9097fdef28133f4fed27ba04a3048e7f9bafb  delay=7.375 min_gap=0.000 last=1784788758.939
08:39:18.938  ENF   delay=7.375 min_gap=0.000 jitter=3.086 gap=10.461 since_last=0.000 sleep=10.461
08:39:29.882  PARSE Account 6:4:10 → 0.500s/req pen=10s (used=1); Ip 12:4:60 → 0.208s/req pen=60s (used=1); Ip 16:12:60 → 0.516s/req pen=60s (used=2)  delay 7.375→1.516  min_gap→0  max_usage=0%
08:39:29.882  RAW   content-type: application/json
08:39:29.882  RAW   x-rate-limit-policy: trade-fetch-request-limit
08:39:29.882  RAW   x-rate-limit-rules: Account,Ip
08:39:29.882  RAW   x-rate-limit-account: 6:4:10
08:39:29.882  RAW   x-rate-limit-account-state: 1:4:0
08:39:29.882  RAW   x-rate-limit-ip: 12:4:60,16:12:60
08:39:29.882  RAW   x-rate-limit-ip-state: 1:4:0,2:12:0
08:39:29.882  RAW   cf-cache-status: DYNAMIC
08:39:29.882  RAW   cf-ray: a1f8b030c92b5411-WAW
08:39:29.882  RESP  GET /api/trade/fetch/b15520fc132785485c9fd3a9ea9e74193d562e3accd2e14af97c8cc8b6214a2f%2C815378d1a70335f7dcb4924176bb2309a36b4eeb9241d31308671ba87c63ff1c%2C78525a30d58b4a4c1aa778106d3f5890ebc8a47923f4367d949684ab3abbfdb9%2C2c71bede8f778011859533947ee7e309e54fcf9ecc809ea8d1011f067783a6ac%2C32e39d237cb99cf577963e306ae9097fdef28133f4fed27ba04a3048e7f9bafb → 200  10.943s  delay=1.516 min_gap=0.000 last=1784788769.883
08:39:29.909  PRE   POST /api/trade/search/Standard  delay=1.516 min_gap=0.000 last=1784788769.883
08:39:29.909  ENF   delay=1.516 min_gap=0.000 jitter=3.300 gap=4.815 since_last=0.027 sleep=4.789
08:39:35.011  PARSE Account 3:5:60 → 1.667s/req pen=60s (used=1); Ip 8:10:60 → 0.859s/req pen=60s (used=1); Ip 15:60:120 → 4.400s/req pen=120s (used=6); Ip 60:300:1800 → 6.625s/req pen=1800s (used=33)  delay 1.516→7.625  min_gap→0  max_usage=55%
08:39:35.011  RAW   content-type: application/json
08:39:35.011  RAW   x-rate-limit-policy: trade-search-request-limit
08:39:35.011  RAW   x-rate-limit-rules: Account,Ip
08:39:35.011  RAW   x-rate-limit-account: 3:5:60
08:39:35.011  RAW   x-rate-limit-account-state: 1:5:0
08:39:35.011  RAW   x-rate-limit-ip: 8:10:60,15:60:120,60:300:1800
08:39:35.011  RAW   x-rate-limit-ip-state: 1:10:0,6:60:0,33:300:0
08:39:35.011  RAW   cf-cache-status: DYNAMIC
08:39:35.011  RAW   cf-ray: a1f8b051ee115411-WAW
08:39:35.011  RESP  POST /api/trade/search/Standard → 200  5.102s  delay=7.625 min_gap=0.000 last=1784788775.012
08:39:35.012  PRE   GET /api/trade/fetch/8cfa710c0385b496caf81ddadbfb0d8a91db12db240523656d70c90158abcbb5%2C259cf4ffe8a6804425badb921c1acbbe0454a9a0dd72583668cfda3366f80325%2C5bd84adfc81809f81ab257562f63cff494cea3ff5a5efb15214df85a7b773a34%2Cc9d86a967fd549252d74eda4b0af3f3f627d9461fc7a8eb1f577bb052ae07d66%2Cc2723c05ed81a54f2b8e3c56f73f431c8b56108eb1ab203dc093ea8e505ffaf0  delay=7.625 min_gap=0.000 last=1784788775.012
08:39:35.012  ENF   delay=7.625 min_gap=0.000 jitter=2.861 gap=10.486 since_last=0.000 sleep=10.485
08:39:45.813  PARSE Account 6:4:10 → 0.500s/req pen=10s (used=1); Ip 12:4:60 → 0.208s/req pen=60s (used=1); Ip 16:12:60 → 0.516s/req pen=60s (used=2)  delay 7.625→1.516  min_gap→0  max_usage=0%
08:39:45.813  RAW   content-type: application/json
08:39:45.813  RAW   x-rate-limit-policy: trade-fetch-request-limit
08:39:45.813  RAW   x-rate-limit-rules: Account,Ip
08:39:45.813  RAW   x-rate-limit-account: 6:4:10
08:39:45.813  RAW   x-rate-limit-account-state: 1:4:0
08:39:45.813  RAW   x-rate-limit-ip: 12:4:60,16:12:60
08:39:45.813  RAW   x-rate-limit-ip-state: 1:4:0,2:12:0
08:39:45.813  RAW   cf-cache-status: DYNAMIC
08:39:45.813  RAW   cf-ray: a1f8b0956db35411-WAW
08:39:45.813  RESP  GET /api/trade/fetch/8cfa710c0385b496caf81ddadbfb0d8a91db12db240523656d70c90158abcbb5%2C259cf4ffe8a6804425badb921c1acbbe0454a9a0dd72583668cfda3366f80325%2C5bd84adfc81809f81ab257562f63cff494cea3ff5a5efb15214df85a7b773a34%2Cc9d86a967fd549252d74eda4b0af3f3f627d9461fc7a8eb1f577bb052ae07d66%2Cc2723c05ed81a54f2b8e3c56f73f431c8b56108eb1ab203dc093ea8e505ffaf0 → 200  10.801s  delay=1.516 min_gap=0.000 last=1784788785.814
08:39:45.813  PRE   POST /api/trade/search/Standard  delay=1.516 min_gap=0.000 last=1784788785.814
08:39:45.813  ENF   delay=1.516 min_gap=0.000 jitter=3.851 gap=5.366 since_last=0.000 sleep=5.366
08:39:51.529  PARSE Account 3:5:60 → 1.667s/req pen=60s (used=1); Ip 8:10:60 → 0.859s/req pen=60s (used=1); Ip 15:60:120 → 4.800s/req pen=120s (used=7); Ip 60:300:1800 → 6.875s/req pen=1800s (used=35)  delay 1.516→7.875  min_gap→0  max_usage=58%
08:39:51.529  RAW   content-type: application/json
08:39:51.529  RAW   x-rate-limit-policy: trade-search-request-limit
08:39:51.529  RAW   x-rate-limit-rules: Account,Ip
08:39:51.529  RAW   x-rate-limit-account: 3:5:60
08:39:51.529  RAW   x-rate-limit-account-state: 1:5:0
08:39:51.529  RAW   x-rate-limit-ip: 8:10:60,15:60:120,60:300:1800
08:39:51.529  RAW   x-rate-limit-ip-state: 1:10:0,7:60:0,35:300:0
08:39:51.529  RAW   cf-cache-status: DYNAMIC
08:39:51.529  RAW   cf-ray: a1f8b0b8e9af5411-WAW
08:39:51.529  RESP  POST /api/trade/search/Standard → 200  5.716s  delay=7.875 min_gap=0.000 last=1784788791.530
08:39:51.529  PRE   GET /api/trade/fetch/1284040aa7c453d734e2952550685941f0d24cada65f8d8b5aaf9d6c63821bc4%2C932cf507e4da5f031d80ce77a96fb7cbe64a285ef7f07ff0fb52ae778f3525a3%2Cd3f3c41009e45ca2b3d3dbf54fac389a01fd78ec753c45125ca4697b75ae03c8%2C25094c569c19611de7f93b60dcbdc78a1358dc5d64aee7f7ef7e05c9f0f8df17%2Cc727382b38f6d9b53a0722de082a96777b51839f9f03acbb94e191a03a074363  delay=7.875 min_gap=0.000 last=1784788791.530
08:39:51.529  ENF   delay=7.875 min_gap=0.000 jitter=4.726 gap=12.601 since_last=0.000 sleep=12.601
08:40:04.525  PARSE Account 6:4:10 → 0.500s/req pen=10s (used=1); Ip 12:4:60 → 0.208s/req pen=60s (used=1); Ip 16:12:60 → 0.445s/req pen=60s (used=1)  delay 7.875→1.500  min_gap→0  max_usage=0%
08:40:04.525  RAW   content-type: application/json
08:40:04.525  RAW   x-rate-limit-policy: trade-fetch-request-limit
08:40:04.525  RAW   x-rate-limit-rules: Account,Ip
08:40:04.525  RAW   x-rate-limit-account: 6:4:10
08:40:04.525  RAW   x-rate-limit-account-state: 1:4:0
08:40:04.525  RAW   x-rate-limit-ip: 12:4:60,16:12:60
08:40:04.525  RAW   x-rate-limit-ip-state: 1:4:0,1:12:0
08:40:04.525  RAW   cf-cache-status: DYNAMIC
08:40:04.525  RAW   cf-ray: a1f8b109dbc25411-WAW
08:40:04.525  RESP  GET /api/trade/fetch/1284040aa7c453d734e2952550685941f0d24cada65f8d8b5aaf9d6c63821bc4%2C932cf507e4da5f031d80ce77a96fb7cbe64a285ef7f07ff0fb52ae778f3525a3%2Cd3f3c41009e45ca2b3d3dbf54fac389a01fd78ec753c45125ca4697b75ae03c8%2C25094c569c19611de7f93b60dcbdc78a1358dc5d64aee7f7ef7e05c9f0f8df17%2Cc727382b38f6d9b53a0722de082a96777b51839f9f03acbb94e191a03a074363 → 200  12.996s  delay=1.500 min_gap=0.000 last=1784788804.526
08:40:04.526  PRE   POST /api/trade/search/Standard  delay=1.500 min_gap=0.000 last=1784788804.526
08:40:04.526  ENF   delay=1.500 min_gap=0.000 jitter=2.644 gap=4.144 since_last=0.000 sleep=4.143
08:40:09.063  PARSE Account 3:5:60 → 1.667s/req pen=60s (used=1); Ip 8:10:60 → 0.859s/req pen=60s (used=1); Ip 15:60:120 → 4.800s/req pen=120s (used=7); Ip 60:300:1800 → 6.250s/req pen=1800s (used=30)  delay 1.500→7.250  min_gap→0  max_usage=50%
08:40:09.063  RAW   content-type: application/json
08:40:09.063  RAW   x-rate-limit-policy: trade-search-request-limit
08:40:09.063  RAW   x-rate-limit-rules: Account,Ip
08:40:09.063  RAW   x-rate-limit-account: 3:5:60
08:40:09.063  RAW   x-rate-limit-account-state: 1:5:0
08:40:09.063  RAW   x-rate-limit-ip: 8:10:60,15:60:120,60:300:1800
08:40:09.063  RAW   x-rate-limit-ip-state: 1:10:0,7:60:0,30:300:0
08:40:09.063  RAW   cf-cache-status: DYNAMIC
08:40:09.063  RAW   cf-ray: a1f8b1263bce5411-WAW
08:40:09.063  RESP  POST /api/trade/search/Standard → 200  4.537s  delay=7.250 min_gap=0.000 last=1784788809.064
08:40:09.063  PRE   GET /api/trade/fetch/8cfa710c0385b496caf81ddadbfb0d8a91db12db240523656d70c90158abcbb5%2C5bd84adfc81809f81ab257562f63cff494cea3ff5a5efb15214df85a7b773a34%2C259cf4ffe8a6804425badb921c1acbbe0454a9a0dd72583668cfda3366f80325%2Cc2723c05ed81a54f2b8e3c56f73f431c8b56108eb1ab203dc093ea8e505ffaf0%2C086da50489b0b0e48a1250424cac4a370a93d7abf59f153e487840496168931e  delay=7.250 min_gap=0.000 last=1784788809.064
08:40:09.063  ENF   delay=7.250 min_gap=0.000 jitter=4.781 gap=12.031 since_last=0.000 sleep=12.031
08:40:21.375  PARSE Account 6:4:10 → 0.500s/req pen=10s (used=1); Ip 12:4:60 → 0.208s/req pen=60s (used=1); Ip 16:12:60 → 0.445s/req pen=60s (used=1)  delay 7.250→1.500  min_gap→0  max_usage=0%
08:40:21.375  RAW   content-type: application/json
08:40:21.375  RAW   x-rate-limit-policy: trade-fetch-request-limit
08:40:21.375  RAW   x-rate-limit-rules: Account,Ip
08:40:21.375  RAW   x-rate-limit-account: 6:4:10
08:40:21.375  RAW   x-rate-limit-account-state: 1:4:0
08:40:21.375  RAW   x-rate-limit-ip: 12:4:60,16:12:60
08:40:21.375  RAW   x-rate-limit-ip-state: 1:4:0,1:12:0
08:40:21.375  RAW   cf-cache-status: DYNAMIC
08:40:21.375  RAW   cf-ray: a1f8b173d9045411-WAW
08:40:21.375  RESP  GET /api/trade/fetch/8cfa710c0385b496caf81ddadbfb0d8a91db12db240523656d70c90158abcbb5%2C5bd84adfc81809f81ab257562f63cff494cea3ff5a5efb15214df85a7b773a34%2C259cf4ffe8a6804425badb921c1acbbe0454a9a0dd72583668cfda3366f80325%2Cc2723c05ed81a54f2b8e3c56f73f431c8b56108eb1ab203dc093ea8e505ffaf0%2C086da50489b0b0e48a1250424cac4a370a93d7abf59f153e487840496168931e → 200  12.312s  delay=1.500 min_gap=0.000 last=1784788821.376
08:40:21.402  PRE   POST /api/trade/search/Standard  delay=1.500 min_gap=0.000 last=1784788821.376
08:40:21.402  ENF   delay=1.500 min_gap=0.000 jitter=2.791 gap=4.291 since_last=0.027 sleep=4.264
08:40:26.090  PARSE Account 3:5:60 → 1.667s/req pen=60s (used=1); Ip 8:10:60 → 0.859s/req pen=60s (used=1); Ip 15:60:120 → 4.800s/req pen=120s (used=7); Ip 60:300:1800 → 6.500s/req pen=1800s (used=32)  delay 1.500→7.500  min_gap→0  max_usage=53%
08:40:26.090  RAW   content-type: application/json
08:40:26.090  RAW   x-rate-limit-policy: trade-search-request-limit
08:40:26.090  RAW   x-rate-limit-rules: Account,Ip
08:40:26.090  RAW   x-rate-limit-account: 3:5:60
08:40:26.090  RAW   x-rate-limit-account-state: 1:5:0
08:40:26.090  RAW   x-rate-limit-ip: 8:10:60,15:60:120,60:300:1800
08:40:26.090  RAW   x-rate-limit-ip-state: 1:10:0,7:60:0,32:300:0
08:40:26.090  RAW   cf-cache-status: DYNAMIC
08:40:26.090  RAW   cf-ray: a1f8b1906b285411-WAW
08:40:26.090  RESP  POST /api/trade/search/Standard → 200  4.688s  delay=7.500 min_gap=0.000 last=1784788826.091
08:40:26.090  PRE   GET /api/trade/fetch/b15520fc132785485c9fd3a9ea9e74193d562e3accd2e14af97c8cc8b6214a2f%2C815378d1a70335f7dcb4924176bb2309a36b4eeb9241d31308671ba87c63ff1c%2C78525a30d58b4a4c1aa778106d3f5890ebc8a47923f4367d949684ab3abbfdb9%2C2c71bede8f778011859533947ee7e309e54fcf9ecc809ea8d1011f067783a6ac%2C2d81c57211934f2cbdc064e96f5ae25e27664674205eaff69cd75a36dd40ca33  delay=7.500 min_gap=0.000 last=1784788826.091
08:40:26.090  ENF   delay=7.500 min_gap=0.000 jitter=2.612 gap=10.112 since_last=0.000 sleep=10.112
08:40:36.549  PARSE Account 6:4:10 → 0.500s/req pen=10s (used=1); Ip 12:4:60 → 0.208s/req pen=60s (used=1); Ip 16:12:60 → 0.516s/req pen=60s (used=2)  delay 7.500→1.516  min_gap→0  max_usage=0%
08:40:36.549  RAW   content-type: application/json
08:40:36.550  RAW   x-rate-limit-policy: trade-fetch-request-limit
08:40:36.550  RAW   x-rate-limit-rules: Account,Ip
08:40:36.550  RAW   x-rate-limit-account: 6:4:10
08:40:36.550  RAW   x-rate-limit-account-state: 1:4:0
08:40:36.550  RAW   x-rate-limit-ip: 12:4:60,16:12:60
08:40:36.550  RAW   x-rate-limit-ip-state: 1:4:0,2:12:0
08:40:36.550  RAW   cf-cache-status: DYNAMIC
08:40:36.550  RAW   cf-ray: a1f8b1d24c005411-WAW
08:40:36.550  RESP  GET /api/trade/fetch/b15520fc132785485c9fd3a9ea9e74193d562e3accd2e14af97c8cc8b6214a2f%2C815378d1a70335f7dcb4924176bb2309a36b4eeb9241d31308671ba87c63ff1c%2C78525a30d58b4a4c1aa778106d3f5890ebc8a47923f4367d949684ab3abbfdb9%2C2c71bede8f778011859533947ee7e309e54fcf9ecc809ea8d1011f067783a6ac%2C2d81c57211934f2cbdc064e96f5ae25e27664674205eaff69cd75a36dd40ca33 → 200  10.459s  delay=1.516 min_gap=0.000 last=1784788836.550
08:40:36.550  PRE   POST /api/trade/search/Standard  delay=1.516 min_gap=0.000 last=1784788836.550
08:40:36.550  ENF   delay=1.516 min_gap=0.000 jitter=2.707 gap=4.223 since_last=0.000 sleep=4.223
08:40:41.128  PARSE Account 3:5:60 → 1.667s/req pen=60s (used=1); Ip 8:10:60 → 0.859s/req pen=60s (used=1); Ip 15:60:120 → 4.800s/req pen=120s (used=7); Ip 60:300:1800 → 6.750s/req pen=1800s (used=34)  delay 1.516→7.750  min_gap→0  max_usage=57%
08:40:41.128  RAW   content-type: application/json
08:40:41.128  RAW   x-rate-limit-policy: trade-search-request-limit
08:40:41.128  RAW   x-rate-limit-rules: Account,Ip
08:40:41.128  RAW   x-rate-limit-account: 3:5:60
08:40:41.128  RAW   x-rate-limit-account-state: 1:5:0
08:40:41.128  RAW   x-rate-limit-ip: 8:10:60,15:60:120,60:300:1800
08:40:41.128  RAW   x-rate-limit-ip-state: 1:10:0,7:60:0,34:300:0
08:40:41.128  RAW   cf-cache-status: DYNAMIC
08:40:41.128  RAW   cf-ray: a1f8b1eedaf45411-WAW
08:40:41.128  RESP  POST /api/trade/search/Standard → 200  4.578s  delay=7.750 min_gap=0.000 last=1784788841.129
08:40:41.128  PRE   GET /api/trade/fetch/1284040aa7c453d734e2952550685941f0d24cada65f8d8b5aaf9d6c63821bc4%2C932cf507e4da5f031d80ce77a96fb7cbe64a285ef7f07ff0fb52ae778f3525a3%2Cd3f3c41009e45ca2b3d3dbf54fac389a01fd78ec753c45125ca4697b75ae03c8%2Cab908941bd64a02ae850a56ef50ec208f8020c9ae3988d9657fd73fa8aec2e0a%2C25094c569c19611de7f93b60dcbdc78a1358dc5d64aee7f7ef7e05c9f0f8df17  delay=7.750 min_gap=0.000 last=1784788841.129
08:40:41.128  ENF   delay=7.750 min_gap=0.000 jitter=4.757 gap=12.507 since_last=0.000 sleep=12.507
08:40:53.911  PARSE Account 6:4:10 → 0.500s/req pen=10s (used=1); Ip 12:4:60 → 0.208s/req pen=60s (used=1); Ip 16:12:60 → 0.516s/req pen=60s (used=2)  delay 7.750→1.516  min_gap→0  max_usage=0%
08:40:53.911  RAW   content-type: application/json
08:40:53.911  RAW   x-rate-limit-policy: trade-fetch-request-limit
08:40:53.911  RAW   x-rate-limit-rules: Account,Ip
08:40:53.911  RAW   x-rate-limit-account: 6:4:10
08:40:53.911  RAW   x-rate-limit-account-state: 1:4:0
08:40:53.911  RAW   x-rate-limit-ip: 12:4:60,16:12:60
08:40:53.911  RAW   x-rate-limit-ip-state: 1:4:0,2:12:0
08:40:53.911  RAW   cf-cache-status: DYNAMIC
08:40:53.911  RAW   cf-ray: a1f8b23f3d585411-WAW
08:40:53.911  RESP  GET /api/trade/fetch/1284040aa7c453d734e2952550685941f0d24cada65f8d8b5aaf9d6c63821bc4%2C932cf507e4da5f031d80ce77a96fb7cbe64a285ef7f07ff0fb52ae778f3525a3%2Cd3f3c41009e45ca2b3d3dbf54fac389a01fd78ec753c45125ca4697b75ae03c8%2Cab908941bd64a02ae850a56ef50ec208f8020c9ae3988d9657fd73fa8aec2e0a%2C25094c569c19611de7f93b60dcbdc78a1358dc5d64aee7f7ef7e05c9f0f8df17 → 200  12.782s  delay=1.516 min_gap=0.000 last=1784788853.911
08:40:53.911  PRE   POST /api/trade/search/Standard  delay=1.516 min_gap=0.000 last=1784788853.911
08:40:53.911  ENF   delay=1.516 min_gap=0.000 jitter=4.922 gap=6.438 since_last=0.000 sleep=6.438
08:41:00.768  PARSE Account 3:5:60 → 1.667s/req pen=60s (used=1); Ip 8:10:60 → 0.859s/req pen=60s (used=1); Ip 15:60:120 → 4.000s/req pen=120s (used=5); Ip 60:300:1800 → 6.125s/req pen=1800s (used=29)  delay 1.516→7.125  min_gap→0  max_usage=48%
08:41:00.768  RAW   content-type: application/json
08:41:00.769  RAW   x-rate-limit-policy: trade-search-request-limit
08:41:00.769  RAW   x-rate-limit-rules: Account,Ip
08:41:00.769  RAW   x-rate-limit-account: 3:5:60
08:41:00.769  RAW   x-rate-limit-account-state: 1:5:0
08:41:00.769  RAW   x-rate-limit-ip: 8:10:60,15:60:120,60:300:1800
08:41:00.769  RAW   x-rate-limit-ip-state: 1:10:0,5:60:0,29:300:0
08:41:00.769  RAW   cf-cache-status: DYNAMIC
08:41:00.769  RAW   cf-ray: a1f8b269389b5411-WAW
08:41:00.769  RESP  POST /api/trade/search/Standard → 200  6.857s  delay=7.125 min_gap=0.000 last=1784788860.769
08:41:00.769  PRE   GET /api/trade/fetch/b15520fc132785485c9fd3a9ea9e74193d562e3accd2e14af97c8cc8b6214a2f%2C78525a30d58b4a4c1aa778106d3f5890ebc8a47923f4367d949684ab3abbfdb9%2C815378d1a70335f7dcb4924176bb2309a36b4eeb9241d31308671ba87c63ff1c%2C2c71bede8f778011859533947ee7e309e54fcf9ecc809ea8d1011f067783a6ac%2C2d81c57211934f2cbdc064e96f5ae25e27664674205eaff69cd75a36dd40ca33  delay=7.125 min_gap=0.000 last=1784788860.769
08:41:00.769  ENF   delay=7.125 min_gap=0.000 jitter=2.262 gap=9.387 since_last=0.000 sleep=9.387
08:41:10.575  PARSE Account 6:4:10 → 0.500s/req pen=10s (used=1); Ip 12:4:60 → 0.208s/req pen=60s (used=1); Ip 16:12:60 → 0.516s/req pen=60s (used=2)  delay 7.125→1.516  min_gap→0  max_usage=0%
08:41:10.576  RAW   content-type: application/json
08:41:10.576  RAW   x-rate-limit-policy: trade-fetch-request-limit
08:41:10.576  RAW   x-rate-limit-rules: Account,Ip
08:41:10.576  RAW   x-rate-limit-account: 6:4:10
08:41:10.576  RAW   x-rate-limit-account-state: 1:4:0
08:41:10.576  RAW   x-rate-limit-ip: 12:4:60,16:12:60
08:41:10.576  RAW   x-rate-limit-ip-state: 1:4:0,2:12:0
08:41:10.576  RAW   cf-cache-status: DYNAMIC
08:41:10.576  RAW   cf-ray: a1f8b2a67d035411-WAW
08:41:10.576  RESP  GET /api/trade/fetch/b15520fc132785485c9fd3a9ea9e74193d562e3accd2e14af97c8cc8b6214a2f%2C78525a30d58b4a4c1aa778106d3f5890ebc8a47923f4367d949684ab3abbfdb9%2C815378d1a70335f7dcb4924176bb2309a36b4eeb9241d31308671ba87c63ff1c%2C2c71bede8f778011859533947ee7e309e54fcf9ecc809ea8d1011f067783a6ac%2C2d81c57211934f2cbdc064e96f5ae25e27664674205eaff69cd75a36dd40ca33 → 200  9.807s  delay=1.516 min_gap=0.000 last=1784788870.576
08:41:10.596  PRE   POST /api/trade/search/Standard  delay=1.516 min_gap=0.000 last=1784788870.576
08:41:10.596  ENF   delay=1.516 min_gap=0.000 jitter=2.018 gap=3.534 since_last=0.021 sleep=3.514
08:41:14.451  PARSE Account 3:5:60 → 1.667s/req pen=60s (used=1); Ip 8:10:60 → 1.094s/req pen=60s (used=2); Ip 15:60:120 → 4.800s/req pen=120s (used=7); Ip 60:300:1800 → 6.375s/req pen=1800s (used=31)  delay 1.516→7.375  min_gap→0  max_usage=52%
08:41:14.451  RAW   content-type: application/json
08:41:14.451  RAW   x-rate-limit-policy: trade-search-request-limit
08:41:14.451  RAW   x-rate-limit-rules: Account,Ip
08:41:14.451  RAW   x-rate-limit-account: 3:5:60
08:41:14.451  RAW   x-rate-limit-account-state: 1:5:0
08:41:14.451  RAW   x-rate-limit-ip: 8:10:60,15:60:120,60:300:1800
08:41:14.451  RAW   x-rate-limit-ip-state: 2:10:0,7:60:0,31:300:0
08:41:14.451  RAW   cf-cache-status: DYNAMIC
08:41:14.451  RAW   cf-ray: a1f8b2bf3eac5411-WAW
08:41:14.451  RESP  POST /api/trade/search/Standard → 200  3.854s  delay=7.375 min_gap=0.000 last=1784788874.451
08:41:14.451  PRE   GET /api/trade/fetch/5bd84adfc81809f81ab257562f63cff494cea3ff5a5efb15214df85a7b773a34%2Ca2411e522644b0798d85c6a6983dab88378d78a5996fe5afe29987dde850a4ce%2Caa2c1e12bfd93e3a09d25074c196c821a4de4a02378346b4d1fd17ca9b648d39%2Cf60c9d1055285935620f7ce6c89e6d178c014f163d5d6deadff80b9d0ef5fa10%2C5fa67c6b47494ca50e23cd9b72f73838559111ea72b74fc2a1e3385b750d8659  delay=7.375 min_gap=0.000 last=1784788874.451
08:41:14.451  ENF   delay=7.375 min_gap=0.000 jitter=2.743 gap=10.118 since_last=0.000 sleep=10.118
08:41:24.986  PARSE Account 6:4:10 → 0.500s/req pen=10s (used=1); Ip 12:4:60 → 0.208s/req pen=60s (used=1); Ip 16:12:60 → 0.516s/req pen=60s (used=2)  delay 7.375→1.516  min_gap→0  max_usage=0%
08:41:24.986  RAW   content-type: application/json
08:41:24.986  RAW   x-rate-limit-policy: trade-fetch-request-limit
08:41:24.986  RAW   x-rate-limit-rules: Account,Ip
08:41:24.986  RAW   x-rate-limit-account: 6:4:10
08:41:24.986  RAW   x-rate-limit-account-state: 1:4:0
08:41:24.986  RAW   x-rate-limit-ip: 12:4:60,16:12:60
08:41:24.986  RAW   x-rate-limit-ip-state: 1:4:0,2:12:0
08:41:24.986  RAW   cf-cache-status: DYNAMIC
08:41:24.986  RAW   cf-ray: a1f8b300987d5411-WAW
08:41:24.986  RESP  GET /api/trade/fetch/5bd84adfc81809f81ab257562f63cff494cea3ff5a5efb15214df85a7b773a34%2Ca2411e522644b0798d85c6a6983dab88378d78a5996fe5afe29987dde850a4ce%2Caa2c1e12bfd93e3a09d25074c196c821a4de4a02378346b4d1fd17ca9b648d39%2Cf60c9d1055285935620f7ce6c89e6d178c014f163d5d6deadff80b9d0ef5fa10%2C5fa67c6b47494ca50e23cd9b72f73838559111ea72b74fc2a1e3385b750d8659 → 200  10.535s  delay=1.516 min_gap=0.000 last=1784788884.987
08:41:24.987  PRE   POST /api/trade/search/Standard  delay=1.516 min_gap=0.000 last=1784788884.987
08:41:24.987  ENF   delay=1.516 min_gap=0.000 jitter=3.749 gap=5.264 since_last=0.000 sleep=5.264
08:41:30.760  PARSE Account 3:5:60 → 1.667s/req pen=60s (used=1); Ip 8:10:60 → 0.859s/req pen=60s (used=1); Ip 15:60:120 → 4.400s/req pen=120s (used=6); Ip 60:300:1800 → 6.625s/req pen=1800s (used=33)  delay 1.516→7.625  min_gap→0  max_usage=55%
08:41:30.760  RAW   content-type: application/json
08:41:30.760  RAW   x-rate-limit-policy: trade-search-request-limit
08:41:30.760  RAW   x-rate-limit-rules: Account,Ip
08:41:30.760  RAW   x-rate-limit-account: 3:5:60
08:41:30.760  RAW   x-rate-limit-account-state: 1:5:0
08:41:30.760  RAW   x-rate-limit-ip: 8:10:60,15:60:120,60:300:1800
08:41:30.760  RAW   x-rate-limit-ip-state: 1:10:0,6:60:0,33:300:0
08:41:30.760  RAW   cf-cache-status: DYNAMIC
08:41:30.760  RAW   cf-ray: a1f8b3241b995411-WAW
08:41:30.760  RESP  POST /api/trade/search/Standard → 200  5.773s  delay=7.625 min_gap=0.000 last=1784788890.760
08:41:30.760  PRE   GET /api/trade/fetch/1284040aa7c453d734e2952550685941f0d24cada65f8d8b5aaf9d6c63821bc4%2C932cf507e4da5f031d80ce77a96fb7cbe64a285ef7f07ff0fb52ae778f3525a3%2Cd3f3c41009e45ca2b3d3dbf54fac389a01fd78ec753c45125ca4697b75ae03c8%2Cc727382b38f6d9b53a0722de082a96777b51839f9f03acbb94e191a03a074363%2C519cc297a74a0c7dbc4348c04ba02564989fdf1341564b6af7106febb550ac66  delay=7.625 min_gap=0.000 last=1784788890.760
08:41:30.760  ENF   delay=7.625 min_gap=0.000 jitter=4.832 gap=12.457 since_last=0.000 sleep=12.457
08:41:43.705  PARSE Account 6:4:10 → 0.500s/req pen=10s (used=1); Ip 12:4:60 → 0.208s/req pen=60s (used=1); Ip 16:12:60 → 0.516s/req pen=60s (used=2)  delay 7.625→1.516  min_gap→0  max_usage=0%
08:41:43.705  RAW   content-type: application/json
08:41:43.705  RAW   x-rate-limit-policy: trade-fetch-request-limit
08:41:43.705  RAW   x-rate-limit-rules: Account,Ip
08:41:43.705  RAW   x-rate-limit-account: 6:4:10
08:41:43.705  RAW   x-rate-limit-account-state: 1:4:0
08:41:43.705  RAW   x-rate-limit-ip: 12:4:60,16:12:60
08:41:43.705  RAW   x-rate-limit-ip-state: 1:4:0,2:12:0
08:41:43.705  RAW   cf-cache-status: DYNAMIC
08:41:43.705  RAW   cf-ray: a1f8b37529465411-WAW
08:41:43.705  RESP  GET /api/trade/fetch/1284040aa7c453d734e2952550685941f0d24cada65f8d8b5aaf9d6c63821bc4%2C932cf507e4da5f031d80ce77a96fb7cbe64a285ef7f07ff0fb52ae778f3525a3%2Cd3f3c41009e45ca2b3d3dbf54fac389a01fd78ec753c45125ca4697b75ae03c8%2Cc727382b38f6d9b53a0722de082a96777b51839f9f03acbb94e191a03a074363%2C519cc297a74a0c7dbc4348c04ba02564989fdf1341564b6af7106febb550ac66 → 200  12.945s  delay=1.516 min_gap=0.000 last=1784788903.706
08:41:43.706  PRE   POST /api/trade/search/Standard  delay=1.516 min_gap=0.000 last=1784788903.706
08:41:43.706  ENF   delay=1.516 min_gap=0.000 jitter=3.077 gap=4.593 since_last=0.000 sleep=4.593
08:41:48.663  PARSE Account 3:5:60 → 1.667s/req pen=60s (used=1); Ip 8:10:60 → 0.859s/req pen=60s (used=1); Ip 15:60:120 → 4.800s/req pen=120s (used=7); Ip 60:300:1800 → 6.875s/req pen=1800s (used=35)  delay 1.516→7.875  min_gap→0  max_usage=58%
08:41:48.663  RAW   content-type: application/json
08:41:48.664  RAW   x-rate-limit-policy: trade-search-request-limit
08:41:48.664  RAW   x-rate-limit-rules: Account,Ip
08:41:48.664  RAW   x-rate-limit-account: 3:5:60
08:41:48.664  RAW   x-rate-limit-account-state: 1:5:0
08:41:48.664  RAW   x-rate-limit-ip: 8:10:60,15:60:120,60:300:1800
08:41:48.664  RAW   x-rate-limit-ip-state: 1:10:0,7:60:0,35:300:0
08:41:48.664  RAW   cf-cache-status: DYNAMIC
08:41:48.664  RAW   cf-ray: a1f8b394ec785411-WAW
08:41:48.664  RESP  POST /api/trade/search/Standard → 200  4.958s  delay=7.875 min_gap=0.000 last=1784788908.664
08:41:48.664  PRE   GET /api/trade/fetch/5bd84adfc81809f81ab257562f63cff494cea3ff5a5efb15214df85a7b773a34%2Caa2c1e12bfd93e3a09d25074c196c821a4de4a02378346b4d1fd17ca9b648d39%2C54086b5ce194e2dd5d54489e2674f888a81e6271a6204c59e724ebf1fffc7ea5%2C18aaf5fa66b8632a051e03247c5ab6dff659939b5cd37d2840e52e1ffc7a45cc%2Cd10ff4b4c9c961b364025f9a778890e3e0cdb608544a294d175f53b89ba775bf  delay=7.875 min_gap=0.000 last=1784788908.664
08:41:48.664  ENF   delay=7.875 min_gap=0.000 jitter=2.398 gap=10.273 since_last=0.000 sleep=10.273
08:41:59.462  PARSE Account 6:4:10 → 0.500s/req pen=10s (used=1); Ip 12:4:60 → 0.208s/req pen=60s (used=1); Ip 16:12:60 → 0.516s/req pen=60s (used=2)  delay 7.875→1.516  min_gap→0  max_usage=0%
08:41:59.462  RAW   content-type: application/json
08:41:59.462  RAW   x-rate-limit-policy: trade-fetch-request-limit
08:41:59.462  RAW   x-rate-limit-rules: Account,Ip
08:41:59.462  RAW   x-rate-limit-account: 6:4:10
08:41:59.462  RAW   x-rate-limit-account-state: 1:4:0
08:41:59.462  RAW   x-rate-limit-ip: 12:4:60,16:12:60
08:41:59.462  RAW   x-rate-limit-ip-state: 1:4:0,2:12:0
08:41:59.462  RAW   cf-cache-status: DYNAMIC
08:41:59.462  RAW   cf-ray: a1f8b3d7698a5411-WAW
08:41:59.462  RESP  GET /api/trade/fetch/5bd84adfc81809f81ab257562f63cff494cea3ff5a5efb15214df85a7b773a34%2Caa2c1e12bfd93e3a09d25074c196c821a4de4a02378346b4d1fd17ca9b648d39%2C54086b5ce194e2dd5d54489e2674f888a81e6271a6204c59e724ebf1fffc7ea5%2C18aaf5fa66b8632a051e03247c5ab6dff659939b5cd37d2840e52e1ffc7a45cc%2Cd10ff4b4c9c961b364025f9a778890e3e0cdb608544a294d175f53b89ba775bf → 200  10.799s  delay=1.516 min_gap=0.000 last=1784788919.463
08:41:59.488  PRE   POST /api/trade/search/Standard  delay=1.516 min_gap=0.000 last=1784788919.463
08:41:59.488  ENF   delay=1.516 min_gap=0.000 jitter=2.967 gap=4.483 since_last=0.026 sleep=4.457
08:42:04.460  PARSE Account 3:5:60 → 1.667s/req pen=60s (used=1); Ip 8:10:60 → 0.859s/req pen=60s (used=1); Ip 15:60:120 → 4.400s/req pen=120s (used=6); Ip 60:300:1800 → 6.250s/req pen=1800s (used=30)  delay 1.516→7.250  min_gap→0  max_usage=50%
08:42:04.460  RAW   content-type: application/json
08:42:04.460  RAW   x-rate-limit-policy: trade-search-request-limit
08:42:04.460  RAW   x-rate-limit-rules: Account,Ip
08:42:04.460  RAW   x-rate-limit-account: 3:5:60
08:42:04.460  RAW   x-rate-limit-account-state: 1:5:0
08:42:04.460  RAW   x-rate-limit-ip: 8:10:60,15:60:120,60:300:1800
08:42:04.460  RAW   x-rate-limit-ip-state: 1:10:0,6:60:0,30:300:0
08:42:04.460  RAW   cf-cache-status: DYNAMIC
08:42:04.460  RAW   cf-ray: a1f8b3f6af2e5411-WAW
08:42:04.460  RESP  POST /api/trade/search/Standard → 200  4.971s  delay=7.250 min_gap=0.000 last=1784788924.460
08:42:04.460  PRE   GET /api/trade/fetch/07a74606901c816dc66c6df4d7479fc39a0bf68de1f0513aa7038741cfa98e3c%2Ce37bf09c929b366a8464e8d0d5d475900326cea635e047a9510672fc4674ce37%2Cc187246a2ed344c51caf3de9e41ea97c65a281e4eae4e85fb44c2cb8ea1e40a8%2C2a42c6ec60d9fc098dfdbea27d23e95ad3b0eb6ab84f6691bef843575eaf2650%2C9ca066f5a2f7effc2de15c744581e83cbba1bb12176008369ccc193210a06bde  delay=7.250 min_gap=0.000 last=1784788924.460
08:42:04.460  ENF   delay=7.250 min_gap=0.000 jitter=3.266 gap=10.516 since_last=0.000 sleep=10.516
08:42:15.363  PARSE Account 6:4:10 → 0.500s/req pen=10s (used=1); Ip 12:4:60 → 0.208s/req pen=60s (used=1); Ip 16:12:60 → 0.516s/req pen=60s (used=2)  delay 7.250→1.516  min_gap→0  max_usage=0%
08:42:15.363  RAW   content-type: application/json
08:42:15.363  RAW   x-rate-limit-policy: trade-fetch-request-limit
08:42:15.363  RAW   x-rate-limit-rules: Account,Ip
08:42:15.363  RAW   x-rate-limit-account: 6:4:10
08:42:15.363  RAW   x-rate-limit-account-state: 1:4:0
08:42:15.363  RAW   x-rate-limit-ip: 12:4:60,16:12:60
08:42:15.363  RAW   x-rate-limit-ip-state: 1:4:0,2:12:0
08:42:15.363  RAW   cf-cache-status: DYNAMIC
08:42:15.363  RAW   cf-ray: a1f8b43b9ce05411-WAW
08:42:15.363  RESP  GET /api/trade/fetch/07a74606901c816dc66c6df4d7479fc39a0bf68de1f0513aa7038741cfa98e3c%2Ce37bf09c929b366a8464e8d0d5d475900326cea635e047a9510672fc4674ce37%2Cc187246a2ed344c51caf3de9e41ea97c65a281e4eae4e85fb44c2cb8ea1e40a8%2C2a42c6ec60d9fc098dfdbea27d23e95ad3b0eb6ab84f6691bef843575eaf2650%2C9ca066f5a2f7effc2de15c744581e83cbba1bb12176008369ccc193210a06bde → 200  10.903s  delay=1.516 min_gap=0.000 last=1784788935.363
08:42:15.363  PRE   POST /api/trade/search/Standard  delay=1.516 min_gap=0.000 last=1784788935.363
08:42:15.363  ENF   delay=1.516 min_gap=0.000 jitter=4.383 gap=5.898 since_last=0.000 sleep=5.898
08:42:21.564  PARSE Account 3:5:60 → 1.667s/req pen=60s (used=1); Ip 8:10:60 → 0.859s/req pen=60s (used=1); Ip 15:60:120 → 4.800s/req pen=120s (used=7); Ip 60:300:1800 → 6.500s/req pen=1800s (used=32)  delay 1.516→7.500  min_gap→0  max_usage=53%
08:42:21.564  RAW   content-type: application/json
08:42:21.564  RAW   x-rate-limit-policy: trade-search-request-limit
08:42:21.564  RAW   x-rate-limit-rules: Account,Ip
08:42:21.564  RAW   x-rate-limit-account: 3:5:60
08:42:21.564  RAW   x-rate-limit-account-state: 1:5:0
08:42:21.564  RAW   x-rate-limit-ip: 8:10:60,15:60:120,60:300:1800
08:42:21.564  RAW   x-rate-limit-ip-state: 1:10:0,7:60:0,32:300:0
08:42:21.564  RAW   cf-cache-status: DYNAMIC
08:42:21.564  RAW   cf-ray: a1f8b462eb605411-WAW
08:42:21.564  RESP  POST /api/trade/search/Standard → 200  6.201s  delay=7.500 min_gap=0.000 last=1784788941.565
08:42:21.564  PRE   GET /api/trade/fetch/1284040aa7c453d734e2952550685941f0d24cada65f8d8b5aaf9d6c63821bc4%2C932cf507e4da5f031d80ce77a96fb7cbe64a285ef7f07ff0fb52ae778f3525a3%2Cd3f3c41009e45ca2b3d3dbf54fac389a01fd78ec753c45125ca4697b75ae03c8%2Cab908941bd64a02ae850a56ef50ec208f8020c9ae3988d9657fd73fa8aec2e0a%2Cc727382b38f6d9b53a0722de082a96777b51839f9f03acbb94e191a03a074363  delay=7.500 min_gap=0.000 last=1784788941.565
08:42:21.564  ENF   delay=7.500 min_gap=0.000 jitter=4.020 gap=11.520 since_last=0.000 sleep=11.520
08:42:33.365  PARSE Account 6:4:10 → 0.500s/req pen=10s (used=1); Ip 12:4:60 → 0.208s/req pen=60s (used=1); Ip 16:12:60 → 0.516s/req pen=60s (used=2)  delay 7.500→1.516  min_gap→0  max_usage=0%
08:42:33.365  RAW   content-type: application/json
08:42:33.365  RAW   x-rate-limit-policy: trade-fetch-request-limit
08:42:33.365  RAW   x-rate-limit-rules: Account,Ip
08:42:33.365  RAW   x-rate-limit-account: 6:4:10
08:42:33.365  RAW   x-rate-limit-account-state: 1:4:0
08:42:33.365  RAW   x-rate-limit-ip: 12:4:60,16:12:60
08:42:33.365  RAW   x-rate-limit-ip-state: 1:4:0,2:12:0
08:42:33.365  RAW   cf-cache-status: DYNAMIC
08:42:33.365  RAW   cf-ray: a1f8b4accf455411-WAW
08:42:33.365  RESP  GET /api/trade/fetch/1284040aa7c453d734e2952550685941f0d24cada65f8d8b5aaf9d6c63821bc4%2C932cf507e4da5f031d80ce77a96fb7cbe64a285ef7f07ff0fb52ae778f3525a3%2Cd3f3c41009e45ca2b3d3dbf54fac389a01fd78ec753c45125ca4697b75ae03c8%2Cab908941bd64a02ae850a56ef50ec208f8020c9ae3988d9657fd73fa8aec2e0a%2Cc727382b38f6d9b53a0722de082a96777b51839f9f03acbb94e191a03a074363 → 200  11.800s  delay=1.516 min_gap=0.000 last=1784788953.365
08:42:33.365  PRE   POST /api/trade/search/Standard  delay=1.516 min_gap=0.000 last=1784788953.365
08:42:33.365  ENF   delay=1.516 min_gap=0.000 jitter=3.051 gap=4.566 since_last=0.000 sleep=4.566
08:42:38.474  PARSE Account 3:5:60 → 1.667s/req pen=60s (used=1); Ip 8:10:60 → 0.859s/req pen=60s (used=1); Ip 15:60:120 → 4.800s/req pen=120s (used=7); Ip 60:300:1800 → 6.750s/req pen=1800s (used=34)  delay 1.516→7.750  min_gap→0  max_usage=57%
08:42:38.474  RAW   content-type: application/json
08:42:38.474  RAW   x-rate-limit-policy: trade-search-request-limit
08:42:38.474  RAW   x-rate-limit-rules: Account,Ip
08:42:38.474  RAW   x-rate-limit-account: 3:5:60
08:42:38.474  RAW   x-rate-limit-account-state: 1:5:0
08:42:38.474  RAW   x-rate-limit-ip: 8:10:60,15:60:120,60:300:1800
08:42:38.474  RAW   x-rate-limit-ip-state: 1:10:0,7:60:0,34:300:0
08:42:38.474  RAW   cf-cache-status: DYNAMIC
08:42:38.474  RAW   cf-ray: a1f8b4cb18695411-WAW
08:42:38.474  RESP  POST /api/trade/search/Standard → 200  5.109s  delay=7.750 min_gap=0.000 last=1784788958.474
08:42:38.474  PRE   GET /api/trade/fetch/0694814c7cfbeee2af720fe3e002727c92e7eef836020431b815c85c210a9c2c%2C3593b5719919f76676302fb22bda7c722b1fc68b095fc943a549cd1b8d71a9e2%2Cec3972518f50f9f1de7f5df568e6c578164e6bcebb9ce414956d97bf5ca40bd5%2C216825ba600a709bb8c97d4aa0429146779cf0d00cb4f926a3c3ab74f02673b9%2Cc142f6599042e4e8374151049153826084235733c6693912483836da9c4262ba  delay=7.750 min_gap=0.000 last=1784788958.474
08:42:38.474  ENF   delay=7.750 min_gap=0.000 jitter=4.632 gap=12.382 since_last=0.000 sleep=12.382
08:42:51.193  PARSE Account 6:4:10 → 0.500s/req pen=10s (used=1); Ip 12:4:60 → 0.208s/req pen=60s (used=1); Ip 16:12:60 → 0.516s/req pen=60s (used=2)  delay 7.750→1.516  min_gap→0  max_usage=0%
08:42:51.193  RAW   content-type: application/json
08:42:51.193  RAW   x-rate-limit-policy: trade-fetch-request-limit
08:42:51.193  RAW   x-rate-limit-rules: Account,Ip
08:42:51.193  RAW   x-rate-limit-account: 6:4:10
08:42:51.193  RAW   x-rate-limit-account-state: 1:4:0
08:42:51.193  RAW   x-rate-limit-ip: 12:4:60,16:12:60
08:42:51.193  RAW   x-rate-limit-ip-state: 1:4:0,2:12:0
08:42:51.193  RAW   cf-cache-status: DYNAMIC
08:42:51.193  RAW   cf-ray: a1f8b51bec335411-WAW
08:42:51.193  RESP  GET /api/trade/fetch/0694814c7cfbeee2af720fe3e002727c92e7eef836020431b815c85c210a9c2c%2C3593b5719919f76676302fb22bda7c722b1fc68b095fc943a549cd1b8d71a9e2%2Cec3972518f50f9f1de7f5df568e6c578164e6bcebb9ce414956d97bf5ca40bd5%2C216825ba600a709bb8c97d4aa0429146779cf0d00cb4f926a3c3ab74f02673b9%2Cc142f6599042e4e8374151049153826084235733c6693912483836da9c4262ba → 200  12.719s  delay=1.516 min_gap=0.000 last=1784788971.194
08:42:51.221  PRE   POST /api/trade/search/Standard  delay=1.516 min_gap=0.000 last=1784788971.194
08:42:51.221  ENF   delay=1.516 min_gap=0.000 jitter=3.807 gap=5.323 since_last=0.027 sleep=5.296
08:42:56.872  PARSE Account 3:5:60 → 1.667s/req pen=60s (used=1); Ip 8:10:60 → 0.859s/req pen=60s (used=1); Ip 15:60:120 → 4.800s/req pen=120s (used=7); Ip 60:300:1800 → 7.000s/req pen=1800s (used=36)  delay 1.516→8.000  min_gap→0  max_usage=60%
08:42:56.872  RAW   content-type: application/json
08:42:56.872  RAW   x-rate-limit-policy: trade-search-request-limit
08:42:56.873  RAW   x-rate-limit-rules: Account,Ip
08:42:56.873  RAW   x-rate-limit-account: 3:5:60
08:42:56.873  RAW   x-rate-limit-account-state: 1:5:0
08:42:56.873  RAW   x-rate-limit-ip: 8:10:60,15:60:120,60:300:1800
08:42:56.873  RAW   x-rate-limit-ip-state: 1:10:0,7:60:0,36:300:0
08:42:56.873  RAW   cf-cache-status: DYNAMIC
08:42:56.873  RAW   cf-ray: a1f8b53f4eb25411-WAW
08:42:56.873  RESP  POST /api/trade/search/Standard → 200  5.652s  delay=8.000 min_gap=0.000 last=1784788976.873
08:42:56.873  PRE   GET /api/trade/fetch/81fdd01108c8a55df4766d92a72b948e1e2e9ff618b998bf7504b37b650bab09%2C050dc7a8551eec133f8ef7e53597df3326304e67a08591fcc0161a3c35c5de8b%2C8b4dcfdfd8b40bdbba2e73695332f74b444beb0c6a2aace018196e5aef3f75df%2C89597fac8a78e1c3349d43c0ff8e1a1b55c667f02ce524eaef15f36617ab5ac0%2C7e395e01fa3c78851d71b48ce2a3eb23c00a1d4b09bd47761a77ccb688841b0e  delay=8.000 min_gap=0.000 last=1784788976.873
08:42:56.873  ENF   delay=8.000 min_gap=0.000 jitter=4.844 gap=12.844 since_last=0.000 sleep=12.844
08:43:09.983  PARSE Account 6:4:10 → 0.500s/req pen=10s (used=1); Ip 12:4:60 → 0.208s/req pen=60s (used=1); Ip 16:12:60 → 0.516s/req pen=60s (used=2)  delay 8.000→1.516  min_gap→0  max_usage=0%
08:43:09.983  RAW   content-type: application/json
08:43:09.983  RAW   x-rate-limit-policy: trade-fetch-request-limit
08:43:09.983  RAW   x-rate-limit-rules: Account,Ip
08:43:09.983  RAW   x-rate-limit-account: 6:4:10
08:43:09.983  RAW   x-rate-limit-account-state: 1:4:0
08:43:09.983  RAW   x-rate-limit-ip: 12:4:60,16:12:60
08:43:09.983  RAW   x-rate-limit-ip-state: 1:4:0,2:12:0
08:43:09.983  RAW   cf-cache-status: DYNAMIC
08:43:09.983  RAW   cf-ray: a1f8b591cddb5411-WAW
08:43:09.983  RESP  GET /api/trade/fetch/81fdd01108c8a55df4766d92a72b948e1e2e9ff618b998bf7504b37b650bab09%2C050dc7a8551eec133f8ef7e53597df3326304e67a08591fcc0161a3c35c5de8b%2C8b4dcfdfd8b40bdbba2e73695332f74b444beb0c6a2aace018196e5aef3f75df%2C89597fac8a78e1c3349d43c0ff8e1a1b55c667f02ce524eaef15f36617ab5ac0%2C7e395e01fa3c78851d71b48ce2a3eb23c00a1d4b09bd47761a77ccb688841b0e → 200  13.110s  delay=1.516 min_gap=0.000 last=1784788989.984
08:43:09.983  PRE   POST /api/trade/search/Standard  delay=1.516 min_gap=0.000 last=1784788989.984
08:43:09.984  ENF   delay=1.516 min_gap=0.000 jitter=3.987 gap=5.502 since_last=0.000 sleep=5.502
08:43:15.779  PARSE Account 3:5:60 → 1.667s/req pen=60s (used=1); Ip 8:10:60 → 0.859s/req pen=60s (used=1); Ip 15:60:120 → 4.000s/req pen=120s (used=5); Ip 60:300:1800 → 6.375s/req pen=1800s (used=31)  delay 1.516→7.375  min_gap→0  max_usage=52%
08:43:15.779  RAW   content-type: application/json
08:43:15.779  RAW   x-rate-limit-policy: trade-search-request-limit
08:43:15.779  RAW   x-rate-limit-rules: Account,Ip
08:43:15.779  RAW   x-rate-limit-account: 3:5:60
08:43:15.779  RAW   x-rate-limit-account-state: 1:5:0
08:43:15.779  RAW   x-rate-limit-ip: 8:10:60,15:60:120,60:300:1800
08:43:15.780  RAW   x-rate-limit-ip-state: 1:10:0,5:60:0,31:300:0
08:43:15.780  RAW   cf-cache-status: DYNAMIC
08:43:15.780  RAW   cf-ray: a1f8b5b5cf465411-WAW
08:43:15.780  RESP  POST /api/trade/search/Standard → 200  5.796s  delay=7.375 min_gap=0.000 last=1784788995.780
08:43:15.780  PRE   GET /api/trade/fetch/1284040aa7c453d734e2952550685941f0d24cada65f8d8b5aaf9d6c63821bc4%2Cd3f3c41009e45ca2b3d3dbf54fac389a01fd78ec753c45125ca4697b75ae03c8%2C932cf507e4da5f031d80ce77a96fb7cbe64a285ef7f07ff0fb52ae778f3525a3%2C25094c569c19611de7f93b60dcbdc78a1358dc5d64aee7f7ef7e05c9f0f8df17%2Cab908941bd64a02ae850a56ef50ec208f8020c9ae3988d9657fd73fa8aec2e0a  delay=7.375 min_gap=0.000 last=1784788995.780
08:43:15.780  ENF   delay=7.375 min_gap=0.000 jitter=4.880 gap=12.255 since_last=0.000 sleep=12.255
08:43:28.349  PARSE Account 6:4:10 → 0.500s/req pen=10s (used=1); Ip 12:4:60 → 0.208s/req pen=60s (used=1); Ip 16:12:60 → 0.516s/req pen=60s (used=2)  delay 7.375→1.516  min_gap→0  max_usage=0%
08:43:28.349  RAW   content-type: application/json
08:43:28.349  RAW   x-rate-limit-policy: trade-fetch-request-limit
08:43:28.349  RAW   x-rate-limit-rules: Account,Ip
08:43:28.349  RAW   x-rate-limit-account: 6:4:10
08:43:28.349  RAW   x-rate-limit-account-state: 1:4:0
08:43:28.349  RAW   x-rate-limit-ip: 12:4:60,16:12:60
08:43:28.349  RAW   x-rate-limit-ip-state: 1:4:0,2:12:0
08:43:28.349  RAW   cf-cache-status: DYNAMIC
08:43:28.349  RAW   cf-ray: a1f8b60439d65411-WAW
08:43:28.349  RESP  GET /api/trade/fetch/1284040aa7c453d734e2952550685941f0d24cada65f8d8b5aaf9d6c63821bc4%2Cd3f3c41009e45ca2b3d3dbf54fac389a01fd78ec753c45125ca4697b75ae03c8%2C932cf507e4da5f031d80ce77a96fb7cbe64a285ef7f07ff0fb52ae778f3525a3%2C25094c569c19611de7f93b60dcbdc78a1358dc5d64aee7f7ef7e05c9f0f8df17%2Cab908941bd64a02ae850a56ef50ec208f8020c9ae3988d9657fd73fa8aec2e0a → 200  12.569s  delay=1.516 min_gap=0.000 last=1784789008.350
08:43:28.349  PRE   POST /api/trade/search/Standard  delay=1.516 min_gap=0.000 last=1784789008.350
08:43:28.349  ENF   delay=1.516 min_gap=0.000 jitter=2.521 gap=4.037 since_last=0.000 sleep=4.037
08:43:32.881  PARSE Account 3:5:60 → 1.667s/req pen=60s (used=1); Ip 8:10:60 → 0.859s/req pen=60s (used=1); Ip 15:60:120 → 4.400s/req pen=120s (used=6); Ip 60:300:1800 → 6.625s/req pen=1800s (used=33)  delay 1.516→7.625  min_gap→0  max_usage=55%
08:43:32.881  RAW   content-type: application/json
08:43:32.881  RAW   x-rate-limit-policy: trade-search-request-limit
08:43:32.881  RAW   x-rate-limit-rules: Account,Ip
08:43:32.881  RAW   x-rate-limit-account: 3:5:60
08:43:32.882  RAW   x-rate-limit-account-state: 1:5:0
08:43:32.882  RAW   x-rate-limit-ip: 8:10:60,15:60:120,60:300:1800
08:43:32.882  RAW   x-rate-limit-ip-state: 1:10:0,6:60:0,33:300:0
08:43:32.882  RAW   cf-cache-status: DYNAMIC
08:43:32.882  RAW   cf-ray: a1f8b61f68325411-WAW
08:43:32.882  RESP  POST /api/trade/search/Standard → 200  4.532s  delay=7.625 min_gap=0.000 last=1784789012.882
08:43:32.882  PRE   GET /api/trade/fetch/81fdd01108c8a55df4766d92a72b948e1e2e9ff618b998bf7504b37b650bab09%2C050dc7a8551eec133f8ef7e53597df3326304e67a08591fcc0161a3c35c5de8b%2C8b4dcfdfd8b40bdbba2e73695332f74b444beb0c6a2aace018196e5aef3f75df%2C89597fac8a78e1c3349d43c0ff8e1a1b55c667f02ce524eaef15f36617ab5ac0%2C7e395e01fa3c78851d71b48ce2a3eb23c00a1d4b09bd47761a77ccb688841b0e  delay=7.625 min_gap=0.000 last=1784789012.882
08:43:32.882  ENF   delay=7.625 min_gap=0.000 jitter=3.347 gap=10.972 since_last=0.000 sleep=10.972
08:43:44.386  PARSE Account 6:4:10 → 0.500s/req pen=10s (used=1); Ip 12:4:60 → 0.208s/req pen=60s (used=1); Ip 16:12:60 → 0.516s/req pen=60s (used=2)  delay 7.625→1.516  min_gap→0  max_usage=0%
08:43:44.386  RAW   content-type: application/json
08:43:44.386  RAW   x-rate-limit-policy: trade-fetch-request-limit
08:43:44.386  RAW   x-rate-limit-rules: Account,Ip
08:43:44.386  RAW   x-rate-limit-account: 6:4:10
08:43:44.386  RAW   x-rate-limit-account-state: 1:4:0
08:43:44.386  RAW   x-rate-limit-ip: 12:4:60,16:12:60
08:43:44.386  RAW   x-rate-limit-ip-state: 1:4:0,2:12:0
08:43:44.386  RAW   cf-cache-status: DYNAMIC
08:43:44.386  RAW   cf-ray: a1f8b66719d25411-WAW
08:43:44.386  RESP  GET /api/trade/fetch/81fdd01108c8a55df4766d92a72b948e1e2e9ff618b998bf7504b37b650bab09%2C050dc7a8551eec133f8ef7e53597df3326304e67a08591fcc0161a3c35c5de8b%2C8b4dcfdfd8b40bdbba2e73695332f74b444beb0c6a2aace018196e5aef3f75df%2C89597fac8a78e1c3349d43c0ff8e1a1b55c667f02ce524eaef15f36617ab5ac0%2C7e395e01fa3c78851d71b48ce2a3eb23c00a1d4b09bd47761a77ccb688841b0e → 200  11.504s  delay=1.516 min_gap=0.000 last=1784789024.386
08:43:44.414  PRE   POST /api/trade/search/Standard  delay=1.516 min_gap=0.000 last=1784789024.386
08:43:44.414  ENF   delay=1.516 min_gap=0.000 jitter=4.585 gap=6.100 since_last=0.028 sleep=6.072
08:43:50.886  PARSE Account 3:5:60 → 1.667s/req pen=60s (used=1); Ip 8:10:60 → 0.859s/req pen=60s (used=1); Ip 15:60:120 → 4.400s/req pen=120s (used=6); Ip 60:300:1800 → 6.875s/req pen=1800s (used=35)  delay 1.516→7.875  min_gap→0  max_usage=58%
08:43:50.886  RAW   content-type: application/json
08:43:50.886  RAW   x-rate-limit-policy: trade-search-request-limit
08:43:50.886  RAW   x-rate-limit-rules: Account,Ip
08:43:50.886  RAW   x-rate-limit-account: 3:5:60
08:43:50.886  RAW   x-rate-limit-account-state: 1:5:0
08:43:50.886  RAW   x-rate-limit-ip: 8:10:60,15:60:120,60:300:1800
08:43:50.886  RAW   x-rate-limit-ip-state: 1:10:0,6:60:0,35:300:0
08:43:50.886  RAW   cf-cache-status: DYNAMIC
08:43:50.886  RAW   cf-ray: a1f8b6908ecb5411-WAW
08:43:50.886  RESP  POST /api/trade/search/Standard → 200  6.472s  delay=7.875 min_gap=0.000 last=1784789030.887
08:43:50.886  PRE   GET /api/trade/fetch/b15520fc132785485c9fd3a9ea9e74193d562e3accd2e14af97c8cc8b6214a2f%2C78525a30d58b4a4c1aa778106d3f5890ebc8a47923f4367d949684ab3abbfdb9%2C815378d1a70335f7dcb4924176bb2309a36b4eeb9241d31308671ba87c63ff1c%2C2c71bede8f778011859533947ee7e309e54fcf9ecc809ea8d1011f067783a6ac%2C32e39d237cb99cf577963e306ae9097fdef28133f4fed27ba04a3048e7f9bafb  delay=7.875 min_gap=0.000 last=1784789030.887
08:43:50.886  ENF   delay=7.875 min_gap=0.000 jitter=4.386 gap=12.261 since_last=0.000 sleep=12.261
08:44:03.743  PARSE Account 6:4:10 → 0.500s/req pen=10s (used=1); Ip 12:4:60 → 0.208s/req pen=60s (used=1); Ip 16:12:60 → 0.516s/req pen=60s (used=2)  delay 7.875→1.516  min_gap→0  max_usage=0%
08:44:03.743  RAW   content-type: application/json
08:44:03.743  RAW   x-rate-limit-policy: trade-fetch-request-limit
08:44:03.743  RAW   x-rate-limit-rules: Account,Ip
08:44:03.743  RAW   x-rate-limit-account: 6:4:10
08:44:03.743  RAW   x-rate-limit-account-state: 1:4:0
08:44:03.743  RAW   x-rate-limit-ip: 12:4:60,16:12:60
08:44:03.743  RAW   x-rate-limit-ip-state: 1:4:0,2:12:0
08:44:03.743  RAW   cf-cache-status: DYNAMIC
08:44:03.743  RAW   cf-ray: a1f8b6dfbebd5411-WAW
08:44:03.743  RESP  GET /api/trade/fetch/b15520fc132785485c9fd3a9ea9e74193d562e3accd2e14af97c8cc8b6214a2f%2C78525a30d58b4a4c1aa778106d3f5890ebc8a47923f4367d949684ab3abbfdb9%2C815378d1a70335f7dcb4924176bb2309a36b4eeb9241d31308671ba87c63ff1c%2C2c71bede8f778011859533947ee7e309e54fcf9ecc809ea8d1011f067783a6ac%2C32e39d237cb99cf577963e306ae9097fdef28133f4fed27ba04a3048e7f9bafb → 200  12.857s  delay=1.516 min_gap=0.000 last=1784789043.744
08:44:03.743  PRE   POST /api/trade/search/Standard  delay=1.516 min_gap=0.000 last=1784789043.744
08:44:03.743  ENF   delay=1.516 min_gap=0.000 jitter=2.517 gap=4.033 since_last=0.000 sleep=4.032
08:44:08.307  PARSE Account 3:5:60 → 1.667s/req pen=60s (used=1); Ip 8:10:60 → 0.859s/req pen=60s (used=1); Ip 15:60:120 → 4.800s/req pen=120s (used=7); Ip 60:300:1800 → 6.125s/req pen=1800s (used=29)  delay 1.516→7.125  min_gap→0  max_usage=48%
08:44:08.307  RAW   content-type: application/json
08:44:08.307  RAW   x-rate-limit-policy: trade-search-request-limit
08:44:08.307  RAW   x-rate-limit-rules: Account,Ip
08:44:08.308  RAW   x-rate-limit-account: 3:5:60
08:44:08.308  RAW   x-rate-limit-account-state: 1:5:0
08:44:08.308  RAW   x-rate-limit-ip: 8:10:60,15:60:120,60:300:1800
08:44:08.308  RAW   x-rate-limit-ip-state: 1:10:0,7:60:0,29:300:0
08:44:08.308  RAW   cf-cache-status: DYNAMIC
08:44:08.308  RAW   cf-ray: a1f8b6fc9d055411-WAW
08:44:08.308  RESP  POST /api/trade/search/Standard → 200  4.564s  delay=7.125 min_gap=0.000 last=1784789048.308
08:44:08.308  PRE   GET /api/trade/fetch/1284040aa7c453d734e2952550685941f0d24cada65f8d8b5aaf9d6c63821bc4%2Cd3f3c41009e45ca2b3d3dbf54fac389a01fd78ec753c45125ca4697b75ae03c8%2C932cf507e4da5f031d80ce77a96fb7cbe64a285ef7f07ff0fb52ae778f3525a3%2Cab908941bd64a02ae850a56ef50ec208f8020c9ae3988d9657fd73fa8aec2e0a%2Cc727382b38f6d9b53a0722de082a96777b51839f9f03acbb94e191a03a074363  delay=7.125 min_gap=0.000 last=1784789048.308
08:44:08.308  ENF   delay=7.125 min_gap=0.000 jitter=2.481 gap=9.606 since_last=0.000 sleep=9.606
08:44:18.208  PARSE Account 6:4:10 → 0.500s/req pen=10s (used=1); Ip 12:4:60 → 0.208s/req pen=60s (used=1); Ip 16:12:60 → 0.516s/req pen=60s (used=2)  delay 7.125→1.516  min_gap→0  max_usage=0%
08:44:18.208  RAW   content-type: application/json
08:44:18.208  RAW   x-rate-limit-policy: trade-fetch-request-limit
08:44:18.208  RAW   x-rate-limit-rules: Account,Ip
08:44:18.208  RAW   x-rate-limit-account: 6:4:10
08:44:18.208  RAW   x-rate-limit-account-state: 1:4:0
08:44:18.208  RAW   x-rate-limit-ip: 12:4:60,16:12:60
08:44:18.208  RAW   x-rate-limit-ip-state: 1:4:0,2:12:0
08:44:18.208  RAW   cf-cache-status: DYNAMIC
08:44:18.208  RAW   cf-ray: a1f8b73bfd1b5411-WAW
08:44:18.208  RESP  GET /api/trade/fetch/1284040aa7c453d734e2952550685941f0d24cada65f8d8b5aaf9d6c63821bc4%2Cd3f3c41009e45ca2b3d3dbf54fac389a01fd78ec753c45125ca4697b75ae03c8%2C932cf507e4da5f031d80ce77a96fb7cbe64a285ef7f07ff0fb52ae778f3525a3%2Cab908941bd64a02ae850a56ef50ec208f8020c9ae3988d9657fd73fa8aec2e0a%2Cc727382b38f6d9b53a0722de082a96777b51839f9f03acbb94e191a03a074363 → 200  9.900s  delay=1.516 min_gap=0.000 last=1784789058.208
08:44:18.208  PRE   POST /api/trade/search/Standard  delay=1.516 min_gap=0.000 last=1784789058.208
08:44:18.208  ENF   delay=1.516 min_gap=0.000 jitter=2.087 gap=3.603 since_last=0.000 sleep=3.603
08:44:22.323  PARSE Account 3:5:60 → 1.667s/req pen=60s (used=1); Ip 8:10:60 → 1.094s/req pen=60s (used=2); Ip 15:60:120 → 4.800s/req pen=120s (used=7); Ip 60:300:1800 → 6.375s/req pen=1800s (used=31)  delay 1.516→7.375  min_gap→0  max_usage=52%
08:44:22.323  RAW   content-type: application/json
08:44:22.323  RAW   x-rate-limit-policy: trade-search-request-limit
08:44:22.323  RAW   x-rate-limit-rules: Account,Ip
08:44:22.323  RAW   x-rate-limit-account: 3:5:60
08:44:22.323  RAW   x-rate-limit-account-state: 1:5:0
08:44:22.323  RAW   x-rate-limit-ip: 8:10:60,15:60:120,60:300:1800
08:44:22.323  RAW   x-rate-limit-ip-state: 2:10:0,7:60:0,31:300:0
08:44:22.323  RAW   cf-cache-status: DYNAMIC
08:44:22.323  RAW   cf-ray: a1f8b7545e945411-WAW
08:44:22.323  RESP  POST /api/trade/search/Standard → 200  4.115s  delay=7.375 min_gap=0.000 last=1784789062.324
08:44:22.323  PRE   GET /api/trade/fetch/b15520fc132785485c9fd3a9ea9e74193d562e3accd2e14af97c8cc8b6214a2f%2C78525a30d58b4a4c1aa778106d3f5890ebc8a47923f4367d949684ab3abbfdb9%2C815378d1a70335f7dcb4924176bb2309a36b4eeb9241d31308671ba87c63ff1c%2C2c71bede8f778011859533947ee7e309e54fcf9ecc809ea8d1011f067783a6ac%2C2d81c57211934f2cbdc064e96f5ae25e27664674205eaff69cd75a36dd40ca33  delay=7.375 min_gap=0.000 last=1784789062.324
08:44:22.323  ENF   delay=7.375 min_gap=0.000 jitter=2.421 gap=9.796 since_last=0.000 sleep=9.796
08:44:32.645  PARSE Account 6:4:10 → 0.500s/req pen=10s (used=1); Ip 12:4:60 → 0.208s/req pen=60s (used=1); Ip 16:12:60 → 0.516s/req pen=60s (used=2)  delay 7.375→1.516  min_gap→0  max_usage=0%
08:44:32.646  RAW   content-type: application/json
08:44:32.646  RAW   x-rate-limit-policy: trade-fetch-request-limit
08:44:32.646  RAW   x-rate-limit-rules: Account,Ip
08:44:32.646  RAW   x-rate-limit-account: 6:4:10
08:44:32.646  RAW   x-rate-limit-account-state: 1:4:0
08:44:32.646  RAW   x-rate-limit-ip: 12:4:60,16:12:60
08:44:32.646  RAW   x-rate-limit-ip-state: 1:4:0,2:12:0
08:44:32.646  RAW   cf-cache-status: DYNAMIC
08:44:32.646  RAW   cf-ray: a1f8b794cebd5411-WAW
08:44:32.646  RESP  GET /api/trade/fetch/b15520fc132785485c9fd3a9ea9e74193d562e3accd2e14af97c8cc8b6214a2f%2C78525a30d58b4a4c1aa778106d3f5890ebc8a47923f4367d949684ab3abbfdb9%2C815378d1a70335f7dcb4924176bb2309a36b4eeb9241d31308671ba87c63ff1c%2C2c71bede8f778011859533947ee7e309e54fcf9ecc809ea8d1011f067783a6ac%2C2d81c57211934f2cbdc064e96f5ae25e27664674205eaff69cd75a36dd40ca33 → 200  10.322s  delay=1.516 min_gap=0.000 last=1784789072.646
08:44:32.665  PRE   POST /api/trade/search/Standard  delay=1.516 min_gap=0.000 last=1784789072.646
08:44:32.665  ENF   delay=1.516 min_gap=0.000 jitter=3.898 gap=5.413 since_last=0.019 sleep=5.394
08:44:38.451  PARSE Account 3:5:60 → 1.667s/req pen=60s (used=1); Ip 8:10:60 → 1.094s/req pen=60s (used=2); Ip 15:60:120 → 4.800s/req pen=120s (used=7); Ip 60:300:1800 → 6.625s/req pen=1800s (used=33)  delay 1.516→7.625  min_gap→0  max_usage=55%
08:44:38.451  RAW   content-type: application/json
08:44:38.451  RAW   x-rate-limit-policy: trade-search-request-limit
08:44:38.451  RAW   x-rate-limit-rules: Account,Ip
08:44:38.451  RAW   x-rate-limit-account: 3:5:60
08:44:38.451  RAW   x-rate-limit-account-state: 1:5:0
08:44:38.451  RAW   x-rate-limit-ip: 8:10:60,15:60:120,60:300:1800
08:44:38.451  RAW   x-rate-limit-ip-state: 2:10:0,7:60:0,33:300:0
08:44:38.451  RAW   cf-cache-status: DYNAMIC
08:44:38.451  RAW   cf-ray: a1f8b7b9ed8c5411-WAW
08:44:38.451  RESP  POST /api/trade/search/Standard → 200  5.786s  delay=7.625 min_gap=0.000 last=1784789078.452
08:44:38.452  PRE   GET /api/trade/fetch/9ba3b209caaad401a487a8284d48af13b91903d699bf2fa0cd0c960f04ae55bf%2Cb5f9fd0230669e345ca602585cf4066cdb4d9bbd6cee73ce2c3338bd38c79bff%2C22e409bdc86282ccc2a80bf844cb95e1b42fab13e771547e806757d273f91f2a%2Cf94c66e72aa3a6c0b7d44ad227e161dbb0510b9683dcb024b008459bbae52aa3%2C7b13d55f20141a5bcc1f13fe250f9beea56876d0f5b3e53b06e5b2d69f999cd8  delay=7.625 min_gap=0.000 last=1784789078.452
08:44:38.452  ENF   delay=7.625 min_gap=0.000 jitter=4.099 gap=11.724 since_last=0.000 sleep=11.724
08:44:50.461  PARSE Account 6:4:10 → 0.500s/req pen=10s (used=1); Ip 12:4:60 → 0.208s/req pen=60s (used=1); Ip 16:12:60 → 0.516s/req pen=60s (used=2)  delay 7.625→1.516  min_gap→0  max_usage=0%
08:44:50.462  RAW   content-type: application/json
08:44:50.462  RAW   x-rate-limit-policy: trade-fetch-request-limit
08:44:50.462  RAW   x-rate-limit-rules: Account,Ip
08:44:50.462  RAW   x-rate-limit-account: 6:4:10
08:44:50.462  RAW   x-rate-limit-account-state: 1:4:0
08:44:50.462  RAW   x-rate-limit-ip: 12:4:60,16:12:60
08:44:50.462  RAW   x-rate-limit-ip-state: 1:4:0,2:12:0
08:44:50.462  RAW   cf-cache-status: DYNAMIC
08:44:50.462  RAW   cf-ray: a1f8b8059b315411-WAW
08:44:50.462  RESP  GET /api/trade/fetch/9ba3b209caaad401a487a8284d48af13b91903d699bf2fa0cd0c960f04ae55bf%2Cb5f9fd0230669e345ca602585cf4066cdb4d9bbd6cee73ce2c3338bd38c79bff%2C22e409bdc86282ccc2a80bf844cb95e1b42fab13e771547e806757d273f91f2a%2Cf94c66e72aa3a6c0b7d44ad227e161dbb0510b9683dcb024b008459bbae52aa3%2C7b13d55f20141a5bcc1f13fe250f9beea56876d0f5b3e53b06e5b2d69f999cd8 → 200  12.010s  delay=1.516 min_gap=0.000 last=1784789090.462
08:44:50.462  PRE   POST /api/trade/search/Standard  delay=1.516 min_gap=0.000 last=1784789090.462
08:44:50.462  ENF   delay=1.516 min_gap=0.000 jitter=3.843 gap=5.359 since_last=0.000 sleep=5.359
