11:47:53.134  INIT  user_agent=OAuth pypoe/0.1.0 (flipper) delay=0.0 min_gap=1.0
11:47:53.175  PRE   POST /api/trade/search/Standard  delay=0.000 min_gap=1.000 last=1784627273.134
11:47:53.175  ENF   delay=0.000 min_gap=1.000 jitter=7.264 gap=8.264 since_last=0.041 sleep=8.222
11:48:01.552  PARSE Account 3:5:60 → 1.667s/req pen=60s; Ip 8:10:60 → 1.250s/req pen=60s; Ip 15:60:120 → 4.000s/req pen=120s; Ip 60:300:1800 → 5.000s/req pen=1800s  delay 0.000→6.000  min_gap→0  max_usage=7%
11:48:01.552  RAW   content-type: application/json
11:48:01.552  RAW   x-rate-limit-policy: trade-search-request-limit
11:48:01.552  RAW   x-rate-limit-rules: Account,Ip
11:48:01.552  RAW   x-rate-limit-account: 3:5:60
11:48:01.552  RAW   x-rate-limit-account-state: 1:5:0
11:48:01.552  RAW   x-rate-limit-ip: 8:10:60,15:60:120,60:300:1800
11:48:01.552  RAW   x-rate-limit-ip-state: 1:10:0,1:60:0,4:300:0
11:48:01.552  RAW   cf-cache-status: DYNAMIC
11:48:01.552  RAW   cf-ray: a1e9499bdc4ae32e-WAW
11:48:01.552  RESP  POST /api/trade/search/Standard → 200  8.397s  delay=6.000 min_gap=0.000 last=1784627281.553
11:48:01.552  PRE   GET /api/trade/fetch/06b09b3782807013d8f973dd20ef73e25f59c2b1c0d37f18eef7c74ad49669c3%2Cec317331a21cd96af4ed3a250b92c7437be8c2ac918085552a497d0d25a79895%2Cc3561e585ba831ad5959ae33de80d37525ce5410206fc89b1adc72db4c61cc33%2C4a3ad75d619b954492d8d09b2ad777ed76092fcccb6084ab42913de88e6ea186%2Cb1e361c6211bc4a9c951085fdd42581f6806f27c0cb8ce3c74a3b0b3bbe142e5  delay=6.000 min_gap=0.000 last=1784627281.553
11:48:01.552  ENF   delay=6.000 min_gap=0.000 jitter=6.815 gap=12.815 since_last=0.000 sleep=12.815
11:48:14.693  PARSE Account 6:4:10 → 0.667s/req pen=10s; Ip 12:4:60 → 0.333s/req pen=60s; Ip 16:12:60 → 0.750s/req pen=60s  delay 6.000→6.000  min_gap→0  max_usage=0%
11:48:14.693  RAW   content-type: application/json
11:48:14.693  RAW   x-rate-limit-policy: trade-fetch-request-limit
11:48:14.693  RAW   x-rate-limit-rules: Account,Ip
11:48:14.693  RAW   x-rate-limit-account: 6:4:10
11:48:14.693  RAW   x-rate-limit-account-state: 1:4:0
11:48:14.693  RAW   x-rate-limit-ip: 12:4:60,16:12:60
11:48:14.693  RAW   x-rate-limit-ip-state: 1:4:0,1:12:0
11:48:14.693  RAW   cf-cache-status: DYNAMIC
11:48:14.693  RAW   cf-ray: a1e949edd815e32e-WAW
11:48:14.693  RESP  GET /api/trade/fetch/06b09b3782807013d8f973dd20ef73e25f59c2b1c0d37f18eef7c74ad49669c3%2Cec317331a21cd96af4ed3a250b92c7437be8c2ac918085552a497d0d25a79895%2Cc3561e585ba831ad5959ae33de80d37525ce5410206fc89b1adc72db4c61cc33%2C4a3ad75d619b954492d8d09b2ad777ed76092fcccb6084ab42913de88e6ea186%2Cb1e361c6211bc4a9c951085fdd42581f6806f27c0cb8ce3c74a3b0b3bbe142e5 → 200  13.140s  delay=6.000 min_gap=0.000 last=1784627294.693
11:48:14.693  PRE   POST /api/trade/search/Standard  delay=6.000 min_gap=0.000 last=1784627294.693
11:48:14.693  ENF   delay=6.000 min_gap=0.000 jitter=9.675 gap=15.675 since_last=0.000 sleep=15.675
11:48:30.644  PARSE Account 3:5:60 → 1.667s/req pen=60s; Ip 8:10:60 → 1.250s/req pen=60s; Ip 15:60:120 → 4.000s/req pen=120s; Ip 60:300:1800 → 5.000s/req pen=1800s  delay 6.000→6.000  min_gap→0  max_usage=33%
11:48:30.644  RAW   content-type: application/json
11:48:30.644  RAW   x-rate-limit-policy: trade-search-request-limit
11:48:30.644  RAW   x-rate-limit-rules: Account,Ip
11:48:30.644  RAW   x-rate-limit-account: 3:5:60
11:48:30.644  RAW   x-rate-limit-account-state: 2:5:0
11:48:30.644  RAW   x-rate-limit-ip: 8:10:60,15:60:120,60:300:1800
11:48:30.644  RAW   x-rate-limit-ip-state: 2:10:0,5:60:0,8:300:0
11:48:30.644  RAW   cf-cache-status: DYNAMIC
11:48:30.644  RAW   cf-ray: a1e94a51d839e32e-WAW
11:48:30.644  RESP  POST /api/trade/search/Standard → 200  15.950s  delay=6.000 min_gap=0.000 last=1784627310.644
11:48:30.644  PRE   GET /api/trade/fetch/06b09b3782807013d8f973dd20ef73e25f59c2b1c0d37f18eef7c74ad49669c3%2C4a3ad75d619b954492d8d09b2ad777ed76092fcccb6084ab42913de88e6ea186%2Cb1e361c6211bc4a9c951085fdd42581f6806f27c0cb8ce3c74a3b0b3bbe142e5%2C3fc4c405c99f5c4ae9283e9d5e83ef5573b998c6d20abdc088817cabf03c81b5%2C0eeca3cacbb37f9eb3a2adda4f33e3c4726f705a5c2fa18c8e7ffe6527c14c76  delay=6.000 min_gap=0.000 last=1784627310.644
11:48:30.644  ENF   delay=6.000 min_gap=0.000 jitter=5.345 gap=11.345 since_last=0.000 sleep=11.345
11:48:42.258  PARSE Account 6:4:10 → 0.667s/req pen=10s; Ip 12:4:60 → 0.333s/req pen=60s; Ip 16:12:60 → 0.750s/req pen=60s  delay 6.000→6.000  min_gap→0  max_usage=0%
11:48:42.259  RAW   content-type: application/json
11:48:42.259  RAW   x-rate-limit-policy: trade-fetch-request-limit
11:48:42.259  RAW   x-rate-limit-rules: Account,Ip
11:48:42.259  RAW   x-rate-limit-account: 6:4:10
11:48:42.259  RAW   x-rate-limit-account-state: 1:4:0
11:48:42.259  RAW   x-rate-limit-ip: 12:4:60,16:12:60
11:48:42.259  RAW   x-rate-limit-ip-state: 1:4:0,1:12:0
11:48:42.259  RAW   cf-cache-status: DYNAMIC
11:48:42.259  RAW   cf-ray: a1e94a9a7c5ce32e-WAW
11:48:42.259  RESP  GET /api/trade/fetch/06b09b3782807013d8f973dd20ef73e25f59c2b1c0d37f18eef7c74ad49669c3%2C4a3ad75d619b954492d8d09b2ad777ed76092fcccb6084ab42913de88e6ea186%2Cb1e361c6211bc4a9c951085fdd42581f6806f27c0cb8ce3c74a3b0b3bbe142e5%2C3fc4c405c99f5c4ae9283e9d5e83ef5573b998c6d20abdc088817cabf03c81b5%2C0eeca3cacbb37f9eb3a2adda4f33e3c4726f705a5c2fa18c8e7ffe6527c14c76 → 200  11.614s  delay=6.000 min_gap=0.000 last=1784627322.259
11:48:42.284  PRE   POST /api/trade/search/Standard  delay=6.000 min_gap=0.000 last=1784627322.259
11:48:42.284  ENF   delay=6.000 min_gap=0.000 jitter=6.421 gap=12.421 since_last=0.026 sleep=12.395
11:48:54.969  PARSE Account 3:5:60 → 1.667s/req pen=60s; Ip 8:10:60 → 1.250s/req pen=60s; Ip 15:60:120 → 4.000s/req pen=120s; Ip 60:300:1800 → 5.000s/req pen=1800s  delay 6.000→6.000  min_gap→0  max_usage=47%
11:48:54.969  RAW   content-type: application/json
11:48:54.969  RAW   x-rate-limit-policy: trade-search-request-limit
11:48:54.969  RAW   x-rate-limit-rules: Account,Ip
11:48:54.969  RAW   x-rate-limit-account: 3:5:60
11:48:54.969  RAW   x-rate-limit-account-state: 1:5:0
11:48:54.969  RAW   x-rate-limit-ip: 8:10:60,15:60:120,60:300:1800
11:48:54.969  RAW   x-rate-limit-ip-state: 1:10:0,7:60:0,10:300:0
11:48:54.969  RAW   cf-cache-status: DYNAMIC
11:48:54.969  RAW   cf-ray: a1e94ae9ca60e32e-WAW
11:48:54.969  RESP  POST /api/trade/search/Standard → 200  12.684s  delay=6.000 min_gap=0.000 last=1784627334.970
11:48:54.969  PRE   GET /api/trade/fetch/033d070274497b7dadd764ba77eedd7af87cf092fbe8db193bca120b0235e86b%2Caef1091face8d267d4c900bf326846e462d03cf58ee54db8c5993ad8a7697821%2C6833a3eac745f51cfedb36aee94ff3ffd0aac13b5bb86220c40fab1e26e94856%2Cd6460a186227c134e64368f4088d230cb13187130d938a9a3a7758f771a4900b%2C06d5cc7cc5f98dde24c86753f30fe65099b73913b46bb0f1794b92c2be577877  delay=6.000 min_gap=0.000 last=1784627334.970
11:48:54.969  ENF   delay=6.000 min_gap=0.000 jitter=9.312 gap=15.312 since_last=0.000 sleep=15.312
11:49:10.584  PARSE Account 6:4:10 → 0.667s/req pen=10s; Ip 12:4:60 → 0.333s/req pen=60s; Ip 16:12:60 → 0.750s/req pen=60s  delay 6.000→6.000  min_gap→0  max_usage=0%
11:49:10.584  RAW   content-type: application/json
11:49:10.584  RAW   x-rate-limit-policy: trade-fetch-request-limit
11:49:10.584  RAW   x-rate-limit-rules: Account,Ip
11:49:10.584  RAW   x-rate-limit-account: 6:4:10
11:49:10.584  RAW   x-rate-limit-account-state: 1:4:0
11:49:10.584  RAW   x-rate-limit-ip: 12:4:60,16:12:60
11:49:10.584  RAW   x-rate-limit-ip-state: 1:4:0,1:12:0
11:49:10.584  RAW   cf-cache-status: DYNAMIC
11:49:10.584  RAW   cf-ray: a1e94b4b4c5de32e-WAW
11:49:10.584  RESP  GET /api/trade/fetch/033d070274497b7dadd764ba77eedd7af87cf092fbe8db193bca120b0235e86b%2Caef1091face8d267d4c900bf326846e462d03cf58ee54db8c5993ad8a7697821%2C6833a3eac745f51cfedb36aee94ff3ffd0aac13b5bb86220c40fab1e26e94856%2Cd6460a186227c134e64368f4088d230cb13187130d938a9a3a7758f771a4900b%2C06d5cc7cc5f98dde24c86753f30fe65099b73913b46bb0f1794b92c2be577877 → 200  15.614s  delay=6.000 min_gap=0.000 last=1784627350.584
11:49:10.584  PRE   POST /api/trade/search/Standard  delay=6.000 min_gap=0.000 last=1784627350.584
11:49:10.584  ENF   delay=6.000 min_gap=0.000 jitter=6.279 gap=12.279 since_last=0.000 sleep=12.279
11:49:23.161  PARSE Account 3:5:60 → 1.667s/req pen=60s; Ip 8:10:60 → 1.250s/req pen=60s; Ip 15:60:120 → 4.000s/req pen=120s; Ip 60:300:1800 → 5.000s/req pen=1800s  delay 6.000→6.000  min_gap→0  max_usage=47%
11:49:23.161  RAW   content-type: application/json
11:49:23.161  RAW   x-rate-limit-policy: trade-search-request-limit
11:49:23.161  RAW   x-rate-limit-rules: Account,Ip
11:49:23.161  RAW   x-rate-limit-account: 3:5:60
11:49:23.161  RAW   x-rate-limit-account-state: 1:5:0
11:49:23.161  RAW   x-rate-limit-ip: 8:10:60,15:60:120,60:300:1800
11:49:23.161  RAW   x-rate-limit-ip-state: 1:10:0,7:60:0,11:300:0
11:49:23.161  RAW   cf-cache-status: DYNAMIC
11:49:23.161  RAW   cf-ray: a1e94b99ed1ae32e-WAW
11:49:23.161  RESP  POST /api/trade/search/Standard → 200  12.576s  delay=6.000 min_gap=0.000 last=1784627363.161
11:49:23.161  PRE   GET /api/trade/fetch/87339a4ca0990d51aa44e3d6daf103f92aced152930fa519859885258c299cc7%2C756a43bfbbfac3baccb253489fa0d424c5057ad29635b8b8daa32f1e4b646a22%2C7c4c23adaa48a6eb732c816275c0b179f840bc9747130228e7470a54e6f3fb50%2C4e66b880a6f06b2a7cdee876892d97c0cddf01e074313113dd64da549f2cab63%2C60c87adaecb245c61b654a4668b2f71904e3b3d8ef997fbbf45372241f3d3aae  delay=6.000 min_gap=0.000 last=1784627363.161
11:49:23.161  ENF   delay=6.000 min_gap=0.000 jitter=9.486 gap=15.486 since_last=0.000 sleep=15.486
11:49:38.954  PARSE Account 6:4:10 → 0.667s/req pen=10s; Ip 12:4:60 → 0.333s/req pen=60s; Ip 16:12:60 → 0.750s/req pen=60s  delay 6.000→6.000  min_gap→0  max_usage=0%
11:49:38.954  RAW   content-type: application/json
11:49:38.954  RAW   x-rate-limit-policy: trade-fetch-request-limit
11:49:38.954  RAW   x-rate-limit-rules: Account,Ip
11:49:38.954  RAW   x-rate-limit-account: 6:4:10
11:49:38.954  RAW   x-rate-limit-account-state: 1:4:0
11:49:38.954  RAW   x-rate-limit-ip: 12:4:60,16:12:60
11:49:38.954  RAW   x-rate-limit-ip-state: 1:4:0,1:12:0
11:49:38.954  RAW   cf-cache-status: DYNAMIC
11:49:38.954  RAW   cf-ray: a1e94bfc9838e32e-WAW
11:49:38.954  RESP  GET /api/trade/fetch/87339a4ca0990d51aa44e3d6daf103f92aced152930fa519859885258c299cc7%2C756a43bfbbfac3baccb253489fa0d424c5057ad29635b8b8daa32f1e4b646a22%2C7c4c23adaa48a6eb732c816275c0b179f840bc9747130228e7470a54e6f3fb50%2C4e66b880a6f06b2a7cdee876892d97c0cddf01e074313113dd64da549f2cab63%2C60c87adaecb245c61b654a4668b2f71904e3b3d8ef997fbbf45372241f3d3aae → 200  15.793s  delay=6.000 min_gap=0.000 last=1784627378.955
11:49:38.980  PRE   POST /api/trade/search/Standard  delay=6.000 min_gap=0.000 last=1784627378.955
11:49:38.980  ENF   delay=6.000 min_gap=0.000 jitter=9.387 gap=15.387 since_last=0.026 sleep=15.362
11:49:54.616  PARSE Account 3:5:60 → 1.667s/req pen=60s; Ip 8:10:60 → 1.250s/req pen=60s; Ip 15:60:120 → 4.000s/req pen=120s; Ip 60:300:1800 → 5.000s/req pen=1800s  delay 6.000→6.000  min_gap→0  max_usage=40%
11:49:54.616  RAW   content-type: application/json
11:49:54.616  RAW   x-rate-limit-policy: trade-search-request-limit
11:49:54.616  RAW   x-rate-limit-rules: Account,Ip
11:49:54.616  RAW   x-rate-limit-account: 3:5:60
11:49:54.616  RAW   x-rate-limit-account-state: 3:5:0
11:49:54.616  RAW   x-rate-limit-ip: 8:10:60,15:60:120,60:300:1800
11:49:54.616  RAW   x-rate-limit-ip-state: 3:10:0,6:60:0,16:300:0
11:49:54.616  RAW   cf-cache-status: DYNAMIC
11:49:54.616  RAW   cf-ray: a1e94c5ea8f1e32e-WAW
11:49:54.616  RESP  POST /api/trade/search/Standard → 200  15.636s  delay=6.000 min_gap=0.000 last=1784627394.617
11:49:54.616  PRE   GET /api/trade/fetch/6833a3eac745f51cfedb36aee94ff3ffd0aac13b5bb86220c40fab1e26e94856%2C53b7f72e5b2ca3948565de43be399e6096374230124d4afeb1670c01de33b9d1%2C6ef183203ebc4ba455132e333b40f7ccf5aa6e2435e8c4141385eabf27a8dd7c%2Cf9ad9772b10aece7001cd4abb138702c8dec46b92fe00bcddc790efe77bc38fc%2Cb2b00b81ba32684cc0d540da861a259f9e996dc7cc6c101999d7b26082944dc0  delay=6.000 min_gap=0.000 last=1784627394.617
11:49:54.616  ENF   delay=6.000 min_gap=0.000 jitter=7.604 gap=13.604 since_last=0.000 sleep=13.604
11:50:08.532  PARSE Account 6:4:10 → 0.667s/req pen=10s; Ip 12:4:60 → 0.333s/req pen=60s; Ip 16:12:60 → 0.750s/req pen=60s  delay 6.000→6.000  min_gap→0  max_usage=0%
11:50:08.533  RAW   content-type: application/json
11:50:08.533  RAW   x-rate-limit-policy: trade-fetch-request-limit
11:50:08.533  RAW   x-rate-limit-rules: Account,Ip
11:50:08.533  RAW   x-rate-limit-account: 6:4:10
11:50:08.533  RAW   x-rate-limit-account-state: 1:4:0
11:50:08.533  RAW   x-rate-limit-ip: 12:4:60,16:12:60
11:50:08.533  RAW   x-rate-limit-ip-state: 1:4:0,3:12:0
11:50:08.533  RAW   cf-cache-status: DYNAMIC
11:50:08.533  RAW   cf-ray: a1e94cb56cece32e-WAW
11:50:08.533  RESP  GET /api/trade/fetch/6833a3eac745f51cfedb36aee94ff3ffd0aac13b5bb86220c40fab1e26e94856%2C53b7f72e5b2ca3948565de43be399e6096374230124d4afeb1670c01de33b9d1%2C6ef183203ebc4ba455132e333b40f7ccf5aa6e2435e8c4141385eabf27a8dd7c%2Cf9ad9772b10aece7001cd4abb138702c8dec46b92fe00bcddc790efe77bc38fc%2Cb2b00b81ba32684cc0d540da861a259f9e996dc7cc6c101999d7b26082944dc0 → 200  13.916s  delay=6.000 min_gap=0.000 last=1784627408.533
11:50:08.533  PRE   POST /api/trade/search/Standard  delay=6.000 min_gap=0.000 last=1784627408.533
11:50:08.533  ENF   delay=6.000 min_gap=0.000 jitter=6.900 gap=12.900 since_last=0.000 sleep=12.900
11:50:21.712  PARSE Account 3:5:60 → 1.667s/req pen=60s; Ip 8:10:60 → 1.250s/req pen=60s; Ip 15:60:120 → 4.000s/req pen=120s; Ip 60:300:1800 → 5.000s/req pen=1800s  delay 6.000→6.000  min_gap→0  max_usage=40%
11:50:21.712  RAW   content-type: application/json
11:50:21.712  RAW   x-rate-limit-policy: trade-search-request-limit
11:50:21.712  RAW   x-rate-limit-rules: Account,Ip
11:50:21.712  RAW   x-rate-limit-account: 3:5:60
11:50:21.712  RAW   x-rate-limit-account-state: 3:5:0
11:50:21.712  RAW   x-rate-limit-ip: 8:10:60,15:60:120,60:300:1800
11:50:21.712  RAW   x-rate-limit-ip-state: 3:10:0,6:60:0,18:300:0
11:50:21.712  RAW   cf-cache-status: DYNAMIC
11:50:21.712  RAW   cf-ray: a1e94d07fc56e32e-WAW
11:50:21.712  RESP  POST /api/trade/search/Standard → 200  13.179s  delay=6.000 min_gap=0.000 last=1784627421.713
11:50:21.712  PRE   GET /api/trade/fetch/87339a4ca0990d51aa44e3d6daf103f92aced152930fa519859885258c299cc7%2C756a43bfbbfac3baccb253489fa0d424c5057ad29635b8b8daa32f1e4b646a22%2C60c87adaecb245c61b654a4668b2f71904e3b3d8ef997fbbf45372241f3d3aae%2C340cd8e561196d2e5e3bddc72c0ac71bc3bf3fddac30ca9592fe5da3fa87a949%2C4e66b880a6f06b2a7cdee876892d97c0cddf01e074313113dd64da549f2cab63  delay=6.000 min_gap=0.000 last=1784627421.713
11:50:21.712  ENF   delay=6.000 min_gap=0.000 jitter=7.282 gap=13.282 since_last=0.000 sleep=13.281
11:50:35.299  PARSE Account 6:4:10 → 0.667s/req pen=10s; Ip 12:4:60 → 0.333s/req pen=60s; Ip 16:12:60 → 0.750s/req pen=60s  delay 6.000→6.000  min_gap→0  max_usage=0%
11:50:35.299  RAW   content-type: application/json
11:50:35.299  RAW   x-rate-limit-policy: trade-fetch-request-limit
11:50:35.299  RAW   x-rate-limit-rules: Account,Ip
11:50:35.299  RAW   x-rate-limit-account: 6:4:10
11:50:35.299  RAW   x-rate-limit-account-state: 1:4:0
11:50:35.299  RAW   x-rate-limit-ip: 12:4:60,16:12:60
11:50:35.299  RAW   x-rate-limit-ip-state: 1:4:0,3:12:0
11:50:35.299  RAW   cf-cache-status: DYNAMIC
11:50:35.299  RAW   cf-ray: a1e94d5cb955e32e-WAW
11:50:35.299  RESP  GET /api/trade/fetch/87339a4ca0990d51aa44e3d6daf103f92aced152930fa519859885258c299cc7%2C756a43bfbbfac3baccb253489fa0d424c5057ad29635b8b8daa32f1e4b646a22%2C60c87adaecb245c61b654a4668b2f71904e3b3d8ef997fbbf45372241f3d3aae%2C340cd8e561196d2e5e3bddc72c0ac71bc3bf3fddac30ca9592fe5da3fa87a949%2C4e66b880a6f06b2a7cdee876892d97c0cddf01e074313113dd64da549f2cab63 → 200  13.587s  delay=6.000 min_gap=0.000 last=1784627435.300
11:50:35.326  PRE   POST /api/trade/search/Standard  delay=6.000 min_gap=0.000 last=1784627435.300
11:50:35.326  ENF   delay=6.000 min_gap=0.000 jitter=7.175 gap=13.175 since_last=0.027 sleep=13.148
11:50:48.755  PARSE Account 3:5:60 → 1.667s/req pen=60s; Ip 8:10:60 → 1.250s/req pen=60s; Ip 15:60:120 → 4.000s/req pen=120s; Ip 60:300:1800 → 5.000s/req pen=1800s  delay 6.000→6.000  min_gap→0  max_usage=40%
11:50:48.755  RAW   content-type: application/json
11:50:48.755  RAW   x-rate-limit-policy: trade-search-request-limit
11:50:48.755  RAW   x-rate-limit-rules: Account,Ip
11:50:48.755  RAW   x-rate-limit-account: 3:5:60
11:50:48.755  RAW   x-rate-limit-account-state: 3:5:0
11:50:48.755  RAW   x-rate-limit-ip: 8:10:60,15:60:120,60:300:1800
11:50:48.755  RAW   x-rate-limit-ip-state: 3:10:0,6:60:0,21:300:0
11:50:48.755  RAW   cf-cache-status: DYNAMIC
11:50:48.755  RAW   cf-ray: a1e94db0fe51e32e-WAW
11:50:48.755  RESP  POST /api/trade/search/Standard → 200  13.429s  delay=6.000 min_gap=0.000 last=1784627448.756
11:50:48.755  PRE   GET /api/trade/fetch/53b7f72e5b2ca3948565de43be399e6096374230124d4afeb1670c01de33b9d1%2Cb2b00b81ba32684cc0d540da861a259f9e996dc7cc6c101999d7b26082944dc0%2C756a43bfbbfac3baccb253489fa0d424c5057ad29635b8b8daa32f1e4b646a22%2C340cd8e561196d2e5e3bddc72c0ac71bc3bf3fddac30ca9592fe5da3fa87a949%2C60c87adaecb245c61b654a4668b2f71904e3b3d8ef997fbbf45372241f3d3aae  delay=6.000 min_gap=0.000 last=1784627448.756
11:50:48.755  ENF   delay=6.000 min_gap=0.000 jitter=7.094 gap=13.094 since_last=0.000 sleep=13.094
11:51:02.163  PARSE Account 6:4:10 → 0.667s/req pen=10s; Ip 12:4:60 → 0.333s/req pen=60s; Ip 16:12:60 → 0.750s/req pen=60s  delay 6.000→6.000  min_gap→0  max_usage=0%
11:51:02.163  RAW   content-type: application/json
11:51:02.163  RAW   x-rate-limit-policy: trade-fetch-request-limit
11:51:02.163  RAW   x-rate-limit-rules: Account,Ip
11:51:02.163  RAW   x-rate-limit-account: 6:4:10
11:51:02.163  RAW   x-rate-limit-account-state: 2:4:0
11:51:02.163  RAW   x-rate-limit-ip: 12:4:60,16:12:60
11:51:02.163  RAW   x-rate-limit-ip-state: 2:4:0,3:12:0
11:51:02.163  RAW   cf-cache-status: DYNAMIC
11:51:02.163  RAW   cf-ray: a1e94e049cede32e-WAW
11:51:02.163  RESP  GET /api/trade/fetch/53b7f72e5b2ca3948565de43be399e6096374230124d4afeb1670c01de33b9d1%2Cb2b00b81ba32684cc0d540da861a259f9e996dc7cc6c101999d7b26082944dc0%2C756a43bfbbfac3baccb253489fa0d424c5057ad29635b8b8daa32f1e4b646a22%2C340cd8e561196d2e5e3bddc72c0ac71bc3bf3fddac30ca9592fe5da3fa87a949%2C60c87adaecb245c61b654a4668b2f71904e3b3d8ef997fbbf45372241f3d3aae → 200  13.407s  delay=6.000 min_gap=0.000 last=1784627462.163
11:51:02.163  PRE   POST /api/trade/search/Standard  delay=6.000 min_gap=0.000 last=1784627462.163
11:51:02.163  ENF   delay=6.000 min_gap=0.000 jitter=6.509 gap=12.509 since_last=0.000 sleep=12.509
11:51:14.955  PARSE Account 3:5:60 → 1.667s/req pen=60s; Ip 8:10:60 → 1.250s/req pen=60s; Ip 15:60:120 → 4.000s/req pen=120s; Ip 60:300:1800 → 5.000s/req pen=1800s  delay 6.000→6.000  min_gap→0  max_usage=53%
11:51:14.955  RAW   content-type: application/json
11:51:14.955  RAW   x-rate-limit-policy: trade-search-request-limit
11:51:14.955  RAW   x-rate-limit-rules: Account,Ip
11:51:14.955  RAW   x-rate-limit-account: 3:5:60
11:51:14.955  RAW   x-rate-limit-account-state: 2:5:0
11:51:14.955  RAW   x-rate-limit-ip: 8:10:60,15:60:120,60:300:1800
11:51:14.955  RAW   x-rate-limit-ip-state: 2:10:0,8:60:0,23:300:0
11:51:14.955  RAW   cf-cache-status: DYNAMIC
11:51:14.955  RAW   cf-ray: a1e94e54baa8e32e-WAW
11:51:14.955  RESP  POST /api/trade/search/Standard → 200  12.792s  delay=6.000 min_gap=0.000 last=1784627474.956
11:51:14.955  PRE   GET /api/trade/fetch/756a43bfbbfac3baccb253489fa0d424c5057ad29635b8b8daa32f1e4b646a22%2C60c87adaecb245c61b654a4668b2f71904e3b3d8ef997fbbf45372241f3d3aae%2C3d819699501335dbd26f71e4d7dd6991a24e7124bed594ef5dec07d9f5301190%2C6f8a43f906f34c9f8dc0ab2b4c715a22aa002131919dcd6706945d77d47a747e%2Cf15089384dbb0b50304a146d709946b4060b5c8e6c8c7eb51d24284c7d811672  delay=6.000 min_gap=0.000 last=1784627474.956
11:51:14.955  ENF   delay=6.000 min_gap=0.000 jitter=9.204 gap=15.204 since_last=0.000 sleep=15.204
11:51:30.462  PARSE Account 6:4:10 → 0.667s/req pen=10s; Ip 12:4:60 → 0.333s/req pen=60s; Ip 16:12:60 → 0.750s/req pen=60s  delay 6.000→6.000  min_gap→0  max_usage=0%
11:51:30.462  RAW   content-type: application/json
11:51:30.462  RAW   x-rate-limit-policy: trade-fetch-request-limit
11:51:30.462  RAW   x-rate-limit-rules: Account,Ip
11:51:30.462  RAW   x-rate-limit-account: 6:4:10
11:51:30.462  RAW   x-rate-limit-account-state: 3:4:0
11:51:30.462  RAW   x-rate-limit-ip: 12:4:60,16:12:60
11:51:30.462  RAW   x-rate-limit-ip-state: 3:4:0,3:12:0
11:51:30.463  RAW   cf-cache-status: DYNAMIC
11:51:30.463  RAW   cf-ray: a1e94eb58edde32e-WAW
11:51:30.463  RESP  GET /api/trade/fetch/756a43bfbbfac3baccb253489fa0d424c5057ad29635b8b8daa32f1e4b646a22%2C60c87adaecb245c61b654a4668b2f71904e3b3d8ef997fbbf45372241f3d3aae%2C3d819699501335dbd26f71e4d7dd6991a24e7124bed594ef5dec07d9f5301190%2C6f8a43f906f34c9f8dc0ab2b4c715a22aa002131919dcd6706945d77d47a747e%2Cf15089384dbb0b50304a146d709946b4060b5c8e6c8c7eb51d24284c7d811672 → 200  15.507s  delay=6.000 min_gap=0.000 last=1784627490.463
11:51:30.484  PRE   POST /api/trade/search/Standard  delay=6.000 min_gap=0.000 last=1784627490.463
11:51:30.484  ENF   delay=6.000 min_gap=0.000 jitter=8.547 gap=14.547 since_last=0.022 sleep=14.525
11:51:45.301  PARSE Account 3:5:60 → 1.667s/req pen=60s; Ip 8:10:60 → 1.250s/req pen=60s; Ip 15:60:120 → 4.000s/req pen=120s; Ip 60:300:1800 → 5.000s/req pen=1800s  delay 6.000→6.000  min_gap→0  max_usage=45%
11:51:45.301  RAW   content-type: application/json
11:51:45.301  RAW   x-rate-limit-policy: trade-search-request-limit
11:51:45.301  RAW   x-rate-limit-rules: Account,Ip
11:51:45.301  RAW   x-rate-limit-account: 3:5:60
11:51:45.301  RAW   x-rate-limit-account-state: 3:5:0
11:51:45.301  RAW   x-rate-limit-ip: 8:10:60,15:60:120,60:300:1800
11:51:45.301  RAW   x-rate-limit-ip-state: 3:10:0,6:60:0,27:300:0
11:51:45.301  RAW   cf-cache-status: DYNAMIC
11:51:45.301  RAW   cf-ray: a1e94f125cabe32e-WAW
11:51:45.301  RESP  POST /api/trade/search/Standard → 200  14.816s  delay=6.000 min_gap=0.000 last=1784627505.301
11:51:45.301  PRE   GET /api/trade/fetch/5e1f7de57c4d42b1a4ff366bf9afc3ab93f2869b0bf6ed23e4e9bd2b07919aaa%2Cc9c27fdace4ccb147a53add018ed680bf88f5e00a7a0b98564d51b1dce4dd574%2C88332afbc02f1b1671c7a6d9dc57bb87684ed632e4b134a5df80c52c2499e45c%2C860eb9045e72fce8e0ca5da7573c225393c398651396eabb532ed74d40f92d48%2Cc1c4550f7917ab34e532409c1e6ecf5ddce3e8fd1b2254fd6420f5a9de8f10fe  delay=6.000 min_gap=0.000 last=1784627505.301
11:51:45.301  ENF   delay=6.000 min_gap=0.000 jitter=6.714 gap=12.714 since_last=0.000 sleep=12.714
11:51:58.279  PARSE Account 6:4:10 → 0.667s/req pen=10s; Ip 12:4:60 → 0.333s/req pen=60s; Ip 16:12:60 → 0.750s/req pen=60s  delay 6.000→6.000  min_gap→0  max_usage=0%
11:51:58.279  RAW   content-type: application/json
11:51:58.279  RAW   x-rate-limit-policy: trade-fetch-request-limit
11:51:58.279  RAW   x-rate-limit-rules: Account,Ip
11:51:58.279  RAW   x-rate-limit-account: 6:4:10
11:51:58.279  RAW   x-rate-limit-account-state: 2:4:0
11:51:58.279  RAW   x-rate-limit-ip: 12:4:60,16:12:60
11:51:58.279  RAW   x-rate-limit-ip-state: 2:4:0,2:12:0
11:51:58.279  RAW   cf-cache-status: DYNAMIC
11:51:58.279  RAW   cf-ray: a1e94f639f79e32e-WAW
11:51:58.279  RESP  GET /api/trade/fetch/5e1f7de57c4d42b1a4ff366bf9afc3ab93f2869b0bf6ed23e4e9bd2b07919aaa%2Cc9c27fdace4ccb147a53add018ed680bf88f5e00a7a0b98564d51b1dce4dd574%2C88332afbc02f1b1671c7a6d9dc57bb87684ed632e4b134a5df80c52c2499e45c%2C860eb9045e72fce8e0ca5da7573c225393c398651396eabb532ed74d40f92d48%2Cc1c4550f7917ab34e532409c1e6ecf5ddce3e8fd1b2254fd6420f5a9de8f10fe → 200  12.978s  delay=6.000 min_gap=0.000 last=1784627518.279
11:51:58.279  PRE   POST /api/trade/search/Standard  delay=6.000 min_gap=0.000 last=1784627518.279
11:51:58.279  ENF   delay=6.000 min_gap=0.000 jitter=9.174 gap=15.174 since_last=0.000 sleep=15.174
11:52:13.731  PARSE Account 3:5:60 → 1.667s/req pen=60s; Ip 8:10:60 → 1.250s/req pen=60s; Ip 15:60:120 → 4.000s/req pen=120s; Ip 60:300:1800 → 5.000s/req pen=1800s  delay 6.000→6.000  min_gap→0  max_usage=50%
11:52:13.731  RAW   content-type: application/json
11:52:13.731  RAW   x-rate-limit-policy: trade-search-request-limit
11:52:13.731  RAW   x-rate-limit-rules: Account,Ip
11:52:13.731  RAW   x-rate-limit-account: 3:5:60
11:52:13.731  RAW   x-rate-limit-account-state: 3:5:0
11:52:13.731  RAW   x-rate-limit-ip: 8:10:60,15:60:120,60:300:1800
11:52:13.731  RAW   x-rate-limit-ip-state: 3:10:0,7:60:0,30:300:0
11:52:13.731  RAW   cf-cache-status: DYNAMIC
11:52:13.731  RAW   cf-ray: a1e94fc4199ae32e-WAW
11:52:13.731  RESP  POST /api/trade/search/Standard → 200  15.452s  delay=6.000 min_gap=0.000 last=1784627533.731
11:52:13.731  PRE   GET /api/trade/fetch/6020d5f48250a65a7f514d2ab1a51b46ececde07e749a8abfb71b02cc5a4692c%2C5831c3ff142fea52a7404254c92d648d7dde33f5f8c032e686ec3a86e18f8fa1%2Ce14354777ac695197afa24c8b6372467674cd3ebc5f8a73938d23388c79d6dd9%2C25094c569c19611de7f93b60dcbdc78a1358dc5d64aee7f7ef7e05c9f0f8df17%2Cb2c4adbfb7bd213e32195cbdca7fd5b5a5a79ed5f429286ce39b4c7e48c69ad9  delay=6.000 min_gap=0.000 last=1784627533.731
11:52:13.731  ENF   delay=6.000 min_gap=0.000 jitter=5.046 gap=11.046 since_last=0.000 sleep=11.046
11:52:25.118  PARSE Account 6:4:10 → 0.667s/req pen=10s; Ip 12:4:60 → 0.333s/req pen=60s; Ip 16:12:60 → 0.750s/req pen=60s  delay 6.000→6.000  min_gap→0  max_usage=0%
11:52:25.118  RAW   content-type: application/json
11:52:25.118  RAW   x-rate-limit-policy: trade-fetch-request-limit
11:52:25.118  RAW   x-rate-limit-rules: Account,Ip
11:52:25.118  RAW   x-rate-limit-account: 6:4:10
11:52:25.118  RAW   x-rate-limit-account-state: 2:4:0
11:52:25.118  RAW   x-rate-limit-ip: 12:4:60,16:12:60
11:52:25.118  RAW   x-rate-limit-ip-state: 2:4:0,2:12:0
11:52:25.118  RAW   cf-cache-status: DYNAMIC
11:52:25.118  RAW   cf-ray: a1e9500aefdfe32e-WAW
11:52:25.118  RESP  GET /api/trade/fetch/6020d5f48250a65a7f514d2ab1a51b46ececde07e749a8abfb71b02cc5a4692c%2C5831c3ff142fea52a7404254c92d648d7dde33f5f8c032e686ec3a86e18f8fa1%2Ce14354777ac695197afa24c8b6372467674cd3ebc5f8a73938d23388c79d6dd9%2C25094c569c19611de7f93b60dcbdc78a1358dc5d64aee7f7ef7e05c9f0f8df17%2Cb2c4adbfb7bd213e32195cbdca7fd5b5a5a79ed5f429286ce39b4c7e48c69ad9 → 200  11.387s  delay=6.000 min_gap=0.000 last=1784627545.119
11:52:25.118  PRE   POST /api/trade/search/Standard  delay=6.000 min_gap=0.000 last=1784627545.119
11:52:25.118  ENF   delay=6.000 min_gap=0.000 jitter=6.067 gap=12.067 since_last=0.000 sleep=12.067
11:52:37.468  PARSE Account 3:5:60 → 1.667s/req pen=60s; Ip 8:10:60 → 1.250s/req pen=60s; Ip 15:60:120 → 4.000s/req pen=120s; Ip 60:300:1800 → 5.000s/req pen=1800s  delay 6.000→6.000  min_gap→0  max_usage=53%
11:52:37.468  RAW   content-type: application/json
11:52:37.468  RAW   x-rate-limit-policy: trade-search-request-limit
11:52:37.468  RAW   x-rate-limit-rules: Account,Ip
11:52:37.468  RAW   x-rate-limit-account: 3:5:60
11:52:37.468  RAW   x-rate-limit-account-state: 2:5:0
11:52:37.468  RAW   x-rate-limit-ip: 8:10:60,15:60:120,60:300:1800
11:52:37.469  RAW   x-rate-limit-ip-state: 2:10:0,6:60:0,32:300:0
11:52:37.469  RAW   cf-cache-status: DYNAMIC
11:52:37.469  RAW   cf-ray: a1e950586a66e32e-WAW
11:52:37.469  RESP  POST /api/trade/search/Standard → 200  12.350s  delay=6.000 min_gap=0.000 last=1784627557.469
11:52:37.469  PRE   GET /api/trade/fetch/edad0a86d817628dc0284024ab1a61ae38e7e6dd7832737b528bfda06fac22f6%2Ccec6dbc3987f0e3b31d57684611ba227cefdf28b3bc109802b451914bc83ef4e%2C926a00afcf2ddb9eb78a6ef74c8043d32c85600f3dae6ad7210211661da61141%2Cf1545062e35a7456a1a8ef4ebb3ba01bf7b9def3d6c85b52f9c9550d7dddd0f6%2C246f82dc9d4618642b4f2315385d8f4f8daddd5e4cf089350ebf49ee91f10303  delay=6.000 min_gap=0.000 last=1784627557.469
11:52:37.469  ENF   delay=6.000 min_gap=0.000 jitter=5.597 gap=11.597 since_last=0.000 sleep=11.597
11:52:49.328  PARSE Account 6:4:10 → 0.667s/req pen=10s; Ip 12:4:60 → 0.333s/req pen=60s; Ip 16:12:60 → 0.750s/req pen=60s  delay 6.000→6.000  min_gap→0  max_usage=0%
11:52:49.328  RAW   content-type: application/json
11:52:49.328  RAW   x-rate-limit-policy: trade-fetch-request-limit
11:52:49.328  RAW   x-rate-limit-rules: Account,Ip
11:52:49.329  RAW   x-rate-limit-account: 6:4:10
11:52:49.329  RAW   x-rate-limit-account-state: 1:4:0
11:52:49.329  RAW   x-rate-limit-ip: 12:4:60,16:12:60
11:52:49.329  RAW   x-rate-limit-ip-state: 1:4:0,1:12:0
11:52:49.329  RAW   cf-cache-status: DYNAMIC
11:52:49.329  RAW   cf-ray: a1e950a2ae73e32e-WAW
11:52:49.329  RESP  GET /api/trade/fetch/edad0a86d817628dc0284024ab1a61ae38e7e6dd7832737b528bfda06fac22f6%2Ccec6dbc3987f0e3b31d57684611ba227cefdf28b3bc109802b451914bc83ef4e%2C926a00afcf2ddb9eb78a6ef74c8043d32c85600f3dae6ad7210211661da61141%2Cf1545062e35a7456a1a8ef4ebb3ba01bf7b9def3d6c85b52f9c9550d7dddd0f6%2C246f82dc9d4618642b4f2315385d8f4f8daddd5e4cf089350ebf49ee91f10303 → 200  11.860s  delay=6.000 min_gap=0.000 last=1784627569.329
11:52:49.352  PRE   POST /api/trade/search/Standard  delay=6.000 min_gap=0.000 last=1784627569.329
11:52:49.352  ENF   delay=6.000 min_gap=0.000 jitter=5.809 gap=11.809 since_last=0.024 sleep=11.785
11:53:01.489  PARSE Account 3:5:60 → 1.667s/req pen=60s; Ip 8:10:60 → 1.250s/req pen=60s; Ip 15:60:120 → 4.000s/req pen=120s; Ip 60:300:1800 → 5.000s/req pen=1800s  delay 6.000→6.000  min_gap→0  max_usage=42%
11:53:01.489  RAW   content-type: application/json
11:53:01.489  RAW   x-rate-limit-policy: trade-search-request-limit
11:53:01.489  RAW   x-rate-limit-rules: Account,Ip
11:53:01.489  RAW   x-rate-limit-account: 3:5:60
11:53:01.489  RAW   x-rate-limit-account-state: 1:5:0
11:53:01.489  RAW   x-rate-limit-ip: 8:10:60,15:60:120,60:300:1800
11:53:01.489  RAW   x-rate-limit-ip-state: 1:10:0,4:60:0,25:300:0
11:53:01.489  RAW   cf-cache-status: DYNAMIC
11:53:01.489  RAW   cf-ray: a1e950ee2809e32e-WAW
11:53:01.489  RESP  POST /api/trade/search/Standard → 200  12.136s  delay=6.000 min_gap=0.000 last=1784627581.489
11:53:01.489  PRE   GET /api/trade/fetch/5e1f7de57c4d42b1a4ff366bf9afc3ab93f2869b0bf6ed23e4e9bd2b07919aaa%2C860eb9045e72fce8e0ca5da7573c225393c398651396eabb532ed74d40f92d48%2Cc1c4550f7917ab34e532409c1e6ecf5ddce3e8fd1b2254fd6420f5a9de8f10fe%2C9a846f50520beeb871c5ff4c0e2dc546099f54eda78a8b243f550beb2e0c2405%2Cd697a175fd87bb04f9a9740847431b2a7f1a207db29e4aa221ed6c57f80d58f7  delay=6.000 min_gap=0.000 last=1784627581.489
11:53:01.489  ENF   delay=6.000 min_gap=0.000 jitter=7.128 gap=13.128 since_last=0.000 sleep=13.128
11:53:14.927  PARSE Account 6:4:10 → 0.667s/req pen=10s; Ip 12:4:60 → 0.333s/req pen=60s; Ip 16:12:60 → 0.750s/req pen=60s  delay 6.000→6.000  min_gap→0  max_usage=0%
11:53:14.927  RAW   content-type: application/json
11:53:14.927  RAW   x-rate-limit-policy: trade-fetch-request-limit
11:53:14.927  RAW   x-rate-limit-rules: Account,Ip
11:53:14.927  RAW   x-rate-limit-account: 6:4:10
11:53:14.927  RAW   x-rate-limit-account-state: 1:4:0
11:53:14.927  RAW   x-rate-limit-ip: 12:4:60,16:12:60
11:53:14.927  RAW   x-rate-limit-ip-state: 1:4:0,1:12:0
11:53:14.927  RAW   cf-cache-status: DYNAMIC
11:53:14.927  RAW   cf-ray: a1e951426af0e32e-WAW
11:53:14.927  RESP  GET /api/trade/fetch/5e1f7de57c4d42b1a4ff366bf9afc3ab93f2869b0bf6ed23e4e9bd2b07919aaa%2C860eb9045e72fce8e0ca5da7573c225393c398651396eabb532ed74d40f92d48%2Cc1c4550f7917ab34e532409c1e6ecf5ddce3e8fd1b2254fd6420f5a9de8f10fe%2C9a846f50520beeb871c5ff4c0e2dc546099f54eda78a8b243f550beb2e0c2405%2Cd697a175fd87bb04f9a9740847431b2a7f1a207db29e4aa221ed6c57f80d58f7 → 200  13.438s  delay=6.000 min_gap=0.000 last=1784627594.928
11:53:14.927  PRE   POST /api/trade/search/Standard  delay=6.000 min_gap=0.000 last=1784627594.928
11:53:14.927  ENF   delay=6.000 min_gap=0.000 jitter=9.247 gap=15.247 since_last=0.000 sleep=15.247
11:53:30.470  PARSE Account 3:5:60 → 1.667s/req pen=60s; Ip 8:10:60 → 1.250s/req pen=60s; Ip 15:60:120 → 4.000s/req pen=120s; Ip 60:300:1800 → 5.000s/req pen=1800s  delay 6.000→6.000  min_gap→0  max_usage=47%
11:53:30.470  RAW   content-type: application/json
11:53:30.470  RAW   x-rate-limit-policy: trade-search-request-limit
11:53:30.470  RAW   x-rate-limit-rules: Account,Ip
11:53:30.470  RAW   x-rate-limit-account: 3:5:60
11:53:30.470  RAW   x-rate-limit-account-state: 1:5:0
11:53:30.470  RAW   x-rate-limit-ip: 8:10:60,15:60:120,60:300:1800
11:53:30.470  RAW   x-rate-limit-ip-state: 1:10:0,4:60:0,28:300:0
11:53:30.470  RAW   cf-cache-status: DYNAMIC
11:53:30.471  RAW   cf-ray: a1e951a39c0ae32e-WAW
11:53:30.471  RESP  POST /api/trade/search/Standard → 200  15.543s  delay=6.000 min_gap=0.000 last=1784627610.471
11:53:30.471  PRE   GET /api/trade/fetch/6020d5f48250a65a7f514d2ab1a51b46ececde07e749a8abfb71b02cc5a4692c%2C5831c3ff142fea52a7404254c92d648d7dde33f5f8c032e686ec3a86e18f8fa1%2Ce14354777ac695197afa24c8b6372467674cd3ebc5f8a73938d23388c79d6dd9%2C25094c569c19611de7f93b60dcbdc78a1358dc5d64aee7f7ef7e05c9f0f8df17%2Cb2c4adbfb7bd213e32195cbdca7fd5b5a5a79ed5f429286ce39b4c7e48c69ad9  delay=6.000 min_gap=0.000 last=1784627610.471
11:53:30.471  ENF   delay=6.000 min_gap=0.000 jitter=6.990 gap=12.990 since_last=0.000 sleep=12.990
11:53:43.779  PARSE Account 6:4:10 → 0.667s/req pen=10s; Ip 12:4:60 → 0.333s/req pen=60s; Ip 16:12:60 → 0.750s/req pen=60s  delay 6.000→6.000  min_gap→0  max_usage=0%
11:53:43.779  RAW   content-type: application/json
11:53:43.779  RAW   x-rate-limit-policy: trade-fetch-request-limit
11:53:43.779  RAW   x-rate-limit-rules: Account,Ip
11:53:43.779  RAW   x-rate-limit-account: 6:4:10
11:53:43.779  RAW   x-rate-limit-account-state: 1:4:0
11:53:43.779  RAW   x-rate-limit-ip: 12:4:60,16:12:60
11:53:43.779  RAW   x-rate-limit-ip-state: 1:4:0,1:12:0
11:53:43.779  RAW   cf-cache-status: DYNAMIC
11:53:43.779  RAW   cf-ray: a1e951f6addce32e-WAW
11:53:43.779  RESP  GET /api/trade/fetch/6020d5f48250a65a7f514d2ab1a51b46ececde07e749a8abfb71b02cc5a4692c%2C5831c3ff142fea52a7404254c92d648d7dde33f5f8c032e686ec3a86e18f8fa1%2Ce14354777ac695197afa24c8b6372467674cd3ebc5f8a73938d23388c79d6dd9%2C25094c569c19611de7f93b60dcbdc78a1358dc5d64aee7f7ef7e05c9f0f8df17%2Cb2c4adbfb7bd213e32195cbdca7fd5b5a5a79ed5f429286ce39b4c7e48c69ad9 → 200  13.308s  delay=6.000 min_gap=0.000 last=1784627623.780
11:53:43.779  PRE   POST /api/trade/search/Standard  delay=6.000 min_gap=0.000 last=1784627623.780
11:53:43.779  ENF   delay=6.000 min_gap=0.000 jitter=5.489 gap=11.489 since_last=0.000 sleep=11.489
11:53:55.573  PARSE Account 3:5:60 → 1.667s/req pen=60s; Ip 8:10:60 → 1.250s/req pen=60s; Ip 15:60:120 → 4.000s/req pen=120s; Ip 60:300:1800 → 5.000s/req pen=1800s  delay 6.000→6.000  min_gap→0  max_usage=52%
11:53:55.573  RAW   content-type: application/json
11:53:55.573  RAW   x-rate-limit-policy: trade-search-request-limit
11:53:55.573  RAW   x-rate-limit-rules: Account,Ip
11:53:55.573  RAW   x-rate-limit-account: 3:5:60
11:53:55.573  RAW   x-rate-limit-account-state: 1:5:0
11:53:55.573  RAW   x-rate-limit-ip: 8:10:60,15:60:120,60:300:1800
11:53:55.573  RAW   x-rate-limit-ip-state: 1:10:0,7:60:0,31:300:0
11:53:55.573  RAW   cf-cache-status: DYNAMIC
11:53:55.573  RAW   cf-ray: a1e952407f47e32e-WAW
11:53:55.573  RESP  POST /api/trade/search/Standard → 200  11.794s  delay=6.000 min_gap=0.000 last=1784627635.574
11:53:55.573  PRE   GET /api/trade/fetch/246f82dc9d4618642b4f2315385d8f4f8daddd5e4cf089350ebf49ee91f10303%2Cf1545062e35a7456a1a8ef4ebb3ba01bf7b9def3d6c85b52f9c9550d7dddd0f6%2Caf2a34fa76187ac163cfeacad5a4b274327ba6027c637161248842f162e94ec9%2Ca2271da15e96db00c9fb7e5ee8618e977967217b888f5f4990e2158ed052f81d%2C66be352ef795f94c75c2dd55aad8fc5dec6ca7351c5ee0234559c143243233f0  delay=6.000 min_gap=0.000 last=1784627635.574
11:53:55.573  ENF   delay=6.000 min_gap=0.000 jitter=9.600 gap=15.600 since_last=0.000 sleep=15.599
11:54:11.472  PARSE Account 6:4:10 → 0.667s/req pen=10s; Ip 12:4:60 → 0.333s/req pen=60s; Ip 16:12:60 → 0.750s/req pen=60s  delay 6.000→6.000  min_gap→0  max_usage=0%
11:54:11.472  RAW   content-type: application/json
11:54:11.473  RAW   x-rate-limit-policy: trade-fetch-request-limit
11:54:11.473  RAW   x-rate-limit-rules: Account,Ip
11:54:11.473  RAW   x-rate-limit-account: 6:4:10
11:54:11.473  RAW   x-rate-limit-account-state: 1:4:0
11:54:11.473  RAW   x-rate-limit-ip: 12:4:60,16:12:60
11:54:11.473  RAW   x-rate-limit-ip-state: 1:4:0,1:12:0
11:54:11.473  RAW   cf-cache-status: DYNAMIC
11:54:11.473  RAW   cf-ray: a1e952a3dc7fe32e-WAW
11:54:11.473  RESP  GET /api/trade/fetch/246f82dc9d4618642b4f2315385d8f4f8daddd5e4cf089350ebf49ee91f10303%2Cf1545062e35a7456a1a8ef4ebb3ba01bf7b9def3d6c85b52f9c9550d7dddd0f6%2Caf2a34fa76187ac163cfeacad5a4b274327ba6027c637161248842f162e94ec9%2Ca2271da15e96db00c9fb7e5ee8618e977967217b888f5f4990e2158ed052f81d%2C66be352ef795f94c75c2dd55aad8fc5dec6ca7351c5ee0234559c143243233f0 → 200  15.899s  delay=6.000 min_gap=0.000 last=1784627651.473
11:54:11.497  PRE   POST /api/trade/search/Standard  delay=6.000 min_gap=0.000 last=1784627651.473
11:54:11.497  ENF   delay=6.000 min_gap=0.000 jitter=8.539 gap=14.539 since_last=0.024 sleep=14.515
11:54:26.316  PARSE Account 3:5:60 → 1.667s/req pen=60s; Ip 8:10:60 → 1.250s/req pen=60s; Ip 15:60:120 → 4.000s/req pen=120s; Ip 60:300:1800 → 5.000s/req pen=1800s  delay 6.000→6.000  min_gap→0  max_usage=47%
11:54:26.316  RAW   content-type: application/json
11:54:26.316  RAW   x-rate-limit-policy: trade-search-request-limit
11:54:26.316  RAW   x-rate-limit-rules: Account,Ip
11:54:26.316  RAW   x-rate-limit-account: 3:5:60
11:54:26.316  RAW   x-rate-limit-account-state: 1:5:0
11:54:26.316  RAW   x-rate-limit-ip: 8:10:60,15:60:120,60:300:1800
11:54:26.316  RAW   x-rate-limit-ip-state: 1:10:0,7:60:0,28:300:0
11:54:26.316  RAW   cf-cache-status: DYNAMIC
11:54:26.316  RAW   cf-ray: a1e953009a8ae32e-WAW
11:54:26.317  RESP  POST /api/trade/search/Standard → 200  14.819s  delay=6.000 min_gap=0.000 last=1784627666.317
11:54:26.317  PRE   GET /api/trade/fetch/4fa5fe884d8484a50abb13ead9ff525dcb087c5f9547b9084f70bee5da747e97%2C9528bf9b70b22e4ee48d5097c140d605f68208ff8ccd5a39d0bc11336d4b664f%2Cdeb3ac8990dc0e3c1745c9c5d181c41f3da207a98f4535501d64352ec92c0b29%2C0d80ae40c1aa564d55ff12477d4d35e991587158c33f06c4a4ae30297d8b189a%2C034247cfc865542451b3c8edbeb7c2e769972a07fd698e1316fc382031b2d909  delay=6.000 min_gap=0.000 last=1784627666.317
11:54:26.317  ENF   delay=6.000 min_gap=0.000 jitter=7.612 gap=13.612 since_last=0.000 sleep=13.612
11:54:40.275  PARSE Account 6:4:10 → 0.667s/req pen=10s; Ip 12:4:60 → 0.333s/req pen=60s; Ip 16:12:60 → 0.750s/req pen=60s  delay 6.000→6.000  min_gap→0  max_usage=0%
11:54:40.275  RAW   content-type: application/json
11:54:40.275  RAW   x-rate-limit-policy: trade-fetch-request-limit
11:54:40.275  RAW   x-rate-limit-rules: Account,Ip
11:54:40.275  RAW   x-rate-limit-account: 6:4:10
11:54:40.275  RAW   x-rate-limit-account-state: 2:4:0
11:54:40.275  RAW   x-rate-limit-ip: 12:4:60,16:12:60
11:54:40.275  RAW   x-rate-limit-ip-state: 2:4:0,2:12:0
11:54:40.275  RAW   cf-cache-status: DYNAMIC
11:54:40.275  RAW   cf-ray: a1e953579973e32e-WAW
11:54:40.275  RESP  GET /api/trade/fetch/4fa5fe884d8484a50abb13ead9ff525dcb087c5f9547b9084f70bee5da747e97%2C9528bf9b70b22e4ee48d5097c140d605f68208ff8ccd5a39d0bc11336d4b664f%2Cdeb3ac8990dc0e3c1745c9c5d181c41f3da207a98f4535501d64352ec92c0b29%2C0d80ae40c1aa564d55ff12477d4d35e991587158c33f06c4a4ae30297d8b189a%2C034247cfc865542451b3c8edbeb7c2e769972a07fd698e1316fc382031b2d909 → 200  13.958s  delay=6.000 min_gap=0.000 last=1784627680.275
11:54:40.275  PRE   POST /api/trade/search/Standard  delay=6.000 min_gap=0.000 last=1784627680.275
11:54:40.275  ENF   delay=6.000 min_gap=0.000 jitter=9.995 gap=15.995 since_last=0.000 sleep=15.995
11:54:56.553  PARSE Account 3:5:60 → 1.667s/req pen=60s; Ip 8:10:60 → 1.250s/req pen=60s; Ip 15:60:120 → 4.000s/req pen=120s; Ip 60:300:1800 → 5.000s/req pen=1800s  delay 6.000→6.000  min_gap→0  max_usage=53%
11:54:56.553  RAW   content-type: application/json
11:54:56.553  RAW   x-rate-limit-policy: trade-search-request-limit
11:54:56.553  RAW   x-rate-limit-rules: Account,Ip
11:54:56.553  RAW   x-rate-limit-account: 3:5:60
11:54:56.553  RAW   x-rate-limit-account-state: 2:5:0
11:54:56.553  RAW   x-rate-limit-ip: 8:10:60,15:60:120,60:300:1800
11:54:56.553  RAW   x-rate-limit-ip-state: 2:10:0,7:60:0,32:300:0
11:54:56.553  RAW   cf-cache-status: DYNAMIC
11:54:56.553  RAW   cf-ray: a1e953bdbe6ee32e-WAW
11:54:56.553  RESP  POST /api/trade/search/Standard → 200  16.278s  delay=6.000 min_gap=0.000 last=1784627696.554
11:54:56.553  PRE   GET /api/trade/fetch/6020d5f48250a65a7f514d2ab1a51b46ececde07e749a8abfb71b02cc5a4692c%2C5831c3ff142fea52a7404254c92d648d7dde33f5f8c032e686ec3a86e18f8fa1%2Ce14354777ac695197afa24c8b6372467674cd3ebc5f8a73938d23388c79d6dd9%2C25094c569c19611de7f93b60dcbdc78a1358dc5d64aee7f7ef7e05c9f0f8df17%2Cb2c4adbfb7bd213e32195cbdca7fd5b5a5a79ed5f429286ce39b4c7e48c69ad9  delay=6.000 min_gap=0.000 last=1784627696.554
11:54:56.553  ENF   delay=6.000 min_gap=0.000 jitter=6.214 gap=12.214 since_last=0.000 sleep=12.214
11:55:09.039  PARSE Account 6:4:10 → 0.667s/req pen=10s; Ip 12:4:60 → 0.333s/req pen=60s; Ip 16:12:60 → 0.750s/req pen=60s  delay 6.000→6.000  min_gap→0  max_usage=0%
11:55:09.039  RAW   content-type: application/json
11:55:09.039  RAW   x-rate-limit-policy: trade-fetch-request-limit
11:55:09.039  RAW   x-rate-limit-rules: Account,Ip
11:55:09.039  RAW   x-rate-limit-account: 6:4:10
11:55:09.039  RAW   x-rate-limit-account-state: 2:4:0
11:55:09.039  RAW   x-rate-limit-ip: 12:4:60,16:12:60
11:55:09.039  RAW   x-rate-limit-ip-state: 2:4:0,2:12:0
11:55:09.039  RAW   cf-cache-status: DYNAMIC
11:55:09.039  RAW   cf-ray: a1e9540bdf86e32e-WAW
11:55:09.039  RESP  GET /api/trade/fetch/6020d5f48250a65a7f514d2ab1a51b46ececde07e749a8abfb71b02cc5a4692c%2C5831c3ff142fea52a7404254c92d648d7dde33f5f8c032e686ec3a86e18f8fa1%2Ce14354777ac695197afa24c8b6372467674cd3ebc5f8a73938d23388c79d6dd9%2C25094c569c19611de7f93b60dcbdc78a1358dc5d64aee7f7ef7e05c9f0f8df17%2Cb2c4adbfb7bd213e32195cbdca7fd5b5a5a79ed5f429286ce39b4c7e48c69ad9 → 200  12.485s  delay=6.000 min_gap=0.000 last=1784627709.039
11:55:09.039  PRE   POST /api/trade/search/Standard  delay=6.000 min_gap=0.000 last=1784627709.039
11:55:09.039  ENF   delay=6.000 min_gap=0.000 jitter=9.585 gap=15.585 since_last=0.000 sleep=15.585
11:55:24.901  PARSE Account 3:5:60 → 1.667s/req pen=60s; Ip 8:10:60 → 1.250s/req pen=60s; Ip 15:60:120 → 4.000s/req pen=120s; Ip 60:300:1800 → 5.000s/req pen=1800s  delay 6.000→6.000  min_gap→0  max_usage=48%
11:55:24.901  RAW   content-type: application/json
11:55:24.901  RAW   x-rate-limit-policy: trade-search-request-limit
11:55:24.901  RAW   x-rate-limit-rules: Account,Ip
11:55:24.901  RAW   x-rate-limit-account: 3:5:60
11:55:24.901  RAW   x-rate-limit-account-state: 2:5:0
11:55:24.901  RAW   x-rate-limit-ip: 8:10:60,15:60:120,60:300:1800
11:55:24.901  RAW   x-rate-limit-ip-state: 2:10:0,6:60:0,29:300:0
11:55:24.901  RAW   cf-cache-status: DYNAMIC
11:55:24.901  RAW   cf-ray: a1e9546ee918e32e-WAW
11:55:24.901  RESP  POST /api/trade/search/Standard → 200  15.862s  delay=6.000 min_gap=0.000 last=1784627724.901
11:55:24.901  PRE   GET /api/trade/fetch/983b2c4cf8c68116f6e0fc8972ff0769df8c639e13fcc61bceace3f64f1b6d60%2Ca81a1258cd50774c4beebee4b14340666a774ad6c5fbd0bf402ebbc205316d86%2Cd28b6951edf2e13516fa81ec515f58a2e6de09a5aa6c7a0724e8d5365dadd2d7%2C1ab788dda5a3ab13840e74622299a91bdb28e5a1429240c825f2ea752eeadf64%2C0e76374648a57adb1b80939cb7620cd903226000883d98f5dbf3398a40d82021  delay=6.000 min_gap=0.000 last=1784627724.901
11:55:24.901  ENF   delay=6.000 min_gap=0.000 jitter=5.522 gap=11.522 since_last=0.000 sleep=11.522
11:55:36.690  PARSE Account 6:4:10 → 0.667s/req pen=10s; Ip 12:4:60 → 0.333s/req pen=60s; Ip 16:12:60 → 0.750s/req pen=60s  delay 6.000→6.000  min_gap→0  max_usage=0%
11:55:36.690  RAW   content-type: application/json
11:55:36.690  RAW   x-rate-limit-policy: trade-fetch-request-limit
11:55:36.690  RAW   x-rate-limit-rules: Account,Ip
11:55:36.690  RAW   x-rate-limit-account: 6:4:10
11:55:36.690  RAW   x-rate-limit-account-state: 2:4:0
11:55:36.690  RAW   x-rate-limit-ip: 12:4:60,16:12:60
11:55:36.690  RAW   x-rate-limit-ip-state: 2:4:0,2:12:0
11:55:36.690  RAW   cf-cache-status: DYNAMIC
11:55:36.690  RAW   cf-ray: a1e954b8adcee32e-WAW
11:55:36.690  RESP  GET /api/trade/fetch/983b2c4cf8c68116f6e0fc8972ff0769df8c639e13fcc61bceace3f64f1b6d60%2Ca81a1258cd50774c4beebee4b14340666a774ad6c5fbd0bf402ebbc205316d86%2Cd28b6951edf2e13516fa81ec515f58a2e6de09a5aa6c7a0724e8d5365dadd2d7%2C1ab788dda5a3ab13840e74622299a91bdb28e5a1429240c825f2ea752eeadf64%2C0e76374648a57adb1b80939cb7620cd903226000883d98f5dbf3398a40d82021 → 200  11.789s  delay=6.000 min_gap=0.000 last=1784627736.690
11:55:36.710  PRE   POST /api/trade/search/Standard  delay=6.000 min_gap=0.000 last=1784627736.691
11:55:36.711  ENF   delay=6.000 min_gap=0.000 jitter=6.189 gap=12.189 since_last=0.020 sleep=12.169
11:55:49.158  PARSE Account 3:5:60 → 1.667s/req pen=60s; Ip 8:10:60 → 1.250s/req pen=60s; Ip 15:60:120 → 4.000s/req pen=120s; Ip 60:300:1800 → 5.000s/req pen=1800s  delay 6.000→6.000  min_gap→0  max_usage=53%
11:55:49.158  RAW   content-type: application/json
11:55:49.158  RAW   x-rate-limit-policy: trade-search-request-limit
11:55:49.158  RAW   x-rate-limit-rules: Account,Ip
11:55:49.158  RAW   x-rate-limit-account: 3:5:60
11:55:49.158  RAW   x-rate-limit-account-state: 2:5:0
11:55:49.158  RAW   x-rate-limit-ip: 8:10:60,15:60:120,60:300:1800
11:55:49.158  RAW   x-rate-limit-ip-state: 2:10:0,6:60:0,32:300:0
11:55:49.158  RAW   cf-cache-status: DYNAMIC
11:55:49.158  RAW   cf-ray: a1e955068de9e32e-WAW
11:55:49.158  RESP  POST /api/trade/search/Standard → 200  12.447s  delay=6.000 min_gap=0.000 last=1784627749.159
11:55:49.158  PRE   GET /api/trade/fetch/0f03b92927bb84f3806ba9bd111269928a328320abebf23e0f9152a28a4c43c4%2C687902972681420041bf0186061af6105a06272bf589f0de1cb97d2f36164989%2C20b486a157b4b46b593975770d76a6636e05ce151a0618e7b048840bb88e11ae%2C8a379f8b14d9ace6ff5be4d11cf32e17c4b327fe503952cb5e6428845f21555d%2Cb1f2937caa5c77ff35dc7786372cafbf364d39121f8aa8b1c0b6ef13bdefa341  delay=6.000 min_gap=0.000 last=1784627749.159
11:55:49.158  ENF   delay=6.000 min_gap=0.000 jitter=8.036 gap=14.036 since_last=0.000 sleep=14.036
11:56:03.457  PARSE Account 6:4:10 → 0.667s/req pen=10s; Ip 12:4:60 → 0.333s/req pen=60s; Ip 16:12:60 → 0.750s/req pen=60s  delay 6.000→6.000  min_gap→0  max_usage=0%
11:56:03.457  RAW   content-type: application/json
11:56:03.457  RAW   x-rate-limit-policy: trade-fetch-request-limit
11:56:03.457  RAW   x-rate-limit-rules: Account,Ip
11:56:03.457  RAW   x-rate-limit-account: 6:4:10
11:56:03.458  RAW   x-rate-limit-account-state: 2:4:0
11:56:03.458  RAW   x-rate-limit-ip: 12:4:60,16:12:60
11:56:03.458  RAW   x-rate-limit-ip-state: 2:4:0,2:12:0
11:56:03.458  RAW   cf-cache-status: DYNAMIC
11:56:03.458  RAW   cf-ray: a1e9555ffaf8e32e-WAW
11:56:03.458  RESP  GET /api/trade/fetch/0f03b92927bb84f3806ba9bd111269928a328320abebf23e0f9152a28a4c43c4%2C687902972681420041bf0186061af6105a06272bf589f0de1cb97d2f36164989%2C20b486a157b4b46b593975770d76a6636e05ce151a0618e7b048840bb88e11ae%2C8a379f8b14d9ace6ff5be4d11cf32e17c4b327fe503952cb5e6428845f21555d%2Cb1f2937caa5c77ff35dc7786372cafbf364d39121f8aa8b1c0b6ef13bdefa341 → 200  14.299s  delay=6.000 min_gap=0.000 last=1784627763.458
11:56:03.458  PRE   POST /api/trade/search/Standard  delay=6.000 min_gap=0.000 last=1784627763.458
11:56:03.458  ENF   delay=6.000 min_gap=0.000 jitter=9.615 gap=15.615 since_last=0.000 sleep=15.615
11:56:19.351  PARSE Account 3:5:60 → 1.667s/req pen=60s; Ip 8:10:60 → 1.250s/req pen=60s; Ip 15:60:120 → 4.000s/req pen=120s; Ip 60:300:1800 → 5.000s/req pen=1800s  delay 6.000→6.000  min_gap→0  max_usage=48%
11:56:19.351  RAW   content-type: application/json
11:56:19.351  RAW   x-rate-limit-policy: trade-search-request-limit
11:56:19.351  RAW   x-rate-limit-rules: Account,Ip
11:56:19.351  RAW   x-rate-limit-account: 3:5:60
11:56:19.351  RAW   x-rate-limit-account-state: 2:5:0
11:56:19.351  RAW   x-rate-limit-ip: 8:10:60,15:60:120,60:300:1800
11:56:19.351  RAW   x-rate-limit-ip-state: 2:10:0,6:60:0,29:300:0
11:56:19.351  RAW   cf-cache-status: DYNAMIC
11:56:19.351  RAW   cf-ray: a1e955c33d8be32e-WAW
11:56:19.351  RESP  POST /api/trade/search/Standard → 200  15.893s  delay=6.000 min_gap=0.000 last=1784627779.351
11:56:19.351  PRE   GET /api/trade/fetch/6020d5f48250a65a7f514d2ab1a51b46ececde07e749a8abfb71b02cc5a4692c%2C5831c3ff142fea52a7404254c92d648d7dde33f5f8c032e686ec3a86e18f8fa1%2Ce14354777ac695197afa24c8b6372467674cd3ebc5f8a73938d23388c79d6dd9%2C25094c569c19611de7f93b60dcbdc78a1358dc5d64aee7f7ef7e05c9f0f8df17%2Cb2c4adbfb7bd213e32195cbdca7fd5b5a5a79ed5f429286ce39b4c7e48c69ad9  delay=6.000 min_gap=0.000 last=1784627779.351
11:56:19.351  ENF   delay=6.000 min_gap=0.000 jitter=6.478 gap=12.478 since_last=0.000 sleep=12.478
11:56:32.100  PARSE Account 6:4:10 → 0.667s/req pen=10s; Ip 12:4:60 → 0.333s/req pen=60s; Ip 16:12:60 → 0.750s/req pen=60s  delay 6.000→6.000  min_gap→0  max_usage=0%
11:56:32.100  RAW   content-type: application/json
11:56:32.100  RAW   x-rate-limit-policy: trade-fetch-request-limit
11:56:32.100  RAW   x-rate-limit-rules: Account,Ip
11:56:32.100  RAW   x-rate-limit-account: 6:4:10
11:56:32.100  RAW   x-rate-limit-account-state: 1:4:0
11:56:32.101  RAW   x-rate-limit-ip: 12:4:60,16:12:60
11:56:32.101  RAW   x-rate-limit-ip-state: 1:4:0,2:12:0
11:56:32.101  RAW   cf-cache-status: DYNAMIC
11:56:32.101  RAW   cf-ray: a1e95612f9e1e32e-WAW
11:56:32.101  RESP  GET /api/trade/fetch/6020d5f48250a65a7f514d2ab1a51b46ececde07e749a8abfb71b02cc5a4692c%2C5831c3ff142fea52a7404254c92d648d7dde33f5f8c032e686ec3a86e18f8fa1%2Ce14354777ac695197afa24c8b6372467674cd3ebc5f8a73938d23388c79d6dd9%2C25094c569c19611de7f93b60dcbdc78a1358dc5d64aee7f7ef7e05c9f0f8df17%2Cb2c4adbfb7bd213e32195cbdca7fd5b5a5a79ed5f429286ce39b4c7e48c69ad9 → 200  12.749s  delay=6.000 min_gap=0.000 last=1784627792.101
11:56:32.101  PRE   POST /api/trade/search/Standard  delay=6.000 min_gap=0.000 last=1784627792.101
11:56:32.101  ENF   delay=6.000 min_gap=0.000 jitter=9.181 gap=15.181 since_last=0.000 sleep=15.181
11:56:47.559  PARSE Account 3:5:60 → 1.667s/req pen=60s; Ip 8:10:60 → 1.250s/req pen=60s; Ip 15:60:120 → 4.000s/req pen=120s; Ip 60:300:1800 → 5.000s/req pen=1800s  delay 6.000→6.000  min_gap→0  max_usage=53%
11:56:47.559  RAW   content-type: application/json
11:56:47.559  RAW   x-rate-limit-policy: trade-search-request-limit
11:56:47.559  RAW   x-rate-limit-rules: Account,Ip
11:56:47.559  RAW   x-rate-limit-account: 3:5:60
11:56:47.559  RAW   x-rate-limit-account-state: 1:5:0
11:56:47.559  RAW   x-rate-limit-ip: 8:10:60,15:60:120,60:300:1800
11:56:47.559  RAW   x-rate-limit-ip-state: 2:10:0,6:60:0,32:300:0
11:56:47.559  RAW   cf-cache-status: DYNAMIC
11:56:47.559  RAW   cf-ray: a1e9567389a3e32e-WAW
11:56:47.559  RESP  POST /api/trade/search/Standard → 200  15.458s  delay=6.000 min_gap=0.000 last=1784627807.560
11:56:47.560  PRE   GET /api/trade/fetch/f0af1ebf8e84c02d23e00310c60b68e8be103cb175d1e59ed5e65122fbdd0432%2Cfa0955f4647ca5dce613b34fdf952d5f9a98b2604ca4f551e2c81245d4ae64f3%2Ca54bf19cb27484743f501a321b3f240a8e8ecf22000a772e657057a1316b5921%2Cbeabefb79a00999ba8f64d085c891b81b1fc032cd841a3144266945983af3aab%2Ce087f8dea73e3561859beeaab11ea647705742d6a077ea7401d042564a0955bf  delay=6.000 min_gap=0.000 last=1784627807.560
11:56:47.560  ENF   delay=6.000 min_gap=0.000 jitter=8.730 gap=14.730 since_last=0.000 sleep=14.730
11:57:02.560  PARSE Account 6:4:10 → 0.667s/req pen=10s; Ip 12:4:60 → 0.333s/req pen=60s; Ip 16:12:60 → 0.750s/req pen=60s  delay 6.000→6.000  min_gap→0  max_usage=0%
11:57:02.561  RAW   content-type: application/json
11:57:02.561  RAW   x-rate-limit-policy: trade-fetch-request-limit
11:57:02.561  RAW   x-rate-limit-rules: Account,Ip
11:57:02.561  RAW   x-rate-limit-account: 6:4:10
11:57:02.561  RAW   x-rate-limit-account-state: 1:4:0
11:57:02.561  RAW   x-rate-limit-ip: 12:4:60,16:12:60
11:57:02.561  RAW   x-rate-limit-ip-state: 1:4:0,2:12:0
11:57:02.561  RAW   cf-cache-status: DYNAMIC
11:57:02.561  RAW   cf-ray: a1e956d15c08e32e-WAW
11:57:02.561  RESP  GET /api/trade/fetch/f0af1ebf8e84c02d23e00310c60b68e8be103cb175d1e59ed5e65122fbdd0432%2Cfa0955f4647ca5dce613b34fdf952d5f9a98b2604ca4f551e2c81245d4ae64f3%2Ca54bf19cb27484743f501a321b3f240a8e8ecf22000a772e657057a1316b5921%2Cbeabefb79a00999ba8f64d085c891b81b1fc032cd841a3144266945983af3aab%2Ce087f8dea73e3561859beeaab11ea647705742d6a077ea7401d042564a0955bf → 200  15.001s  delay=6.000 min_gap=0.000 last=1784627822.561
11:57:02.586  PRE   POST /api/trade/search/Standard  delay=6.000 min_gap=0.000 last=1784627822.561
11:57:02.586  ENF   delay=6.000 min_gap=0.000 jitter=6.305 gap=12.305 since_last=0.026 sleep=12.279
11:57:15.147  PARSE Account 3:5:60 → 1.667s/req pen=60s; Ip 8:10:60 → 1.250s/req pen=60s; Ip 15:60:120 → 4.000s/req pen=120s; Ip 60:300:1800 → 5.000s/req pen=1800s  delay 6.000→6.000  min_gap→0  max_usage=53%
11:57:15.147  RAW   content-type: application/json
11:57:15.147  RAW   x-rate-limit-policy: trade-search-request-limit
11:57:15.147  RAW   x-rate-limit-rules: Account,Ip
11:57:15.147  RAW   x-rate-limit-account: 3:5:60
11:57:15.147  RAW   x-rate-limit-account-state: 2:5:0
11:57:15.147  RAW   x-rate-limit-ip: 8:10:60,15:60:120,60:300:1800
11:57:15.147  RAW   x-rate-limit-ip-state: 2:10:0,8:60:0,29:300:0
11:57:15.147  RAW   cf-cache-status: DYNAMIC
11:57:15.147  RAW   cf-ray: a1e9571fff65e32e-WAW
11:57:15.147  RESP  POST /api/trade/search/Standard → 200  12.560s  delay=6.000 min_gap=0.000 last=1784627835.148
11:57:15.147  PRE   GET /api/trade/fetch/e84b1db1a7f39dd809762af23f60cc6ebda72b97f3bb7688ca41c1138f381e88%2C46a6e2a19f43f879eb5b0deb0a83d60184061d09eb8058f837c49e62487987c2%2Cf0af1ebf8e84c02d23e00310c60b68e8be103cb175d1e59ed5e65122fbdd0432%2C26fe4fe88f88cfa29fd443e7995559a6cb2b5d3df5c85821d094744f7f07dd12%2C7de420fe4f4e1f0dc00a2d8d231e053e02308dad64004c4582bab8de0e634750  delay=6.000 min_gap=0.000 last=1784627835.148
11:57:15.147  ENF   delay=6.000 min_gap=0.000 jitter=9.590 gap=15.590 since_last=0.000 sleep=15.590
11:57:31.051  PARSE Account 6:4:10 → 0.667s/req pen=10s; Ip 12:4:60 → 0.333s/req pen=60s; Ip 16:12:60 → 0.750s/req pen=60s  delay 6.000→6.000  min_gap→0  max_usage=0%
11:57:31.051  RAW   content-type: application/json
11:57:31.051  RAW   x-rate-limit-policy: trade-fetch-request-limit
11:57:31.051  RAW   x-rate-limit-rules: Account,Ip
11:57:31.051  RAW   x-rate-limit-account: 6:4:10
11:57:31.051  RAW   x-rate-limit-account-state: 1:4:0
11:57:31.052  RAW   x-rate-limit-ip: 12:4:60,16:12:60
11:57:31.052  RAW   x-rate-limit-ip-state: 1:4:0,2:12:0
11:57:31.052  RAW   cf-cache-status: DYNAMIC
11:57:31.052  RAW   cf-ray: a1e957832a1fe32e-WAW
11:57:31.052  RESP  GET /api/trade/fetch/e84b1db1a7f39dd809762af23f60cc6ebda72b97f3bb7688ca41c1138f381e88%2C46a6e2a19f43f879eb5b0deb0a83d60184061d09eb8058f837c49e62487987c2%2Cf0af1ebf8e84c02d23e00310c60b68e8be103cb175d1e59ed5e65122fbdd0432%2C26fe4fe88f88cfa29fd443e7995559a6cb2b5d3df5c85821d094744f7f07dd12%2C7de420fe4f4e1f0dc00a2d8d231e053e02308dad64004c4582bab8de0e634750 → 200  15.904s  delay=6.000 min_gap=0.000 last=1784627851.052
11:57:31.052  PRE   POST /api/trade/search/Standard  delay=6.000 min_gap=0.000 last=1784627851.052
11:57:31.052  ENF   delay=6.000 min_gap=0.000 jitter=7.009 gap=13.009 since_last=0.000 sleep=13.009
11:57:44.353  PARSE Account 3:5:60 → 1.667s/req pen=60s; Ip 8:10:60 → 1.250s/req pen=60s; Ip 15:60:120 → 4.000s/req pen=120s; Ip 60:300:1800 → 5.000s/req pen=1800s  delay 6.000→6.000  min_gap→0  max_usage=55%
11:57:44.353  RAW   content-type: application/json
11:57:44.353  RAW   x-rate-limit-policy: trade-search-request-limit
11:57:44.353  RAW   x-rate-limit-rules: Account,Ip
11:57:44.353  RAW   x-rate-limit-account: 3:5:60
11:57:44.353  RAW   x-rate-limit-account-state: 2:5:0
11:57:44.353  RAW   x-rate-limit-ip: 8:10:60,15:60:120,60:300:1800
11:57:44.353  RAW   x-rate-limit-ip-state: 3:10:0,8:60:0,33:300:0
11:57:44.353  RAW   cf-cache-status: DYNAMIC
11:57:44.353  RAW   cf-ray: a1e957d66f5de32e-WAW
11:57:44.353  RESP  POST /api/trade/search/Standard → 200  13.301s  delay=6.000 min_gap=0.000 last=1784627864.353
11:57:44.353  PRE   GET /api/trade/fetch/6020d5f48250a65a7f514d2ab1a51b46ececde07e749a8abfb71b02cc5a4692c%2C5831c3ff142fea52a7404254c92d648d7dde33f5f8c032e686ec3a86e18f8fa1%2Ce14354777ac695197afa24c8b6372467674cd3ebc5f8a73938d23388c79d6dd9%2C25094c569c19611de7f93b60dcbdc78a1358dc5d64aee7f7ef7e05c9f0f8df17%2Cb2c4adbfb7bd213e32195cbdca7fd5b5a5a79ed5f429286ce39b4c7e48c69ad9  delay=6.000 min_gap=0.000 last=1784627864.353
11:57:44.353  ENF   delay=6.000 min_gap=0.000 jitter=6.611 gap=12.611 since_last=0.000 sleep=12.611
11:57:57.277  PARSE Account 6:4:10 → 0.667s/req pen=10s; Ip 12:4:60 → 0.333s/req pen=60s; Ip 16:12:60 → 0.750s/req pen=60s  delay 6.000→6.000  min_gap→0  max_usage=0%
11:57:57.277  RAW   content-type: application/json
11:57:57.277  RAW   x-rate-limit-policy: trade-fetch-request-limit
11:57:57.277  RAW   x-rate-limit-rules: Account,Ip
11:57:57.277  RAW   x-rate-limit-account: 6:4:10
11:57:57.277  RAW   x-rate-limit-account-state: 1:4:0
11:57:57.277  RAW   x-rate-limit-ip: 12:4:60,16:12:60
11:57:57.277  RAW   x-rate-limit-ip-state: 1:4:0,2:12:0
11:57:57.277  RAW   cf-cache-status: DYNAMIC
11:57:57.277  RAW   cf-ray: a1e958270d25e32e-WAW
11:57:57.277  RESP  GET /api/trade/fetch/6020d5f48250a65a7f514d2ab1a51b46ececde07e749a8abfb71b02cc5a4692c%2C5831c3ff142fea52a7404254c92d648d7dde33f5f8c032e686ec3a86e18f8fa1%2Ce14354777ac695197afa24c8b6372467674cd3ebc5f8a73938d23388c79d6dd9%2C25094c569c19611de7f93b60dcbdc78a1358dc5d64aee7f7ef7e05c9f0f8df17%2Cb2c4adbfb7bd213e32195cbdca7fd5b5a5a79ed5f429286ce39b4c7e48c69ad9 → 200  12.924s  delay=6.000 min_gap=0.000 last=1784627877.278
11:57:57.277  PRE   POST /api/trade/search/Standard  delay=6.000 min_gap=0.000 last=1784627877.278
11:57:57.277  ENF   delay=6.000 min_gap=0.000 jitter=6.548 gap=12.548 since_last=0.000 sleep=12.548
11:58:10.112  PARSE Account 3:5:60 → 1.667s/req pen=60s; Ip 8:10:60 → 1.250s/req pen=60s; Ip 15:60:120 → 4.000s/req pen=120s; Ip 60:300:1800 → 5.000s/req pen=1800s  delay 6.000→6.000  min_gap→0  max_usage=47%
11:58:10.112  RAW   content-type: application/json
11:58:10.112  RAW   x-rate-limit-policy: trade-search-request-limit
11:58:10.112  RAW   x-rate-limit-rules: Account,Ip
11:58:10.112  RAW   x-rate-limit-account: 3:5:60
11:58:10.112  RAW   x-rate-limit-account-state: 1:5:0
11:58:10.112  RAW   x-rate-limit-ip: 8:10:60,15:60:120,60:300:1800
11:58:10.112  RAW   x-rate-limit-ip-state: 2:10:0,6:60:0,28:300:0
11:58:10.112  RAW   cf-cache-status: DYNAMIC
11:58:10.112  RAW   cf-ray: a1e958776fffe32e-WAW
11:58:10.112  RESP  POST /api/trade/search/Standard → 200  12.834s  delay=6.000 min_gap=0.000 last=1784627890.112
11:58:10.112  PRE   GET /api/trade/fetch/f0af1ebf8e84c02d23e00310c60b68e8be103cb175d1e59ed5e65122fbdd0432%2Cbeabefb79a00999ba8f64d085c891b81b1fc032cd841a3144266945983af3aab%2C699309d6f52598105767c603f0bdee6d0fa3af73b78d70204c5fb116afe60d1b%2Cdb61b19942705d7cccaa61d96db45772aaa3479349706c2af403027211a2962f%2Cfd38f93dcaf63e66082b396866173cf4f4d4e02dbd29dbb07960fe0574fc1500  delay=6.000 min_gap=0.000 last=1784627890.112
11:58:10.112  ENF   delay=6.000 min_gap=0.000 jitter=7.744 gap=13.744 since_last=0.000 sleep=13.744
11:58:24.122  PARSE Account 6:4:10 → 0.667s/req pen=10s; Ip 12:4:60 → 0.333s/req pen=60s; Ip 16:12:60 → 0.750s/req pen=60s  delay 6.000→6.000  min_gap→0  max_usage=0%
11:58:24.122  RAW   content-type: application/json
11:58:24.122  RAW   x-rate-limit-policy: trade-fetch-request-limit
11:58:24.123  RAW   x-rate-limit-rules: Account,Ip
11:58:24.123  RAW   x-rate-limit-account: 6:4:10
11:58:24.123  RAW   x-rate-limit-account-state: 1:4:0
11:58:24.123  RAW   x-rate-limit-ip: 12:4:60,16:12:60
11:58:24.123  RAW   x-rate-limit-ip-state: 1:4:0,2:12:0
11:58:24.123  RAW   cf-cache-status: DYNAMIC
11:58:24.123  RAW   cf-ray: a1e958cf2bf2e32e-WAW
11:58:24.123  RESP  GET /api/trade/fetch/f0af1ebf8e84c02d23e00310c60b68e8be103cb175d1e59ed5e65122fbdd0432%2Cbeabefb79a00999ba8f64d085c891b81b1fc032cd841a3144266945983af3aab%2C699309d6f52598105767c603f0bdee6d0fa3af73b78d70204c5fb116afe60d1b%2Cdb61b19942705d7cccaa61d96db45772aaa3479349706c2af403027211a2962f%2Cfd38f93dcaf63e66082b396866173cf4f4d4e02dbd29dbb07960fe0574fc1500 → 200  14.010s  delay=6.000 min_gap=0.000 last=1784627904.124
11:58:24.153  PRE   POST /api/trade/search/Standard  delay=6.000 min_gap=0.000 last=1784627904.124
11:58:24.153  ENF   delay=6.000 min_gap=0.000 jitter=6.235 gap=12.235 since_last=0.030 sleep=12.205
11:58:36.634  PARSE Account 3:5:60 → 1.667s/req pen=60s; Ip 8:10:60 → 1.250s/req pen=60s; Ip 15:60:120 → 4.000s/req pen=120s; Ip 60:300:1800 → 5.000s/req pen=1800s  delay 6.000→6.000  min_gap→0  max_usage=53%
11:58:36.634  RAW   content-type: application/json
11:58:36.634  RAW   x-rate-limit-policy: trade-search-request-limit
11:58:36.634  RAW   x-rate-limit-rules: Account,Ip
11:58:36.634  RAW   x-rate-limit-account: 3:5:60
11:58:36.634  RAW   x-rate-limit-account-state: 2:5:0
11:58:36.634  RAW   x-rate-limit-ip: 8:10:60,15:60:120,60:300:1800
11:58:36.634  RAW   x-rate-limit-ip-state: 2:10:0,6:60:0,32:300:0
11:58:36.634  RAW   cf-cache-status: DYNAMIC
11:58:36.634  RAW   cf-ray: a1e9591d4d33e32e-WAW
11:58:36.634  RESP  POST /api/trade/search/Standard → 200  12.481s  delay=6.000 min_gap=0.000 last=1784627916.635
11:58:36.635  PRE   GET /api/trade/fetch/3224efb2a0cb722fa123255a564b01d6d85190384ebbfe06cacfaad9b796c50d%2C83da4c3837dafd2c43ca797c25f0dd613d4682391d337edf80a2113b1203a249%2Cf2bfd0c0bdef743e5fa0778c8f967bafea9673e2096a45573325220e84c3a6f3%2C72461b5540f9498f38ab5b495a8e20c5b0a8dbd22c8384dd0ff7e6120f2082b2%2C69fbafa9c38179909753de1d5c2706380e00b7e766e5a5a6b878537084a96377  delay=6.000 min_gap=0.000 last=1784627916.635
11:58:36.635  ENF   delay=6.000 min_gap=0.000 jitter=7.733 gap=13.733 since_last=0.000 sleep=13.733
11:58:50.673  PARSE Account 6:4:10 → 0.667s/req pen=10s; Ip 12:4:60 → 0.333s/req pen=60s; Ip 16:12:60 → 0.750s/req pen=60s  delay 6.000→6.000  min_gap→0  max_usage=0%
11:58:50.674  RAW   content-type: application/json
11:58:50.674  RAW   x-rate-limit-policy: trade-fetch-request-limit
11:58:50.674  RAW   x-rate-limit-rules: Account,Ip
11:58:50.674  RAW   x-rate-limit-account: 6:4:10
11:58:50.674  RAW   x-rate-limit-account-state: 2:4:0
11:58:50.674  RAW   x-rate-limit-ip: 12:4:60,16:12:60
11:58:50.674  RAW   x-rate-limit-ip-state: 2:4:0,3:12:0
11:58:50.674  RAW   cf-cache-status: DYNAMIC
11:58:50.674  RAW   cf-ray: a1e95974def6e32e-WAW
11:58:50.674  RESP  GET /api/trade/fetch/3224efb2a0cb722fa123255a564b01d6d85190384ebbfe06cacfaad9b796c50d%2C83da4c3837dafd2c43ca797c25f0dd613d4682391d337edf80a2113b1203a249%2Cf2bfd0c0bdef743e5fa0778c8f967bafea9673e2096a45573325220e84c3a6f3%2C72461b5540f9498f38ab5b495a8e20c5b0a8dbd22c8384dd0ff7e6120f2082b2%2C69fbafa9c38179909753de1d5c2706380e00b7e766e5a5a6b878537084a96377 → 200  14.039s  delay=6.000 min_gap=0.000 last=1784627930.674
11:58:50.674  PRE   POST /api/trade/search/Standard  delay=6.000 min_gap=0.000 last=1784627930.674
11:58:50.674  ENF   delay=6.000 min_gap=0.000 jitter=7.998 gap=13.998 since_last=0.000 sleep=13.997
11:59:04.957  PARSE Account 3:5:60 → 1.667s/req pen=60s; Ip 8:10:60 → 1.250s/req pen=60s; Ip 15:60:120 → 4.000s/req pen=120s; Ip 60:300:1800 → 5.000s/req pen=1800s  delay 6.000→6.000  min_gap→0  max_usage=47%
11:59:04.957  RAW   content-type: application/json
11:59:04.957  RAW   x-rate-limit-policy: trade-search-request-limit
11:59:04.957  RAW   x-rate-limit-rules: Account,Ip
11:59:04.957  RAW   x-rate-limit-account: 3:5:60
11:59:04.957  RAW   x-rate-limit-account-state: 2:5:0
11:59:04.957  RAW   x-rate-limit-ip: 8:10:60,15:60:120,60:300:1800
11:59:04.957  RAW   x-rate-limit-ip-state: 3:10:0,6:60:0,28:300:0
11:59:04.957  RAW   cf-cache-status: DYNAMIC
11:59:04.957  RAW   cf-ray: a1e959ce3b16e32e-WAW
11:59:04.957  RESP  POST /api/trade/search/Standard → 200  14.283s  delay=6.000 min_gap=0.000 last=1784627944.958
11:59:04.957  PRE   GET /api/trade/fetch/5831c3ff142fea52a7404254c92d648d7dde33f5f8c032e686ec3a86e18f8fa1%2C6020d5f48250a65a7f514d2ab1a51b46ececde07e749a8abfb71b02cc5a4692c%2Ce14354777ac695197afa24c8b6372467674cd3ebc5f8a73938d23388c79d6dd9%2C25094c569c19611de7f93b60dcbdc78a1358dc5d64aee7f7ef7e05c9f0f8df17%2Cb2c4adbfb7bd213e32195cbdca7fd5b5a5a79ed5f429286ce39b4c7e48c69ad9  delay=6.000 min_gap=0.000 last=1784627944.958
11:59:04.957  ENF   delay=6.000 min_gap=0.000 jitter=8.178 gap=14.178 since_last=0.000 sleep=14.178
11:59:19.444  PARSE Account 6:4:10 → 0.667s/req pen=10s; Ip 12:4:60 → 0.333s/req pen=60s; Ip 16:12:60 → 0.750s/req pen=60s  delay 6.000→6.000  min_gap→0  max_usage=0%
11:59:19.445  RAW   content-type: application/json
11:59:19.445  RAW   x-rate-limit-policy: trade-fetch-request-limit
11:59:19.445  RAW   x-rate-limit-rules: Account,Ip
11:59:19.445  RAW   x-rate-limit-account: 6:4:10
11:59:19.445  RAW   x-rate-limit-account-state: 1:4:0
11:59:19.445  RAW   x-rate-limit-ip: 12:4:60,16:12:60
11:59:19.445  RAW   x-rate-limit-ip-state: 1:4:0,3:12:0
11:59:19.445  RAW   cf-cache-status: DYNAMIC
11:59:19.445  RAW   cf-ray: a1e95a289e27e32e-WAW
11:59:19.445  RESP  GET /api/trade/fetch/5831c3ff142fea52a7404254c92d648d7dde33f5f8c032e686ec3a86e18f8fa1%2C6020d5f48250a65a7f514d2ab1a51b46ececde07e749a8abfb71b02cc5a4692c%2Ce14354777ac695197afa24c8b6372467674cd3ebc5f8a73938d23388c79d6dd9%2C25094c569c19611de7f93b60dcbdc78a1358dc5d64aee7f7ef7e05c9f0f8df17%2Cb2c4adbfb7bd213e32195cbdca7fd5b5a5a79ed5f429286ce39b4c7e48c69ad9 → 200  14.487s  delay=6.000 min_gap=0.000 last=1784627959.445
11:59:19.445  PRE   POST /api/trade/search/Standard  delay=6.000 min_gap=0.000 last=1784627959.445
11:59:19.445  ENF   delay=6.000 min_gap=0.000 jitter=8.301 gap=14.301 since_last=0.000 sleep=14.301
11:59:34.019  PARSE Account 3:5:60 → 1.667s/req pen=60s; Ip 8:10:60 → 1.250s/req pen=60s; Ip 15:60:120 → 4.000s/req pen=120s; Ip 60:300:1800 → 5.000s/req pen=1800s  delay 6.000→6.000  min_gap→0  max_usage=52%
11:59:34.019  RAW   content-type: application/json
11:59:34.019  RAW   x-rate-limit-policy: trade-search-request-limit
11:59:34.019  RAW   x-rate-limit-rules: Account,Ip
11:59:34.019  RAW   x-rate-limit-account: 3:5:60
11:59:34.019  RAW   x-rate-limit-account-state: 1:5:0
11:59:34.019  RAW   x-rate-limit-ip: 8:10:60,15:60:120,60:300:1800
11:59:34.019  RAW   x-rate-limit-ip-state: 1:10:0,6:60:0,31:300:0
11:59:34.019  RAW   cf-cache-status: DYNAMIC
11:59:34.019  RAW   cf-ray: a1e95a83fa64e32e-WAW
11:59:34.019  RESP  POST /api/trade/search/Standard → 200  14.574s  delay=6.000 min_gap=0.000 last=1784627974.019
11:59:34.046  PRE   POST /api/trade/search/Standard  delay=6.000 min_gap=0.000 last=1784627974.019
11:59:34.046  ENF   delay=6.000 min_gap=0.000 jitter=5.840 gap=11.840 since_last=0.027 sleep=11.813
11:59:46.134  PARSE Account 3:5:60 → 1.667s/req pen=60s; Ip 8:10:60 → 1.250s/req pen=60s; Ip 15:60:120 → 4.000s/req pen=120s; Ip 60:300:1800 → 5.000s/req pen=1800s  delay 6.000→6.000  min_gap→0  max_usage=55%
11:59:46.134  RAW   content-type: application/json
11:59:46.134  RAW   x-rate-limit-policy: trade-search-request-limit
11:59:46.134  RAW   x-rate-limit-rules: Account,Ip
11:59:46.134  RAW   x-rate-limit-account: 3:5:60
11:59:46.134  RAW   x-rate-limit-account-state: 1:5:0
11:59:46.134  RAW   x-rate-limit-ip: 8:10:60,15:60:120,60:300:1800
11:59:46.134  RAW   x-rate-limit-ip-state: 1:10:0,7:60:0,33:300:0
11:59:46.134  RAW   cf-cache-status: DYNAMIC
11:59:46.134  RAW   cf-ray: a1e95acfa9c4e32e-WAW
11:59:46.134  RESP  POST /api/trade/search/Standard → 200  12.088s  delay=6.000 min_gap=0.000 last=1784627986.134
11:59:46.134  PRE   GET /api/trade/fetch/c19b5dd0ce246006dea3d2051c5a56bc440f5933db99ccc626a6221f267431f9%2Ce7767e7e742f96167a2b1d1163c89de2e1a926710717c51245df31729f5bb3f8%2Ce3f5e5418a4e4dfeafc0757224d563e0d5dddc86e1956a0d35031ef687eb161d%2C1f32d8e3bbf89df7779c2381c78b8b29a0260312a7219e9aa20c4b412f4f7e83%2C406fd772cfda43810d07cac661b056018d66b12bc8cefb81958eb71a8917c023  delay=6.000 min_gap=0.000 last=1784627986.134
11:59:46.134  ENF   delay=6.000 min_gap=0.000 jitter=8.710 gap=14.710 since_last=0.000 sleep=14.710
12:00:01.170  PARSE Account 6:4:10 → 0.667s/req pen=10s; Ip 12:4:60 → 0.333s/req pen=60s; Ip 16:12:60 → 0.750s/req pen=60s  delay 6.000→6.000  min_gap→0  max_usage=0%
12:00:01.170  RAW   content-type: application/json
12:00:01.170  RAW   x-rate-limit-policy: trade-fetch-request-limit
12:00:01.170  RAW   x-rate-limit-rules: Account,Ip
12:00:01.170  RAW   x-rate-limit-account: 6:4:10
12:00:01.170  RAW   x-rate-limit-account-state: 1:4:0
12:00:01.170  RAW   x-rate-limit-ip: 12:4:60,16:12:60
12:00:01.170  RAW   x-rate-limit-ip-state: 1:4:0,2:12:0
12:00:01.170  RAW   cf-cache-status: DYNAMIC
12:00:01.171  RAW   cf-ray: a1e95b2d4d4ce32e-WAW
12:00:01.171  RESP  GET /api/trade/fetch/c19b5dd0ce246006dea3d2051c5a56bc440f5933db99ccc626a6221f267431f9%2Ce7767e7e742f96167a2b1d1163c89de2e1a926710717c51245df31729f5bb3f8%2Ce3f5e5418a4e4dfeafc0757224d563e0d5dddc86e1956a0d35031ef687eb161d%2C1f32d8e3bbf89df7779c2381c78b8b29a0260312a7219e9aa20c4b412f4f7e83%2C406fd772cfda43810d07cac661b056018d66b12bc8cefb81958eb71a8917c023 → 200  15.036s  delay=6.000 min_gap=0.000 last=1784628001.171
12:00:01.171  PRE   POST /api/trade/search/Standard  delay=6.000 min_gap=0.000 last=1784628001.171
12:00:01.171  ENF   delay=6.000 min_gap=0.000 jitter=5.258 gap=11.258 since_last=0.000 sleep=11.258
12:00:12.704  PARSE Account 3:5:60 → 1.667s/req pen=60s; Ip 8:10:60 → 1.250s/req pen=60s; Ip 15:60:120 → 4.000s/req pen=120s; Ip 60:300:1800 → 5.000s/req pen=1800s  delay 6.000→6.000  min_gap→0  max_usage=53%
12:00:12.704  RAW   content-type: application/json
12:00:12.704  RAW   x-rate-limit-policy: trade-search-request-limit
12:00:12.704  RAW   x-rate-limit-rules: Account,Ip
12:00:12.704  RAW   x-rate-limit-account: 3:5:60
12:00:12.704  RAW   x-rate-limit-account-state: 1:5:0
12:00:12.704  RAW   x-rate-limit-ip: 8:10:60,15:60:120,60:300:1800
12:00:12.704  RAW   x-rate-limit-ip-state: 1:10:0,8:60:0,30:300:0
12:00:12.704  RAW   cf-cache-status: DYNAMIC
12:00:12.704  RAW   cf-ray: a1e95b75bc68e32e-WAW
12:00:12.704  RESP  POST /api/trade/search/Standard → 200  11.533s  delay=6.000 min_gap=0.000 last=1784628012.705
12:00:12.705  PRE   GET /api/trade/fetch/6020d5f48250a65a7f514d2ab1a51b46ececde07e749a8abfb71b02cc5a4692c%2C5831c3ff142fea52a7404254c92d648d7dde33f5f8c032e686ec3a86e18f8fa1%2Ce14354777ac695197afa24c8b6372467674cd3ebc5f8a73938d23388c79d6dd9%2C25094c569c19611de7f93b60dcbdc78a1358dc5d64aee7f7ef7e05c9f0f8df17%2Cb2c4adbfb7bd213e32195cbdca7fd5b5a5a79ed5f429286ce39b4c7e48c69ad9  delay=6.000 min_gap=0.000 last=1784628012.705
12:00:12.705  ENF   delay=6.000 min_gap=0.000 jitter=6.476 gap=12.476 since_last=0.000 sleep=12.476
12:00:25.495  PARSE Account 6:4:10 → 0.667s/req pen=10s; Ip 12:4:60 → 0.333s/req pen=60s; Ip 16:12:60 → 0.750s/req pen=60s  delay 6.000→6.000  min_gap→0  max_usage=0%
12:00:25.495  RAW   content-type: application/json
12:00:25.495  RAW   x-rate-limit-policy: trade-fetch-request-limit
12:00:25.495  RAW   x-rate-limit-rules: Account,Ip
12:00:25.495  RAW   x-rate-limit-account: 6:4:10
12:00:25.495  RAW   x-rate-limit-account-state: 1:4:0
12:00:25.495  RAW   x-rate-limit-ip: 12:4:60,16:12:60
12:00:25.495  RAW   x-rate-limit-ip-state: 1:4:0,2:12:0
12:00:25.495  RAW   cf-cache-status: DYNAMIC
12:00:25.495  RAW   cf-ray: a1e95bc56ccbe32e-WAW
12:00:25.495  RESP  GET /api/trade/fetch/6020d5f48250a65a7f514d2ab1a51b46ececde07e749a8abfb71b02cc5a4692c%2C5831c3ff142fea52a7404254c92d648d7dde33f5f8c032e686ec3a86e18f8fa1%2Ce14354777ac695197afa24c8b6372467674cd3ebc5f8a73938d23388c79d6dd9%2C25094c569c19611de7f93b60dcbdc78a1358dc5d64aee7f7ef7e05c9f0f8df17%2Cb2c4adbfb7bd213e32195cbdca7fd5b5a5a79ed5f429286ce39b4c7e48c69ad9 → 200  12.790s  delay=6.000 min_gap=0.000 last=1784628025.495
12:00:25.495  PRE   POST /api/trade/search/Standard  delay=6.000 min_gap=0.000 last=1784628025.495
12:00:25.495  ENF   delay=6.000 min_gap=0.000 jitter=8.005 gap=14.005 since_last=0.000 sleep=14.005
12:00:39.784  PARSE Account 3:5:60 → 1.667s/req pen=60s; Ip 8:10:60 → 1.250s/req pen=60s; Ip 15:60:120 → 4.000s/req pen=120s; Ip 60:300:1800 → 5.000s/req pen=1800s  delay 6.000→6.000  min_gap→0  max_usage=57%
12:00:39.784  RAW   content-type: application/json
12:00:39.784  RAW   x-rate-limit-policy: trade-search-request-limit
12:00:39.784  RAW   x-rate-limit-rules: Account,Ip
12:00:39.784  RAW   x-rate-limit-account: 3:5:60
12:00:39.784  RAW   x-rate-limit-account-state: 1:5:0
12:00:39.784  RAW   x-rate-limit-ip: 8:10:60,15:60:120,60:300:1800
12:00:39.784  RAW   x-rate-limit-ip-state: 2:10:0,8:60:0,34:300:0
12:00:39.784  RAW   cf-cache-status: DYNAMIC
12:00:39.784  RAW   cf-ray: a1e95c1eee38e32e-WAW
12:00:39.784  RESP  POST /api/trade/search/Standard → 200  14.289s  delay=6.000 min_gap=0.000 last=1784628039.785
12:00:39.784  PRE   GET /api/trade/fetch/ef5dd98cb07e4a0badbd14d97bbe6d6f9889381e0886038145c3e9133f6f68f9%2C91a59d7499c6378bb3d31eda1998b6972dc695367bf23a8e40d0cb585a9a4c4b%2C895509329dbab9ab9333e81cb63c2cccb4194f9fc0c0badf84a4f9795089f86e%2Cae4c306191b966feaea123eb4c4c9aba5d411b613f9ca0069b56e6ca08dcd9ec%2Cd1c5bb00cd188ea0a1bd900fbb5229c4cc6a75c705e7accb543066369be17ff0  delay=6.000 min_gap=0.000 last=1784628039.785
12:00:39.784  ENF   delay=6.000 min_gap=0.000 jitter=9.933 gap=15.933 since_last=0.000 sleep=15.933
12:00:56.028  PARSE Account 6:4:10 → 0.667s/req pen=10s; Ip 12:4:60 → 0.333s/req pen=60s; Ip 16:12:60 → 0.750s/req pen=60s  delay 6.000→6.000  min_gap→0  max_usage=0%
12:00:56.028  RAW   content-type: application/json
12:00:56.028  RAW   x-rate-limit-policy: trade-fetch-request-limit
12:00:56.028  RAW   x-rate-limit-rules: Account,Ip
12:00:56.028  RAW   x-rate-limit-account: 6:4:10
12:00:56.028  RAW   x-rate-limit-account-state: 1:4:0
12:00:56.028  RAW   x-rate-limit-ip: 12:4:60,16:12:60
12:00:56.028  RAW   x-rate-limit-ip-state: 1:4:0,2:12:0
12:00:56.028  RAW   cf-cache-status: DYNAMIC
12:00:56.028  RAW   cf-ray: a1e95c844f99e32e-WAW
12:00:56.028  RESP  GET /api/trade/fetch/ef5dd98cb07e4a0badbd14d97bbe6d6f9889381e0886038145c3e9133f6f68f9%2C91a59d7499c6378bb3d31eda1998b6972dc695367bf23a8e40d0cb585a9a4c4b%2C895509329dbab9ab9333e81cb63c2cccb4194f9fc0c0badf84a4f9795089f86e%2Cae4c306191b966feaea123eb4c4c9aba5d411b613f9ca0069b56e6ca08dcd9ec%2Cd1c5bb00cd188ea0a1bd900fbb5229c4cc6a75c705e7accb543066369be17ff0 → 200  16.243s  delay=6.000 min_gap=0.000 last=1784628056.028
12:00:56.055  PRE   POST /api/trade/search/Standard  delay=6.000 min_gap=0.000 last=1784628056.028
12:00:56.055  ENF   delay=6.000 min_gap=0.000 jitter=7.058 gap=13.058 since_last=0.027 sleep=13.031
12:01:09.380  PARSE Account 3:5:60 → 1.667s/req pen=60s; Ip 8:10:60 → 1.250s/req pen=60s; Ip 15:60:120 → 4.000s/req pen=120s; Ip 60:300:1800 → 5.000s/req pen=1800s  delay 6.000→6.000  min_gap→0  max_usage=52%
12:01:09.380  RAW   content-type: application/json
12:01:09.380  RAW   x-rate-limit-policy: trade-search-request-limit
12:01:09.380  RAW   x-rate-limit-rules: Account,Ip
12:01:09.380  RAW   x-rate-limit-account: 3:5:60
12:01:09.380  RAW   x-rate-limit-account-state: 1:5:0
12:01:09.380  RAW   x-rate-limit-ip: 8:10:60,15:60:120,60:300:1800
12:01:09.380  RAW   x-rate-limit-ip-state: 1:10:0,7:60:0,31:300:0
12:01:09.380  RAW   cf-cache-status: DYNAMIC
12:01:09.380  RAW   cf-ray: a1e95cd7df7ae32e-WAW
12:01:09.380  RESP  POST /api/trade/search/Standard → 200  13.326s  delay=6.000 min_gap=0.000 last=1784628069.381
12:01:09.380  PRE   GET /api/trade/fetch/c19b5dd0ce246006dea3d2051c5a56bc440f5933db99ccc626a6221f267431f9%2Ce3f5e5418a4e4dfeafc0757224d563e0d5dddc86e1956a0d35031ef687eb161d%2Ce7767e7e742f96167a2b1d1163c89de2e1a926710717c51245df31729f5bb3f8%2C1f361ae570d67f26764f634646a3284861be5888b6a2963d99b6b60912e30be6%2C92e965e69c02947b0ce14aef408324af1b3e9d00c01e02bdaf85148f7fbc8ebe  delay=6.000 min_gap=0.000 last=1784628069.381
12:01:09.380  ENF   delay=6.000 min_gap=0.000 jitter=5.486 gap=11.486 since_last=0.000 sleep=11.486
12:01:21.136  PARSE Account 6:4:10 → 0.667s/req pen=10s; Ip 12:4:60 → 0.333s/req pen=60s; Ip 16:12:60 → 0.750s/req pen=60s  delay 6.000→6.000  min_gap→0  max_usage=0%
12:01:21.136  RAW   content-type: application/json
12:01:21.136  RAW   x-rate-limit-policy: trade-fetch-request-limit
12:01:21.136  RAW   x-rate-limit-rules: Account,Ip
12:01:21.136  RAW   x-rate-limit-account: 6:4:10
12:01:21.136  RAW   x-rate-limit-account-state: 1:4:0
12:01:21.136  RAW   x-rate-limit-ip: 12:4:60,16:12:60
12:01:21.136  RAW   x-rate-limit-ip-state: 1:4:0,3:12:0
12:01:21.136  RAW   cf-cache-status: DYNAMIC
12:01:21.136  RAW   cf-ray: a1e95d217a5ee32e-WAW
12:01:21.136  RESP  GET /api/trade/fetch/c19b5dd0ce246006dea3d2051c5a56bc440f5933db99ccc626a6221f267431f9%2Ce3f5e5418a4e4dfeafc0757224d563e0d5dddc86e1956a0d35031ef687eb161d%2Ce7767e7e742f96167a2b1d1163c89de2e1a926710717c51245df31729f5bb3f8%2C1f361ae570d67f26764f634646a3284861be5888b6a2963d99b6b60912e30be6%2C92e965e69c02947b0ce14aef408324af1b3e9d00c01e02bdaf85148f7fbc8ebe → 200  11.755s  delay=6.000 min_gap=0.000 last=1784628081.137
12:01:21.136  PRE   POST /api/trade/search/Standard  delay=6.000 min_gap=0.000 last=1784628081.137
12:01:21.136  ENF   delay=6.000 min_gap=0.000 jitter=6.589 gap=12.589 since_last=0.000 sleep=12.588
12:01:34.008  PARSE Account 3:5:60 → 1.667s/req pen=60s; Ip 8:10:60 → 1.250s/req pen=60s; Ip 15:60:120 → 4.000s/req pen=120s; Ip 60:300:1800 → 5.000s/req pen=1800s  delay 6.000→6.000  min_gap→0  max_usage=57%
12:01:34.008  RAW   content-type: application/json
12:01:34.008  RAW   x-rate-limit-policy: trade-search-request-limit
12:01:34.008  RAW   x-rate-limit-rules: Account,Ip
12:01:34.008  RAW   x-rate-limit-account: 3:5:60
12:01:34.008  RAW   x-rate-limit-account-state: 1:5:0
12:01:34.008  RAW   x-rate-limit-ip: 8:10:60,15:60:120,60:300:1800
12:01:34.008  RAW   x-rate-limit-ip-state: 2:10:0,6:60:0,34:300:0
12:01:34.008  RAW   cf-cache-status: DYNAMIC
12:01:34.008  RAW   cf-ray: a1e95d71c95ee32e-WAW
12:01:34.008  RESP  POST /api/trade/search/Standard → 200  12.872s  delay=6.000 min_gap=0.000 last=1784628094.009
12:01:34.008  PRE   GET /api/trade/fetch/5831c3ff142fea52a7404254c92d648d7dde33f5f8c032e686ec3a86e18f8fa1%2C6020d5f48250a65a7f514d2ab1a51b46ececde07e749a8abfb71b02cc5a4692c%2Ce14354777ac695197afa24c8b6372467674cd3ebc5f8a73938d23388c79d6dd9%2C25094c569c19611de7f93b60dcbdc78a1358dc5d64aee7f7ef7e05c9f0f8df17%2Cb2c4adbfb7bd213e32195cbdca7fd5b5a5a79ed5f429286ce39b4c7e48c69ad9  delay=6.000 min_gap=0.000 last=1784628094.009
12:01:34.008  ENF   delay=6.000 min_gap=0.000 jitter=6.823 gap=12.823 since_last=0.000 sleep=12.823
12:01:47.150  PARSE Account 6:4:10 → 0.667s/req pen=10s; Ip 12:4:60 → 0.333s/req pen=60s; Ip 16:12:60 → 0.750s/req pen=60s  delay 6.000→6.000  min_gap→0  max_usage=0%
12:01:47.150  RAW   content-type: application/json
12:01:47.150  RAW   x-rate-limit-policy: trade-fetch-request-limit
12:01:47.150  RAW   x-rate-limit-rules: Account,Ip
12:01:47.150  RAW   x-rate-limit-account: 6:4:10
12:01:47.150  RAW   x-rate-limit-account-state: 1:4:0
12:01:47.150  RAW   x-rate-limit-ip: 12:4:60,16:12:60
12:01:47.150  RAW   x-rate-limit-ip-state: 1:4:0,3:12:0
12:01:47.150  RAW   cf-cache-status: DYNAMIC
12:01:47.150  RAW   cf-ray: a1e95dc3be40e32e-WAW
12:01:47.150  RESP  GET /api/trade/fetch/5831c3ff142fea52a7404254c92d648d7dde33f5f8c032e686ec3a86e18f8fa1%2C6020d5f48250a65a7f514d2ab1a51b46ececde07e749a8abfb71b02cc5a4692c%2Ce14354777ac695197afa24c8b6372467674cd3ebc5f8a73938d23388c79d6dd9%2C25094c569c19611de7f93b60dcbdc78a1358dc5d64aee7f7ef7e05c9f0f8df17%2Cb2c4adbfb7bd213e32195cbdca7fd5b5a5a79ed5f429286ce39b4c7e48c69ad9 → 200  13.142s  delay=6.000 min_gap=0.000 last=1784628107.151
12:01:47.150  PRE   POST /api/trade/search/Standard  delay=6.000 min_gap=0.000 last=1784628107.151
12:01:47.151  ENF   delay=6.000 min_gap=0.000 jitter=8.427 gap=14.427 since_last=0.000 sleep=14.427
12:02:01.861  PARSE Account 3:5:60 → 1.667s/req pen=60s; Ip 8:10:60 → 1.250s/req pen=60s; Ip 15:60:120 → 4.000s/req pen=120s; Ip 60:300:1800 → 5.000s/req pen=1800s  delay 6.000→6.000  min_gap→0  max_usage=50%
12:02:01.861  RAW   content-type: application/json
12:02:01.861  RAW   x-rate-limit-policy: trade-search-request-limit
12:02:01.861  RAW   x-rate-limit-rules: Account,Ip
12:02:01.861  RAW   x-rate-limit-account: 3:5:60
12:02:01.861  RAW   x-rate-limit-account-state: 1:5:0
12:02:01.861  RAW   x-rate-limit-ip: 8:10:60,15:60:120,60:300:1800
12:02:01.861  RAW   x-rate-limit-ip-state: 1:10:0,6:60:0,30:300:0
12:02:01.861  RAW   cf-cache-status: DYNAMIC
12:02:01.861  RAW   cf-ray: a1e95e1feae9e32e-WAW
12:02:01.861  RESP  POST /api/trade/search/Standard → 200  14.710s  delay=6.000 min_gap=0.000 last=1784628121.862
12:02:01.861  PRE   GET /api/trade/fetch/00360a86573def8b240403dfa89e5b6b5d3ee9e65d8ad7427720884f923e4262%2C92e965e69c02947b0ce14aef408324af1b3e9d00c01e02bdaf85148f7fbc8ebe%2Cc776ff91faa5d9a4b576641915cc840d52fc665b918111abb59e4f18da70ce5c%2C17263fb4dd44aa34a299844cabb19e0881c16870b8d0f0d30febf502d609fd65%2C3fa69bd9c2b7b3222695c176104c963a6e4b709d18692850dd8d0ff4b07a6300  delay=6.000 min_gap=0.000 last=1784628121.862
12:02:01.861  ENF   delay=6.000 min_gap=0.000 jitter=6.654 gap=12.654 since_last=0.000 sleep=12.654
12:02:14.819  PARSE Account 6:4:10 → 0.667s/req pen=10s; Ip 12:4:60 → 0.333s/req pen=60s; Ip 16:12:60 → 0.750s/req pen=60s  delay 6.000→6.000  min_gap→0  max_usage=0%
12:02:14.819  RAW   content-type: application/json
12:02:14.819  RAW   x-rate-limit-policy: trade-fetch-request-limit
12:02:14.819  RAW   x-rate-limit-rules: Account,Ip
12:02:14.819  RAW   x-rate-limit-account: 6:4:10
12:02:14.819  RAW   x-rate-limit-account-state: 1:4:0
12:02:14.819  RAW   x-rate-limit-ip: 12:4:60,16:12:60
12:02:14.819  RAW   x-rate-limit-ip-state: 1:4:0,3:12:0
12:02:14.819  RAW   cf-cache-status: DYNAMIC
12:02:14.819  RAW   cf-ray: a1e95e70bcd2e32e-WAW
12:02:14.819  RESP  GET /api/trade/fetch/00360a86573def8b240403dfa89e5b6b5d3ee9e65d8ad7427720884f923e4262%2C92e965e69c02947b0ce14aef408324af1b3e9d00c01e02bdaf85148f7fbc8ebe%2Cc776ff91faa5d9a4b576641915cc840d52fc665b918111abb59e4f18da70ce5c%2C17263fb4dd44aa34a299844cabb19e0881c16870b8d0f0d30febf502d609fd65%2C3fa69bd9c2b7b3222695c176104c963a6e4b709d18692850dd8d0ff4b07a6300 → 200  12.958s  delay=6.000 min_gap=0.000 last=1784628134.820
12:02:14.841  PRE   POST /api/trade/search/Standard  delay=6.000 min_gap=0.000 last=1784628134.820
12:02:14.841  ENF   delay=6.000 min_gap=0.000 jitter=8.576 gap=14.576 since_last=0.022 sleep=14.554
12:02:29.672  PARSE Account 3:5:60 → 1.667s/req pen=60s; Ip 8:10:60 → 1.250s/req pen=60s; Ip 15:60:120 → 4.000s/req pen=120s; Ip 60:300:1800 → 5.000s/req pen=1800s  delay 6.000→6.000  min_gap→0  max_usage=55%
12:02:29.672  RAW   content-type: application/json
12:02:29.672  RAW   x-rate-limit-policy: trade-search-request-limit
12:02:29.672  RAW   x-rate-limit-rules: Account,Ip
12:02:29.672  RAW   x-rate-limit-account: 3:5:60
12:02:29.672  RAW   x-rate-limit-account-state: 1:5:0
12:02:29.672  RAW   x-rate-limit-ip: 8:10:60,15:60:120,60:300:1800
12:02:29.672  RAW   x-rate-limit-ip-state: 1:10:0,7:60:0,33:300:0
12:02:29.672  RAW   cf-cache-status: DYNAMIC
12:02:29.672  RAW   cf-ray: a1e95ecdbc02e32e-WAW
12:02:29.672  RESP  POST /api/trade/search/Standard → 200  14.831s  delay=6.000 min_gap=0.000 last=1784628149.672
12:02:29.672  PRE   GET /api/trade/fetch/2a37e677e30640f4318dfa0a3438f0f2eb6ad8c57f06c99be1677265030e2a1c%2C0f603681e4e4e8895a1c1db1376c49116b7bf704c55098f93be862ad2a7f2c2f%2C2a4c0f00f8056edc2fecd642188bbd86ec4cbd676af598e014929db1e7aa657d%2Cf5ed5b718670f2060bc83915ef0513c0e4e22eff7d5004f85732cc299b739d71%2Cf33c012b0254a0b15985f69a86c40c45b8754f3be821c09af32ba3fb075f8cab  delay=6.000 min_gap=0.000 last=1784628149.672
12:02:29.672  ENF   delay=6.000 min_gap=0.000 jitter=9.399 gap=15.399 since_last=0.000 sleep=15.399
12:02:45.352  PARSE Account 6:4:10 → 0.667s/req pen=10s; Ip 12:4:60 → 0.333s/req pen=60s; Ip 16:12:60 → 0.750s/req pen=60s  delay 6.000→6.000  min_gap→0  max_usage=0%
12:02:45.352  RAW   content-type: application/json
12:02:45.352  RAW   x-rate-limit-policy: trade-fetch-request-limit
12:02:45.352  RAW   x-rate-limit-rules: Account,Ip
12:02:45.352  RAW   x-rate-limit-account: 6:4:10
12:02:45.352  RAW   x-rate-limit-account-state: 1:4:0
12:02:45.352  RAW   x-rate-limit-ip: 12:4:60,16:12:60
12:02:45.352  RAW   x-rate-limit-ip-state: 1:4:0,2:12:0
12:02:45.352  RAW   cf-cache-status: DYNAMIC
12:02:45.352  RAW   cf-ray: a1e95f2fbd2ee32e-WAW
12:02:45.352  RESP  GET /api/trade/fetch/2a37e677e30640f4318dfa0a3438f0f2eb6ad8c57f06c99be1677265030e2a1c%2C0f603681e4e4e8895a1c1db1376c49116b7bf704c55098f93be862ad2a7f2c2f%2C2a4c0f00f8056edc2fecd642188bbd86ec4cbd676af598e014929db1e7aa657d%2Cf5ed5b718670f2060bc83915ef0513c0e4e22eff7d5004f85732cc299b739d71%2Cf33c012b0254a0b15985f69a86c40c45b8754f3be821c09af32ba3fb075f8cab → 200  15.680s  delay=6.000 min_gap=0.000 last=1784628165.353
12:02:45.352  PRE   POST /api/trade/search/Standard  delay=6.000 min_gap=0.000 last=1784628165.353
12:02:45.352  ENF   delay=6.000 min_gap=0.000 jitter=9.519 gap=15.519 since_last=0.000 sleep=15.519
12:03:01.165  PARSE Account 3:5:60 → 1.667s/req pen=60s; Ip 8:10:60 → 1.250s/req pen=60s; Ip 15:60:120 → 4.000s/req pen=120s; Ip 60:300:1800 → 5.000s/req pen=1800s  delay 6.000→6.000  min_gap→0  max_usage=48%
12:03:01.165  RAW   content-type: application/json
12:03:01.165  RAW   x-rate-limit-policy: trade-search-request-limit
12:03:01.165  RAW   x-rate-limit-rules: Account,Ip
12:03:01.165  RAW   x-rate-limit-account: 3:5:60
12:03:01.165  RAW   x-rate-limit-account-state: 1:5:0
12:03:01.165  RAW   x-rate-limit-ip: 8:10:60,15:60:120,60:300:1800
12:03:01.165  RAW   x-rate-limit-ip-state: 1:10:0,6:60:0,29:300:0
12:03:01.165  RAW   cf-cache-status: DYNAMIC
12:03:01.165  RAW   cf-ray: a1e95f927fede32e-WAW
12:03:01.165  RESP  POST /api/trade/search/Standard → 200  15.813s  delay=6.000 min_gap=0.000 last=1784628181.166
12:03:01.165  PRE   GET /api/trade/fetch/5831c3ff142fea52a7404254c92d648d7dde33f5f8c032e686ec3a86e18f8fa1%2C6020d5f48250a65a7f514d2ab1a51b46ececde07e749a8abfb71b02cc5a4692c%2Ce14354777ac695197afa24c8b6372467674cd3ebc5f8a73938d23388c79d6dd9%2C25094c569c19611de7f93b60dcbdc78a1358dc5d64aee7f7ef7e05c9f0f8df17%2Cb2c4adbfb7bd213e32195cbdca7fd5b5a5a79ed5f429286ce39b4c7e48c69ad9  delay=6.000 min_gap=0.000 last=1784628181.166
12:03:01.165  ENF   delay=6.000 min_gap=0.000 jitter=6.372 gap=12.372 since_last=0.000 sleep=12.372
12:03:13.849  PARSE Account 6:4:10 → 0.667s/req pen=10s; Ip 12:4:60 → 0.333s/req pen=60s; Ip 16:12:60 → 0.750s/req pen=60s  delay 6.000→6.000  min_gap→0  max_usage=0%
12:03:13.849  RAW   content-type: application/json
12:03:13.849  RAW   x-rate-limit-policy: trade-fetch-request-limit
12:03:13.849  RAW   x-rate-limit-rules: Account,Ip
12:03:13.849  RAW   x-rate-limit-account: 6:4:10
12:03:13.849  RAW   x-rate-limit-account-state: 1:4:0
12:03:13.849  RAW   x-rate-limit-ip: 12:4:60,16:12:60
12:03:13.849  RAW   x-rate-limit-ip-state: 1:4:0,1:12:0
12:03:13.849  RAW   cf-cache-status: DYNAMIC
12:03:13.849  RAW   cf-ray: a1e95fe1add0e32e-WAW
12:03:13.849  RESP  GET /api/trade/fetch/5831c3ff142fea52a7404254c92d648d7dde33f5f8c032e686ec3a86e18f8fa1%2C6020d5f48250a65a7f514d2ab1a51b46ececde07e749a8abfb71b02cc5a4692c%2Ce14354777ac695197afa24c8b6372467674cd3ebc5f8a73938d23388c79d6dd9%2C25094c569c19611de7f93b60dcbdc78a1358dc5d64aee7f7ef7e05c9f0f8df17%2Cb2c4adbfb7bd213e32195cbdca7fd5b5a5a79ed5f429286ce39b4c7e48c69ad9 → 200  12.684s  delay=6.000 min_gap=0.000 last=1784628193.850
12:03:13.850  PRE   POST /api/trade/search/Standard  delay=6.000 min_gap=0.000 last=1784628193.850
12:03:13.850  ENF   delay=6.000 min_gap=0.000 jitter=5.975 gap=11.975 since_last=0.000 sleep=11.974
12:03:26.117  PARSE Account 3:5:60 → 1.667s/req pen=60s; Ip 8:10:60 → 1.250s/req pen=60s; Ip 15:60:120 → 4.000s/req pen=120s; Ip 60:300:1800 → 5.000s/req pen=1800s  delay 6.000→6.000  min_gap→0  max_usage=53%
12:03:26.117  RAW   content-type: application/json
12:03:26.117  RAW   x-rate-limit-policy: trade-search-request-limit
12:03:26.117  RAW   x-rate-limit-rules: Account,Ip
12:03:26.117  RAW   x-rate-limit-account: 3:5:60
12:03:26.117  RAW   x-rate-limit-account-state: 1:5:0
12:03:26.117  RAW   x-rate-limit-ip: 8:10:60,15:60:120,60:300:1800
12:03:26.117  RAW   x-rate-limit-ip-state: 1:10:0,6:60:0,32:300:0
12:03:26.117  RAW   cf-cache-status: DYNAMIC
12:03:26.117  RAW   cf-ray: a1e9602e6fcce32e-WAW
12:03:26.117  RESP  POST /api/trade/search/Standard → 200  12.267s  delay=6.000 min_gap=0.000 last=1784628206.118
12:03:26.117  PRE   GET /api/trade/fetch/0f603681e4e4e8895a1c1db1376c49116b7bf704c55098f93be862ad2a7f2c2f%2Ca8977ce310853e808a40f8272ac7e88114f3f8dbf37fa51e9f4de7d0182d53e9%2C9e3e52391237be11477bfdef3351e23d39eb3699408f3536ec477c239f581371%2Cf33c012b0254a0b15985f69a86c40c45b8754f3be821c09af32ba3fb075f8cab%2Cac15b7abf6ef058fa2b975824c2c9d821c99c839ed4aa21f7cd4a7af12bda682  delay=6.000 min_gap=0.000 last=1784628206.118
12:03:26.117  ENF   delay=6.000 min_gap=0.000 jitter=9.722 gap=15.722 since_last=0.000 sleep=15.722
12:03:42.106  PARSE Account 6:4:10 → 0.667s/req pen=10s; Ip 12:4:60 → 0.333s/req pen=60s; Ip 16:12:60 → 0.750s/req pen=60s  delay 6.000→6.000  min_gap→0  max_usage=0%
12:03:42.106  RAW   content-type: application/json
12:03:42.106  RAW   x-rate-limit-policy: trade-fetch-request-limit
12:03:42.106  RAW   x-rate-limit-rules: Account,Ip
12:03:42.106  RAW   x-rate-limit-account: 6:4:10
12:03:42.106  RAW   x-rate-limit-account-state: 1:4:0
12:03:42.106  RAW   x-rate-limit-ip: 12:4:60,16:12:60
12:03:42.106  RAW   x-rate-limit-ip-state: 1:4:0,2:12:0
12:03:42.106  RAW   cf-cache-status: DYNAMIC
12:03:42.106  RAW   cf-ray: a1e960928b9be32e-WAW
12:03:42.106  RESP  GET /api/trade/fetch/0f603681e4e4e8895a1c1db1376c49116b7bf704c55098f93be862ad2a7f2c2f%2Ca8977ce310853e808a40f8272ac7e88114f3f8dbf37fa51e9f4de7d0182d53e9%2C9e3e52391237be11477bfdef3351e23d39eb3699408f3536ec477c239f581371%2Cf33c012b0254a0b15985f69a86c40c45b8754f3be821c09af32ba3fb075f8cab%2Cac15b7abf6ef058fa2b975824c2c9d821c99c839ed4aa21f7cd4a7af12bda682 → 200  15.988s  delay=6.000 min_gap=0.000 last=1784628222.106
12:03:42.133  PRE   POST /api/trade/search/Standard  delay=6.000 min_gap=0.000 last=1784628222.106
12:03:42.133  ENF   delay=6.000 min_gap=0.000 jitter=6.763 gap=12.763 since_last=0.027 sleep=12.736
12:03:55.147  PARSE Account 3:5:60 → 1.667s/req pen=60s; Ip 8:10:60 → 1.250s/req pen=60s; Ip 15:60:120 → 4.000s/req pen=120s; Ip 60:300:1800 → 5.000s/req pen=1800s  delay 6.000→6.000  min_gap→0  max_usage=58%
12:03:55.148  RAW   content-type: application/json
12:03:55.148  RAW   x-rate-limit-policy: trade-search-request-limit
12:03:55.148  RAW   x-rate-limit-rules: Account,Ip
12:03:55.148  RAW   x-rate-limit-account: 3:5:60
12:03:55.148  RAW   x-rate-limit-account-state: 1:5:0
12:03:55.148  RAW   x-rate-limit-ip: 8:10:60,15:60:120,60:300:1800
12:03:55.148  RAW   x-rate-limit-ip-state: 1:10:0,7:60:0,35:300:0
12:03:55.148  RAW   cf-cache-status: DYNAMIC
12:03:55.148  RAW   cf-ray: a1e960e3f8f0e32e-WAW
12:03:55.148  RESP  POST /api/trade/search/Standard → 200  13.015s  delay=6.000 min_gap=0.000 last=1784628235.148
12:03:55.148  PRE   GET /api/trade/fetch/451379584c63c8eb509c9656b819722b5e7748e94edfe519fe23c7cbf123fe06%2C340eb6a11f5c1bc64f7da852b73d1f1d7ba0becf9f6b77997a8c5126c9925ae3%2Cdc5393e3ff98aec28cc1661dd5eb36d7a44efea67d29949279761ddef0b9d8e9%2C3a5df0383d6f716275553ac971214463887bf6dbe030bae51cbef4d730720088%2C191689c45400abe39d21b83e233e1f15271ee6c74222403bfa60b556fdc6c79a  delay=6.000 min_gap=0.000 last=1784628235.148
12:03:55.148  ENF   delay=6.000 min_gap=0.000 jitter=7.282 gap=13.282 since_last=0.000 sleep=13.282
12:04:08.703  PARSE Account 6:4:10 → 0.667s/req pen=10s; Ip 12:4:60 → 0.333s/req pen=60s; Ip 16:12:60 → 0.750s/req pen=60s  delay 6.000→6.000  min_gap→0  max_usage=0%
12:04:08.703  RAW   content-type: application/json
12:04:08.703  RAW   x-rate-limit-policy: trade-fetch-request-limit
12:04:08.703  RAW   x-rate-limit-rules: Account,Ip
12:04:08.703  RAW   x-rate-limit-account: 6:4:10
12:04:08.703  RAW   x-rate-limit-account-state: 1:4:0
12:04:08.703  RAW   x-rate-limit-ip: 12:4:60,16:12:60
12:04:08.703  RAW   x-rate-limit-ip-state: 1:4:0,1:12:0
12:04:08.703  RAW   cf-cache-status: DYNAMIC
12:04:08.703  RAW   cf-ray: a1e96138bccee32e-WAW
12:04:08.703  RESP  GET /api/trade/fetch/451379584c63c8eb509c9656b819722b5e7748e94edfe519fe23c7cbf123fe06%2C340eb6a11f5c1bc64f7da852b73d1f1d7ba0becf9f6b77997a8c5126c9925ae3%2Cdc5393e3ff98aec28cc1661dd5eb36d7a44efea67d29949279761ddef0b9d8e9%2C3a5df0383d6f716275553ac971214463887bf6dbe030bae51cbef4d730720088%2C191689c45400abe39d21b83e233e1f15271ee6c74222403bfa60b556fdc6c79a → 200  13.555s  delay=6.000 min_gap=0.000 last=1784628248.703
12:04:08.703  PRE   POST /api/trade/search/Standard  delay=6.000 min_gap=0.000 last=1784628248.703
12:04:08.703  ENF   delay=6.000 min_gap=0.000 jitter=6.642 gap=12.642 since_last=0.000 sleep=12.642
12:04:21.638  PARSE Account 3:5:60 → 1.667s/req pen=60s; Ip 8:10:60 → 1.250s/req pen=60s; Ip 15:60:120 → 4.000s/req pen=120s; Ip 60:300:1800 → 5.000s/req pen=1800s  delay 6.000→6.000  min_gap→0  max_usage=50%
12:04:21.638  RAW   content-type: application/json
12:04:21.638  RAW   x-rate-limit-policy: trade-search-request-limit
12:04:21.638  RAW   x-rate-limit-rules: Account,Ip
12:04:21.638  RAW   x-rate-limit-account: 3:5:60
12:04:21.638  RAW   x-rate-limit-account-state: 1:5:0
12:04:21.638  RAW   x-rate-limit-ip: 8:10:60,15:60:120,60:300:1800
12:04:21.638  RAW   x-rate-limit-ip-state: 1:10:0,6:60:0,30:300:0
12:04:21.638  RAW   cf-cache-status: DYNAMIC
12:04:21.638  RAW   cf-ray: a1e961896912e32e-WAW
12:04:21.638  RESP  POST /api/trade/search/Standard → 200  12.935s  delay=6.000 min_gap=0.000 last=1784628261.639
12:04:21.639  PRE   GET /api/trade/fetch/5831c3ff142fea52a7404254c92d648d7dde33f5f8c032e686ec3a86e18f8fa1%2C6020d5f48250a65a7f514d2ab1a51b46ececde07e749a8abfb71b02cc5a4692c%2Ce14354777ac695197afa24c8b6372467674cd3ebc5f8a73938d23388c79d6dd9%2C25094c569c19611de7f93b60dcbdc78a1358dc5d64aee7f7ef7e05c9f0f8df17%2Cb2c4adbfb7bd213e32195cbdca7fd5b5a5a79ed5f429286ce39b4c7e48c69ad9  delay=6.000 min_gap=0.000 last=1784628261.639
12:04:21.639  ENF   delay=6.000 min_gap=0.000 jitter=5.419 gap=11.419 since_last=0.000 sleep=11.419
12:04:33.366  PARSE Account 6:4:10 → 0.667s/req pen=10s; Ip 12:4:60 → 0.333s/req pen=60s; Ip 16:12:60 → 0.750s/req pen=60s  delay 6.000→6.000  min_gap→0  max_usage=0%
12:04:33.367  RAW   content-type: application/json
12:04:33.367  RAW   x-rate-limit-policy: trade-fetch-request-limit
12:04:33.367  RAW   x-rate-limit-rules: Account,Ip
12:04:33.367  RAW   x-rate-limit-account: 6:4:10
12:04:33.367  RAW   x-rate-limit-account-state: 1:4:0
12:04:33.367  RAW   x-rate-limit-ip: 12:4:60,16:12:60
12:04:33.367  RAW   x-rate-limit-ip-state: 1:4:0,2:12:0
12:04:33.367  RAW   cf-cache-status: DYNAMIC
12:04:33.367  RAW   cf-ray: a1e961d2ae84e32e-WAW
12:04:33.367  RESP  GET /api/trade/fetch/5831c3ff142fea52a7404254c92d648d7dde33f5f8c032e686ec3a86e18f8fa1%2C6020d5f48250a65a7f514d2ab1a51b46ececde07e749a8abfb71b02cc5a4692c%2Ce14354777ac695197afa24c8b6372467674cd3ebc5f8a73938d23388c79d6dd9%2C25094c569c19611de7f93b60dcbdc78a1358dc5d64aee7f7ef7e05c9f0f8df17%2Cb2c4adbfb7bd213e32195cbdca7fd5b5a5a79ed5f429286ce39b4c7e48c69ad9 → 200  11.728s  delay=6.000 min_gap=0.000 last=1784628273.367
12:04:33.367  PRE   POST /api/trade/search/Standard  delay=6.000 min_gap=0.000 last=1784628273.367
12:04:33.367  ENF   delay=6.000 min_gap=0.000 jitter=6.828 gap=12.828 since_last=0.000 sleep=12.828
12:04:46.475  PARSE Account 3:5:60 → 1.667s/req pen=60s; Ip 8:10:60 → 1.250s/req pen=60s; Ip 15:60:120 → 4.000s/req pen=120s; Ip 60:300:1800 → 5.000s/req pen=1800s  delay 6.000→6.000  min_gap→0  max_usage=55%
12:04:46.475  RAW   content-type: application/json
12:04:46.475  RAW   x-rate-limit-policy: trade-search-request-limit
12:04:46.475  RAW   x-rate-limit-rules: Account,Ip
12:04:46.475  RAW   x-rate-limit-account: 3:5:60
12:04:46.475  RAW   x-rate-limit-account-state: 1:5:0
12:04:46.475  RAW   x-rate-limit-ip: 8:10:60,15:60:120,60:300:1800
12:04:46.475  RAW   x-rate-limit-ip-state: 1:10:0,6:60:0,33:300:0
12:04:46.475  RAW   cf-cache-status: DYNAMIC
12:04:46.475  RAW   cf-ray: a1e96224bd88e32e-WAW
12:04:46.475  RESP  POST /api/trade/search/Standard → 200  13.108s  delay=6.000 min_gap=0.000 last=1784628286.476
12:04:46.475  PRE   GET /api/trade/fetch/26cd0a413bacdea00fa177dad83aff9d5efd208797173ef81624e1e1821c0f49%2C5156c931ec3c5672810d4f2c6fe5105262aaf8736ae0e89d4c3893200a23ade7%2Ce6194c54181bba733543a0a251f0b22bccf508424110e6fab8588d0fa22f8eb8%2Cb1e1af466c524d5a2f8fe9e724e08666dccc29143aa9339906a32050d8e3aef4%2C2687c51cfff51d256d44011633ebbf26ec994ad75a2a14abf56c814f3c141c02  delay=6.000 min_gap=0.000 last=1784628286.476
12:04:46.475  ENF   delay=6.000 min_gap=0.000 jitter=8.316 gap=14.316 since_last=0.000 sleep=14.316
12:05:01.061  PARSE Account 6:4:10 → 0.667s/req pen=10s; Ip 12:4:60 → 0.333s/req pen=60s; Ip 16:12:60 → 0.750s/req pen=60s  delay 6.000→6.000  min_gap→0  max_usage=0%
12:05:01.061  RAW   content-type: application/json
12:05:01.061  RAW   x-rate-limit-policy: trade-fetch-request-limit
12:05:01.061  RAW   x-rate-limit-rules: Account,Ip
12:05:01.061  RAW   x-rate-limit-account: 6:4:10
12:05:01.061  RAW   x-rate-limit-account-state: 1:4:0
12:05:01.061  RAW   x-rate-limit-ip: 12:4:60,16:12:60
12:05:01.061  RAW   x-rate-limit-ip-state: 1:4:0,2:12:0
12:05:01.061  RAW   cf-cache-status: DYNAMIC
12:05:01.061  RAW   cf-ray: a1e9627ff9b9e32e-WAW
12:05:01.061  RESP  GET /api/trade/fetch/26cd0a413bacdea00fa177dad83aff9d5efd208797173ef81624e1e1821c0f49%2C5156c931ec3c5672810d4f2c6fe5105262aaf8736ae0e89d4c3893200a23ade7%2Ce6194c54181bba733543a0a251f0b22bccf508424110e6fab8588d0fa22f8eb8%2Cb1e1af466c524d5a2f8fe9e724e08666dccc29143aa9339906a32050d8e3aef4%2C2687c51cfff51d256d44011633ebbf26ec994ad75a2a14abf56c814f3c141c02 → 200  14.586s  delay=6.000 min_gap=0.000 last=1784628301.062
12:05:01.087  PRE   POST /api/trade/search/Standard  delay=6.000 min_gap=0.000 last=1784628301.062
12:05:01.087  ENF   delay=6.000 min_gap=0.000 jitter=9.385 gap=15.385 since_last=0.026 sleep=15.360
12:05:16.730  PARSE Account 3:5:60 → 1.667s/req pen=60s; Ip 8:10:60 → 1.250s/req pen=60s; Ip 15:60:120 → 4.000s/req pen=120s; Ip 60:300:1800 → 5.000s/req pen=1800s  delay 6.000→6.000  min_gap→0  max_usage=47%
12:05:16.730  RAW   content-type: application/json
12:05:16.730  RAW   x-rate-limit-policy: trade-search-request-limit
12:05:16.730  RAW   x-rate-limit-rules: Account,Ip
12:05:16.730  RAW   x-rate-limit-account: 3:5:60
12:05:16.730  RAW   x-rate-limit-account-state: 1:5:0
12:05:16.730  RAW   x-rate-limit-ip: 8:10:60,15:60:120,60:300:1800
12:05:16.730  RAW   x-rate-limit-ip-state: 1:10:0,6:60:0,28:300:0
12:05:16.730  RAW   cf-cache-status: DYNAMIC
12:05:16.730  RAW   cf-ray: a1e962e1d927e32e-WAW
12:05:16.730  RESP  POST /api/trade/search/Standard → 200  15.643s  delay=6.000 min_gap=0.000 last=1784628316.731
12:05:16.730  PRE   GET /api/trade/fetch/5213f066fa9aa9ab3329cdea2746a57f64902e18bab705704a0f29a79c65504f%2Cdc5393e3ff98aec28cc1661dd5eb36d7a44efea67d29949279761ddef0b9d8e9%2C89ba9ff421cb75df3be5e4368eff8fc0a4f9b6d8b603af10eea4120c44d2d12c%2C671368ae1a14204d097be9d021caf4062d9a4f21f36962b8414ec4b1f0def9a7%2C90d2fa0b84a1fee078f041dc067fa021051e794b22be9635fc83b08fe769051e  delay=6.000 min_gap=0.000 last=1784628316.731
12:05:16.730  ENF   delay=6.000 min_gap=0.000 jitter=6.263 gap=12.263 since_last=0.000 sleep=12.263
12:05:29.329  PARSE Account 6:4:10 → 0.667s/req pen=10s; Ip 12:4:60 → 0.333s/req pen=60s; Ip 16:12:60 → 0.750s/req pen=60s  delay 6.000→6.000  min_gap→0  max_usage=0%
12:05:29.329  RAW   content-type: application/json
12:05:29.329  RAW   x-rate-limit-policy: trade-fetch-request-limit
12:05:29.329  RAW   x-rate-limit-rules: Account,Ip
12:05:29.329  RAW   x-rate-limit-account: 6:4:10
12:05:29.329  RAW   x-rate-limit-account-state: 1:4:0
12:05:29.329  RAW   x-rate-limit-ip: 12:4:60,16:12:60
12:05:29.329  RAW   x-rate-limit-ip-state: 1:4:0,2:12:0
12:05:29.330  RAW   cf-cache-status: DYNAMIC
12:05:29.330  RAW   cf-ray: a1e963303c83e32e-WAW
12:05:29.330  RESP  GET /api/trade/fetch/5213f066fa9aa9ab3329cdea2746a57f64902e18bab705704a0f29a79c65504f%2Cdc5393e3ff98aec28cc1661dd5eb36d7a44efea67d29949279761ddef0b9d8e9%2C89ba9ff421cb75df3be5e4368eff8fc0a4f9b6d8b603af10eea4120c44d2d12c%2C671368ae1a14204d097be9d021caf4062d9a4f21f36962b8414ec4b1f0def9a7%2C90d2fa0b84a1fee078f041dc067fa021051e794b22be9635fc83b08fe769051e → 200  12.599s  delay=6.000 min_gap=0.000 last=1784628329.330
12:05:29.330  PRE   POST /api/trade/search/Standard  delay=6.000 min_gap=0.000 last=1784628329.330
12:05:29.330  ENF   delay=6.000 min_gap=0.000 jitter=7.805 gap=13.805 since_last=0.000 sleep=13.805
12:05:43.421  PARSE Account 3:5:60 → 1.667s/req pen=60s; Ip 8:10:60 → 1.250s/req pen=60s; Ip 15:60:120 → 4.000s/req pen=120s; Ip 60:300:1800 → 5.000s/req pen=1800s  delay 6.000→6.000  min_gap→0  max_usage=52%
12:05:43.421  RAW   content-type: application/json
12:05:43.421  RAW   x-rate-limit-policy: trade-search-request-limit
12:05:43.421  RAW   x-rate-limit-rules: Account,Ip
12:05:43.421  RAW   x-rate-limit-account: 3:5:60
12:05:43.421  RAW   x-rate-limit-account-state: 1:5:0
12:05:43.421  RAW   x-rate-limit-ip: 8:10:60,15:60:120,60:300:1800
12:05:43.421  RAW   x-rate-limit-ip-state: 2:10:0,7:60:0,31:300:0
12:05:43.421  RAW   cf-cache-status: DYNAMIC
12:05:43.421  RAW   cf-ray: a1e963889c20e32e-WAW
12:05:43.421  RESP  POST /api/trade/search/Standard → 200  14.091s  delay=6.000 min_gap=0.000 last=1784628343.421
12:05:43.421  PRE   GET /api/trade/fetch/6020d5f48250a65a7f514d2ab1a51b46ececde07e749a8abfb71b02cc5a4692c%2C5831c3ff142fea52a7404254c92d648d7dde33f5f8c032e686ec3a86e18f8fa1%2Ce14354777ac695197afa24c8b6372467674cd3ebc5f8a73938d23388c79d6dd9%2C25094c569c19611de7f93b60dcbdc78a1358dc5d64aee7f7ef7e05c9f0f8df17%2Cb2c4adbfb7bd213e32195cbdca7fd5b5a5a79ed5f429286ce39b4c7e48c69ad9  delay=6.000 min_gap=0.000 last=1784628343.421
12:05:43.421  ENF   delay=6.000 min_gap=0.000 jitter=8.200 gap=14.200 since_last=0.000 sleep=14.200
12:05:57.935  PARSE Account 6:4:10 → 0.667s/req pen=10s; Ip 12:4:60 → 0.333s/req pen=60s; Ip 16:12:60 → 0.750s/req pen=60s  delay 6.000→6.000  min_gap→0  max_usage=0%
12:05:57.935  RAW   content-type: application/json
12:05:57.935  RAW   x-rate-limit-policy: trade-fetch-request-limit
12:05:57.935  RAW   x-rate-limit-rules: Account,Ip
12:05:57.935  RAW   x-rate-limit-account: 6:4:10
12:05:57.935  RAW   x-rate-limit-account-state: 1:4:0
12:05:57.935  RAW   x-rate-limit-ip: 12:4:60,16:12:60
12:05:57.935  RAW   x-rate-limit-ip-state: 1:4:0,2:12:0
12:05:57.935  RAW   cf-cache-status: DYNAMIC
12:05:57.935  RAW   cf-ray: a1e963e32ea8e32e-WAW
12:05:57.935  RESP  GET /api/trade/fetch/6020d5f48250a65a7f514d2ab1a51b46ececde07e749a8abfb71b02cc5a4692c%2C5831c3ff142fea52a7404254c92d648d7dde33f5f8c032e686ec3a86e18f8fa1%2Ce14354777ac695197afa24c8b6372467674cd3ebc5f8a73938d23388c79d6dd9%2C25094c569c19611de7f93b60dcbdc78a1358dc5d64aee7f7ef7e05c9f0f8df17%2Cb2c4adbfb7bd213e32195cbdca7fd5b5a5a79ed5f429286ce39b4c7e48c69ad9 → 200  14.514s  delay=6.000 min_gap=0.000 last=1784628357.935
12:05:57.935  PRE   POST /api/trade/search/Standard  delay=6.000 min_gap=0.000 last=1784628357.935
12:05:57.935  ENF   delay=6.000 min_gap=0.000 jitter=7.621 gap=13.621 since_last=0.000 sleep=13.621
12:06:11.828  PARSE Account 3:5:60 → 1.667s/req pen=60s; Ip 8:10:60 → 1.250s/req pen=60s; Ip 15:60:120 → 4.000s/req pen=120s; Ip 60:300:1800 → 5.000s/req pen=1800s  delay 6.000→6.000  min_gap→0  max_usage=47%
12:06:11.828  RAW   content-type: application/json
12:06:11.828  RAW   x-rate-limit-policy: trade-search-request-limit
12:06:11.829  RAW   x-rate-limit-rules: Account,Ip
12:06:11.829  RAW   x-rate-limit-account: 3:5:60
12:06:11.829  RAW   x-rate-limit-account-state: 1:5:0
12:06:11.829  RAW   x-rate-limit-ip: 8:10:60,15:60:120,60:300:1800
12:06:11.829  RAW   x-rate-limit-ip-state: 1:10:0,7:60:0,28:300:0
12:06:11.829  RAW   cf-cache-status: DYNAMIC
12:06:11.829  RAW   cf-ray: a1e9643a4da1e32e-WAW
12:06:11.829  RESP  POST /api/trade/search/Standard → 200  13.893s  delay=6.000 min_gap=0.000 last=1784628371.829
12:06:11.829  PRE   GET /api/trade/fetch/400062acd653b5d716065d852c0d520fcf15d2413cd8545c8ad8b565abc5f7ca%2C5931294d3cbab3c548712398e45ac660067aaf7989d3cff4f309c8a7bfac107e%2C8b4dcfdfd8b40bdbba2e73695332f74b444beb0c6a2aace018196e5aef3f75df%2C050dc7a8551eec133f8ef7e53597df3326304e67a08591fcc0161a3c35c5de8b%2C00fb5e7c7e8d5060629d8eba574ff3a0301612618b2a606673e93bf49c6a137b  delay=6.000 min_gap=0.000 last=1784628371.829
12:06:11.829  ENF   delay=6.000 min_gap=0.000 jitter=6.715 gap=12.715 since_last=0.000 sleep=12.715
12:06:24.809  PARSE Account 6:4:10 → 0.667s/req pen=10s; Ip 12:4:60 → 0.333s/req pen=60s; Ip 16:12:60 → 0.750s/req pen=60s  delay 6.000→6.000  min_gap→0  max_usage=0%
12:06:24.809  RAW   content-type: application/json
12:06:24.809  RAW   x-rate-limit-policy: trade-fetch-request-limit
12:06:24.809  RAW   x-rate-limit-rules: Account,Ip
12:06:24.809  RAW   x-rate-limit-account: 6:4:10
12:06:24.809  RAW   x-rate-limit-account-state: 1:4:0
12:06:24.809  RAW   x-rate-limit-ip: 12:4:60,16:12:60
12:06:24.809  RAW   x-rate-limit-ip-state: 1:4:0,2:12:0
12:06:24.809  RAW   cf-cache-status: DYNAMIC
12:06:24.809  RAW   cf-ray: a1e9648b6e53e32e-WAW
12:06:24.809  RESP  GET /api/trade/fetch/400062acd653b5d716065d852c0d520fcf15d2413cd8545c8ad8b565abc5f7ca%2C5931294d3cbab3c548712398e45ac660067aaf7989d3cff4f309c8a7bfac107e%2C8b4dcfdfd8b40bdbba2e73695332f74b444beb0c6a2aace018196e5aef3f75df%2C050dc7a8551eec133f8ef7e53597df3326304e67a08591fcc0161a3c35c5de8b%2C00fb5e7c7e8d5060629d8eba574ff3a0301612618b2a606673e93bf49c6a137b → 200  12.980s  delay=6.000 min_gap=0.000 last=1784628384.809
12:06:24.839  PRE   POST /api/trade/search/Standard  delay=6.000 min_gap=0.000 last=1784628384.809
12:06:24.839  ENF   delay=6.000 min_gap=0.000 jitter=7.268 gap=13.268 since_last=0.030 sleep=13.238
12:06:38.369  PARSE Account 3:5:60 → 1.667s/req pen=60s; Ip 8:10:60 → 1.250s/req pen=60s; Ip 15:60:120 → 4.000s/req pen=120s; Ip 60:300:1800 → 5.000s/req pen=1800s  delay 6.000→6.000  min_gap→0  max_usage=52%
12:06:38.369  RAW   content-type: application/json
12:06:38.370  RAW   x-rate-limit-policy: trade-search-request-limit
12:06:38.370  RAW   x-rate-limit-rules: Account,Ip
12:06:38.370  RAW   x-rate-limit-account: 3:5:60
12:06:38.370  RAW   x-rate-limit-account-state: 1:5:0
12:06:38.370  RAW   x-rate-limit-ip: 8:10:60,15:60:120,60:300:1800
12:06:38.370  RAW   x-rate-limit-ip-state: 1:10:0,6:60:0,31:300:0
12:06:38.370  RAW   cf-cache-status: DYNAMIC
12:06:38.370  RAW   cf-ray: a1e964e00f5fe32e-WAW
12:06:38.370  RESP  POST /api/trade/search/Standard → 200  13.530s  delay=6.000 min_gap=0.000 last=1784628398.370
12:06:38.370  PRE   GET /api/trade/fetch/8b4dcfdfd8b40bdbba2e73695332f74b444beb0c6a2aace018196e5aef3f75df%2C050dc7a8551eec133f8ef7e53597df3326304e67a08591fcc0161a3c35c5de8b%2C89597fac8a78e1c3349d43c0ff8e1a1b55c667f02ce524eaef15f36617ab5ac0%2C551171ceea541acd49c8c8dbbfd35839a0fb90d16cb48afac60e33256801988c%2C7e395e01fa3c78851d71b48ce2a3eb23c00a1d4b09bd47761a77ccb688841b0e  delay=6.000 min_gap=0.000 last=1784628398.370
12:06:38.370  ENF   delay=6.000 min_gap=0.000 jitter=6.675 gap=12.675 since_last=0.000 sleep=12.675
12:06:51.312  PARSE Account 6:4:10 → 0.667s/req pen=10s; Ip 12:4:60 → 0.333s/req pen=60s; Ip 16:12:60 → 0.750s/req pen=60s  delay 6.000→6.000  min_gap→0  max_usage=0%
12:06:51.312  RAW   content-type: application/json
12:06:51.312  RAW   x-rate-limit-policy: trade-fetch-request-limit
12:06:51.312  RAW   x-rate-limit-rules: Account,Ip
12:06:51.312  RAW   x-rate-limit-account: 6:4:10
12:06:51.312  RAW   x-rate-limit-account-state: 1:4:0
12:06:51.312  RAW   x-rate-limit-ip: 12:4:60,16:12:60
12:06:51.312  RAW   x-rate-limit-ip-state: 1:4:0,2:12:0
12:06:51.312  RAW   cf-cache-status: DYNAMIC
12:06:51.312  RAW   cf-ray: a1e965310ddae32e-WAW
12:06:51.312  RESP  GET /api/trade/fetch/8b4dcfdfd8b40bdbba2e73695332f74b444beb0c6a2aace018196e5aef3f75df%2C050dc7a8551eec133f8ef7e53597df3326304e67a08591fcc0161a3c35c5de8b%2C89597fac8a78e1c3349d43c0ff8e1a1b55c667f02ce524eaef15f36617ab5ac0%2C551171ceea541acd49c8c8dbbfd35839a0fb90d16cb48afac60e33256801988c%2C7e395e01fa3c78851d71b48ce2a3eb23c00a1d4b09bd47761a77ccb688841b0e → 200  12.942s  delay=6.000 min_gap=0.000 last=1784628411.313
12:06:51.312  PRE   POST /api/trade/search/Standard  delay=6.000 min_gap=0.000 last=1784628411.313
12:06:51.312  ENF   delay=6.000 min_gap=0.000 jitter=7.827 gap=13.827 since_last=0.000 sleep=13.827
12:07:05.431  PARSE Account 3:5:60 → 1.667s/req pen=60s; Ip 8:10:60 → 1.250s/req pen=60s; Ip 15:60:120 → 4.000s/req pen=120s; Ip 60:300:1800 → 5.000s/req pen=1800s  delay 6.000→6.000  min_gap→0  max_usage=47%
12:07:05.431  RAW   content-type: application/json
12:07:05.431  RAW   x-rate-limit-policy: trade-search-request-limit
12:07:05.431  RAW   x-rate-limit-rules: Account,Ip
12:07:05.431  RAW   x-rate-limit-account: 3:5:60
12:07:05.431  RAW   x-rate-limit-account-state: 1:5:0
12:07:05.431  RAW   x-rate-limit-ip: 8:10:60,15:60:120,60:300:1800
12:07:05.431  RAW   x-rate-limit-ip-state: 1:10:0,6:60:0,28:300:0
12:07:05.431  RAW   cf-cache-status: DYNAMIC
12:07:05.431  RAW   cf-ray: a1e9658928ebe32e-WAW
12:07:05.431  RESP  POST /api/trade/search/Standard → 200  14.118s  delay=6.000 min_gap=0.000 last=1784628425.431
12:07:05.431  PRE   GET /api/trade/fetch/6020d5f48250a65a7f514d2ab1a51b46ececde07e749a8abfb71b02cc5a4692c%2C5831c3ff142fea52a7404254c92d648d7dde33f5f8c032e686ec3a86e18f8fa1%2Ce14354777ac695197afa24c8b6372467674cd3ebc5f8a73938d23388c79d6dd9%2C25094c569c19611de7f93b60dcbdc78a1358dc5d64aee7f7ef7e05c9f0f8df17%2Cb2c4adbfb7bd213e32195cbdca7fd5b5a5a79ed5f429286ce39b4c7e48c69ad9  delay=6.000 min_gap=0.000 last=1784628425.431
12:07:05.431  ENF   delay=6.000 min_gap=0.000 jitter=8.935 gap=14.935 since_last=0.000 sleep=14.935
12:07:20.662  PARSE Account 6:4:10 → 0.667s/req pen=10s; Ip 12:4:60 → 0.333s/req pen=60s; Ip 16:12:60 → 0.750s/req pen=60s  delay 6.000→6.000  min_gap→0  max_usage=0%
12:07:20.662  RAW   content-type: application/json
12:07:20.662  RAW   x-rate-limit-policy: trade-fetch-request-limit
12:07:20.662  RAW   x-rate-limit-rules: Account,Ip
12:07:20.662  RAW   x-rate-limit-account: 6:4:10
12:07:20.662  RAW   x-rate-limit-account-state: 1:4:0
12:07:20.662  RAW   x-rate-limit-ip: 12:4:60,16:12:60
12:07:20.662  RAW   x-rate-limit-ip-state: 1:4:0,2:12:0
12:07:20.662  RAW   cf-cache-status: DYNAMIC
12:07:20.662  RAW   cf-ray: a1e965e84974e32e-WAW
12:07:20.662  RESP  GET /api/trade/fetch/6020d5f48250a65a7f514d2ab1a51b46ececde07e749a8abfb71b02cc5a4692c%2C5831c3ff142fea52a7404254c92d648d7dde33f5f8c032e686ec3a86e18f8fa1%2Ce14354777ac695197afa24c8b6372467674cd3ebc5f8a73938d23388c79d6dd9%2C25094c569c19611de7f93b60dcbdc78a1358dc5d64aee7f7ef7e05c9f0f8df17%2Cb2c4adbfb7bd213e32195cbdca7fd5b5a5a79ed5f429286ce39b4c7e48c69ad9 → 200  15.231s  delay=6.000 min_gap=0.000 last=1784628440.663
12:07:20.662  PRE   POST /api/trade/search/Standard  delay=6.000 min_gap=0.000 last=1784628440.663
12:07:20.662  ENF   delay=6.000 min_gap=0.000 jitter=8.472 gap=14.472 since_last=0.000 sleep=14.472
12:07:35.410  PARSE Account 3:5:60 → 1.667s/req pen=60s; Ip 8:10:60 → 1.250s/req pen=60s; Ip 15:60:120 → 4.000s/req pen=120s; Ip 60:300:1800 → 5.000s/req pen=1800s  delay 6.000→6.000  min_gap→0  max_usage=52%
12:07:35.410  RAW   content-type: application/json
12:07:35.410  RAW   x-rate-limit-policy: trade-search-request-limit
12:07:35.410  RAW   x-rate-limit-rules: Account,Ip
12:07:35.410  RAW   x-rate-limit-account: 3:5:60
12:07:35.410  RAW   x-rate-limit-account-state: 1:5:0
12:07:35.410  RAW   x-rate-limit-ip: 8:10:60,15:60:120,60:300:1800
12:07:35.410  RAW   x-rate-limit-ip-state: 1:10:0,6:60:0,31:300:0
12:07:35.410  RAW   cf-cache-status: DYNAMIC
12:07:35.410  RAW   cf-ray: a1e966449c4ce32e-WAW
12:07:35.410  RESP  POST /api/trade/search/Standard → 200  14.747s  delay=6.000 min_gap=0.000 last=1784628455.410
12:07:35.410  PRE   GET /api/trade/fetch/8b4dcfdfd8b40bdbba2e73695332f74b444beb0c6a2aace018196e5aef3f75df%2C050dc7a8551eec133f8ef7e53597df3326304e67a08591fcc0161a3c35c5de8b%2C89597fac8a78e1c3349d43c0ff8e1a1b55c667f02ce524eaef15f36617ab5ac0%2C7e395e01fa3c78851d71b48ce2a3eb23c00a1d4b09bd47761a77ccb688841b0e%2C551171ceea541acd49c8c8dbbfd35839a0fb90d16cb48afac60e33256801988c  delay=6.000 min_gap=0.000 last=1784628455.410
12:07:35.410  ENF   delay=6.000 min_gap=0.000 jitter=7.825 gap=13.825 since_last=0.000 sleep=13.825
12:07:49.502  PARSE Account 6:4:10 → 0.667s/req pen=10s; Ip 12:4:60 → 0.333s/req pen=60s; Ip 16:12:60 → 0.750s/req pen=60s  delay 6.000→6.000  min_gap→0  max_usage=0%
12:07:49.503  RAW   content-type: application/json
12:07:49.503  RAW   x-rate-limit-policy: trade-fetch-request-limit
12:07:49.503  RAW   x-rate-limit-rules: Account,Ip
12:07:49.503  RAW   x-rate-limit-account: 6:4:10
12:07:49.503  RAW   x-rate-limit-account-state: 1:4:0
12:07:49.503  RAW   x-rate-limit-ip: 12:4:60,16:12:60
12:07:49.503  RAW   x-rate-limit-ip-state: 1:4:0,1:12:0
12:07:49.503  RAW   cf-cache-status: DYNAMIC
12:07:49.503  RAW   cf-ray: a1e9669cbaeee32e-WAW
12:07:49.503  RESP  GET /api/trade/fetch/8b4dcfdfd8b40bdbba2e73695332f74b444beb0c6a2aace018196e5aef3f75df%2C050dc7a8551eec133f8ef7e53597df3326304e67a08591fcc0161a3c35c5de8b%2C89597fac8a78e1c3349d43c0ff8e1a1b55c667f02ce524eaef15f36617ab5ac0%2C7e395e01fa3c78851d71b48ce2a3eb23c00a1d4b09bd47761a77ccb688841b0e%2C551171ceea541acd49c8c8dbbfd35839a0fb90d16cb48afac60e33256801988c → 200  14.092s  delay=6.000 min_gap=0.000 last=1784628469.503
12:07:49.530  PRE   POST /api/trade/search/Standard  delay=6.000 min_gap=0.000 last=1784628469.503
12:07:49.530  ENF   delay=6.000 min_gap=0.000 jitter=8.297 gap=14.297 since_last=0.027 sleep=14.270
12:08:04.079  PARSE Account 3:5:60 → 1.667s/req pen=60s; Ip 8:10:60 → 1.250s/req pen=60s; Ip 15:60:120 → 4.000s/req pen=120s; Ip 60:300:1800 → 5.000s/req pen=1800s  delay 6.000→6.000  min_gap→0  max_usage=45%
12:08:04.079  RAW   content-type: application/json
12:08:04.079  RAW   x-rate-limit-policy: trade-search-request-limit
12:08:04.079  RAW   x-rate-limit-rules: Account,Ip
12:08:04.079  RAW   x-rate-limit-account: 3:5:60
12:08:04.079  RAW   x-rate-limit-account-state: 1:5:0
12:08:04.079  RAW   x-rate-limit-ip: 8:10:60,15:60:120,60:300:1800
12:08:04.079  RAW   x-rate-limit-ip-state: 1:10:0,5:60:0,27:300:0
12:08:04.079  RAW   cf-cache-status: DYNAMIC
12:08:04.079  RAW   cf-ray: a1e966f7ce91e32e-WAW
12:08:04.079  RESP  POST /api/trade/search/Standard → 200  14.549s  delay=6.000 min_gap=0.000 last=1784628484.079
12:08:04.079  PRE   GET /api/trade/fetch/b15520fc132785485c9fd3a9ea9e74193d562e3accd2e14af97c8cc8b6214a2f%2C78525a30d58b4a4c1aa778106d3f5890ebc8a47923f4367d949684ab3abbfdb9%2C815378d1a70335f7dcb4924176bb2309a36b4eeb9241d31308671ba87c63ff1c%2C2c71bede8f778011859533947ee7e309e54fcf9ecc809ea8d1011f067783a6ac%2C32e39d237cb99cf577963e306ae9097fdef28133f4fed27ba04a3048e7f9bafb  delay=6.000 min_gap=0.000 last=1784628484.079
12:08:04.079  ENF   delay=6.000 min_gap=0.000 jitter=9.705 gap=15.705 since_last=0.000 sleep=15.705
12:08:20.051  PARSE Account 6:4:10 → 0.667s/req pen=10s; Ip 12:4:60 → 0.333s/req pen=60s; Ip 16:12:60 → 0.750s/req pen=60s  delay 6.000→6.000  min_gap→0  max_usage=0%
12:08:20.051  RAW   content-type: application/json
12:08:20.051  RAW   x-rate-limit-policy: trade-fetch-request-limit
12:08:20.051  RAW   x-rate-limit-rules: Account,Ip
12:08:20.051  RAW   x-rate-limit-account: 6:4:10
12:08:20.051  RAW   x-rate-limit-account-state: 2:4:0
12:08:20.051  RAW   x-rate-limit-ip: 12:4:60,16:12:60
12:08:20.051  RAW   x-rate-limit-ip-state: 2:4:0,2:12:0
12:08:20.051  RAW   cf-cache-status: DYNAMIC
12:08:20.051  RAW   cf-ray: a1e9675bad24e32e-WAW
12:08:20.051  RESP  GET /api/trade/fetch/b15520fc132785485c9fd3a9ea9e74193d562e3accd2e14af97c8cc8b6214a2f%2C78525a30d58b4a4c1aa778106d3f5890ebc8a47923f4367d949684ab3abbfdb9%2C815378d1a70335f7dcb4924176bb2309a36b4eeb9241d31308671ba87c63ff1c%2C2c71bede8f778011859533947ee7e309e54fcf9ecc809ea8d1011f067783a6ac%2C32e39d237cb99cf577963e306ae9097fdef28133f4fed27ba04a3048e7f9bafb → 200  15.972s  delay=6.000 min_gap=0.000 last=1784628500.051
12:08:20.051  PRE   POST /api/trade/search/Standard  delay=6.000 min_gap=0.000 last=1784628500.051
12:08:20.051  ENF   delay=6.000 min_gap=0.000 jitter=7.277 gap=13.277 since_last=0.000 sleep=13.277
12:08:33.692  PARSE Account 3:5:60 → 1.667s/req pen=60s; Ip 8:10:60 → 1.250s/req pen=60s; Ip 15:60:120 → 4.000s/req pen=120s; Ip 60:300:1800 → 5.000s/req pen=1800s  delay 6.000→6.000  min_gap→0  max_usage=52%
12:08:33.692  RAW   content-type: application/json
12:08:33.692  RAW   x-rate-limit-policy: trade-search-request-limit
12:08:33.692  RAW   x-rate-limit-rules: Account,Ip
12:08:33.692  RAW   x-rate-limit-account: 3:5:60
12:08:33.692  RAW   x-rate-limit-account-state: 2:5:0
12:08:33.692  RAW   x-rate-limit-ip: 8:10:60,15:60:120,60:300:1800
12:08:33.692  RAW   x-rate-limit-ip-state: 2:10:0,6:60:0,31:300:0
12:08:33.692  RAW   cf-cache-status: DYNAMIC
12:08:33.692  RAW   cf-ray: a1e967b058c1e32e-WAW
12:08:33.692  RESP  POST /api/trade/search/Standard → 200  13.641s  delay=6.000 min_gap=0.000 last=1784628513.693
12:08:33.692  PRE   GET /api/trade/fetch/6020d5f48250a65a7f514d2ab1a51b46ececde07e749a8abfb71b02cc5a4692c%2C5831c3ff142fea52a7404254c92d648d7dde33f5f8c032e686ec3a86e18f8fa1%2Ce14354777ac695197afa24c8b6372467674cd3ebc5f8a73938d23388c79d6dd9%2C25094c569c19611de7f93b60dcbdc78a1358dc5d64aee7f7ef7e05c9f0f8df17%2Cb2c4adbfb7bd213e32195cbdca7fd5b5a5a79ed5f429286ce39b4c7e48c69ad9  delay=6.000 min_gap=0.000 last=1784628513.693
12:08:33.692  ENF   delay=6.000 min_gap=0.000 jitter=8.617 gap=14.617 since_last=0.000 sleep=14.617
12:08:48.583  PARSE Account 6:4:10 → 0.667s/req pen=10s; Ip 12:4:60 → 0.333s/req pen=60s; Ip 16:12:60 → 0.750s/req pen=60s  delay 6.000→6.000  min_gap→0  max_usage=0%
12:08:48.583  RAW   content-type: application/json
12:08:48.583  RAW   x-rate-limit-policy: trade-fetch-request-limit
12:08:48.583  RAW   x-rate-limit-rules: Account,Ip
12:08:48.583  RAW   x-rate-limit-account: 6:4:10
12:08:48.583  RAW   x-rate-limit-account-state: 1:4:0
12:08:48.583  RAW   x-rate-limit-ip: 12:4:60,16:12:60
12:08:48.583  RAW   x-rate-limit-ip-state: 1:4:0,2:12:0
12:08:48.583  RAW   cf-cache-status: DYNAMIC
12:08:48.583  RAW   cf-ray: a1e9680dfa56e32e-WAW
12:08:48.583  RESP  GET /api/trade/fetch/6020d5f48250a65a7f514d2ab1a51b46ececde07e749a8abfb71b02cc5a4692c%2C5831c3ff142fea52a7404254c92d648d7dde33f5f8c032e686ec3a86e18f8fa1%2Ce14354777ac695197afa24c8b6372467674cd3ebc5f8a73938d23388c79d6dd9%2C25094c569c19611de7f93b60dcbdc78a1358dc5d64aee7f7ef7e05c9f0f8df17%2Cb2c4adbfb7bd213e32195cbdca7fd5b5a5a79ed5f429286ce39b4c7e48c69ad9 → 200  14.891s  delay=6.000 min_gap=0.000 last=1784628528.584
12:08:48.584  PRE   POST /api/trade/search/Standard  delay=6.000 min_gap=0.000 last=1784628528.584
12:08:48.584  ENF   delay=6.000 min_gap=0.000 jitter=6.257 gap=12.257 since_last=0.000 sleep=12.257
12:09:01.300  PARSE Account 3:5:60 → 1.667s/req pen=60s; Ip 8:10:60 → 1.250s/req pen=60s; Ip 15:60:120 → 4.000s/req pen=120s; Ip 60:300:1800 → 5.000s/req pen=1800s  delay 6.000→6.000  min_gap→0  max_usage=47%
12:09:01.300  RAW   content-type: application/json
12:09:01.300  RAW   x-rate-limit-policy: trade-search-request-limit
12:09:01.300  RAW   x-rate-limit-rules: Account,Ip
12:09:01.300  RAW   x-rate-limit-account: 3:5:60
12:09:01.300  RAW   x-rate-limit-account-state: 2:5:0
12:09:01.300  RAW   x-rate-limit-ip: 8:10:60,15:60:120,60:300:1800
12:09:01.300  RAW   x-rate-limit-ip-state: 2:10:0,6:60:0,28:300:0
12:09:01.300  RAW   cf-cache-status: DYNAMIC
12:09:01.300  RAW   cf-ray: a1e9685c49c7e32e-WAW
12:09:01.300  RESP  POST /api/trade/search/Standard → 200  12.717s  delay=6.000 min_gap=0.000 last=1784628541.301
12:09:01.300  PRE   GET /api/trade/fetch/b15520fc132785485c9fd3a9ea9e74193d562e3accd2e14af97c8cc8b6214a2f%2C78525a30d58b4a4c1aa778106d3f5890ebc8a47923f4367d949684ab3abbfdb9%2C815378d1a70335f7dcb4924176bb2309a36b4eeb9241d31308671ba87c63ff1c%2C2c71bede8f778011859533947ee7e309e54fcf9ecc809ea8d1011f067783a6ac%2C2d81c57211934f2cbdc064e96f5ae25e27664674205eaff69cd75a36dd40ca33  delay=6.000 min_gap=0.000 last=1784628541.301
12:09:01.300  ENF   delay=6.000 min_gap=0.000 jitter=8.191 gap=14.191 since_last=0.000 sleep=14.191
12:09:15.760  PARSE Account 6:4:10 → 0.667s/req pen=10s; Ip 12:4:60 → 0.333s/req pen=60s; Ip 16:12:60 → 0.750s/req pen=60s  delay 6.000→6.000  min_gap→0  max_usage=0%
12:09:15.760  RAW   content-type: application/json
12:09:15.760  RAW   x-rate-limit-policy: trade-fetch-request-limit
12:09:15.760  RAW   x-rate-limit-rules: Account,Ip
12:09:15.760  RAW   x-rate-limit-account: 6:4:10
12:09:15.760  RAW   x-rate-limit-account-state: 1:4:0
12:09:15.760  RAW   x-rate-limit-ip: 12:4:60,16:12:60
12:09:15.760  RAW   x-rate-limit-ip-state: 1:4:0,2:12:0
12:09:15.760  RAW   cf-cache-status: DYNAMIC
12:09:15.760  RAW   cf-ray: a1e968b7df4fe32e-WAW
12:09:15.760  RESP  GET /api/trade/fetch/b15520fc132785485c9fd3a9ea9e74193d562e3accd2e14af97c8cc8b6214a2f%2C78525a30d58b4a4c1aa778106d3f5890ebc8a47923f4367d949684ab3abbfdb9%2C815378d1a70335f7dcb4924176bb2309a36b4eeb9241d31308671ba87c63ff1c%2C2c71bede8f778011859533947ee7e309e54fcf9ecc809ea8d1011f067783a6ac%2C2d81c57211934f2cbdc064e96f5ae25e27664674205eaff69cd75a36dd40ca33 → 200  14.459s  delay=6.000 min_gap=0.000 last=1784628555.760
12:09:15.787  PRE   POST /api/trade/search/Standard  delay=6.000 min_gap=0.000 last=1784628555.760
12:09:15.787  ENF   delay=6.000 min_gap=0.000 jitter=5.514 gap=11.514 since_last=0.027 sleep=11.488
12:09:27.550  PARSE Account 3:5:60 → 1.667s/req pen=60s; Ip 8:10:60 → 1.250s/req pen=60s; Ip 15:60:120 → 4.000s/req pen=120s; Ip 60:300:1800 → 5.000s/req pen=1800s  delay 6.000→6.000  min_gap→0  max_usage=50%
12:09:27.550  RAW   content-type: application/json
12:09:27.550  RAW   x-rate-limit-policy: trade-search-request-limit
12:09:27.550  RAW   x-rate-limit-rules: Account,Ip
12:09:27.550  RAW   x-rate-limit-account: 3:5:60
12:09:27.550  RAW   x-rate-limit-account-state: 1:5:0
12:09:27.550  RAW   x-rate-limit-ip: 8:10:60,15:60:120,60:300:1800
12:09:27.550  RAW   x-rate-limit-ip-state: 1:10:0,7:60:0,30:300:0
12:09:27.550  RAW   cf-cache-status: DYNAMIC
12:09:27.550  RAW   cf-ray: a1e969017877e32e-WAW
12:09:27.550  RESP  POST /api/trade/search/Standard → 200  11.763s  delay=6.000 min_gap=0.000 last=1784628567.551
12:09:27.550  PRE   GET /api/trade/fetch/b15520fc132785485c9fd3a9ea9e74193d562e3accd2e14af97c8cc8b6214a2f%2C815378d1a70335f7dcb4924176bb2309a36b4eeb9241d31308671ba87c63ff1c%2C78525a30d58b4a4c1aa778106d3f5890ebc8a47923f4367d949684ab3abbfdb9%2C2c71bede8f778011859533947ee7e309e54fcf9ecc809ea8d1011f067783a6ac%2C32e39d237cb99cf577963e306ae9097fdef28133f4fed27ba04a3048e7f9bafb  delay=6.000 min_gap=0.000 last=1784628567.551
12:09:27.550  ENF   delay=6.000 min_gap=0.000 jitter=8.986 gap=14.986 since_last=0.000 sleep=14.986
12:09:42.825  PARSE Account 6:4:10 → 0.667s/req pen=10s; Ip 12:4:60 → 0.333s/req pen=60s; Ip 16:12:60 → 0.750s/req pen=60s  delay 6.000→6.000  min_gap→0  max_usage=0%
12:09:42.825  RAW   content-type: application/json
12:09:42.825  RAW   x-rate-limit-policy: trade-fetch-request-limit
12:09:42.825  RAW   x-rate-limit-rules: Account,Ip
12:09:42.825  RAW   x-rate-limit-account: 6:4:10
12:09:42.825  RAW   x-rate-limit-account-state: 1:4:0
12:09:42.825  RAW   x-rate-limit-ip: 12:4:60,16:12:60
12:09:42.825  RAW   x-rate-limit-ip-state: 1:4:0,1:12:0
12:09:42.825  RAW   cf-cache-status: DYNAMIC
12:09:42.825  RAW   cf-ray: a1e96960ec1be32e-WAW
12:09:42.825  RESP  GET /api/trade/fetch/b15520fc132785485c9fd3a9ea9e74193d562e3accd2e14af97c8cc8b6214a2f%2C815378d1a70335f7dcb4924176bb2309a36b4eeb9241d31308671ba87c63ff1c%2C78525a30d58b4a4c1aa778106d3f5890ebc8a47923f4367d949684ab3abbfdb9%2C2c71bede8f778011859533947ee7e309e54fcf9ecc809ea8d1011f067783a6ac%2C32e39d237cb99cf577963e306ae9097fdef28133f4fed27ba04a3048e7f9bafb → 200  15.275s  delay=6.000 min_gap=0.000 last=1784628582.826
12:09:42.825  PRE   POST /api/trade/search/Standard  delay=6.000 min_gap=0.000 last=1784628582.826
12:09:42.825  ENF   delay=6.000 min_gap=0.000 jitter=7.048 gap=13.048 since_last=0.000 sleep=13.047
12:09:56.187  PARSE Account 3:5:60 → 1.667s/req pen=60s; Ip 8:10:60 → 1.250s/req pen=60s; Ip 15:60:120 → 4.000s/req pen=120s; Ip 60:300:1800 → 5.000s/req pen=1800s  delay 6.000→6.000  min_gap→0  max_usage=57%
12:09:56.187  RAW   content-type: application/json
12:09:56.187  RAW   x-rate-limit-policy: trade-search-request-limit
12:09:56.187  RAW   x-rate-limit-rules: Account,Ip
12:09:56.187  RAW   x-rate-limit-account: 3:5:60
12:09:56.187  RAW   x-rate-limit-account-state: 2:5:0
12:09:56.187  RAW   x-rate-limit-ip: 8:10:60,15:60:120,60:300:1800
12:09:56.187  RAW   x-rate-limit-ip-state: 2:10:0,7:60:0,34:300:0
12:09:56.187  RAW   cf-cache-status: DYNAMIC
12:09:56.187  RAW   cf-ray: a1e969b43822e32e-WAW
12:09:56.187  RESP  POST /api/trade/search/Standard → 200  13.362s  delay=6.000 min_gap=0.000 last=1784628596.188
12:09:56.187  PRE   GET /api/trade/fetch/6020d5f48250a65a7f514d2ab1a51b46ececde07e749a8abfb71b02cc5a4692c%2C5831c3ff142fea52a7404254c92d648d7dde33f5f8c032e686ec3a86e18f8fa1%2Ce14354777ac695197afa24c8b6372467674cd3ebc5f8a73938d23388c79d6dd9%2C25094c569c19611de7f93b60dcbdc78a1358dc5d64aee7f7ef7e05c9f0f8df17%2Cb2c4adbfb7bd213e32195cbdca7fd5b5a5a79ed5f429286ce39b4c7e48c69ad9  delay=6.000 min_gap=0.000 last=1784628596.188
12:09:56.187  ENF   delay=6.000 min_gap=0.000 jitter=7.226 gap=13.226 since_last=0.000 sleep=13.226
12:10:09.687  PARSE Account 6:4:10 → 0.667s/req pen=10s; Ip 12:4:60 → 0.333s/req pen=60s; Ip 16:12:60 → 0.750s/req pen=60s  delay 6.000→6.000  min_gap→0  max_usage=0%
12:10:09.687  RAW   content-type: application/json
12:10:09.687  RAW   x-rate-limit-policy: trade-fetch-request-limit
12:10:09.687  RAW   x-rate-limit-rules: Account,Ip
12:10:09.687  RAW   x-rate-limit-account: 6:4:10
12:10:09.687  RAW   x-rate-limit-account-state: 2:4:0
12:10:09.687  RAW   x-rate-limit-ip: 12:4:60,16:12:60
12:10:09.687  RAW   x-rate-limit-ip-state: 2:4:0,2:12:0
12:10:09.687  RAW   cf-cache-status: DYNAMIC
12:10:09.687  RAW   cf-ray: a1e96a08dbcce32e-WAW
12:10:09.687  RESP  GET /api/trade/fetch/6020d5f48250a65a7f514d2ab1a51b46ececde07e749a8abfb71b02cc5a4692c%2C5831c3ff142fea52a7404254c92d648d7dde33f5f8c032e686ec3a86e18f8fa1%2Ce14354777ac695197afa24c8b6372467674cd3ebc5f8a73938d23388c79d6dd9%2C25094c569c19611de7f93b60dcbdc78a1358dc5d64aee7f7ef7e05c9f0f8df17%2Cb2c4adbfb7bd213e32195cbdca7fd5b5a5a79ed5f429286ce39b4c7e48c69ad9 → 200  13.500s  delay=6.000 min_gap=0.000 last=1784628609.688
12:10:09.687  PRE   POST /api/trade/search/Standard  delay=6.000 min_gap=0.000 last=1784628609.688
12:10:09.687  ENF   delay=6.000 min_gap=0.000 jitter=9.603 gap=15.603 since_last=0.000 sleep=15.603
12:10:25.563  PARSE Account 3:5:60 → 1.667s/req pen=60s; Ip 8:10:60 → 1.250s/req pen=60s; Ip 15:60:120 → 4.000s/req pen=120s; Ip 60:300:1800 → 5.000s/req pen=1800s  delay 6.000→6.000  min_gap→0  max_usage=50%
12:10:25.564  RAW   content-type: application/json
12:10:25.564  RAW   x-rate-limit-policy: trade-search-request-limit
12:10:25.564  RAW   x-rate-limit-rules: Account,Ip
12:10:25.564  RAW   x-rate-limit-account: 3:5:60
12:10:25.564  RAW   x-rate-limit-account-state: 2:5:0
12:10:25.564  RAW   x-rate-limit-ip: 8:10:60,15:60:120,60:300:1800
12:10:25.564  RAW   x-rate-limit-ip-state: 2:10:0,6:60:0,30:300:0
12:10:25.564  RAW   cf-cache-status: DYNAMIC
12:10:25.564  RAW   cf-ray: a1e96a6c1f9fe32e-WAW
12:10:25.564  RESP  POST /api/trade/search/Standard → 200  15.876s  delay=6.000 min_gap=0.000 last=1784628625.564
12:10:25.564  PRE   GET /api/trade/fetch/b15520fc132785485c9fd3a9ea9e74193d562e3accd2e14af97c8cc8b6214a2f%2C78525a30d58b4a4c1aa778106d3f5890ebc8a47923f4367d949684ab3abbfdb9%2C815378d1a70335f7dcb4924176bb2309a36b4eeb9241d31308671ba87c63ff1c%2C2c71bede8f778011859533947ee7e309e54fcf9ecc809ea8d1011f067783a6ac%2C32e39d237cb99cf577963e306ae9097fdef28133f4fed27ba04a3048e7f9bafb  delay=6.000 min_gap=0.000 last=1784628625.564
12:10:25.564  ENF   delay=6.000 min_gap=0.000 jitter=5.129 gap=11.129 since_last=0.000 sleep=11.129
12:10:36.960  PARSE Account 6:4:10 → 0.667s/req pen=10s; Ip 12:4:60 → 0.333s/req pen=60s; Ip 16:12:60 → 0.750s/req pen=60s  delay 6.000→6.000  min_gap→0  max_usage=0%
12:10:36.960  RAW   content-type: application/json
12:10:36.960  RAW   x-rate-limit-policy: trade-fetch-request-limit
12:10:36.960  RAW   x-rate-limit-rules: Account,Ip
12:10:36.960  RAW   x-rate-limit-account: 6:4:10
12:10:36.960  RAW   x-rate-limit-account-state: 2:4:0
12:10:36.960  RAW   x-rate-limit-ip: 12:4:60,16:12:60
12:10:36.960  RAW   x-rate-limit-ip-state: 2:4:0,2:12:0
12:10:36.960  RAW   cf-cache-status: DYNAMIC
12:10:36.960  RAW   cf-ray: a1e96ab35e6be32e-WAW
12:10:36.960  RESP  GET /api/trade/fetch/b15520fc132785485c9fd3a9ea9e74193d562e3accd2e14af97c8cc8b6214a2f%2C78525a30d58b4a4c1aa778106d3f5890ebc8a47923f4367d949684ab3abbfdb9%2C815378d1a70335f7dcb4924176bb2309a36b4eeb9241d31308671ba87c63ff1c%2C2c71bede8f778011859533947ee7e309e54fcf9ecc809ea8d1011f067783a6ac%2C32e39d237cb99cf577963e306ae9097fdef28133f4fed27ba04a3048e7f9bafb → 200  11.396s  delay=6.000 min_gap=0.000 last=1784628636.960
12:10:36.986  PRE   POST /api/trade/search/Standard  delay=6.000 min_gap=0.000 last=1784628636.960
12:10:36.986  ENF   delay=6.000 min_gap=0.000 jitter=9.300 gap=15.300 since_last=0.026 sleep=15.274
12:10:52.532  PARSE Account 3:5:60 → 1.667s/req pen=60s; Ip 8:10:60 → 1.250s/req pen=60s; Ip 15:60:120 → 4.000s/req pen=120s; Ip 60:300:1800 → 5.000s/req pen=1800s  delay 6.000→6.000  min_gap→0  max_usage=55%
12:10:52.532  RAW   content-type: application/json
12:10:52.532  RAW   x-rate-limit-policy: trade-search-request-limit
12:10:52.532  RAW   x-rate-limit-rules: Account,Ip
12:10:52.532  RAW   x-rate-limit-account: 3:5:60
12:10:52.532  RAW   x-rate-limit-account-state: 2:5:0
12:10:52.532  RAW   x-rate-limit-ip: 8:10:60,15:60:120,60:300:1800
12:10:52.532  RAW   x-rate-limit-ip-state: 2:10:0,6:60:0,33:300:0
12:10:52.532  RAW   cf-cache-status: DYNAMIC
12:10:52.532  RAW   cf-ray: a1e96b14ab47e32e-WAW
12:10:52.532  RESP  POST /api/trade/search/Standard → 200  15.546s  delay=6.000 min_gap=0.000 last=1784628652.533
12:10:52.532  PRE   GET /api/trade/fetch/b15520fc132785485c9fd3a9ea9e74193d562e3accd2e14af97c8cc8b6214a2f%2C78525a30d58b4a4c1aa778106d3f5890ebc8a47923f4367d949684ab3abbfdb9%2C815378d1a70335f7dcb4924176bb2309a36b4eeb9241d31308671ba87c63ff1c%2C2c71bede8f778011859533947ee7e309e54fcf9ecc809ea8d1011f067783a6ac%2C2d81c57211934f2cbdc064e96f5ae25e27664674205eaff69cd75a36dd40ca33  delay=6.000 min_gap=0.000 last=1784628652.533
12:10:52.532  ENF   delay=6.000 min_gap=0.000 jitter=9.629 gap=15.629 since_last=0.000 sleep=15.629
12:11:08.431  PARSE Account 6:4:10 → 0.667s/req pen=10s; Ip 12:4:60 → 0.333s/req pen=60s; Ip 16:12:60 → 0.750s/req pen=60s  delay 6.000→6.000  min_gap→0  max_usage=0%
12:11:08.432  RAW   content-type: application/json
12:11:08.432  RAW   x-rate-limit-policy: trade-fetch-request-limit
12:11:08.432  RAW   x-rate-limit-rules: Account,Ip
12:11:08.432  RAW   x-rate-limit-account: 6:4:10
12:11:08.432  RAW   x-rate-limit-account-state: 1:4:0
12:11:08.432  RAW   x-rate-limit-ip: 12:4:60,16:12:60
12:11:08.432  RAW   x-rate-limit-ip-state: 1:4:0,2:12:0
12:11:08.432  RAW   cf-cache-status: DYNAMIC
12:11:08.432  RAW   cf-ray: a1e96b780e43e32e-WAW
12:11:08.432  RESP  GET /api/trade/fetch/b15520fc132785485c9fd3a9ea9e74193d562e3accd2e14af97c8cc8b6214a2f%2C78525a30d58b4a4c1aa778106d3f5890ebc8a47923f4367d949684ab3abbfdb9%2C815378d1a70335f7dcb4924176bb2309a36b4eeb9241d31308671ba87c63ff1c%2C2c71bede8f778011859533947ee7e309e54fcf9ecc809ea8d1011f067783a6ac%2C2d81c57211934f2cbdc064e96f5ae25e27664674205eaff69cd75a36dd40ca33 → 200  15.899s  delay=6.000 min_gap=0.000 last=1784628668.433
12:11:08.432  PRE   POST /api/trade/search/Standard  delay=6.000 min_gap=0.000 last=1784628668.433
12:11:08.432  ENF   delay=6.000 min_gap=0.000 jitter=9.123 gap=15.123 since_last=0.000 sleep=15.123
12:11:23.841  PARSE Account 3:5:60 → 1.667s/req pen=60s; Ip 8:10:60 → 1.250s/req pen=60s; Ip 15:60:120 → 4.000s/req pen=120s; Ip 60:300:1800 → 5.000s/req pen=1800s  delay 6.000→6.000  min_gap→0  max_usage=48%
12:11:23.841  RAW   content-type: application/json
12:11:23.841  RAW   x-rate-limit-policy: trade-search-request-limit
12:11:23.841  RAW   x-rate-limit-rules: Account,Ip
12:11:23.841  RAW   x-rate-limit-account: 3:5:60
12:11:23.841  RAW   x-rate-limit-account-state: 1:5:0
12:11:23.841  RAW   x-rate-limit-ip: 8:10:60,15:60:120,60:300:1800
12:11:23.841  RAW   x-rate-limit-ip-state: 1:10:0,6:60:0,29:300:0
12:11:23.841  RAW   cf-cache-status: DYNAMIC
12:11:23.841  RAW   cf-ray: a1e96bd83fe9e32e-WAW
12:11:23.841  RESP  POST /api/trade/search/Standard → 200  15.409s  delay=6.000 min_gap=0.000 last=1784628683.842
12:11:23.841  PRE   GET /api/trade/fetch/5831c3ff142fea52a7404254c92d648d7dde33f5f8c032e686ec3a86e18f8fa1%2C6020d5f48250a65a7f514d2ab1a51b46ececde07e749a8abfb71b02cc5a4692c%2Ce14354777ac695197afa24c8b6372467674cd3ebc5f8a73938d23388c79d6dd9%2C25094c569c19611de7f93b60dcbdc78a1358dc5d64aee7f7ef7e05c9f0f8df17%2Cb2c4adbfb7bd213e32195cbdca7fd5b5a5a79ed5f429286ce39b4c7e48c69ad9  delay=6.000 min_gap=0.000 last=1784628683.842
12:11:23.841  ENF   delay=6.000 min_gap=0.000 jitter=6.258 gap=12.258 since_last=0.000 sleep=12.258
12:11:36.372  PARSE Account 6:4:10 → 0.667s/req pen=10s; Ip 12:4:60 → 0.333s/req pen=60s; Ip 16:12:60 → 0.750s/req pen=60s  delay 6.000→6.000  min_gap→0  max_usage=0%
12:11:36.372  RAW   content-type: application/json
12:11:36.372  RAW   x-rate-limit-policy: trade-fetch-request-limit
12:11:36.373  RAW   x-rate-limit-rules: Account,Ip
12:11:36.373  RAW   x-rate-limit-account: 6:4:10
12:11:36.373  RAW   x-rate-limit-account-state: 1:4:0
12:11:36.373  RAW   x-rate-limit-ip: 12:4:60,16:12:60
12:11:36.373  RAW   x-rate-limit-ip-state: 1:4:0,2:12:0
12:11:36.373  RAW   cf-cache-status: DYNAMIC
12:11:36.373  RAW   cf-ray: a1e96c26ab11e32e-WAW
12:11:36.373  RESP  GET /api/trade/fetch/5831c3ff142fea52a7404254c92d648d7dde33f5f8c032e686ec3a86e18f8fa1%2C6020d5f48250a65a7f514d2ab1a51b46ececde07e749a8abfb71b02cc5a4692c%2Ce14354777ac695197afa24c8b6372467674cd3ebc5f8a73938d23388c79d6dd9%2C25094c569c19611de7f93b60dcbdc78a1358dc5d64aee7f7ef7e05c9f0f8df17%2Cb2c4adbfb7bd213e32195cbdca7fd5b5a5a79ed5f429286ce39b4c7e48c69ad9 → 200  12.531s  delay=6.000 min_gap=0.000 last=1784628696.373
12:11:36.373  PRE   POST /api/trade/search/Standard  delay=6.000 min_gap=0.000 last=1784628696.373
12:11:36.373  ENF   delay=6.000 min_gap=0.000 jitter=9.486 gap=15.486 since_last=0.000 sleep=15.486
12:11:52.130  PARSE Account 3:5:60 → 1.667s/req pen=60s; Ip 8:10:60 → 1.250s/req pen=60s; Ip 15:60:120 → 4.000s/req pen=120s; Ip 60:300:1800 → 5.000s/req pen=1800s  delay 6.000→6.000  min_gap→0  max_usage=53%
12:11:52.131  RAW   content-type: application/json
12:11:52.131  RAW   x-rate-limit-policy: trade-search-request-limit
12:11:52.131  RAW   x-rate-limit-rules: Account,Ip
12:11:52.131  RAW   x-rate-limit-account: 3:5:60
12:11:52.131  RAW   x-rate-limit-account-state: 1:5:0
12:11:52.131  RAW   x-rate-limit-ip: 8:10:60,15:60:120,60:300:1800
12:11:52.131  RAW   x-rate-limit-ip-state: 1:10:0,6:60:0,32:300:0
12:11:52.131  RAW   cf-cache-status: DYNAMIC
12:11:52.131  RAW   cf-ray: a1e96c892c4ae32e-WAW
12:11:52.131  RESP  POST /api/trade/search/Standard → 200  15.758s  delay=6.000 min_gap=0.000 last=1784628712.131
12:11:52.131  PRE   GET /api/trade/fetch/b15520fc132785485c9fd3a9ea9e74193d562e3accd2e14af97c8cc8b6214a2f%2C815378d1a70335f7dcb4924176bb2309a36b4eeb9241d31308671ba87c63ff1c%2C78525a30d58b4a4c1aa778106d3f5890ebc8a47923f4367d949684ab3abbfdb9%2C2c71bede8f778011859533947ee7e309e54fcf9ecc809ea8d1011f067783a6ac%2C2d81c57211934f2cbdc064e96f5ae25e27664674205eaff69cd75a36dd40ca33  delay=6.000 min_gap=0.000 last=1784628712.131
12:11:52.131  ENF   delay=6.000 min_gap=0.000 jitter=6.514 gap=12.514 since_last=0.000 sleep=12.514
12:12:04.917  PARSE Account 6:4:10 → 0.667s/req pen=10s; Ip 12:4:60 → 0.333s/req pen=60s; Ip 16:12:60 → 0.750s/req pen=60s  delay 6.000→6.000  min_gap→0  max_usage=0%
12:12:04.917  RAW   content-type: application/json
12:12:04.917  RAW   x-rate-limit-policy: trade-fetch-request-limit
12:12:04.917  RAW   x-rate-limit-rules: Account,Ip
12:12:04.917  RAW   x-rate-limit-account: 6:4:10
12:12:04.917  RAW   x-rate-limit-account-state: 1:4:0
12:12:04.917  RAW   x-rate-limit-ip: 12:4:60,16:12:60
12:12:04.917  RAW   x-rate-limit-ip-state: 1:4:0,2:12:0
12:12:04.917  RAW   cf-cache-status: DYNAMIC
12:12:04.917  RAW   cf-ray: a1e96cd90cbbe32e-WAW
12:12:04.917  RESP  GET /api/trade/fetch/b15520fc132785485c9fd3a9ea9e74193d562e3accd2e14af97c8cc8b6214a2f%2C815378d1a70335f7dcb4924176bb2309a36b4eeb9241d31308671ba87c63ff1c%2C78525a30d58b4a4c1aa778106d3f5890ebc8a47923f4367d949684ab3abbfdb9%2C2c71bede8f778011859533947ee7e309e54fcf9ecc809ea8d1011f067783a6ac%2C2d81c57211934f2cbdc064e96f5ae25e27664674205eaff69cd75a36dd40ca33 → 200  12.786s  delay=6.000 min_gap=0.000 last=1784628724.918
12:12:04.939  PRE   POST /api/trade/search/Standard  delay=6.000 min_gap=0.000 last=1784628724.918
12:12:04.939  ENF   delay=6.000 min_gap=0.000 jitter=6.697 gap=12.697 since_last=0.022 sleep=12.676
12:12:17.900  PARSE Account 3:5:60 → 1.667s/req pen=60s; Ip 8:10:60 → 1.250s/req pen=60s; Ip 15:60:120 → 4.000s/req pen=120s; Ip 60:300:1800 → 5.000s/req pen=1800s  delay 6.000→6.000  min_gap→0  max_usage=48%
12:12:17.900  RAW   content-type: application/json
12:12:17.900  RAW   x-rate-limit-policy: trade-search-request-limit
12:12:17.900  RAW   x-rate-limit-rules: Account,Ip
12:12:17.900  RAW   x-rate-limit-account: 3:5:60
12:12:17.900  RAW   x-rate-limit-account-state: 1:5:0
12:12:17.900  RAW   x-rate-limit-ip: 8:10:60,15:60:120,60:300:1800
12:12:17.900  RAW   x-rate-limit-ip-state: 2:10:0,6:60:0,29:300:0
12:12:17.900  RAW   cf-cache-status: DYNAMIC
12:12:17.900  RAW   cf-ray: a1e96d2a1e1ce32e-WAW
12:12:17.900  RESP  POST /api/trade/search/Standard → 200  12.961s  delay=6.000 min_gap=0.000 last=1784628737.900
12:12:17.900  PRE   GET /api/trade/fetch/07a74606901c816dc66c6df4d7479fc39a0bf68de1f0513aa7038741cfa98e3c%2Ce37bf09c929b366a8464e8d0d5d475900326cea635e047a9510672fc4674ce37%2Cdf85d4323d36d87b8c5c6933e9b19453a6d19e41762a1db7e29d78eeaba5857f%2Cbb31055421554a85e605b52907197d669b6645465307c54441e78b3ddbbb45c1%2Cc68625c1b321ce7478ea401408a5b583b22b7cafe3c244fbb2a36f1451aebfcf  delay=6.000 min_gap=0.000 last=1784628737.900
12:12:17.900  ENF   delay=6.000 min_gap=0.000 jitter=9.860 gap=15.860 since_last=0.000 sleep=15.860
12:12:34.068  PARSE Account 6:4:10 → 0.667s/req pen=10s; Ip 12:4:60 → 0.333s/req pen=60s; Ip 16:12:60 → 0.750s/req pen=60s  delay 6.000→6.000  min_gap→0  max_usage=0%
12:12:34.068  RAW   content-type: application/json
12:12:34.068  RAW   x-rate-limit-policy: trade-fetch-request-limit
12:12:34.068  RAW   x-rate-limit-rules: Account,Ip
12:12:34.068  RAW   x-rate-limit-account: 6:4:10
12:12:34.068  RAW   x-rate-limit-account-state: 1:4:0
12:12:34.068  RAW   x-rate-limit-ip: 12:4:60,16:12:60
12:12:34.068  RAW   x-rate-limit-ip-state: 1:4:0,2:12:0
12:12:34.068  RAW   cf-cache-status: DYNAMIC
12:12:34.068  RAW   cf-ray: a1e96d8f08c0e32e-WAW
12:12:34.068  RESP  GET /api/trade/fetch/07a74606901c816dc66c6df4d7479fc39a0bf68de1f0513aa7038741cfa98e3c%2Ce37bf09c929b366a8464e8d0d5d475900326cea635e047a9510672fc4674ce37%2Cdf85d4323d36d87b8c5c6933e9b19453a6d19e41762a1db7e29d78eeaba5857f%2Cbb31055421554a85e605b52907197d669b6645465307c54441e78b3ddbbb45c1%2Cc68625c1b321ce7478ea401408a5b583b22b7cafe3c244fbb2a36f1451aebfcf → 200  16.168s  delay=6.000 min_gap=0.000 last=1784628754.069
12:12:34.069  PRE   POST /api/trade/search/Standard  delay=6.000 min_gap=0.000 last=1784628754.069
12:12:34.069  ENF   delay=6.000 min_gap=0.000 jitter=7.923 gap=13.923 since_last=0.000 sleep=13.923
12:12:48.274  PARSE Account 3:5:60 → 1.667s/req pen=60s; Ip 8:10:60 → 1.250s/req pen=60s; Ip 15:60:120 → 4.000s/req pen=120s; Ip 60:300:1800 → 5.000s/req pen=1800s  delay 6.000→6.000  min_gap→0  max_usage=53%
12:12:48.274  RAW   content-type: application/json
12:12:48.274  RAW   x-rate-limit-policy: trade-search-request-limit
12:12:48.274  RAW   x-rate-limit-rules: Account,Ip
12:12:48.274  RAW   x-rate-limit-account: 3:5:60
12:12:48.274  RAW   x-rate-limit-account-state: 1:5:0
12:12:48.274  RAW   x-rate-limit-ip: 8:10:60,15:60:120,60:300:1800
12:12:48.274  RAW   x-rate-limit-ip-state: 1:10:0,5:60:0,32:300:0
12:12:48.274  RAW   cf-cache-status: DYNAMIC
12:12:48.274  RAW   cf-ray: a1e96de7feaae32e-WAW
12:12:48.274  RESP  POST /api/trade/search/Standard → 200  14.205s  delay=6.000 min_gap=0.000 last=1784628768.275
12:12:48.274  PRE   GET /api/trade/fetch/5831c3ff142fea52a7404254c92d648d7dde33f5f8c032e686ec3a86e18f8fa1%2C6020d5f48250a65a7f514d2ab1a51b46ececde07e749a8abfb71b02cc5a4692c%2Ce14354777ac695197afa24c8b6372467674cd3ebc5f8a73938d23388c79d6dd9%2C25094c569c19611de7f93b60dcbdc78a1358dc5d64aee7f7ef7e05c9f0f8df17%2Cb2c4adbfb7bd213e32195cbdca7fd5b5a5a79ed5f429286ce39b4c7e48c69ad9  delay=6.000 min_gap=0.000 last=1784628768.275
12:12:48.274  ENF   delay=6.000 min_gap=0.000 jitter=8.693 gap=14.693 since_last=0.000 sleep=14.692
12:13:03.241  PARSE Account 6:4:10 → 0.667s/req pen=10s; Ip 12:4:60 → 0.333s/req pen=60s; Ip 16:12:60 → 0.750s/req pen=60s  delay 6.000→6.000  min_gap→0  max_usage=0%
12:13:03.241  RAW   content-type: application/json
12:13:03.241  RAW   x-rate-limit-policy: trade-fetch-request-limit
12:13:03.241  RAW   x-rate-limit-rules: Account,Ip
12:13:03.241  RAW   x-rate-limit-account: 6:4:10
12:13:03.241  RAW   x-rate-limit-account-state: 2:4:0
12:13:03.241  RAW   x-rate-limit-ip: 12:4:60,16:12:60
12:13:03.241  RAW   x-rate-limit-ip-state: 2:4:0,3:12:0
12:13:03.241  RAW   cf-cache-status: DYNAMIC
12:13:03.241  RAW   cf-ray: a1e96e459fc2e32e-WAW
12:13:03.241  RESP  GET /api/trade/fetch/5831c3ff142fea52a7404254c92d648d7dde33f5f8c032e686ec3a86e18f8fa1%2C6020d5f48250a65a7f514d2ab1a51b46ececde07e749a8abfb71b02cc5a4692c%2Ce14354777ac695197afa24c8b6372467674cd3ebc5f8a73938d23388c79d6dd9%2C25094c569c19611de7f93b60dcbdc78a1358dc5d64aee7f7ef7e05c9f0f8df17%2Cb2c4adbfb7bd213e32195cbdca7fd5b5a5a79ed5f429286ce39b4c7e48c69ad9 → 200  14.967s  delay=6.000 min_gap=0.000 last=1784628783.242
12:13:03.242  PRE   POST /api/trade/search/Standard  delay=6.000 min_gap=0.000 last=1784628783.242
12:13:03.242  ENF   delay=6.000 min_gap=0.000 jitter=5.431 gap=11.431 since_last=0.000 sleep=11.431
12:13:14.978  PARSE Account 3:5:60 → 1.667s/req pen=60s; Ip 8:10:60 → 1.250s/req pen=60s; Ip 15:60:120 → 4.000s/req pen=120s; Ip 60:300:1800 → 5.000s/req pen=1800s  delay 6.000→6.000  min_gap→0  max_usage=47%
12:13:14.978  RAW   content-type: application/json
12:13:14.978  RAW   x-rate-limit-policy: trade-search-request-limit
12:13:14.978  RAW   x-rate-limit-rules: Account,Ip
12:13:14.978  RAW   x-rate-limit-account: 3:5:60
12:13:14.978  RAW   x-rate-limit-account-state: 1:5:0
12:13:14.978  RAW   x-rate-limit-ip: 8:10:60,15:60:120,60:300:1800
12:13:14.978  RAW   x-rate-limit-ip-state: 2:10:0,7:60:0,28:300:0
12:13:14.978  RAW   cf-cache-status: DYNAMIC
12:13:14.978  RAW   cf-ray: a1e96e8ebc63e32e-WAW
12:13:14.978  RESP  POST /api/trade/search/Standard → 200  11.736s  delay=6.000 min_gap=0.000 last=1784628794.978
12:13:14.978  PRE   GET /api/trade/fetch/c68625c1b321ce7478ea401408a5b583b22b7cafe3c244fbb2a36f1451aebfcf%2Cbb31055421554a85e605b52907197d669b6645465307c54441e78b3ddbbb45c1%2Cdf85d4323d36d87b8c5c6933e9b19453a6d19e41762a1db7e29d78eeaba5857f%2C0694814c7cfbeee2af720fe3e002727c92e7eef836020431b815c85c210a9c2c%2C3593b5719919f76676302fb22bda7c722b1fc68b095fc943a549cd1b8d71a9e2  delay=6.000 min_gap=0.000 last=1784628794.978
12:13:14.978  ENF   delay=6.000 min_gap=0.000 jitter=8.925 gap=14.925 since_last=0.000 sleep=14.925
12:13:30.228  PARSE Account 6:4:10 → 0.667s/req pen=10s; Ip 12:4:60 → 0.333s/req pen=60s; Ip 16:12:60 → 0.750s/req pen=60s  delay 6.000→6.000  min_gap→0  max_usage=0%
12:13:30.228  RAW   content-type: application/json
12:13:30.228  RAW   x-rate-limit-policy: trade-fetch-request-limit
12:13:30.228  RAW   x-rate-limit-rules: Account,Ip
12:13:30.228  RAW   x-rate-limit-account: 6:4:10
12:13:30.228  RAW   x-rate-limit-account-state: 1:4:0
12:13:30.228  RAW   x-rate-limit-ip: 12:4:60,16:12:60
12:13:30.228  RAW   x-rate-limit-ip-state: 1:4:0,2:12:0
12:13:30.228  RAW   cf-cache-status: DYNAMIC
12:13:30.228  RAW   cf-ray: a1e96eedea63e32e-WAW
12:13:30.228  RESP  GET /api/trade/fetch/c68625c1b321ce7478ea401408a5b583b22b7cafe3c244fbb2a36f1451aebfcf%2Cbb31055421554a85e605b52907197d669b6645465307c54441e78b3ddbbb45c1%2Cdf85d4323d36d87b8c5c6933e9b19453a6d19e41762a1db7e29d78eeaba5857f%2C0694814c7cfbeee2af720fe3e002727c92e7eef836020431b815c85c210a9c2c%2C3593b5719919f76676302fb22bda7c722b1fc68b095fc943a549cd1b8d71a9e2 → 200  15.250s  delay=6.000 min_gap=0.000 last=1784628810.229
12:13:30.262  PRE   POST /api/trade/search/Standard  delay=6.000 min_gap=0.000 last=1784628810.229
12:13:30.262  ENF   delay=6.000 min_gap=0.000 jitter=9.457 gap=15.457 since_last=0.034 sleep=15.423
12:13:45.970  PARSE Account 3:5:60 → 1.667s/req pen=60s; Ip 8:10:60 → 1.250s/req pen=60s; Ip 15:60:120 → 4.000s/req pen=120s; Ip 60:300:1800 → 5.000s/req pen=1800s  delay 6.000→6.000  min_gap→0  max_usage=53%
12:13:45.970  RAW   content-type: application/json
12:13:45.970  RAW   x-rate-limit-policy: trade-search-request-limit
12:13:45.970  RAW   x-rate-limit-rules: Account,Ip
12:13:45.970  RAW   x-rate-limit-account: 3:5:60
12:13:45.970  RAW   x-rate-limit-account-state: 2:5:0
12:13:45.970  RAW   x-rate-limit-ip: 8:10:60,15:60:120,60:300:1800
12:13:45.970  RAW   x-rate-limit-ip-state: 2:10:0,6:60:0,32:300:0
12:13:45.970  RAW   cf-cache-status: DYNAMIC
12:13:45.970  RAW   cf-ray: a1e96f508efee32e-WAW
12:13:45.970  RESP  POST /api/trade/search/Standard → 200  15.708s  delay=6.000 min_gap=0.000 last=1784628825.971
12:13:45.970  PRE   GET /api/trade/fetch/bb31055421554a85e605b52907197d669b6645465307c54441e78b3ddbbb45c1%2Cc68625c1b321ce7478ea401408a5b583b22b7cafe3c244fbb2a36f1451aebfcf%2Cdf85d4323d36d87b8c5c6933e9b19453a6d19e41762a1db7e29d78eeaba5857f%2C4723a85fd7764ad2a066bf1e0d24ec8591e7c93d19297e64003cc11110edd082%2Cafd30a1e87dcac71e962dc94bb98f7494d3c0ff9c3183d880162689e574ae7bc  delay=6.000 min_gap=0.000 last=1784628825.971
12:13:45.970  ENF   delay=6.000 min_gap=0.000 jitter=5.275 gap=11.275 since_last=0.000 sleep=11.275
12:13:57.517  PARSE Account 6:4:10 → 0.667s/req pen=10s; Ip 12:4:60 → 0.333s/req pen=60s; Ip 16:12:60 → 0.750s/req pen=60s  delay 6.000→6.000  min_gap→0  max_usage=0%
12:13:57.517  RAW   content-type: application/json
12:13:57.517  RAW   x-rate-limit-policy: trade-fetch-request-limit
12:13:57.517  RAW   x-rate-limit-rules: Account,Ip
12:13:57.517  RAW   x-rate-limit-account: 6:4:10
12:13:57.517  RAW   x-rate-limit-account-state: 1:4:0
12:13:57.517  RAW   x-rate-limit-ip: 12:4:60,16:12:60
12:13:57.517  RAW   x-rate-limit-ip-state: 1:4:0,2:12:0
12:13:57.517  RAW   cf-cache-status: DYNAMIC
12:13:57.517  RAW   cf-ray: a1e96f98ca0be32e-WAW
12:13:57.517  RESP  GET /api/trade/fetch/bb31055421554a85e605b52907197d669b6645465307c54441e78b3ddbbb45c1%2Cc68625c1b321ce7478ea401408a5b583b22b7cafe3c244fbb2a36f1451aebfcf%2Cdf85d4323d36d87b8c5c6933e9b19453a6d19e41762a1db7e29d78eeaba5857f%2C4723a85fd7764ad2a066bf1e0d24ec8591e7c93d19297e64003cc11110edd082%2Cafd30a1e87dcac71e962dc94bb98f7494d3c0ff9c3183d880162689e574ae7bc → 200  11.546s  delay=6.000 min_gap=0.000 last=1784628837.517
12:13:57.517  PRE   POST /api/trade/search/Standard  delay=6.000 min_gap=0.000 last=1784628837.517
12:13:57.517  ENF   delay=6.000 min_gap=0.000 jitter=8.069 gap=14.069 since_last=0.000 sleep=14.069
12:14:11.875  PARSE Account 3:5:60 → 1.667s/req pen=60s; Ip 8:10:60 → 1.250s/req pen=60s; Ip 15:60:120 → 4.000s/req pen=120s; Ip 60:300:1800 → 5.000s/req pen=1800s  delay 6.000→6.000  min_gap→0  max_usage=45%
12:14:11.875  RAW   content-type: application/json
12:14:11.875  RAW   x-rate-limit-policy: trade-search-request-limit
12:14:11.875  RAW   x-rate-limit-rules: Account,Ip
12:14:11.875  RAW   x-rate-limit-account: 3:5:60
12:14:11.875  RAW   x-rate-limit-account-state: 1:5:0
12:14:11.875  RAW   x-rate-limit-ip: 8:10:60,15:60:120,60:300:1800
12:14:11.875  RAW   x-rate-limit-ip-state: 1:10:0,6:60:0,27:300:0
12:14:11.875  RAW   cf-cache-status: DYNAMIC
12:14:11.876  RAW   cf-ray: a1e96ff27e25e32e-WAW
12:14:11.876  RESP  POST /api/trade/search/Standard → 200  14.358s  delay=6.000 min_gap=0.000 last=1784628851.876
12:14:11.876  PRE   GET /api/trade/fetch/6020d5f48250a65a7f514d2ab1a51b46ececde07e749a8abfb71b02cc5a4692c%2C5831c3ff142fea52a7404254c92d648d7dde33f5f8c032e686ec3a86e18f8fa1%2Ce14354777ac695197afa24c8b6372467674cd3ebc5f8a73938d23388c79d6dd9%2C25094c569c19611de7f93b60dcbdc78a1358dc5d64aee7f7ef7e05c9f0f8df17%2Cb2c4adbfb7bd213e32195cbdca7fd5b5a5a79ed5f429286ce39b4c7e48c69ad9  delay=6.000 min_gap=0.000 last=1784628851.876
12:14:11.876  ENF   delay=6.000 min_gap=0.000 jitter=6.515 gap=12.515 since_last=0.000 sleep=12.515
12:14:24.701  PARSE Account 6:4:10 → 0.667s/req pen=10s; Ip 12:4:60 → 0.333s/req pen=60s; Ip 16:12:60 → 0.750s/req pen=60s  delay 6.000→6.000  min_gap→0  max_usage=0%
12:14:24.701  RAW   content-type: application/json
12:14:24.701  RAW   x-rate-limit-policy: trade-fetch-request-limit
12:14:24.701  RAW   x-rate-limit-rules: Account,Ip
12:14:24.701  RAW   x-rate-limit-account: 6:4:10
12:14:24.701  RAW   x-rate-limit-account-state: 2:4:0
12:14:24.701  RAW   x-rate-limit-ip: 12:4:60,16:12:60
12:14:24.701  RAW   x-rate-limit-ip-state: 2:4:0,3:12:0
12:14:24.701  RAW   cf-cache-status: DYNAMIC
12:14:24.701  RAW   cf-ray: a1e970427db2e32e-WAW
12:14:24.701  RESP  GET /api/trade/fetch/6020d5f48250a65a7f514d2ab1a51b46ececde07e749a8abfb71b02cc5a4692c%2C5831c3ff142fea52a7404254c92d648d7dde33f5f8c032e686ec3a86e18f8fa1%2Ce14354777ac695197afa24c8b6372467674cd3ebc5f8a73938d23388c79d6dd9%2C25094c569c19611de7f93b60dcbdc78a1358dc5d64aee7f7ef7e05c9f0f8df17%2Cb2c4adbfb7bd213e32195cbdca7fd5b5a5a79ed5f429286ce39b4c7e48c69ad9 → 200  12.826s  delay=6.000 min_gap=0.000 last=1784628864.702
12:14:24.702  PRE   POST /api/trade/search/Standard  delay=6.000 min_gap=0.000 last=1784628864.702
12:14:24.702  ENF   delay=6.000 min_gap=0.000 jitter=6.072 gap=12.072 since_last=0.000 sleep=12.072
12:14:37.052  PARSE Account 3:5:60 → 1.667s/req pen=60s; Ip 8:10:60 → 1.250s/req pen=60s; Ip 15:60:120 → 4.000s/req pen=120s; Ip 60:300:1800 → 5.000s/req pen=1800s  delay 6.000→6.000  min_gap→0  max_usage=50%
12:14:37.052  RAW   content-type: application/json
12:14:37.052  RAW   x-rate-limit-policy: trade-search-request-limit
12:14:37.052  RAW   x-rate-limit-rules: Account,Ip
12:14:37.052  RAW   x-rate-limit-account: 3:5:60
12:14:37.052  RAW   x-rate-limit-account-state: 2:5:0
12:14:37.052  RAW   x-rate-limit-ip: 8:10:60,15:60:120,60:300:1800
12:14:37.053  RAW   x-rate-limit-ip-state: 2:10:0,6:60:0,30:300:0
12:14:37.053  RAW   cf-cache-status: DYNAMIC
12:14:37.053  RAW   cf-ray: a1e9708fdaece32e-WAW
12:14:37.053  RESP  POST /api/trade/search/Standard → 200  12.351s  delay=6.000 min_gap=0.000 last=1784628877.053
12:14:37.053  PRE   GET /api/trade/fetch/c68625c1b321ce7478ea401408a5b583b22b7cafe3c244fbb2a36f1451aebfcf%2Cbb31055421554a85e605b52907197d669b6645465307c54441e78b3ddbbb45c1%2Cdf85d4323d36d87b8c5c6933e9b19453a6d19e41762a1db7e29d78eeaba5857f%2Ce789f7f053b52f766c0c8d7cd03f0274e787e3b4613e5dd1aab19e7060fdc4cb%2C71ac170245957271305f34a2928460e834fd6da55a97af53089f1f9fbd03692a  delay=6.000 min_gap=0.000 last=1784628877.053
12:14:37.053  ENF   delay=6.000 min_gap=0.000 jitter=8.065 gap=14.065 since_last=0.000 sleep=14.065
12:14:51.462  PARSE Account 6:4:10 → 0.667s/req pen=10s; Ip 12:4:60 → 0.333s/req pen=60s; Ip 16:12:60 → 0.750s/req pen=60s  delay 6.000→6.000  min_gap→0  max_usage=0%
12:14:51.462  RAW   content-type: application/json
12:14:51.462  RAW   x-rate-limit-policy: trade-fetch-request-limit
12:14:51.462  RAW   x-rate-limit-rules: Account,Ip
12:14:51.463  RAW   x-rate-limit-account: 6:4:10
12:14:51.463  RAW   x-rate-limit-account-state: 1:4:0
12:14:51.463  RAW   x-rate-limit-ip: 12:4:60,16:12:60
12:14:51.463  RAW   x-rate-limit-ip-state: 1:4:0,2:12:0
12:14:51.463  RAW   cf-cache-status: DYNAMIC
12:14:51.463  RAW   cf-ray: a1e970e98a17e32e-WAW
12:14:51.463  RESP  GET /api/trade/fetch/c68625c1b321ce7478ea401408a5b583b22b7cafe3c244fbb2a36f1451aebfcf%2Cbb31055421554a85e605b52907197d669b6645465307c54441e78b3ddbbb45c1%2Cdf85d4323d36d87b8c5c6933e9b19453a6d19e41762a1db7e29d78eeaba5857f%2Ce789f7f053b52f766c0c8d7cd03f0274e787e3b4613e5dd1aab19e7060fdc4cb%2C71ac170245957271305f34a2928460e834fd6da55a97af53089f1f9fbd03692a → 200  14.410s  delay=6.000 min_gap=0.000 last=1784628891.463
12:14:51.489  PRE   POST /api/trade/search/Standard  delay=6.000 min_gap=0.000 last=1784628891.463
12:14:51.489  ENF   delay=6.000 min_gap=0.000 jitter=8.949 gap=14.949 since_last=0.027 sleep=14.922
12:15:06.706  PARSE Account 3:5:60 → 1.667s/req pen=60s; Ip 8:10:60 → 1.250s/req pen=60s; Ip 15:60:120 → 4.000s/req pen=120s; Ip 60:300:1800 → 5.000s/req pen=1800s  delay 6.000→6.000  min_gap→0  max_usage=45%
12:15:06.706  RAW   content-type: application/json
12:15:06.706  RAW   x-rate-limit-policy: trade-search-request-limit
12:15:06.706  RAW   x-rate-limit-rules: Account,Ip
12:15:06.706  RAW   x-rate-limit-account: 3:5:60
12:15:06.706  RAW   x-rate-limit-account-state: 2:5:0
12:15:06.706  RAW   x-rate-limit-ip: 8:10:60,15:60:120,60:300:1800
12:15:06.706  RAW   x-rate-limit-ip-state: 2:10:0,5:60:0,27:300:0
12:15:06.706  RAW   cf-cache-status: DYNAMIC
12:15:06.706  RAW   cf-ray: a1e971491bb9e32e-WAW
12:15:06.706  RESP  POST /api/trade/search/Standard → 200  15.217s  delay=6.000 min_gap=0.000 last=1784628906.707
12:15:06.707  PRE   GET /api/trade/fetch/df85d4323d36d87b8c5c6933e9b19453a6d19e41762a1db7e29d78eeaba5857f%2C71ac170245957271305f34a2928460e834fd6da55a97af53089f1f9fbd03692a%2C030b368cbfd6ab6d66d7dcf85d99052db6d4f2f1567baf8ec52bd42e090d1170%2C5b66a9f35a7af7ea21745ca2b36d42ce4decf1c28fa7af7d304938f4c034faf5%2C26f9cbadbff3484bf3e605ce407bb4c0ed169777c9b3ed24aa25d78ce8fa5630  delay=6.000 min_gap=0.000 last=1784628906.707
12:15:06.707  ENF   delay=6.000 min_gap=0.000 jitter=5.438 gap=11.438 since_last=0.000 sleep=11.438
12:15:18.410  PARSE Account 6:4:10 → 0.667s/req pen=10s; Ip 12:4:60 → 0.333s/req pen=60s; Ip 16:12:60 → 0.750s/req pen=60s  delay 6.000→6.000  min_gap→0  max_usage=0%
12:15:18.410  RAW   content-type: application/json
12:15:18.410  RAW   x-rate-limit-policy: trade-fetch-request-limit
12:15:18.410  RAW   x-rate-limit-rules: Account,Ip
12:15:18.410  RAW   x-rate-limit-account: 6:4:10
12:15:18.410  RAW   x-rate-limit-account-state: 2:4:0
12:15:18.410  RAW   x-rate-limit-ip: 12:4:60,16:12:60
12:15:18.410  RAW   x-rate-limit-ip-state: 2:4:0,2:12:0
12:15:18.410  RAW   cf-cache-status: DYNAMIC
12:15:18.410  RAW   cf-ray: a1e9719268b3e32e-WAW
12:15:18.410  RESP  GET /api/trade/fetch/df85d4323d36d87b8c5c6933e9b19453a6d19e41762a1db7e29d78eeaba5857f%2C71ac170245957271305f34a2928460e834fd6da55a97af53089f1f9fbd03692a%2C030b368cbfd6ab6d66d7dcf85d99052db6d4f2f1567baf8ec52bd42e090d1170%2C5b66a9f35a7af7ea21745ca2b36d42ce4decf1c28fa7af7d304938f4c034faf5%2C26f9cbadbff3484bf3e605ce407bb4c0ed169777c9b3ed24aa25d78ce8fa5630 → 200  11.703s  delay=6.000 min_gap=0.000 last=1784628918.411
12:15:18.410  PRE   POST /api/trade/search/Standard  delay=6.000 min_gap=0.000 last=1784628918.411
12:15:18.410  ENF   delay=6.000 min_gap=0.000 jitter=6.562 gap=12.562 since_last=0.000 sleep=12.562
12:15:31.265  PARSE Account 3:5:60 → 1.667s/req pen=60s; Ip 8:10:60 → 1.250s/req pen=60s; Ip 15:60:120 → 4.000s/req pen=120s; Ip 60:300:1800 → 5.000s/req pen=1800s  delay 6.000→6.000  min_gap→0  max_usage=48%
12:15:31.265  RAW   content-type: application/json
12:15:31.265  RAW   x-rate-limit-policy: trade-search-request-limit
12:15:31.265  RAW   x-rate-limit-rules: Account,Ip
12:15:31.265  RAW   x-rate-limit-account: 3:5:60
12:15:31.265  RAW   x-rate-limit-account-state: 1:5:0
12:15:31.265  RAW   x-rate-limit-ip: 8:10:60,15:60:120,60:300:1800
12:15:31.265  RAW   x-rate-limit-ip-state: 1:10:0,4:60:0,29:300:0
12:15:31.265  RAW   cf-cache-status: DYNAMIC
12:15:31.265  RAW   cf-ray: a1e971e29c55e32e-WAW
12:15:31.265  RESP  POST /api/trade/search/Standard → 200  12.854s  delay=6.000 min_gap=0.000 last=1784628931.265
12:15:31.265  PRE   GET /api/trade/fetch/6020d5f48250a65a7f514d2ab1a51b46ececde07e749a8abfb71b02cc5a4692c%2C5831c3ff142fea52a7404254c92d648d7dde33f5f8c032e686ec3a86e18f8fa1%2Ce14354777ac695197afa24c8b6372467674cd3ebc5f8a73938d23388c79d6dd9%2C25094c569c19611de7f93b60dcbdc78a1358dc5d64aee7f7ef7e05c9f0f8df17%2Cb2c4adbfb7bd213e32195cbdca7fd5b5a5a79ed5f429286ce39b4c7e48c69ad9  delay=6.000 min_gap=0.000 last=1784628931.265
12:15:31.265  ENF   delay=6.000 min_gap=0.000 jitter=6.965 gap=12.965 since_last=0.000 sleep=12.965
12:15:44.503  PARSE Account 6:4:10 → 0.667s/req pen=10s; Ip 12:4:60 → 0.333s/req pen=60s; Ip 16:12:60 → 0.750s/req pen=60s  delay 6.000→6.000  min_gap→0  max_usage=0%
12:15:44.504  RAW   content-type: application/json
12:15:44.504  RAW   x-rate-limit-policy: trade-fetch-request-limit
12:15:44.504  RAW   x-rate-limit-rules: Account,Ip
12:15:44.504  RAW   x-rate-limit-account: 6:4:10
12:15:44.504  RAW   x-rate-limit-account-state: 1:4:0
12:15:44.504  RAW   x-rate-limit-ip: 12:4:60,16:12:60
12:15:44.504  RAW   x-rate-limit-ip-state: 1:4:0,1:12:0
12:15:44.504  RAW   cf-cache-status: DYNAMIC
12:15:44.504  RAW   cf-ray: a1e972357839e32e-WAW
12:15:44.504  RESP  GET /api/trade/fetch/6020d5f48250a65a7f514d2ab1a51b46ececde07e749a8abfb71b02cc5a4692c%2C5831c3ff142fea52a7404254c92d648d7dde33f5f8c032e686ec3a86e18f8fa1%2Ce14354777ac695197afa24c8b6372467674cd3ebc5f8a73938d23388c79d6dd9%2C25094c569c19611de7f93b60dcbdc78a1358dc5d64aee7f7ef7e05c9f0f8df17%2Cb2c4adbfb7bd213e32195cbdca7fd5b5a5a79ed5f429286ce39b4c7e48c69ad9 → 200  13.238s  delay=6.000 min_gap=0.000 last=1784628944.504
12:15:44.504  PRE   POST /api/trade/search/Standard  delay=6.000 min_gap=0.000 last=1784628944.504
12:15:44.504  ENF   delay=6.000 min_gap=0.000 jitter=6.987 gap=12.987 since_last=0.000 sleep=12.987
12:15:57.776  PARSE Account 3:5:60 → 1.667s/req pen=60s; Ip 8:10:60 → 1.250s/req pen=60s; Ip 15:60:120 → 4.000s/req pen=120s; Ip 60:300:1800 → 5.000s/req pen=1800s  delay 6.000→6.000  min_gap→0  max_usage=53%
12:15:57.776  RAW   content-type: application/json
12:15:57.776  RAW   x-rate-limit-policy: trade-search-request-limit
12:15:57.776  RAW   x-rate-limit-rules: Account,Ip
12:15:57.776  RAW   x-rate-limit-account: 3:5:60
12:15:57.776  RAW   x-rate-limit-account-state: 1:5:0
12:15:57.776  RAW   x-rate-limit-ip: 8:10:60,15:60:120,60:300:1800
12:15:57.776  RAW   x-rate-limit-ip-state: 1:10:0,7:60:0,32:300:0
12:15:57.776  RAW   cf-cache-status: DYNAMIC
12:15:57.776  RAW   cf-ray: a1e972885b97e32e-WAW
12:15:57.776  RESP  POST /api/trade/search/Standard → 200  13.272s  delay=6.000 min_gap=0.000 last=1784628957.777
12:15:57.776  PRE   GET /api/trade/fetch/df85d4323d36d87b8c5c6933e9b19453a6d19e41762a1db7e29d78eeaba5857f%2C71ac170245957271305f34a2928460e834fd6da55a97af53089f1f9fbd03692a%2C030b368cbfd6ab6d66d7dcf85d99052db6d4f2f1567baf8ec52bd42e090d1170%2C26f9cbadbff3484bf3e605ce407bb4c0ed169777c9b3ed24aa25d78ce8fa5630%2C754f11956210fcffefba764697ff8362b5a2d374962b0769ae74c5c8425fe077  delay=6.000 min_gap=0.000 last=1784628957.777
12:15:57.776  ENF   delay=6.000 min_gap=0.000 jitter=9.546 gap=15.546 since_last=0.000 sleep=15.546
12:16:13.605  PARSE Account 6:4:10 → 0.667s/req pen=10s; Ip 12:4:60 → 0.333s/req pen=60s; Ip 16:12:60 → 0.750s/req pen=60s  delay 6.000→6.000  min_gap→0  max_usage=0%
12:16:13.605  RAW   content-type: application/json
12:16:13.605  RAW   x-rate-limit-policy: trade-fetch-request-limit
12:16:13.605  RAW   x-rate-limit-rules: Account,Ip
12:16:13.605  RAW   x-rate-limit-account: 6:4:10
12:16:13.605  RAW   x-rate-limit-account-state: 1:4:0
12:16:13.605  RAW   x-rate-limit-ip: 12:4:60,16:12:60
12:16:13.605  RAW   x-rate-limit-ip-state: 1:4:0,1:12:0
12:16:13.605  RAW   cf-cache-status: DYNAMIC
12:16:13.605  RAW   cf-ray: a1e972eb4c79e32e-WAW
12:16:13.605  RESP  GET /api/trade/fetch/df85d4323d36d87b8c5c6933e9b19453a6d19e41762a1db7e29d78eeaba5857f%2C71ac170245957271305f34a2928460e834fd6da55a97af53089f1f9fbd03692a%2C030b368cbfd6ab6d66d7dcf85d99052db6d4f2f1567baf8ec52bd42e090d1170%2C26f9cbadbff3484bf3e605ce407bb4c0ed169777c9b3ed24aa25d78ce8fa5630%2C754f11956210fcffefba764697ff8362b5a2d374962b0769ae74c5c8425fe077 → 200  15.829s  delay=6.000 min_gap=0.000 last=1784628973.606
12:16:13.631  PRE   POST /api/trade/search/Standard  delay=6.000 min_gap=0.000 last=1784628973.606
12:16:13.631  ENF   delay=6.000 min_gap=0.000 jitter=5.993 gap=11.993 since_last=0.026 sleep=11.967
12:16:25.878  PARSE Account 3:5:60 → 1.667s/req pen=60s; Ip 8:10:60 → 1.250s/req pen=60s; Ip 15:60:120 → 4.000s/req pen=120s; Ip 60:300:1800 → 5.000s/req pen=1800s  delay 6.000→6.000  min_gap→0  max_usage=47%
12:16:25.878  RAW   content-type: application/json
12:16:25.878  RAW   x-rate-limit-policy: trade-search-request-limit
12:16:25.878  RAW   x-rate-limit-rules: Account,Ip
12:16:25.878  RAW   x-rate-limit-account: 3:5:60
12:16:25.878  RAW   x-rate-limit-account-state: 1:5:0
12:16:25.878  RAW   x-rate-limit-ip: 8:10:60,15:60:120,60:300:1800
12:16:25.878  RAW   x-rate-limit-ip-state: 1:10:0,7:60:0,28:300:0
12:16:25.878  RAW   cf-cache-status: DYNAMIC
12:16:25.878  RAW   cf-ray: a1e973380c76e32e-WAW
12:16:25.878  RESP  POST /api/trade/search/Standard → 200  12.247s  delay=6.000 min_gap=0.000 last=1784628985.878
12:16:25.878  PRE   GET /api/trade/fetch/b877cbda61209fdc3ec4386c7324bb935645ea1b99f12326974449a5b5ce89a2%2Cf3e72be9497f7995c38152f9b616ee6c9536dcbf81423983f87b622b4f11b352%2Ceffef887bca25e070bedb726230e66ac77b426b67fe12a3d794d8d186b05f1ec%2C8cfa710c0385b496caf81ddadbfb0d8a91db12db240523656d70c90158abcbb5%2Cda1ce715ec9fbc32990ed16f362a330ec5b41d06c5cb9eab8f6c57d7c2b8a11d  delay=6.000 min_gap=0.000 last=1784628985.878
12:16:25.878  ENF   delay=6.000 min_gap=0.000 jitter=5.212 gap=11.212 since_last=0.000 sleep=11.212
12:16:37.364  PARSE Account 6:4:10 → 0.667s/req pen=10s; Ip 12:4:60 → 0.333s/req pen=60s; Ip 16:12:60 → 0.750s/req pen=60s  delay 6.000→6.000  min_gap→0  max_usage=0%
12:16:37.364  RAW   content-type: application/json
12:16:37.364  RAW   x-rate-limit-policy: trade-fetch-request-limit
12:16:37.364  RAW   x-rate-limit-rules: Account,Ip
12:16:37.364  RAW   x-rate-limit-account: 6:4:10
12:16:37.364  RAW   x-rate-limit-account-state: 1:4:0
12:16:37.364  RAW   x-rate-limit-ip: 12:4:60,16:12:60
12:16:37.364  RAW   x-rate-limit-ip-state: 1:4:0,1:12:0
12:16:37.364  RAW   cf-cache-status: DYNAMIC
12:16:37.364  RAW   cf-ray: a1e9737fddf2e32e-WAW
12:16:37.364  RESP  GET /api/trade/fetch/b877cbda61209fdc3ec4386c7324bb935645ea1b99f12326974449a5b5ce89a2%2Cf3e72be9497f7995c38152f9b616ee6c9536dcbf81423983f87b622b4f11b352%2Ceffef887bca25e070bedb726230e66ac77b426b67fe12a3d794d8d186b05f1ec%2C8cfa710c0385b496caf81ddadbfb0d8a91db12db240523656d70c90158abcbb5%2Cda1ce715ec9fbc32990ed16f362a330ec5b41d06c5cb9eab8f6c57d7c2b8a11d → 200  11.486s  delay=6.000 min_gap=0.000 last=1784628997.364
12:16:37.364  PRE   POST /api/trade/search/Standard  delay=6.000 min_gap=0.000 last=1784628997.364
12:16:37.364  ENF   delay=6.000 min_gap=0.000 jitter=7.531 gap=13.531 since_last=0.000 sleep=13.531
12:16:51.173  PARSE Account 3:5:60 → 1.667s/req pen=60s; Ip 8:10:60 → 1.250s/req pen=60s; Ip 15:60:120 → 4.000s/req pen=120s; Ip 60:300:1800 → 5.000s/req pen=1800s  delay 6.000→6.000  min_gap→0  max_usage=52%
12:16:51.173  RAW   content-type: application/json
12:16:51.173  RAW   x-rate-limit-policy: trade-search-request-limit
12:16:51.173  RAW   x-rate-limit-rules: Account,Ip
12:16:51.173  RAW   x-rate-limit-account: 3:5:60
12:16:51.173  RAW   x-rate-limit-account-state: 1:5:0
12:16:51.173  RAW   x-rate-limit-ip: 8:10:60,15:60:120,60:300:1800
12:16:51.173  RAW   x-rate-limit-ip-state: 1:10:0,5:60:0,31:300:0
12:16:51.173  RAW   cf-cache-status: DYNAMIC
12:16:51.173  RAW   cf-ray: a1e973d618c4e32e-WAW
12:16:51.173  RESP  POST /api/trade/search/Standard → 200  13.809s  delay=6.000 min_gap=0.000 last=1784629011.174
12:16:51.174  PRE   GET /api/trade/fetch/6020d5f48250a65a7f514d2ab1a51b46ececde07e749a8abfb71b02cc5a4692c%2C5831c3ff142fea52a7404254c92d648d7dde33f5f8c032e686ec3a86e18f8fa1%2Ce14354777ac695197afa24c8b6372467674cd3ebc5f8a73938d23388c79d6dd9%2C25094c569c19611de7f93b60dcbdc78a1358dc5d64aee7f7ef7e05c9f0f8df17%2Cb2c4adbfb7bd213e32195cbdca7fd5b5a5a79ed5f429286ce39b4c7e48c69ad9  delay=6.000 min_gap=0.000 last=1784629011.174
12:16:51.174  ENF   delay=6.000 min_gap=0.000 jitter=5.507 gap=11.507 since_last=0.000 sleep=11.507
12:17:02.954  PARSE Account 6:4:10 → 0.667s/req pen=10s; Ip 12:4:60 → 0.333s/req pen=60s; Ip 16:12:60 → 0.750s/req pen=60s  delay 6.000→6.000  min_gap→0  max_usage=0%
12:17:02.955  RAW   content-type: application/json
12:17:02.955  RAW   x-rate-limit-policy: trade-fetch-request-limit
12:17:02.955  RAW   x-rate-limit-rules: Account,Ip
12:17:02.955  RAW   x-rate-limit-account: 6:4:10
12:17:02.955  RAW   x-rate-limit-account-state: 1:4:0
12:17:02.955  RAW   x-rate-limit-ip: 12:4:60,16:12:60
12:17:02.955  RAW   x-rate-limit-ip-state: 1:4:0,1:12:0
12:17:02.955  RAW   cf-cache-status: DYNAMIC
12:17:02.955  RAW   cf-ray: a1e9741fcc99e32e-WAW
12:17:02.955  RESP  GET /api/trade/fetch/6020d5f48250a65a7f514d2ab1a51b46ececde07e749a8abfb71b02cc5a4692c%2C5831c3ff142fea52a7404254c92d648d7dde33f5f8c032e686ec3a86e18f8fa1%2Ce14354777ac695197afa24c8b6372467674cd3ebc5f8a73938d23388c79d6dd9%2C25094c569c19611de7f93b60dcbdc78a1358dc5d64aee7f7ef7e05c9f0f8df17%2Cb2c4adbfb7bd213e32195cbdca7fd5b5a5a79ed5f429286ce39b4c7e48c69ad9 → 200  11.781s  delay=6.000 min_gap=0.000 last=1784629022.955
12:17:02.955  PRE   POST /api/trade/search/Standard  delay=6.000 min_gap=0.000 last=1784629022.955
12:17:02.955  ENF   delay=6.000 min_gap=0.000 jitter=8.127 gap=14.127 since_last=0.000 sleep=14.127
12:17:17.375  PARSE Account 3:5:60 → 1.667s/req pen=60s; Ip 8:10:60 → 1.250s/req pen=60s; Ip 15:60:120 → 4.000s/req pen=120s; Ip 60:300:1800 → 5.000s/req pen=1800s  delay 6.000→6.000  min_gap→0  max_usage=47%
12:17:17.375  RAW   content-type: application/json
12:17:17.375  RAW   x-rate-limit-policy: trade-search-request-limit
12:17:17.375  RAW   x-rate-limit-rules: Account,Ip
12:17:17.375  RAW   x-rate-limit-account: 3:5:60
12:17:17.375  RAW   x-rate-limit-account-state: 1:5:0
12:17:17.375  RAW   x-rate-limit-ip: 8:10:60,15:60:120,60:300:1800
12:17:17.375  RAW   x-rate-limit-ip-state: 1:10:0,4:60:0,28:300:0
12:17:17.375  RAW   cf-cache-status: DYNAMIC
12:17:17.375  RAW   cf-ray: a1e97479ce97e32e-WAW
12:17:17.375  RESP  POST /api/trade/search/Standard → 200  14.420s  delay=6.000 min_gap=0.000 last=1784629037.376
12:17:17.375  PRE   GET /api/trade/fetch/da1ce715ec9fbc32990ed16f362a330ec5b41d06c5cb9eab8f6c57d7c2b8a11d%2C8cfa710c0385b496caf81ddadbfb0d8a91db12db240523656d70c90158abcbb5%2C259cf4ffe8a6804425badb921c1acbbe0454a9a0dd72583668cfda3366f80325%2C5bd84adfc81809f81ab257562f63cff494cea3ff5a5efb15214df85a7b773a34%2Cc2723c05ed81a54f2b8e3c56f73f431c8b56108eb1ab203dc093ea8e505ffaf0  delay=6.000 min_gap=0.000 last=1784629037.376
12:17:17.375  ENF   delay=6.000 min_gap=0.000 jitter=8.498 gap=14.498 since_last=0.000 sleep=14.498
12:17:32.145  PARSE Account 6:4:10 → 0.667s/req pen=10s; Ip 12:4:60 → 0.333s/req pen=60s; Ip 16:12:60 → 0.750s/req pen=60s  delay 6.000→6.000  min_gap→0  max_usage=0%
12:17:32.145  RAW   content-type: application/json
12:17:32.145  RAW   x-rate-limit-policy: trade-fetch-request-limit
12:17:32.145  RAW   x-rate-limit-rules: Account,Ip
12:17:32.145  RAW   x-rate-limit-account: 6:4:10
12:17:32.145  RAW   x-rate-limit-account-state: 1:4:0
12:17:32.145  RAW   x-rate-limit-ip: 12:4:60,16:12:60
12:17:32.145  RAW   x-rate-limit-ip-state: 1:4:0,1:12:0
12:17:32.145  RAW   cf-cache-status: DYNAMIC
12:17:32.145  RAW   cf-ray: a1e974d63fcbe32e-WAW
12:17:32.145  RESP  GET /api/trade/fetch/da1ce715ec9fbc32990ed16f362a330ec5b41d06c5cb9eab8f6c57d7c2b8a11d%2C8cfa710c0385b496caf81ddadbfb0d8a91db12db240523656d70c90158abcbb5%2C259cf4ffe8a6804425badb921c1acbbe0454a9a0dd72583668cfda3366f80325%2C5bd84adfc81809f81ab257562f63cff494cea3ff5a5efb15214df85a7b773a34%2Cc2723c05ed81a54f2b8e3c56f73f431c8b56108eb1ab203dc093ea8e505ffaf0 → 200  14.770s  delay=6.000 min_gap=0.000 last=1784629052.146
12:17:32.172  PRE   POST /api/trade/search/Standard  delay=6.000 min_gap=0.000 last=1784629052.146
12:17:32.172  ENF   delay=6.000 min_gap=0.000 jitter=9.697 gap=15.697 since_last=0.027 sleep=15.670
12:17:48.121  PARSE Account 3:5:60 → 1.667s/req pen=60s; Ip 8:10:60 → 1.250s/req pen=60s; Ip 15:60:120 → 4.000s/req pen=120s; Ip 60:300:1800 → 5.000s/req pen=1800s  delay 6.000→6.000  min_gap→0  max_usage=52%
12:17:48.121  RAW   content-type: application/json
12:17:48.121  RAW   x-rate-limit-policy: trade-search-request-limit
12:17:48.121  RAW   x-rate-limit-rules: Account,Ip
12:17:48.121  RAW   x-rate-limit-account: 3:5:60
12:17:48.121  RAW   x-rate-limit-account-state: 1:5:0
12:17:48.121  RAW   x-rate-limit-ip: 8:10:60,15:60:120,60:300:1800
12:17:48.121  RAW   x-rate-limit-ip-state: 1:10:0,4:60:0,31:300:0
12:17:48.121  RAW   cf-cache-status: DYNAMIC
12:17:48.121  RAW   cf-ray: a1e9753a0d9ce32e-WAW
12:17:48.121  RESP  POST /api/trade/search/Standard → 200  15.949s  delay=6.000 min_gap=0.000 last=1784629068.121
12:17:48.121  PRE   GET /api/trade/fetch/8cfa710c0385b496caf81ddadbfb0d8a91db12db240523656d70c90158abcbb5%2C259cf4ffe8a6804425badb921c1acbbe0454a9a0dd72583668cfda3366f80325%2C5bd84adfc81809f81ab257562f63cff494cea3ff5a5efb15214df85a7b773a34%2Cc9d86a967fd549252d74eda4b0af3f3f627d9461fc7a8eb1f577bb052ae07d66%2C086da50489b0b0e48a1250424cac4a370a93d7abf59f153e487840496168931e  delay=6.000 min_gap=0.000 last=1784629068.121
12:17:48.121  ENF   delay=6.000 min_gap=0.000 jitter=9.964 gap=15.964 since_last=0.000 sleep=15.964
12:18:04.356  PARSE Account 6:4:10 → 0.667s/req pen=10s; Ip 12:4:60 → 0.333s/req pen=60s; Ip 16:12:60 → 0.750s/req pen=60s  delay 6.000→6.000  min_gap→0  max_usage=0%
12:18:04.357  RAW   content-type: application/json
12:18:04.357  RAW   x-rate-limit-policy: trade-fetch-request-limit
12:18:04.357  RAW   x-rate-limit-rules: Account,Ip
12:18:04.357  RAW   x-rate-limit-account: 6:4:10
12:18:04.357  RAW   x-rate-limit-account-state: 1:4:0
12:18:04.357  RAW   x-rate-limit-ip: 12:4:60,16:12:60
12:18:04.357  RAW   x-rate-limit-ip-state: 1:4:0,1:12:0
12:18:04.357  RAW   cf-cache-status: DYNAMIC
12:18:04.357  RAW   cf-ray: a1e9759f8b3de32e-WAW
12:18:04.357  RESP  GET /api/trade/fetch/8cfa710c0385b496caf81ddadbfb0d8a91db12db240523656d70c90158abcbb5%2C259cf4ffe8a6804425badb921c1acbbe0454a9a0dd72583668cfda3366f80325%2C5bd84adfc81809f81ab257562f63cff494cea3ff5a5efb15214df85a7b773a34%2Cc9d86a967fd549252d74eda4b0af3f3f627d9461fc7a8eb1f577bb052ae07d66%2C086da50489b0b0e48a1250424cac4a370a93d7abf59f153e487840496168931e → 200  16.235s  delay=6.000 min_gap=0.000 last=1784629084.357
12:18:04.357  PRE   POST /api/trade/search/Standard  delay=6.000 min_gap=0.000 last=1784629084.357
12:18:04.357  ENF   delay=6.000 min_gap=0.000 jitter=6.157 gap=12.157 since_last=0.000 sleep=12.157
12:18:16.803  PARSE Account 3:5:60 → 1.667s/req pen=60s; Ip 8:10:60 → 1.250s/req pen=60s; Ip 15:60:120 → 4.000s/req pen=120s; Ip 60:300:1800 → 5.000s/req pen=1800s  delay 6.000→6.000  min_gap→0  max_usage=47%
12:18:16.803  RAW   content-type: application/json
12:18:16.803  RAW   x-rate-limit-policy: trade-search-request-limit
12:18:16.803  RAW   x-rate-limit-rules: Account,Ip
12:18:16.803  RAW   x-rate-limit-account: 3:5:60
12:18:16.803  RAW   x-rate-limit-account-state: 1:5:0
12:18:16.803  RAW   x-rate-limit-ip: 8:10:60,15:60:120,60:300:1800
12:18:16.803  RAW   x-rate-limit-ip-state: 1:10:0,4:60:0,28:300:0
12:18:16.803  RAW   cf-cache-status: DYNAMIC
12:18:16.803  RAW   cf-ray: a1e975ed3b8ce32e-WAW
12:18:16.803  RESP  POST /api/trade/search/Standard → 200  12.446s  delay=6.000 min_gap=0.000 last=1784629096.804
12:18:16.803  PRE   GET /api/trade/fetch/5831c3ff142fea52a7404254c92d648d7dde33f5f8c032e686ec3a86e18f8fa1%2C6020d5f48250a65a7f514d2ab1a51b46ececde07e749a8abfb71b02cc5a4692c%2Ce14354777ac695197afa24c8b6372467674cd3ebc5f8a73938d23388c79d6dd9%2C25094c569c19611de7f93b60dcbdc78a1358dc5d64aee7f7ef7e05c9f0f8df17%2Cb2c4adbfb7bd213e32195cbdca7fd5b5a5a79ed5f429286ce39b4c7e48c69ad9  delay=6.000 min_gap=0.000 last=1784629096.804
12:18:16.803  ENF   delay=6.000 min_gap=0.000 jitter=6.817 gap=12.817 since_last=0.000 sleep=12.817
12:18:29.894  PARSE Account 6:4:10 → 0.667s/req pen=10s; Ip 12:4:60 → 0.333s/req pen=60s; Ip 16:12:60 → 0.750s/req pen=60s  delay 6.000→6.000  min_gap→0  max_usage=0%
12:18:29.894  RAW   content-type: application/json
12:18:29.894  RAW   x-rate-limit-policy: trade-fetch-request-limit
12:18:29.894  RAW   x-rate-limit-rules: Account,Ip
12:18:29.894  RAW   x-rate-limit-account: 6:4:10
12:18:29.894  RAW   x-rate-limit-account-state: 2:4:0
12:18:29.894  RAW   x-rate-limit-ip: 12:4:60,16:12:60
12:18:29.894  RAW   x-rate-limit-ip-state: 2:4:0,2:12:0
12:18:29.894  RAW   cf-cache-status: DYNAMIC
12:18:29.894  RAW   cf-ray: a1e9763f2f0ee32e-WAW
12:18:29.894  RESP  GET /api/trade/fetch/5831c3ff142fea52a7404254c92d648d7dde33f5f8c032e686ec3a86e18f8fa1%2C6020d5f48250a65a7f514d2ab1a51b46ececde07e749a8abfb71b02cc5a4692c%2Ce14354777ac695197afa24c8b6372467674cd3ebc5f8a73938d23388c79d6dd9%2C25094c569c19611de7f93b60dcbdc78a1358dc5d64aee7f7ef7e05c9f0f8df17%2Cb2c4adbfb7bd213e32195cbdca7fd5b5a5a79ed5f429286ce39b4c7e48c69ad9 → 200  13.091s  delay=6.000 min_gap=0.000 last=1784629109.894
12:18:29.894  PRE   POST /api/trade/search/Standard  delay=6.000 min_gap=0.000 last=1784629109.894
12:18:29.894  ENF   delay=6.000 min_gap=0.000 jitter=7.008 gap=13.008 since_last=0.000 sleep=13.008
12:18:43.185  PARSE Account 3:5:60 → 1.667s/req pen=60s; Ip 8:10:60 → 1.250s/req pen=60s; Ip 15:60:120 → 4.000s/req pen=120s; Ip 60:300:1800 → 5.000s/req pen=1800s  delay 6.000→6.000  min_gap→0  max_usage=53%
12:18:43.185  RAW   content-type: application/json
12:18:43.185  RAW   x-rate-limit-policy: trade-search-request-limit
12:18:43.185  RAW   x-rate-limit-rules: Account,Ip
12:18:43.185  RAW   x-rate-limit-account: 3:5:60
12:18:43.185  RAW   x-rate-limit-account-state: 2:5:0
12:18:43.185  RAW   x-rate-limit-ip: 8:10:60,15:60:120,60:300:1800
12:18:43.185  RAW   x-rate-limit-ip-state: 2:10:0,8:60:0,32:300:0
12:18:43.185  RAW   cf-cache-status: DYNAMIC
12:18:43.185  RAW   cf-ray: a1e9769229bce32e-WAW
12:18:43.185  RESP  POST /api/trade/search/Standard → 200  13.290s  delay=6.000 min_gap=0.000 last=1784629123.185
12:18:43.185  PRE   GET /api/trade/fetch/8cfa710c0385b496caf81ddadbfb0d8a91db12db240523656d70c90158abcbb5%2C259cf4ffe8a6804425badb921c1acbbe0454a9a0dd72583668cfda3366f80325%2C5bd84adfc81809f81ab257562f63cff494cea3ff5a5efb15214df85a7b773a34%2C086da50489b0b0e48a1250424cac4a370a93d7abf59f153e487840496168931e%2Cc2723c05ed81a54f2b8e3c56f73f431c8b56108eb1ab203dc093ea8e505ffaf0  delay=6.000 min_gap=0.000 last=1784629123.185
12:18:43.185  ENF   delay=6.000 min_gap=0.000 jitter=6.992 gap=12.992 since_last=0.000 sleep=12.992
12:18:56.447  PARSE Account 6:4:10 → 0.667s/req pen=10s; Ip 12:4:60 → 0.333s/req pen=60s; Ip 16:12:60 → 0.750s/req pen=60s  delay 6.000→6.000  min_gap→0  max_usage=0%
12:18:56.447  RAW   content-type: application/json
12:18:56.447  RAW   x-rate-limit-policy: trade-fetch-request-limit
12:18:56.448  RAW   x-rate-limit-rules: Account,Ip
12:18:56.448  RAW   x-rate-limit-account: 6:4:10
12:18:56.448  RAW   x-rate-limit-account-state: 1:4:0
12:18:56.448  RAW   x-rate-limit-ip: 12:4:60,16:12:60
12:18:56.448  RAW   x-rate-limit-ip-state: 1:4:0,1:12:0
12:18:56.448  RAW   cf-cache-status: DYNAMIC
12:18:56.448  RAW   cf-ray: a1e976e52ad4e32e-WAW
12:18:56.448  RESP  GET /api/trade/fetch/8cfa710c0385b496caf81ddadbfb0d8a91db12db240523656d70c90158abcbb5%2C259cf4ffe8a6804425badb921c1acbbe0454a9a0dd72583668cfda3366f80325%2C5bd84adfc81809f81ab257562f63cff494cea3ff5a5efb15214df85a7b773a34%2C086da50489b0b0e48a1250424cac4a370a93d7abf59f153e487840496168931e%2Cc2723c05ed81a54f2b8e3c56f73f431c8b56108eb1ab203dc093ea8e505ffaf0 → 200  13.262s  delay=6.000 min_gap=0.000 last=1784629136.448
12:18:56.468  PRE   POST /api/trade/search/Standard  delay=6.000 min_gap=0.000 last=1784629136.448
12:18:56.468  ENF   delay=6.000 min_gap=0.000 jitter=6.468 gap=12.468 since_last=0.020 sleep=12.448
12:19:09.203  PARSE Account 3:5:60 → 1.667s/req pen=60s; Ip 8:10:60 → 1.250s/req pen=60s; Ip 15:60:120 → 4.000s/req pen=120s; Ip 60:300:1800 → 5.000s/req pen=1800s  delay 6.000→6.000  min_gap→0  max_usage=47%
12:19:09.203  RAW   content-type: application/json
12:19:09.203  RAW   x-rate-limit-policy: trade-search-request-limit
12:19:09.203  RAW   x-rate-limit-rules: Account,Ip
12:19:09.203  RAW   x-rate-limit-account: 3:5:60
12:19:09.203  RAW   x-rate-limit-account-state: 1:5:0
12:19:09.203  RAW   x-rate-limit-ip: 8:10:60,15:60:120,60:300:1800
12:19:09.203  RAW   x-rate-limit-ip-state: 1:10:0,7:60:0,28:300:0
12:19:09.203  RAW   cf-cache-status: DYNAMIC
12:19:09.203  RAW   cf-ray: a1e97734cc3ce32e-WAW
12:19:09.203  RESP  POST /api/trade/search/Standard → 200  12.735s  delay=6.000 min_gap=0.000 last=1784629149.204
12:19:09.203  PRE   GET /api/trade/fetch/5bd84adfc81809f81ab257562f63cff494cea3ff5a5efb15214df85a7b773a34%2Ca2411e522644b0798d85c6a6983dab88378d78a5996fe5afe29987dde850a4ce%2Caa2c1e12bfd93e3a09d25074c196c821a4de4a02378346b4d1fd17ca9b648d39%2Cd10ff4b4c9c961b364025f9a778890e3e0cdb608544a294d175f53b89ba775bf%2C18aaf5fa66b8632a051e03247c5ab6dff659939b5cd37d2840e52e1ffc7a45cc  delay=6.000 min_gap=0.000 last=1784629149.204
12:19:09.203  ENF   delay=6.000 min_gap=0.000 jitter=6.751 gap=12.751 since_last=0.000 sleep=12.751
12:19:22.230  PARSE Account 6:4:10 → 0.667s/req pen=10s; Ip 12:4:60 → 0.333s/req pen=60s; Ip 16:12:60 → 0.750s/req pen=60s  delay 6.000→6.000  min_gap→0  max_usage=0%
12:19:22.231  RAW   content-type: application/json
12:19:22.231  RAW   x-rate-limit-policy: trade-fetch-request-limit
12:19:22.231  RAW   x-rate-limit-rules: Account,Ip
12:19:22.231  RAW   x-rate-limit-account: 6:4:10
12:19:22.231  RAW   x-rate-limit-account-state: 1:4:0
12:19:22.231  RAW   x-rate-limit-ip: 12:4:60,16:12:60
12:19:22.231  RAW   x-rate-limit-ip-state: 1:4:0,1:12:0
12:19:22.231  RAW   cf-cache-status: DYNAMIC
12:19:22.231  RAW   cf-ray: a1e977863940e32e-WAW
12:19:22.231  RESP  GET /api/trade/fetch/5bd84adfc81809f81ab257562f63cff494cea3ff5a5efb15214df85a7b773a34%2Ca2411e522644b0798d85c6a6983dab88378d78a5996fe5afe29987dde850a4ce%2Caa2c1e12bfd93e3a09d25074c196c821a4de4a02378346b4d1fd17ca9b648d39%2Cd10ff4b4c9c961b364025f9a778890e3e0cdb608544a294d175f53b89ba775bf%2C18aaf5fa66b8632a051e03247c5ab6dff659939b5cd37d2840e52e1ffc7a45cc → 200  13.027s  delay=6.000 min_gap=0.000 last=1784629162.231
12:19:22.231  PRE   POST /api/trade/search/Standard  delay=6.000 min_gap=0.000 last=1784629162.231
12:19:22.231  ENF   delay=6.000 min_gap=0.000 jitter=7.989 gap=13.989 since_last=0.000 sleep=13.989
12:19:36.524  PARSE Account 3:5:60 → 1.667s/req pen=60s; Ip 8:10:60 → 1.250s/req pen=60s; Ip 15:60:120 → 4.000s/req pen=120s; Ip 60:300:1800 → 5.000s/req pen=1800s  delay 6.000→6.000  min_gap→0  max_usage=52%
12:19:36.524  RAW   content-type: application/json
12:19:36.524  RAW   x-rate-limit-policy: trade-search-request-limit
12:19:36.524  RAW   x-rate-limit-rules: Account,Ip
12:19:36.524  RAW   x-rate-limit-account: 3:5:60
12:19:36.524  RAW   x-rate-limit-account-state: 1:5:0
12:19:36.525  RAW   x-rate-limit-ip: 8:10:60,15:60:120,60:300:1800
12:19:36.525  RAW   x-rate-limit-ip-state: 1:10:0,5:60:0,31:300:0
12:19:36.525  RAW   cf-cache-status: DYNAMIC
12:19:36.525  RAW   cf-ray: a1e977df6d66e32e-WAW
12:19:36.525  RESP  POST /api/trade/search/Standard → 200  14.293s  delay=6.000 min_gap=0.000 last=1784629176.525
12:19:36.525  PRE   GET /api/trade/fetch/6020d5f48250a65a7f514d2ab1a51b46ececde07e749a8abfb71b02cc5a4692c%2C5831c3ff142fea52a7404254c92d648d7dde33f5f8c032e686ec3a86e18f8fa1%2Ce14354777ac695197afa24c8b6372467674cd3ebc5f8a73938d23388c79d6dd9%2C25094c569c19611de7f93b60dcbdc78a1358dc5d64aee7f7ef7e05c9f0f8df17%2Cb2c4adbfb7bd213e32195cbdca7fd5b5a5a79ed5f429286ce39b4c7e48c69ad9  delay=6.000 min_gap=0.000 last=1784629176.525
12:19:36.525  ENF   delay=6.000 min_gap=0.000 jitter=7.795 gap=13.795 since_last=0.000 sleep=13.795
12:19:50.631  PARSE Account 6:4:10 → 0.667s/req pen=10s; Ip 12:4:60 → 0.333s/req pen=60s; Ip 16:12:60 → 0.750s/req pen=60s  delay 6.000→6.000  min_gap→0  max_usage=0%
12:19:50.631  RAW   content-type: application/json
12:19:50.631  RAW   x-rate-limit-policy: trade-fetch-request-limit
12:19:50.631  RAW   x-rate-limit-rules: Account,Ip
12:19:50.631  RAW   x-rate-limit-account: 6:4:10
12:19:50.631  RAW   x-rate-limit-account-state: 1:4:0
12:19:50.631  RAW   x-rate-limit-ip: 12:4:60,16:12:60
12:19:50.631  RAW   x-rate-limit-ip-state: 1:4:0,1:12:0
12:19:50.631  RAW   cf-cache-status: DYNAMIC
12:19:50.631  RAW   cf-ray: a1e978378f33e32e-WAW
12:19:50.631  RESP  GET /api/trade/fetch/6020d5f48250a65a7f514d2ab1a51b46ececde07e749a8abfb71b02cc5a4692c%2C5831c3ff142fea52a7404254c92d648d7dde33f5f8c032e686ec3a86e18f8fa1%2Ce14354777ac695197afa24c8b6372467674cd3ebc5f8a73938d23388c79d6dd9%2C25094c569c19611de7f93b60dcbdc78a1358dc5d64aee7f7ef7e05c9f0f8df17%2Cb2c4adbfb7bd213e32195cbdca7fd5b5a5a79ed5f429286ce39b4c7e48c69ad9 → 200  14.106s  delay=6.000 min_gap=0.000 last=1784629190.632
12:19:50.631  PRE   POST /api/trade/search/Standard  delay=6.000 min_gap=0.000 last=1784629190.632
12:19:50.631  ENF   delay=6.000 min_gap=0.000 jitter=8.321 gap=14.321 since_last=0.000 sleep=14.321
12:20:05.231  PARSE Account 3:5:60 → 1.667s/req pen=60s; Ip 8:10:60 → 1.250s/req pen=60s; Ip 15:60:120 → 4.000s/req pen=120s; Ip 60:300:1800 → 5.000s/req pen=1800s  delay 6.000→6.000  min_gap→0  max_usage=43%
12:20:05.231  RAW   content-type: application/json
12:20:05.231  RAW   x-rate-limit-policy: trade-search-request-limit
12:20:05.231  RAW   x-rate-limit-rules: Account,Ip
12:20:05.232  RAW   x-rate-limit-account: 3:5:60
12:20:05.232  RAW   x-rate-limit-account-state: 1:5:0
12:20:05.232  RAW   x-rate-limit-ip: 8:10:60,15:60:120,60:300:1800
12:20:05.232  RAW   x-rate-limit-ip-state: 1:10:0,5:60:0,26:300:0
12:20:05.232  RAW   cf-cache-status: DYNAMIC
12:20:05.232  RAW   cf-ray: a1e97892f994e32e-WAW
12:20:05.232  RESP  POST /api/trade/search/Standard → 200  14.600s  delay=6.000 min_gap=0.000 last=1784629205.232
12:20:05.232  PRE   GET /api/trade/fetch/5bd84adfc81809f81ab257562f63cff494cea3ff5a5efb15214df85a7b773a34%2C54086b5ce194e2dd5d54489e2674f888a81e6271a6204c59e724ebf1fffc7ea5%2Caa2c1e12bfd93e3a09d25074c196c821a4de4a02378346b4d1fd17ca9b648d39%2C18aaf5fa66b8632a051e03247c5ab6dff659939b5cd37d2840e52e1ffc7a45cc%2C9b17454155d9d9621302c772d63613f9c912412efe7bd1310a78b2ca9684f451  delay=6.000 min_gap=0.000 last=1784629205.232
12:20:05.232  ENF   delay=6.000 min_gap=0.000 jitter=8.947 gap=14.947 since_last=0.000 sleep=14.947
12:20:20.443  PARSE Account 6:4:10 → 0.667s/req pen=10s; Ip 12:4:60 → 0.333s/req pen=60s; Ip 16:12:60 → 0.750s/req pen=60s  delay 6.000→6.000  min_gap→0  max_usage=0%
12:20:20.443  RAW   content-type: application/json
12:20:20.443  RAW   x-rate-limit-policy: trade-fetch-request-limit
12:20:20.443  RAW   x-rate-limit-rules: Account,Ip
12:20:20.444  RAW   x-rate-limit-account: 6:4:10
12:20:20.444  RAW   x-rate-limit-account-state: 1:4:0
12:20:20.444  RAW   x-rate-limit-ip: 12:4:60,16:12:60
12:20:20.444  RAW   x-rate-limit-ip-state: 1:4:0,1:12:0
12:20:20.444  RAW   cf-cache-status: DYNAMIC
12:20:20.444  RAW   cf-ray: a1e978f22f8de32e-WAW
12:20:20.444  RESP  GET /api/trade/fetch/5bd84adfc81809f81ab257562f63cff494cea3ff5a5efb15214df85a7b773a34%2C54086b5ce194e2dd5d54489e2674f888a81e6271a6204c59e724ebf1fffc7ea5%2Caa2c1e12bfd93e3a09d25074c196c821a4de4a02378346b4d1fd17ca9b648d39%2C18aaf5fa66b8632a051e03247c5ab6dff659939b5cd37d2840e52e1ffc7a45cc%2C9b17454155d9d9621302c772d63613f9c912412efe7bd1310a78b2ca9684f451 → 200  15.212s  delay=6.000 min_gap=0.000 last=1784629220.444
12:20:20.470  PRE   POST /api/trade/search/Standard  delay=6.000 min_gap=0.000 last=1784629220.444
12:20:20.471  ENF   delay=6.000 min_gap=0.000 jitter=7.274 gap=13.274 since_last=0.027 sleep=13.247
12:20:33.996  PARSE Account 3:5:60 → 1.667s/req pen=60s; Ip 8:10:60 → 1.250s/req pen=60s; Ip 15:60:120 → 4.000s/req pen=120s; Ip 60:300:1800 → 5.000s/req pen=1800s  delay 6.000→6.000  min_gap→0  max_usage=50%
12:20:33.996  RAW   content-type: application/json
12:20:33.996  RAW   x-rate-limit-policy: trade-search-request-limit
12:20:33.996  RAW   x-rate-limit-rules: Account,Ip
12:20:33.996  RAW   x-rate-limit-account: 3:5:60
12:20:33.996  RAW   x-rate-limit-account-state: 2:5:0
12:20:33.996  RAW   x-rate-limit-ip: 8:10:60,15:60:120,60:300:1800
12:20:33.996  RAW   x-rate-limit-ip-state: 2:10:0,5:60:0,30:300:0
12:20:33.996  RAW   cf-cache-status: DYNAMIC
12:20:33.996  RAW   cf-ray: a1e97946cfd9e32e-WAW
12:20:33.996  RESP  POST /api/trade/search/Standard → 200  13.525s  delay=6.000 min_gap=0.000 last=1784629233.997
12:20:33.996  PRE   GET /api/trade/fetch/f8dda2eab5263fb7ec619deaf0393208b2f4b54dcbf5f66f06b77e2c0050c015%2Ce7b71039f72c2345c8d3b549d47b6a9f23492d47ec4cb7ba25eb0f401c3375a0%2C7b974db9aeac9eb1e023b3f82412c3ebe834aed6c49bfc0604c95225718a9818%2Cfce4e652cc84c5ad5810c18ae1f58267fbd3456e259736c5e1e31b20809b63bb%2C19be136573e69f851b4ff4ed573b36b8995ae80321f60529ded770c082ede290  delay=6.000 min_gap=0.000 last=1784629233.997
12:20:33.996  ENF   delay=6.000 min_gap=0.000 jitter=7.287 gap=13.287 since_last=0.000 sleep=13.287
12:20:47.594  PARSE Account 6:4:10 → 0.667s/req pen=10s; Ip 12:4:60 → 0.333s/req pen=60s; Ip 16:12:60 → 0.750s/req pen=60s  delay 6.000→6.000  min_gap→0  max_usage=0%
12:20:47.594  RAW   content-type: application/json
12:20:47.594  RAW   x-rate-limit-policy: trade-fetch-request-limit
12:20:47.594  RAW   x-rate-limit-rules: Account,Ip
12:20:47.594  RAW   x-rate-limit-account: 6:4:10
12:20:47.594  RAW   x-rate-limit-account-state: 2:4:0
12:20:47.594  RAW   x-rate-limit-ip: 12:4:60,16:12:60
12:20:47.594  RAW   x-rate-limit-ip-state: 2:4:0,2:12:0
12:20:47.594  RAW   cf-cache-status: DYNAMIC
12:20:47.594  RAW   cf-ray: a1e9799b8cfae32e-WAW
12:20:47.594  RESP  GET /api/trade/fetch/f8dda2eab5263fb7ec619deaf0393208b2f4b54dcbf5f66f06b77e2c0050c015%2Ce7b71039f72c2345c8d3b549d47b6a9f23492d47ec4cb7ba25eb0f401c3375a0%2C7b974db9aeac9eb1e023b3f82412c3ebe834aed6c49bfc0604c95225718a9818%2Cfce4e652cc84c5ad5810c18ae1f58267fbd3456e259736c5e1e31b20809b63bb%2C19be136573e69f851b4ff4ed573b36b8995ae80321f60529ded770c082ede290 → 200  13.598s  delay=6.000 min_gap=0.000 last=1784629247.595
12:20:47.595  PRE   POST /api/trade/search/Standard  delay=6.000 min_gap=0.000 last=1784629247.595
12:20:47.595  ENF   delay=6.000 min_gap=0.000 jitter=8.701 gap=14.701 since_last=0.000 sleep=14.701
12:21:02.578  PARSE Account 3:5:60 → 1.667s/req pen=60s; Ip 8:10:60 → 1.250s/req pen=60s; Ip 15:60:120 → 4.000s/req pen=120s; Ip 60:300:1800 → 5.000s/req pen=1800s  delay 6.000→6.000  min_gap→0  max_usage=43%
12:21:02.578  RAW   content-type: application/json
12:21:02.578  RAW   x-rate-limit-policy: trade-search-request-limit
12:21:02.578  RAW   x-rate-limit-rules: Account,Ip
12:21:02.578  RAW   x-rate-limit-account: 3:5:60
12:21:02.578  RAW   x-rate-limit-account-state: 2:5:0
12:21:02.578  RAW   x-rate-limit-ip: 8:10:60,15:60:120,60:300:1800
12:21:02.578  RAW   x-rate-limit-ip-state: 2:10:0,5:60:0,26:300:0
12:21:02.578  RAW   cf-cache-status: DYNAMIC
12:21:02.578  RAW   cf-ray: a1e979f95928e32e-WAW
12:21:02.578  RESP  POST /api/trade/search/Standard → 200  14.983s  delay=6.000 min_gap=0.000 last=1784629262.579
12:21:02.578  PRE   GET /api/trade/fetch/5831c3ff142fea52a7404254c92d648d7dde33f5f8c032e686ec3a86e18f8fa1%2C6020d5f48250a65a7f514d2ab1a51b46ececde07e749a8abfb71b02cc5a4692c%2Ce14354777ac695197afa24c8b6372467674cd3ebc5f8a73938d23388c79d6dd9%2C25094c569c19611de7f93b60dcbdc78a1358dc5d64aee7f7ef7e05c9f0f8df17%2Cb2c4adbfb7bd213e32195cbdca7fd5b5a5a79ed5f429286ce39b4c7e48c69ad9  delay=6.000 min_gap=0.000 last=1784629262.579
12:21:02.578  ENF   delay=6.000 min_gap=0.000 jitter=5.058 gap=11.058 since_last=0.000 sleep=11.058
12:21:13.954  PARSE Account 6:4:10 → 0.667s/req pen=10s; Ip 12:4:60 → 0.333s/req pen=60s; Ip 16:12:60 → 0.750s/req pen=60s  delay 6.000→6.000  min_gap→0  max_usage=0%
12:21:13.954  RAW   content-type: application/json
12:21:13.954  RAW   x-rate-limit-policy: trade-fetch-request-limit
12:21:13.954  RAW   x-rate-limit-rules: Account,Ip
12:21:13.954  RAW   x-rate-limit-account: 6:4:10
12:21:13.954  RAW   x-rate-limit-account-state: 1:4:0
12:21:13.954  RAW   x-rate-limit-ip: 12:4:60,16:12:60
12:21:13.954  RAW   x-rate-limit-ip-state: 1:4:0,1:12:0
12:21:13.954  RAW   cf-cache-status: DYNAMIC
12:21:13.954  RAW   cf-ray: a1e97a404a73e32e-WAW
12:21:13.954  RESP  GET /api/trade/fetch/5831c3ff142fea52a7404254c92d648d7dde33f5f8c032e686ec3a86e18f8fa1%2C6020d5f48250a65a7f514d2ab1a51b46ececde07e749a8abfb71b02cc5a4692c%2Ce14354777ac695197afa24c8b6372467674cd3ebc5f8a73938d23388c79d6dd9%2C25094c569c19611de7f93b60dcbdc78a1358dc5d64aee7f7ef7e05c9f0f8df17%2Cb2c4adbfb7bd213e32195cbdca7fd5b5a5a79ed5f429286ce39b4c7e48c69ad9 → 200  11.375s  delay=6.000 min_gap=0.000 last=1784629273.954
12:21:13.954  PRE   POST /api/trade/search/Standard  delay=6.000 min_gap=0.000 last=1784629273.954
12:21:13.954  ENF   delay=6.000 min_gap=0.000 jitter=5.697 gap=11.697 since_last=0.000 sleep=11.697
12:21:25.974  PARSE Account 3:5:60 → 1.667s/req pen=60s; Ip 8:10:60 → 1.250s/req pen=60s; Ip 15:60:120 → 4.000s/req pen=120s; Ip 60:300:1800 → 5.000s/req pen=1800s  delay 6.000→6.000  min_gap→0  max_usage=47%
12:21:25.974  RAW   content-type: application/json
12:21:25.974  RAW   x-rate-limit-policy: trade-search-request-limit
12:21:25.974  RAW   x-rate-limit-rules: Account,Ip
12:21:25.974  RAW   x-rate-limit-account: 3:5:60
12:21:25.974  RAW   x-rate-limit-account-state: 1:5:0
12:21:25.974  RAW   x-rate-limit-ip: 8:10:60,15:60:120,60:300:1800
12:21:25.974  RAW   x-rate-limit-ip-state: 1:10:0,7:60:0,28:300:0
12:21:25.974  RAW   cf-cache-status: DYNAMIC
12:21:25.974  RAW   cf-ray: a1e97a8b5f4be32e-WAW
12:21:25.974  RESP  POST /api/trade/search/Standard → 200  12.020s  delay=6.000 min_gap=0.000 last=1784629285.975
12:21:25.974  PRE   GET /api/trade/fetch/7b974db9aeac9eb1e023b3f82412c3ebe834aed6c49bfc0604c95225718a9818%2Cf8dda2eab5263fb7ec619deaf0393208b2f4b54dcbf5f66f06b77e2c0050c015%2C2d84694a0c393d2a19b80d1bbed56763d03b56c92933d7ecbf647b5c8dd3ba0a%2C19be136573e69f851b4ff4ed573b36b8995ae80321f60529ded770c082ede290%2C94ad8c4c8c99fe1621931a833df37c24f3bc9a19ebf867c63735b4448d13bc91  delay=6.000 min_gap=0.000 last=1784629285.975
12:21:25.974  ENF   delay=6.000 min_gap=0.000 jitter=6.848 gap=12.848 since_last=0.000 sleep=12.848
12:21:39.140  PARSE Account 6:4:10 → 0.667s/req pen=10s; Ip 12:4:60 → 0.333s/req pen=60s; Ip 16:12:60 → 0.750s/req pen=60s  delay 6.000→6.000  min_gap→0  max_usage=0%
12:21:39.140  RAW   content-type: application/json
12:21:39.140  RAW   x-rate-limit-policy: trade-fetch-request-limit
12:21:39.140  RAW   x-rate-limit-rules: Account,Ip
12:21:39.140  RAW   x-rate-limit-account: 6:4:10
12:21:39.140  RAW   x-rate-limit-account-state: 1:4:0
12:21:39.140  RAW   x-rate-limit-ip: 12:4:60,16:12:60
12:21:39.140  RAW   x-rate-limit-ip-state: 1:4:0,1:12:0
12:21:39.140  RAW   cf-cache-status: DYNAMIC
12:21:39.140  RAW   cf-ray: a1e97addae67e32e-WAW
12:21:39.140  RESP  GET /api/trade/fetch/7b974db9aeac9eb1e023b3f82412c3ebe834aed6c49bfc0604c95225718a9818%2Cf8dda2eab5263fb7ec619deaf0393208b2f4b54dcbf5f66f06b77e2c0050c015%2C2d84694a0c393d2a19b80d1bbed56763d03b56c92933d7ecbf647b5c8dd3ba0a%2C19be136573e69f851b4ff4ed573b36b8995ae80321f60529ded770c082ede290%2C94ad8c4c8c99fe1621931a833df37c24f3bc9a19ebf867c63735b4448d13bc91 → 200  13.166s  delay=6.000 min_gap=0.000 last=1784629299.141
12:21:39.167  PRE   POST /api/trade/search/Standard  delay=6.000 min_gap=0.000 last=1784629299.141
12:21:39.167  ENF   delay=6.000 min_gap=0.000 jitter=9.804 gap=15.804 since_last=0.026 sleep=15.777
12:21:55.233  PARSE Account 3:5:60 → 1.667s/req pen=60s; Ip 8:10:60 → 1.250s/req pen=60s; Ip 15:60:120 → 4.000s/req pen=120s; Ip 60:300:1800 → 5.000s/req pen=1800s  delay 6.000→6.000  min_gap→0  max_usage=52%
12:21:55.233  RAW   content-type: application/json
12:21:55.233  RAW   x-rate-limit-policy: trade-search-request-limit
12:21:55.233  RAW   x-rate-limit-rules: Account,Ip
12:21:55.233  RAW   x-rate-limit-account: 3:5:60
12:21:55.233  RAW   x-rate-limit-account-state: 1:5:0
12:21:55.233  RAW   x-rate-limit-ip: 8:10:60,15:60:120,60:300:1800
12:21:55.233  RAW   x-rate-limit-ip-state: 1:10:0,7:60:0,31:300:0
12:21:55.233  RAW   cf-cache-status: DYNAMIC
12:21:55.234  RAW   cf-ray: a1e97b426f7ae32e-WAW
12:21:55.234  RESP  POST /api/trade/search/Standard → 200  16.066s  delay=6.000 min_gap=0.000 last=1784629315.234
12:21:55.234  PRE   GET /api/trade/fetch/11fd23bcc751466f9b9451d1a46f1d2551413d6b353cf4493c2a046b69e7bdee%2C97b8af06f7b9472dc9ecaa532273d8959377e0bd1a52401dc43b189c5167baaa%2C9d1cb7797a98fa94bba579ecdf0622640166dccff5c2f65e0e2e8225eb248c46%2C324e111f28deccc36dea945308ccc3822fbb83cd39a0b9366aef64853a9cc1b7%2Ca9aa4be32c5b50594c34f06f5f49b0025680303ad34d89c2f22c6b963faac398  delay=6.000 min_gap=0.000 last=1784629315.234
12:21:55.234  ENF   delay=6.000 min_gap=0.000 jitter=8.284 gap=14.284 since_last=0.000 sleep=14.284
12:22:09.828  PARSE Account 6:4:10 → 0.667s/req pen=10s; Ip 12:4:60 → 0.333s/req pen=60s; Ip 16:12:60 → 0.750s/req pen=60s  delay 6.000→6.000  min_gap→0  max_usage=0%
12:22:09.828  RAW   content-type: application/json
12:22:09.828  RAW   x-rate-limit-policy: trade-fetch-request-limit
12:22:09.828  RAW   x-rate-limit-rules: Account,Ip
12:22:09.828  RAW   x-rate-limit-account: 6:4:10
12:22:09.828  RAW   x-rate-limit-account-state: 1:4:0
12:22:09.828  RAW   x-rate-limit-ip: 12:4:60,16:12:60
12:22:09.828  RAW   x-rate-limit-ip-state: 1:4:0,1:12:0
12:22:09.828  RAW   cf-cache-status: DYNAMIC
12:22:09.828  RAW   cf-ray: a1e97b9d88d5e32e-WAW
12:22:09.828  RESP  GET /api/trade/fetch/11fd23bcc751466f9b9451d1a46f1d2551413d6b353cf4493c2a046b69e7bdee%2C97b8af06f7b9472dc9ecaa532273d8959377e0bd1a52401dc43b189c5167baaa%2C9d1cb7797a98fa94bba579ecdf0622640166dccff5c2f65e0e2e8225eb248c46%2C324e111f28deccc36dea945308ccc3822fbb83cd39a0b9366aef64853a9cc1b7%2Ca9aa4be32c5b50594c34f06f5f49b0025680303ad34d89c2f22c6b963faac398 → 200  14.594s  delay=6.000 min_gap=0.000 last=1784629329.828
12:22:09.828  PRE   POST /api/trade/search/Standard  delay=6.000 min_gap=0.000 last=1784629329.828
12:22:09.828  ENF   delay=6.000 min_gap=0.000 jitter=9.193 gap=15.193 since_last=0.000 sleep=15.193
12:22:25.332  PARSE Account 3:5:60 → 1.667s/req pen=60s; Ip 8:10:60 → 1.250s/req pen=60s; Ip 15:60:120 → 4.000s/req pen=120s; Ip 60:300:1800 → 5.000s/req pen=1800s  delay 6.000→6.000  min_gap→0  max_usage=48%
12:22:25.332  RAW   content-type: application/json
12:22:25.332  RAW   x-rate-limit-policy: trade-search-request-limit
12:22:25.332  RAW   x-rate-limit-rules: Account,Ip
12:22:25.332  RAW   x-rate-limit-account: 3:5:60
12:22:25.332  RAW   x-rate-limit-account-state: 2:5:0
12:22:25.332  RAW   x-rate-limit-ip: 8:10:60,15:60:120,60:300:1800
12:22:25.332  RAW   x-rate-limit-ip-state: 2:10:0,6:60:0,29:300:0
12:22:25.332  RAW   cf-cache-status: DYNAMIC
12:22:25.332  RAW   cf-ray: a1e97bfe6d04e32e-WAW
12:22:25.332  RESP  POST /api/trade/search/Standard → 200  15.504s  delay=6.000 min_gap=0.000 last=1784629345.332
12:22:25.332  PRE   GET /api/trade/fetch/5831c3ff142fea52a7404254c92d648d7dde33f5f8c032e686ec3a86e18f8fa1%2C6020d5f48250a65a7f514d2ab1a51b46ececde07e749a8abfb71b02cc5a4692c%2Ce14354777ac695197afa24c8b6372467674cd3ebc5f8a73938d23388c79d6dd9%2C25094c569c19611de7f93b60dcbdc78a1358dc5d64aee7f7ef7e05c9f0f8df17%2Cb2c4adbfb7bd213e32195cbdca7fd5b5a5a79ed5f429286ce39b4c7e48c69ad9  delay=6.000 min_gap=0.000 last=1784629345.333
12:22:25.332  ENF   delay=6.000 min_gap=0.000 jitter=6.040 gap=12.040 since_last=0.000 sleep=12.040
12:22:37.646  PARSE Account 6:4:10 → 0.667s/req pen=10s; Ip 12:4:60 → 0.333s/req pen=60s; Ip 16:12:60 → 0.750s/req pen=60s  delay 6.000→6.000  min_gap→0  max_usage=0%
12:22:37.646  RAW   content-type: application/json
12:22:37.646  RAW   x-rate-limit-policy: trade-fetch-request-limit
12:22:37.646  RAW   x-rate-limit-rules: Account,Ip
12:22:37.646  RAW   x-rate-limit-account: 6:4:10
12:22:37.646  RAW   x-rate-limit-account-state: 2:4:0
12:22:37.646  RAW   x-rate-limit-ip: 12:4:60,16:12:60
12:22:37.646  RAW   x-rate-limit-ip-state: 2:4:0,2:12:0
12:22:37.646  RAW   cf-cache-status: DYNAMIC
12:22:37.646  RAW   cf-ray: a1e97c4b9f9de32e-WAW
12:22:37.646  RESP  GET /api/trade/fetch/5831c3ff142fea52a7404254c92d648d7dde33f5f8c032e686ec3a86e18f8fa1%2C6020d5f48250a65a7f514d2ab1a51b46ececde07e749a8abfb71b02cc5a4692c%2Ce14354777ac695197afa24c8b6372467674cd3ebc5f8a73938d23388c79d6dd9%2C25094c569c19611de7f93b60dcbdc78a1358dc5d64aee7f7ef7e05c9f0f8df17%2Cb2c4adbfb7bd213e32195cbdca7fd5b5a5a79ed5f429286ce39b4c7e48c69ad9 → 200  12.314s  delay=6.000 min_gap=0.000 last=1784629357.647
12:22:37.646  PRE   POST /api/trade/search/Standard  delay=6.000 min_gap=0.000 last=1784629357.647
12:22:37.646  ENF   delay=6.000 min_gap=0.000 jitter=5.524 gap=11.524 since_last=0.000 sleep=11.524
12:22:49.469  PARSE Account 3:5:60 → 1.667s/req pen=60s; Ip 8:10:60 → 1.250s/req pen=60s; Ip 15:60:120 → 4.000s/req pen=120s; Ip 60:300:1800 → 5.000s/req pen=1800s  delay 6.000→6.000  min_gap→0  max_usage=52%
12:22:49.469  RAW   content-type: application/json
12:22:49.469  RAW   x-rate-limit-policy: trade-search-request-limit
12:22:49.469  RAW   x-rate-limit-rules: Account,Ip
12:22:49.469  RAW   x-rate-limit-account: 3:5:60
12:22:49.469  RAW   x-rate-limit-account-state: 1:5:0
12:22:49.469  RAW   x-rate-limit-ip: 8:10:60,15:60:120,60:300:1800
12:22:49.469  RAW   x-rate-limit-ip-state: 1:10:0,5:60:0,31:300:0
12:22:49.469  RAW   cf-cache-status: DYNAMIC
12:22:49.469  RAW   cf-ray: a1e97c955c44e32e-WAW
12:22:49.469  RESP  POST /api/trade/search/Standard → 200  11.823s  delay=6.000 min_gap=0.000 last=1784629369.470
12:22:49.469  PRE   GET /api/trade/fetch/97b8af06f7b9472dc9ecaa532273d8959377e0bd1a52401dc43b189c5167baaa%2Ca9aa4be32c5b50594c34f06f5f49b0025680303ad34d89c2f22c6b963faac398%2C324e111f28deccc36dea945308ccc3822fbb83cd39a0b9366aef64853a9cc1b7%2C06fd3690d0729731c7288c42ffeba7cc86ce7362453e0055fe40cdb329f55c20%2C31c977dc202a055cd799155085b88f225c7c4401580f0126bfe2aba3572b6314  delay=6.000 min_gap=0.000 last=1784629369.470
12:22:49.469  ENF   delay=6.000 min_gap=0.000 jitter=9.522 gap=15.522 since_last=0.000 sleep=15.522
12:23:05.264  PARSE Account 6:4:10 → 0.667s/req pen=10s; Ip 12:4:60 → 0.333s/req pen=60s; Ip 16:12:60 → 0.750s/req pen=60s  delay 6.000→6.000  min_gap→0  max_usage=0%
12:23:05.264  RAW   content-type: application/json
12:23:05.265  RAW   x-rate-limit-policy: trade-fetch-request-limit
12:23:05.265  RAW   x-rate-limit-rules: Account,Ip
12:23:05.265  RAW   x-rate-limit-account: 6:4:10
12:23:05.265  RAW   x-rate-limit-account-state: 1:4:0
12:23:05.265  RAW   x-rate-limit-ip: 12:4:60,16:12:60
12:23:05.265  RAW   x-rate-limit-ip-state: 1:4:0,1:12:0
12:23:05.265  RAW   cf-cache-status: DYNAMIC
12:23:05.265  RAW   cf-ray: a1e97cf83e99e32e-WAW
12:23:05.265  RESP  GET /api/trade/fetch/97b8af06f7b9472dc9ecaa532273d8959377e0bd1a52401dc43b189c5167baaa%2Ca9aa4be32c5b50594c34f06f5f49b0025680303ad34d89c2f22c6b963faac398%2C324e111f28deccc36dea945308ccc3822fbb83cd39a0b9366aef64853a9cc1b7%2C06fd3690d0729731c7288c42ffeba7cc86ce7362453e0055fe40cdb329f55c20%2C31c977dc202a055cd799155085b88f225c7c4401580f0126bfe2aba3572b6314 → 200  15.795s  delay=6.000 min_gap=0.000 last=1784629385.265
12:23:05.292  PRE   POST /api/trade/search/Standard  delay=6.000 min_gap=0.000 last=1784629385.265
12:23:05.292  ENF   delay=6.000 min_gap=0.000 jitter=5.877 gap=11.877 since_last=0.027 sleep=11.850
12:23:17.420  PARSE Account 3:5:60 → 1.667s/req pen=60s; Ip 8:10:60 → 1.250s/req pen=60s; Ip 15:60:120 → 4.000s/req pen=120s; Ip 60:300:1800 → 5.000s/req pen=1800s  delay 6.000→6.000  min_gap→0  max_usage=47%
12:23:17.420  RAW   content-type: application/json
12:23:17.421  RAW   x-rate-limit-policy: trade-search-request-limit
12:23:17.421  RAW   x-rate-limit-rules: Account,Ip
12:23:17.421  RAW   x-rate-limit-account: 3:5:60
12:23:17.421  RAW   x-rate-limit-account-state: 1:5:0
12:23:17.421  RAW   x-rate-limit-ip: 8:10:60,15:60:120,60:300:1800
12:23:17.421  RAW   x-rate-limit-ip-state: 1:10:0,5:60:0,28:300:0
12:23:17.421  RAW   cf-cache-status: DYNAMIC
12:23:17.421  RAW   cf-ray: a1e97d442db3e32e-WAW
12:23:17.421  RESP  POST /api/trade/search/Standard → 200  12.129s  delay=6.000 min_gap=0.000 last=1784629397.421
12:23:17.421  PRE   GET /api/trade/fetch/84b54c81c2aebbd7d825ae6d154b83457c38e572c3b1397d389c172b822805b5%2C8c2f4ef00be9d76959cd6443c319f88bc8dc58868438b0f497d06c04929307fc%2C481c38696bcfdffc67ea05bfe2614a956767247f1758cc2c9664d651dd874a67%2C550a3e794c27f49310b76e3274406eab60e4e7c66f8694cecb4e6d524083a1d8%2C5b8d988382cdb6fb36972dbcb829c28f1e904fbb41f687cdd596689df1767eb1  delay=6.000 min_gap=0.000 last=1784629397.421
12:23:17.421  ENF   delay=6.000 min_gap=0.000 jitter=8.654 gap=14.654 since_last=0.000 sleep=14.654
12:23:32.336  PARSE Account 6:4:10 → 0.667s/req pen=10s; Ip 12:4:60 → 0.333s/req pen=60s; Ip 16:12:60 → 0.750s/req pen=60s  delay 6.000→6.000  min_gap→0  max_usage=0%
12:23:32.336  RAW   content-type: application/json
12:23:32.336  RAW   x-rate-limit-policy: trade-fetch-request-limit
12:23:32.336  RAW   x-rate-limit-rules: Account,Ip
12:23:32.336  RAW   x-rate-limit-account: 6:4:10
12:23:32.336  RAW   x-rate-limit-account-state: 1:4:0
12:23:32.336  RAW   x-rate-limit-ip: 12:4:60,16:12:60
12:23:32.336  RAW   x-rate-limit-ip-state: 1:4:0,1:12:0
12:23:32.336  RAW   cf-cache-status: DYNAMIC
12:23:32.336  RAW   cf-ray: a1e97da17f0ee32e-WAW
12:23:32.336  RESP  GET /api/trade/fetch/84b54c81c2aebbd7d825ae6d154b83457c38e572c3b1397d389c172b822805b5%2C8c2f4ef00be9d76959cd6443c319f88bc8dc58868438b0f497d06c04929307fc%2C481c38696bcfdffc67ea05bfe2614a956767247f1758cc2c9664d651dd874a67%2C550a3e794c27f49310b76e3274406eab60e4e7c66f8694cecb4e6d524083a1d8%2C5b8d988382cdb6fb36972dbcb829c28f1e904fbb41f687cdd596689df1767eb1 → 200  14.915s  delay=6.000 min_gap=0.000 last=1784629412.337
12:23:32.336  PRE   POST /api/trade/search/Standard  delay=6.000 min_gap=0.000 last=1784629412.337
12:23:32.337  ENF   delay=6.000 min_gap=0.000 jitter=7.857 gap=13.857 since_last=0.000 sleep=13.857
12:23:46.475  PARSE Account 3:5:60 → 1.667s/req pen=60s; Ip 8:10:60 → 1.250s/req pen=60s; Ip 15:60:120 → 4.000s/req pen=120s; Ip 60:300:1800 → 5.000s/req pen=1800s  delay 6.000→6.000  min_gap→0  max_usage=52%
12:23:46.475  RAW   content-type: application/json
12:23:46.475  RAW   x-rate-limit-policy: trade-search-request-limit
12:23:46.475  RAW   x-rate-limit-rules: Account,Ip
12:23:46.475  RAW   x-rate-limit-account: 3:5:60
12:23:46.475  RAW   x-rate-limit-account-state: 1:5:0
12:23:46.475  RAW   x-rate-limit-ip: 8:10:60,15:60:120,60:300:1800
12:23:46.475  RAW   x-rate-limit-ip-state: 1:10:0,4:60:0,31:300:0
12:23:46.475  RAW   cf-cache-status: DYNAMIC
12:23:46.475  RAW   cf-ray: a1e97df9bfdae32e-WAW
12:23:46.475  RESP  POST /api/trade/search/Standard → 200  14.138s  delay=6.000 min_gap=0.000 last=1784629426.475
12:23:46.475  PRE   GET /api/trade/fetch/6020d5f48250a65a7f514d2ab1a51b46ececde07e749a8abfb71b02cc5a4692c%2C5831c3ff142fea52a7404254c92d648d7dde33f5f8c032e686ec3a86e18f8fa1%2Ce14354777ac695197afa24c8b6372467674cd3ebc5f8a73938d23388c79d6dd9%2C25094c569c19611de7f93b60dcbdc78a1358dc5d64aee7f7ef7e05c9f0f8df17%2Cb2c4adbfb7bd213e32195cbdca7fd5b5a5a79ed5f429286ce39b4c7e48c69ad9  delay=6.000 min_gap=0.000 last=1784629426.475
12:23:46.475  ENF   delay=6.000 min_gap=0.000 jitter=6.224 gap=12.224 since_last=0.000 sleep=12.224
12:23:58.972  PARSE Account 6:4:10 → 0.667s/req pen=10s; Ip 12:4:60 → 0.333s/req pen=60s; Ip 16:12:60 → 0.750s/req pen=60s  delay 6.000→6.000  min_gap→0  max_usage=0%
12:23:58.972  RAW   content-type: application/json
12:23:58.972  RAW   x-rate-limit-policy: trade-fetch-request-limit
12:23:58.972  RAW   x-rate-limit-rules: Account,Ip
12:23:58.972  RAW   x-rate-limit-account: 6:4:10
12:23:58.972  RAW   x-rate-limit-account-state: 1:4:0
12:23:58.972  RAW   x-rate-limit-ip: 12:4:60,16:12:60
12:23:58.972  RAW   x-rate-limit-ip-state: 1:4:0,1:12:0
12:23:58.972  RAW   cf-cache-status: DYNAMIC
12:23:58.972  RAW   cf-ray: a1e97e47e842e32e-WAW
12:23:58.973  RESP  GET /api/trade/fetch/6020d5f48250a65a7f514d2ab1a51b46ececde07e749a8abfb71b02cc5a4692c%2C5831c3ff142fea52a7404254c92d648d7dde33f5f8c032e686ec3a86e18f8fa1%2Ce14354777ac695197afa24c8b6372467674cd3ebc5f8a73938d23388c79d6dd9%2C25094c569c19611de7f93b60dcbdc78a1358dc5d64aee7f7ef7e05c9f0f8df17%2Cb2c4adbfb7bd213e32195cbdca7fd5b5a5a79ed5f429286ce39b4c7e48c69ad9 → 200  12.497s  delay=6.000 min_gap=0.000 last=1784629438.973
12:23:58.973  PRE   POST /api/trade/search/Standard  delay=6.000 min_gap=0.000 last=1784629438.973
12:23:58.973  ENF   delay=6.000 min_gap=0.000 jitter=5.476 gap=11.476 since_last=0.000 sleep=11.475
12:24:10.723  PARSE Account 3:5:60 → 1.667s/req pen=60s; Ip 8:10:60 → 1.250s/req pen=60s; Ip 15:60:120 → 4.000s/req pen=120s; Ip 60:300:1800 → 5.000s/req pen=1800s  delay 6.000→6.000  min_gap→0  max_usage=53%
12:24:10.724  RAW   content-type: application/json
12:24:10.724  RAW   x-rate-limit-policy: trade-search-request-limit
12:24:10.724  RAW   x-rate-limit-rules: Account,Ip
12:24:10.724  RAW   x-rate-limit-account: 3:5:60
12:24:10.724  RAW   x-rate-limit-account-state: 1:5:0
12:24:10.724  RAW   x-rate-limit-ip: 8:10:60,15:60:120,60:300:1800
12:24:10.724  RAW   x-rate-limit-ip-state: 1:10:0,8:60:0,29:300:0
12:24:10.724  RAW   cf-cache-status: DYNAMIC
12:24:10.724  RAW   cf-ray: a1e97e915b8fe32e-WAW
12:24:10.724  RESP  POST /api/trade/search/Standard → 200  11.751s  delay=6.000 min_gap=0.000 last=1784629450.724
12:24:10.749  PRE   POST /api/trade/search/Standard  delay=6.000 min_gap=0.000 last=1784629450.724
12:24:10.749  ENF   delay=6.000 min_gap=0.000 jitter=6.239 gap=12.239 since_last=0.026 sleep=12.213
12:24:23.245  PARSE Account 3:5:60 → 1.667s/req pen=60s; Ip 8:10:60 → 1.250s/req pen=60s; Ip 15:60:120 → 4.000s/req pen=120s; Ip 60:300:1800 → 5.000s/req pen=1800s  delay 6.000→6.000  min_gap→0  max_usage=50%
12:24:23.245  RAW   content-type: application/json
12:24:23.245  RAW   x-rate-limit-policy: trade-search-request-limit
12:24:23.245  RAW   x-rate-limit-rules: Account,Ip
12:24:23.245  RAW   x-rate-limit-account: 3:5:60
12:24:23.245  RAW   x-rate-limit-account-state: 1:5:0
12:24:23.245  RAW   x-rate-limit-ip: 8:10:60,15:60:120,60:300:1800
12:24:23.245  RAW   x-rate-limit-ip-state: 1:10:0,6:60:0,30:300:0
12:24:23.245  RAW   cf-cache-status: DYNAMIC
12:24:23.245  RAW   cf-ray: a1e97edf894ce32e-WAW
12:24:23.245  RESP  POST /api/trade/search/Standard → 200  12.495s  delay=6.000 min_gap=0.000 last=1784629463.246
12:24:23.245  PRE   GET /api/trade/fetch/7028ae12d6208efa084cedfcd7f042f808a8f9ead7cc0b9a84b9abb2070922e5%2Cb678f9f3330bd5b6ad74614a412a8bdbf7bf7f994bfef07005cbe15d712093ca%2C36342fdbac32a7f1b7f811eaee3882e8d51e648a30091f92b093b5efc136e3e3%2C36315e42c97197492918301e65fffee8b50091f0f5650e57dd4b16564444ad24%2C3a7c0207ea3d096a794b291ccc9f1b134946d5f65f30db51a99577af55cab03b  delay=6.000 min_gap=0.000 last=1784629463.246
12:24:23.245  ENF   delay=6.000 min_gap=0.000 jitter=8.274 gap=14.274 since_last=0.000 sleep=14.274
12:24:37.792  PARSE Account 6:4:10 → 0.667s/req pen=10s; Ip 12:4:60 → 0.333s/req pen=60s; Ip 16:12:60 → 0.750s/req pen=60s  delay 6.000→6.000  min_gap→0  max_usage=0%
12:24:37.792  RAW   content-type: application/json
12:24:37.792  RAW   x-rate-limit-policy: trade-fetch-request-limit
12:24:37.792  RAW   x-rate-limit-rules: Account,Ip
12:24:37.792  RAW   x-rate-limit-account: 6:4:10
12:24:37.792  RAW   x-rate-limit-account-state: 2:4:0
12:24:37.792  RAW   x-rate-limit-ip: 12:4:60,16:12:60
12:24:37.792  RAW   x-rate-limit-ip-state: 2:4:0,2:12:0
12:24:37.792  RAW   cf-cache-status: DYNAMIC
12:24:37.792  RAW   cf-ray: a1e97f3a8d20e32e-WAW
12:24:37.792  RESP  GET /api/trade/fetch/7028ae12d6208efa084cedfcd7f042f808a8f9ead7cc0b9a84b9abb2070922e5%2Cb678f9f3330bd5b6ad74614a412a8bdbf7bf7f994bfef07005cbe15d712093ca%2C36342fdbac32a7f1b7f811eaee3882e8d51e648a30091f92b093b5efc136e3e3%2C36315e42c97197492918301e65fffee8b50091f0f5650e57dd4b16564444ad24%2C3a7c0207ea3d096a794b291ccc9f1b134946d5f65f30db51a99577af55cab03b → 200  14.546s  delay=6.000 min_gap=0.000 last=1784629477.792
12:24:37.792  PRE   POST /api/trade/search/Standard  delay=6.000 min_gap=0.000 last=1784629477.792
12:24:37.792  ENF   delay=6.000 min_gap=0.000 jitter=9.346 gap=15.346 since_last=0.000 sleep=15.346
12:24:53.428  PARSE Account 3:5:60 → 1.667s/req pen=60s; Ip 8:10:60 → 1.250s/req pen=60s; Ip 15:60:120 → 4.000s/req pen=120s; Ip 60:300:1800 → 5.000s/req pen=1800s  delay 6.000→6.000  min_gap→0  max_usage=57%
12:24:53.428  RAW   content-type: application/json
12:24:53.428  RAW   x-rate-limit-policy: trade-search-request-limit
12:24:53.428  RAW   x-rate-limit-rules: Account,Ip
12:24:53.428  RAW   x-rate-limit-account: 3:5:60
12:24:53.428  RAW   x-rate-limit-account-state: 2:5:0
12:24:53.428  RAW   x-rate-limit-ip: 8:10:60,15:60:120,60:300:1800
12:24:53.428  RAW   x-rate-limit-ip-state: 2:10:0,7:60:0,34:300:0
12:24:53.428  RAW   cf-cache-status: DYNAMIC
12:24:53.428  RAW   cf-ray: a1e97f9c2d34e32e-WAW
12:24:53.428  RESP  POST /api/trade/search/Standard → 200  15.636s  delay=6.000 min_gap=0.000 last=1784629493.429
12:24:53.428  PRE   GET /api/trade/fetch/6020d5f48250a65a7f514d2ab1a51b46ececde07e749a8abfb71b02cc5a4692c%2C5831c3ff142fea52a7404254c92d648d7dde33f5f8c032e686ec3a86e18f8fa1%2Ce14354777ac695197afa24c8b6372467674cd3ebc5f8a73938d23388c79d6dd9%2C25094c569c19611de7f93b60dcbdc78a1358dc5d64aee7f7ef7e05c9f0f8df17%2Cb2c4adbfb7bd213e32195cbdca7fd5b5a5a79ed5f429286ce39b4c7e48c69ad9  delay=6.000 min_gap=0.000 last=1784629493.429
12:24:53.428  ENF   delay=6.000 min_gap=0.000 jitter=6.989 gap=12.989 since_last=0.000 sleep=12.989
12:25:06.689  PARSE Account 6:4:10 → 0.667s/req pen=10s; Ip 12:4:60 → 0.333s/req pen=60s; Ip 16:12:60 → 0.750s/req pen=60s  delay 6.000→6.000  min_gap→0  max_usage=0%
12:25:06.689  RAW   content-type: application/json
12:25:06.689  RAW   x-rate-limit-policy: trade-fetch-request-limit
12:25:06.689  RAW   x-rate-limit-rules: Account,Ip
12:25:06.689  RAW   x-rate-limit-account: 6:4:10
12:25:06.689  RAW   x-rate-limit-account-state: 2:4:0
12:25:06.689  RAW   x-rate-limit-ip: 12:4:60,16:12:60
12:25:06.689  RAW   x-rate-limit-ip-state: 2:4:0,2:12:0
12:25:06.689  RAW   cf-cache-status: DYNAMIC
12:25:06.689  RAW   cf-ray: a1e97fef2a7ce32e-WAW
12:25:06.689  RESP  GET /api/trade/fetch/6020d5f48250a65a7f514d2ab1a51b46ececde07e749a8abfb71b02cc5a4692c%2C5831c3ff142fea52a7404254c92d648d7dde33f5f8c032e686ec3a86e18f8fa1%2Ce14354777ac695197afa24c8b6372467674cd3ebc5f8a73938d23388c79d6dd9%2C25094c569c19611de7f93b60dcbdc78a1358dc5d64aee7f7ef7e05c9f0f8df17%2Cb2c4adbfb7bd213e32195cbdca7fd5b5a5a79ed5f429286ce39b4c7e48c69ad9 → 200  13.261s  delay=6.000 min_gap=0.000 last=1784629506.690
12:25:06.690  PRE   POST /api/trade/search/Standard  delay=6.000 min_gap=0.000 last=1784629506.690
12:25:06.690  ENF   delay=6.000 min_gap=0.000 jitter=9.964 gap=15.964 since_last=0.000 sleep=15.963
12:25:22.937  PARSE Account 3:5:60 → 1.667s/req pen=60s; Ip 8:10:60 → 1.250s/req pen=60s; Ip 15:60:120 → 4.000s/req pen=120s; Ip 60:300:1800 → 5.000s/req pen=1800s  delay 6.000→6.000  min_gap→0  max_usage=53%
12:25:22.937  RAW   content-type: application/json
12:25:22.937  RAW   x-rate-limit-policy: trade-search-request-limit
12:25:22.937  RAW   x-rate-limit-rules: Account,Ip
12:25:22.937  RAW   x-rate-limit-account: 3:5:60
12:25:22.937  RAW   x-rate-limit-account-state: 2:5:0
12:25:22.937  RAW   x-rate-limit-ip: 8:10:60,15:60:120,60:300:1800
12:25:22.937  RAW   x-rate-limit-ip-state: 2:10:0,6:60:0,32:300:0
12:25:22.937  RAW   cf-cache-status: DYNAMIC
12:25:22.937  RAW   cf-ray: a1e980549b64e32e-WAW
12:25:22.937  RESP  POST /api/trade/search/Standard → 200  16.248s  delay=6.000 min_gap=0.000 last=1784629522.938
12:25:22.938  PRE   GET /api/trade/fetch/3a7c0207ea3d096a794b291ccc9f1b134946d5f65f30db51a99577af55cab03b%2Cf41ae35f737a7e6d37e3fa2544b48e31a805a19e2a70d66f1044f59e6a6367d5%2Cd7f92136a0d7854e764f0713c4ea26032906b752d224ff4dcb3d4eb18148ba27%2C44c53566e6ae5c82f98ac6db968cb3d58adb7ee4f2a2791a495760c9d0976b4e%2C58565403839bbe69fb009d2a36b1da16cf4814d97c90c50880ca571a2d302f45  delay=6.000 min_gap=0.000 last=1784629522.938
12:25:22.938  ENF   delay=6.000 min_gap=0.000 jitter=6.628 gap=12.628 since_last=0.000 sleep=12.628
12:25:35.840  PARSE Account 6:4:10 → 0.667s/req pen=10s; Ip 12:4:60 → 0.333s/req pen=60s; Ip 16:12:60 → 0.750s/req pen=60s  delay 6.000→6.000  min_gap→0  max_usage=0%
12:25:35.841  RAW   content-type: application/json
12:25:35.841  RAW   x-rate-limit-policy: trade-fetch-request-limit
12:25:35.841  RAW   x-rate-limit-rules: Account,Ip
12:25:35.841  RAW   x-rate-limit-account: 6:4:10
12:25:35.841  RAW   x-rate-limit-account-state: 1:4:0
12:25:35.841  RAW   x-rate-limit-ip: 12:4:60,16:12:60
12:25:35.841  RAW   x-rate-limit-ip-state: 1:4:0,1:12:0
12:25:35.841  RAW   cf-cache-status: DYNAMIC
12:25:35.841  RAW   cf-ray: a1e980a55dc9e32e-WAW
12:25:35.841  RESP  GET /api/trade/fetch/3a7c0207ea3d096a794b291ccc9f1b134946d5f65f30db51a99577af55cab03b%2Cf41ae35f737a7e6d37e3fa2544b48e31a805a19e2a70d66f1044f59e6a6367d5%2Cd7f92136a0d7854e764f0713c4ea26032906b752d224ff4dcb3d4eb18148ba27%2C44c53566e6ae5c82f98ac6db968cb3d58adb7ee4f2a2791a495760c9d0976b4e%2C58565403839bbe69fb009d2a36b1da16cf4814d97c90c50880ca571a2d302f45 → 200  12.903s  delay=6.000 min_gap=0.000 last=1784629535.841
12:25:35.868  PRE   POST /api/trade/search/Standard  delay=6.000 min_gap=0.000 last=1784629535.841
12:25:35.868  ENF   delay=6.000 min_gap=0.000 jitter=6.551 gap=12.551 since_last=0.027 sleep=12.524
12:25:48.673  PARSE Account 3:5:60 → 1.667s/req pen=60s; Ip 8:10:60 → 1.250s/req pen=60s; Ip 15:60:120 → 4.000s/req pen=120s; Ip 60:300:1800 → 5.000s/req pen=1800s  delay 6.000→6.000  min_gap→0  max_usage=57%
12:25:48.673  RAW   content-type: application/json
12:25:48.673  RAW   x-rate-limit-policy: trade-search-request-limit
12:25:48.673  RAW   x-rate-limit-rules: Account,Ip
12:25:48.673  RAW   x-rate-limit-account: 3:5:60
12:25:48.673  RAW   x-rate-limit-account-state: 1:5:0
12:25:48.673  RAW   x-rate-limit-ip: 8:10:60,15:60:120,60:300:1800
12:25:48.673  RAW   x-rate-limit-ip-state: 1:10:0,5:60:0,34:300:0
12:25:48.673  RAW   cf-cache-status: DYNAMIC
12:25:48.673  RAW   cf-ray: a1e980f57dc3e32e-WAW
12:25:48.673  RESP  POST /api/trade/search/Standard → 200  12.805s  delay=6.000 min_gap=0.000 last=1784629548.673
12:25:48.673  PRE   GET /api/trade/fetch/7028ae12d6208efa084cedfcd7f042f808a8f9ead7cc0b9a84b9abb2070922e5%2Cb678f9f3330bd5b6ad74614a412a8bdbf7bf7f994bfef07005cbe15d712093ca%2C36315e42c97197492918301e65fffee8b50091f0f5650e57dd4b16564444ad24%2C3a7c0207ea3d096a794b291ccc9f1b134946d5f65f30db51a99577af55cab03b%2C872404b11fcb4d8f0405abf55a98f559894f03321d56247f4b2d34c52ddd27f4  delay=6.000 min_gap=0.000 last=1784629548.673
12:25:48.673  ENF   delay=6.000 min_gap=0.000 jitter=5.971 gap=11.971 since_last=0.000 sleep=11.971
12:26:00.913  PARSE Account 6:4:10 → 0.667s/req pen=10s; Ip 12:4:60 → 0.333s/req pen=60s; Ip 16:12:60 → 0.750s/req pen=60s  delay 6.000→6.000  min_gap→0  max_usage=0%
12:26:00.913  RAW   content-type: application/json
12:26:00.913  RAW   x-rate-limit-policy: trade-fetch-request-limit
12:26:00.913  RAW   x-rate-limit-rules: Account,Ip
12:26:00.913  RAW   x-rate-limit-account: 6:4:10
12:26:00.913  RAW   x-rate-limit-account-state: 1:4:0
12:26:00.913  RAW   x-rate-limit-ip: 12:4:60,16:12:60
12:26:00.913  RAW   x-rate-limit-ip-state: 1:4:0,1:12:0
12:26:00.913  RAW   cf-cache-status: DYNAMIC
12:26:00.913  RAW   cf-ray: a1e981420da9e32e-WAW
12:26:00.913  RESP  GET /api/trade/fetch/7028ae12d6208efa084cedfcd7f042f808a8f9ead7cc0b9a84b9abb2070922e5%2Cb678f9f3330bd5b6ad74614a412a8bdbf7bf7f994bfef07005cbe15d712093ca%2C36315e42c97197492918301e65fffee8b50091f0f5650e57dd4b16564444ad24%2C3a7c0207ea3d096a794b291ccc9f1b134946d5f65f30db51a99577af55cab03b%2C872404b11fcb4d8f0405abf55a98f559894f03321d56247f4b2d34c52ddd27f4 → 200  12.240s  delay=6.000 min_gap=0.000 last=1784629560.913
12:26:00.913  PRE   POST /api/trade/search/Standard  delay=6.000 min_gap=0.000 last=1784629560.913
12:26:00.913  ENF   delay=6.000 min_gap=0.000 jitter=8.312 gap=14.312 since_last=0.000 sleep=14.311
12:26:15.522  PARSE Account 3:5:60 → 1.667s/req pen=60s; Ip 8:10:60 → 1.250s/req pen=60s; Ip 15:60:120 → 4.000s/req pen=120s; Ip 60:300:1800 → 5.000s/req pen=1800s  delay 6.000→6.000  min_gap→0  max_usage=48%
12:26:15.522  RAW   content-type: application/json
12:26:15.522  RAW   x-rate-limit-policy: trade-search-request-limit
12:26:15.522  RAW   x-rate-limit-rules: Account,Ip
12:26:15.522  RAW   x-rate-limit-account: 3:5:60
12:26:15.522  RAW   x-rate-limit-account-state: 1:5:0
12:26:15.522  RAW   x-rate-limit-ip: 8:10:60,15:60:120,60:300:1800
12:26:15.522  RAW   x-rate-limit-ip-state: 1:10:0,5:60:0,29:300:0
12:26:15.522  RAW   cf-cache-status: DYNAMIC
12:26:15.522  RAW   cf-ray: a1e9819d2e94e32e-WAW
12:26:15.522  RESP  POST /api/trade/search/Standard → 200  14.609s  delay=6.000 min_gap=0.000 last=1784629575.523
12:26:15.522  PRE   GET /api/trade/fetch/6020d5f48250a65a7f514d2ab1a51b46ececde07e749a8abfb71b02cc5a4692c%2C5831c3ff142fea52a7404254c92d648d7dde33f5f8c032e686ec3a86e18f8fa1%2Ce14354777ac695197afa24c8b6372467674cd3ebc5f8a73938d23388c79d6dd9%2C25094c569c19611de7f93b60dcbdc78a1358dc5d64aee7f7ef7e05c9f0f8df17%2Cb2c4adbfb7bd213e32195cbdca7fd5b5a5a79ed5f429286ce39b4c7e48c69ad9  delay=6.000 min_gap=0.000 last=1784629575.523
12:26:15.522  ENF   delay=6.000 min_gap=0.000 jitter=8.197 gap=14.197 since_last=0.000 sleep=14.197
12:26:29.989  PARSE Account 6:4:10 → 0.667s/req pen=10s; Ip 12:4:60 → 0.333s/req pen=60s; Ip 16:12:60 → 0.750s/req pen=60s  delay 6.000→6.000  min_gap→0  max_usage=0%
12:26:29.989  RAW   content-type: application/json
12:26:29.989  RAW   x-rate-limit-policy: trade-fetch-request-limit
12:26:29.989  RAW   x-rate-limit-rules: Account,Ip
12:26:29.989  RAW   x-rate-limit-account: 6:4:10
12:26:29.989  RAW   x-rate-limit-account-state: 2:4:0
12:26:29.989  RAW   x-rate-limit-ip: 12:4:60,16:12:60
12:26:29.989  RAW   x-rate-limit-ip-state: 2:4:0,2:12:0
12:26:29.989  RAW   cf-cache-status: DYNAMIC
12:26:29.989  RAW   cf-ray: a1e981f7cba5e32e-WAW
12:26:29.989  RESP  GET /api/trade/fetch/6020d5f48250a65a7f514d2ab1a51b46ececde07e749a8abfb71b02cc5a4692c%2C5831c3ff142fea52a7404254c92d648d7dde33f5f8c032e686ec3a86e18f8fa1%2Ce14354777ac695197afa24c8b6372467674cd3ebc5f8a73938d23388c79d6dd9%2C25094c569c19611de7f93b60dcbdc78a1358dc5d64aee7f7ef7e05c9f0f8df17%2Cb2c4adbfb7bd213e32195cbdca7fd5b5a5a79ed5f429286ce39b4c7e48c69ad9 → 200  14.466s  delay=6.000 min_gap=0.000 last=1784629589.989
12:26:29.989  PRE   POST /api/trade/search/Standard  delay=6.000 min_gap=0.000 last=1784629589.989
12:26:29.989  ENF   delay=6.000 min_gap=0.000 jitter=6.692 gap=12.692 since_last=0.000 sleep=12.692
12:26:42.960  PARSE Account 3:5:60 → 1.667s/req pen=60s; Ip 8:10:60 → 1.250s/req pen=60s; Ip 15:60:120 → 4.000s/req pen=120s; Ip 60:300:1800 → 5.000s/req pen=1800s  delay 6.000→6.000  min_gap→0  max_usage=53%
12:26:42.960  RAW   content-type: application/json
12:26:42.960  RAW   x-rate-limit-policy: trade-search-request-limit
12:26:42.960  RAW   x-rate-limit-rules: Account,Ip
12:26:42.960  RAW   x-rate-limit-account: 3:5:60
12:26:42.960  RAW   x-rate-limit-account-state: 1:5:0
12:26:42.960  RAW   x-rate-limit-ip: 8:10:60,15:60:120,60:300:1800
12:26:42.960  RAW   x-rate-limit-ip-state: 1:10:0,7:60:0,32:300:0
12:26:42.960  RAW   cf-cache-status: DYNAMIC
12:26:42.960  RAW   cf-ray: a1e98248c97fe32e-WAW
12:26:42.960  RESP  POST /api/trade/search/Standard → 200  12.971s  delay=6.000 min_gap=0.000 last=1784629602.961
12:26:42.960  PRE   GET /api/trade/fetch/3a7c0207ea3d096a794b291ccc9f1b134946d5f65f30db51a99577af55cab03b%2Caf50451dacffaa28433278632b2c82d464bee7496bf1c0c743fdaa0a15d21656%2Cd7f92136a0d7854e764f0713c4ea26032906b752d224ff4dcb3d4eb18148ba27%2C872404b11fcb4d8f0405abf55a98f559894f03321d56247f4b2d34c52ddd27f4%2C7191d18e8c8870de59d85418298f39330896df7144165d236c0881dfd15ee1dc  delay=6.000 min_gap=0.000 last=1784629602.961
12:26:42.960  ENF   delay=6.000 min_gap=0.000 jitter=8.692 gap=14.692 since_last=0.000 sleep=14.691
12:26:57.926  PARSE Account 6:4:10 → 0.667s/req pen=10s; Ip 12:4:60 → 0.333s/req pen=60s; Ip 16:12:60 → 0.750s/req pen=60s  delay 6.000→6.000  min_gap→0  max_usage=0%
12:26:57.926  RAW   content-type: application/json
12:26:57.926  RAW   x-rate-limit-policy: trade-fetch-request-limit
12:26:57.926  RAW   x-rate-limit-rules: Account,Ip
12:26:57.926  RAW   x-rate-limit-account: 6:4:10
12:26:57.926  RAW   x-rate-limit-account-state: 1:4:0
12:26:57.926  RAW   x-rate-limit-ip: 12:4:60,16:12:60
12:26:57.926  RAW   x-rate-limit-ip-state: 1:4:0,1:12:0
12:26:57.926  RAW   cf-cache-status: DYNAMIC
12:26:57.926  RAW   cf-ray: a1e982a65c7ae32e-WAW
12:26:57.926  RESP  GET /api/trade/fetch/3a7c0207ea3d096a794b291ccc9f1b134946d5f65f30db51a99577af55cab03b%2Caf50451dacffaa28433278632b2c82d464bee7496bf1c0c743fdaa0a15d21656%2Cd7f92136a0d7854e764f0713c4ea26032906b752d224ff4dcb3d4eb18148ba27%2C872404b11fcb4d8f0405abf55a98f559894f03321d56247f4b2d34c52ddd27f4%2C7191d18e8c8870de59d85418298f39330896df7144165d236c0881dfd15ee1dc → 200  14.965s  delay=6.000 min_gap=0.000 last=1784629617.926
12:26:57.953  PRE   POST /api/trade/search/Standard  delay=6.000 min_gap=0.000 last=1784629617.926
12:26:57.953  ENF   delay=6.000 min_gap=0.000 jitter=5.971 gap=11.971 since_last=0.027 sleep=11.944
12:27:10.176  PARSE Account 3:5:60 → 1.667s/req pen=60s; Ip 8:10:60 → 1.250s/req pen=60s; Ip 15:60:120 → 4.000s/req pen=120s; Ip 60:300:1800 → 5.000s/req pen=1800s  delay 6.000→6.000  min_gap→0  max_usage=47%
12:27:10.176  RAW   content-type: application/json
12:27:10.176  RAW   x-rate-limit-policy: trade-search-request-limit
12:27:10.176  RAW   x-rate-limit-rules: Account,Ip
12:27:10.176  RAW   x-rate-limit-account: 3:5:60
12:27:10.176  RAW   x-rate-limit-account-state: 1:5:0
12:27:10.176  RAW   x-rate-limit-ip: 8:10:60,15:60:120,60:300:1800
12:27:10.176  RAW   x-rate-limit-ip-state: 1:10:0,7:60:0,28:300:0
12:27:10.176  RAW   cf-cache-status: DYNAMIC
12:27:10.176  RAW   cf-ray: a1e982f2ec35e32e-WAW
12:27:10.176  RESP  POST /api/trade/search/Standard → 200  12.223s  delay=6.000 min_gap=0.000 last=1784629630.177
12:27:10.176  PRE   GET /api/trade/fetch/b678f9f3330bd5b6ad74614a412a8bdbf7bf7f994bfef07005cbe15d712093ca%2C36315e42c97197492918301e65fffee8b50091f0f5650e57dd4b16564444ad24%2C3a7c0207ea3d096a794b291ccc9f1b134946d5f65f30db51a99577af55cab03b%2Caf50451dacffaa28433278632b2c82d464bee7496bf1c0c743fdaa0a15d21656%2Cfd09eecd18fdb3b23771f8a01aa462846a8f24d9547202506133f78ffdce685f  delay=6.000 min_gap=0.000 last=1784629630.177
12:27:10.176  ENF   delay=6.000 min_gap=0.000 jitter=8.150 gap=14.150 since_last=0.000 sleep=14.150
12:27:24.606  PARSE Account 6:4:10 → 0.667s/req pen=10s; Ip 12:4:60 → 0.333s/req pen=60s; Ip 16:12:60 → 0.750s/req pen=60s  delay 6.000→6.000  min_gap→0  max_usage=0%
12:27:24.606  RAW   content-type: application/json
12:27:24.606  RAW   x-rate-limit-policy: trade-fetch-request-limit
12:27:24.606  RAW   x-rate-limit-rules: Account,Ip
12:27:24.606  RAW   x-rate-limit-account: 6:4:10
12:27:24.606  RAW   x-rate-limit-account-state: 2:4:0
12:27:24.606  RAW   x-rate-limit-ip: 12:4:60,16:12:60
12:27:24.606  RAW   x-rate-limit-ip-state: 2:4:0,2:12:0
12:27:24.606  RAW   cf-cache-status: DYNAMIC
12:27:24.606  RAW   cf-ray: a1e9834d0830e32e-WAW
12:27:24.606  RESP  GET /api/trade/fetch/b678f9f3330bd5b6ad74614a412a8bdbf7bf7f994bfef07005cbe15d712093ca%2C36315e42c97197492918301e65fffee8b50091f0f5650e57dd4b16564444ad24%2C3a7c0207ea3d096a794b291ccc9f1b134946d5f65f30db51a99577af55cab03b%2Caf50451dacffaa28433278632b2c82d464bee7496bf1c0c743fdaa0a15d21656%2Cfd09eecd18fdb3b23771f8a01aa462846a8f24d9547202506133f78ffdce685f → 200  14.430s  delay=6.000 min_gap=0.000 last=1784629644.607
12:27:24.607  PRE   POST /api/trade/search/Standard  delay=6.000 min_gap=0.000 last=1784629644.607
12:27:24.607  ENF   delay=6.000 min_gap=0.000 jitter=6.628 gap=12.628 since_last=0.000 sleep=12.628
12:27:37.516  PARSE Account 3:5:60 → 1.667s/req pen=60s; Ip 8:10:60 → 1.250s/req pen=60s; Ip 15:60:120 → 4.000s/req pen=120s; Ip 60:300:1800 → 5.000s/req pen=1800s  delay 6.000→6.000  min_gap→0  max_usage=53%
12:27:37.516  RAW   content-type: application/json
12:27:37.516  RAW   x-rate-limit-policy: trade-search-request-limit
12:27:37.516  RAW   x-rate-limit-rules: Account,Ip
12:27:37.516  RAW   x-rate-limit-account: 3:5:60
12:27:37.516  RAW   x-rate-limit-account-state: 2:5:0
12:27:37.516  RAW   x-rate-limit-ip: 8:10:60,15:60:120,60:300:1800
12:27:37.516  RAW   x-rate-limit-ip-state: 2:10:0,6:60:0,32:300:0
12:27:37.516  RAW   cf-cache-status: DYNAMIC
12:27:37.516  RAW   cf-ray: a1e9839dbf59e32e-WAW
12:27:37.516  RESP  POST /api/trade/search/Standard → 200  12.909s  delay=6.000 min_gap=0.000 last=1784629657.517
12:27:37.516  PRE   GET /api/trade/fetch/5831c3ff142fea52a7404254c92d648d7dde33f5f8c032e686ec3a86e18f8fa1%2C6020d5f48250a65a7f514d2ab1a51b46ececde07e749a8abfb71b02cc5a4692c%2Ce14354777ac695197afa24c8b6372467674cd3ebc5f8a73938d23388c79d6dd9%2C25094c569c19611de7f93b60dcbdc78a1358dc5d64aee7f7ef7e05c9f0f8df17%2Cb2c4adbfb7bd213e32195cbdca7fd5b5a5a79ed5f429286ce39b4c7e48c69ad9  delay=6.000 min_gap=0.000 last=1784629657.517
12:27:37.516  ENF   delay=6.000 min_gap=0.000 jitter=8.742 gap=14.742 since_last=0.000 sleep=14.742
12:27:52.523  PARSE Account 6:4:10 → 0.667s/req pen=10s; Ip 12:4:60 → 0.333s/req pen=60s; Ip 16:12:60 → 0.750s/req pen=60s  delay 6.000→6.000  min_gap→0  max_usage=0%
12:27:52.523  RAW   content-type: application/json
12:27:52.523  RAW   x-rate-limit-policy: trade-fetch-request-limit
12:27:52.523  RAW   x-rate-limit-rules: Account,Ip
12:27:52.523  RAW   x-rate-limit-account: 6:4:10
12:27:52.523  RAW   x-rate-limit-account-state: 2:4:0
12:27:52.523  RAW   x-rate-limit-ip: 12:4:60,16:12:60
12:27:52.523  RAW   x-rate-limit-ip-state: 2:4:0,2:12:0
12:27:52.523  RAW   cf-cache-status: DYNAMIC
12:27:52.523  RAW   cf-ray: a1e983fbac7ce32e-WAW
12:27:52.523  RESP  GET /api/trade/fetch/5831c3ff142fea52a7404254c92d648d7dde33f5f8c032e686ec3a86e18f8fa1%2C6020d5f48250a65a7f514d2ab1a51b46ececde07e749a8abfb71b02cc5a4692c%2Ce14354777ac695197afa24c8b6372467674cd3ebc5f8a73938d23388c79d6dd9%2C25094c569c19611de7f93b60dcbdc78a1358dc5d64aee7f7ef7e05c9f0f8df17%2Cb2c4adbfb7bd213e32195cbdca7fd5b5a5a79ed5f429286ce39b4c7e48c69ad9 → 200  15.007s  delay=6.000 min_gap=0.000 last=1784629672.524
12:27:52.523  PRE   POST /api/trade/search/Standard  delay=6.000 min_gap=0.000 last=1784629672.524
12:27:52.523  ENF   delay=6.000 min_gap=0.000 jitter=5.152 gap=11.152 since_last=0.000 sleep=11.152
12:28:03.954  PARSE Account 3:5:60 → 1.667s/req pen=60s; Ip 8:10:60 → 1.250s/req pen=60s; Ip 15:60:120 → 4.000s/req pen=120s; Ip 60:300:1800 → 5.000s/req pen=1800s  delay 6.000→6.000  min_gap→0  max_usage=47%
12:28:03.954  RAW   content-type: application/json
12:28:03.954  RAW   x-rate-limit-policy: trade-search-request-limit
12:28:03.954  RAW   x-rate-limit-rules: Account,Ip
12:28:03.954  RAW   x-rate-limit-account: 3:5:60
12:28:03.954  RAW   x-rate-limit-account-state: 1:5:0
12:28:03.954  RAW   x-rate-limit-ip: 8:10:60,15:60:120,60:300:1800
12:28:03.954  RAW   x-rate-limit-ip-state: 1:10:0,5:60:0,28:300:0
12:28:03.954  RAW   cf-cache-status: DYNAMIC
12:28:03.955  RAW   cf-ray: a1e98442facbe32e-WAW
12:28:03.955  RESP  POST /api/trade/search/Standard → 200  11.431s  delay=6.000 min_gap=0.000 last=1784629683.955
12:28:03.955  PRE   GET /api/trade/fetch/3a7c0207ea3d096a794b291ccc9f1b134946d5f65f30db51a99577af55cab03b%2C0cb657d217070eb9afa07547e1c2ddca8cab0508e4f1df476daa3433c3e3ef08%2C7191d18e8c8870de59d85418298f39330896df7144165d236c0881dfd15ee1dc%2C6c23376e79172032575df9d5b284d62f9702a9f0ce74ac3dc1dbf2d3a3be2195%2Caf50451dacffaa28433278632b2c82d464bee7496bf1c0c743fdaa0a15d21656  delay=6.000 min_gap=0.000 last=1784629683.955
12:28:03.955  ENF   delay=6.000 min_gap=0.000 jitter=6.545 gap=12.545 since_last=0.000 sleep=12.545
12:28:16.779  PARSE Account 6:4:10 → 0.667s/req pen=10s; Ip 12:4:60 → 0.333s/req pen=60s; Ip 16:12:60 → 0.750s/req pen=60s  delay 6.000→6.000  min_gap→0  max_usage=0%
12:28:16.779  RAW   content-type: application/json
12:28:16.780  RAW   x-rate-limit-policy: trade-fetch-request-limit
12:28:16.780  RAW   x-rate-limit-rules: Account,Ip
12:28:16.780  RAW   x-rate-limit-account: 6:4:10
12:28:16.780  RAW   x-rate-limit-account-state: 1:4:0
12:28:16.780  RAW   x-rate-limit-ip: 12:4:60,16:12:60
12:28:16.780  RAW   x-rate-limit-ip-state: 1:4:0,2:12:0
12:28:16.780  RAW   cf-cache-status: DYNAMIC
12:28:16.780  RAW   cf-ray: a1e984932faae32e-WAW
12:28:16.780  RESP  GET /api/trade/fetch/3a7c0207ea3d096a794b291ccc9f1b134946d5f65f30db51a99577af55cab03b%2C0cb657d217070eb9afa07547e1c2ddca8cab0508e4f1df476daa3433c3e3ef08%2C7191d18e8c8870de59d85418298f39330896df7144165d236c0881dfd15ee1dc%2C6c23376e79172032575df9d5b284d62f9702a9f0ce74ac3dc1dbf2d3a3be2195%2Caf50451dacffaa28433278632b2c82d464bee7496bf1c0c743fdaa0a15d21656 → 200  12.825s  delay=6.000 min_gap=0.000 last=1784629696.780
12:28:16.800  PRE   POST /api/trade/search/Standard  delay=6.000 min_gap=0.000 last=1784629696.780
12:28:16.800  ENF   delay=6.000 min_gap=0.000 jitter=8.078 gap=14.078 since_last=0.021 sleep=14.058
12:28:31.144  PARSE Account 3:5:60 → 1.667s/req pen=60s; Ip 8:10:60 → 1.250s/req pen=60s; Ip 15:60:120 → 4.000s/req pen=120s; Ip 60:300:1800 → 5.000s/req pen=1800s  delay 6.000→6.000  min_gap→0  max_usage=52%
12:28:31.144  RAW   content-type: application/json
12:28:31.144  RAW   x-rate-limit-policy: trade-search-request-limit
12:28:31.144  RAW   x-rate-limit-rules: Account,Ip
12:28:31.144  RAW   x-rate-limit-account: 3:5:60
12:28:31.144  RAW   x-rate-limit-account-state: 1:5:0
12:28:31.144  RAW   x-rate-limit-ip: 8:10:60,15:60:120,60:300:1800
12:28:31.144  RAW   x-rate-limit-ip-state: 1:10:0,5:60:0,31:300:0
12:28:31.144  RAW   cf-cache-status: DYNAMIC
12:28:31.144  RAW   cf-ray: a1e984ece8f4e32e-WAW
12:28:31.144  RESP  POST /api/trade/search/Standard → 200  14.343s  delay=6.000 min_gap=0.000 last=1784629711.144
12:28:31.144  PRE   GET /api/trade/fetch/607193030c211a809dbbe5cb336a8523f3c7de15b876fcdd42523942a8f340e2%2C561487a3e34eefd9c49906c94dbdaf443bf47c74a5635a8db8f0fbabbfa91594%2C56e027565bb7aff849d08574a0735fb517bcc827f5f09832867c4179cad1fc9f%2Cb88582e6dd8c666617a64d68ee370fa0540314b13b7114215544dbd2ea230955%2Cd3e81763bdec8fdc359835925644b229082a770826b83cec466c7f432e52e1c8  delay=6.000 min_gap=0.000 last=1784629711.144
12:28:31.144  ENF   delay=6.000 min_gap=0.000 jitter=5.861 gap=11.861 since_last=0.000 sleep=11.861
12:28:43.272  PARSE Account 6:4:10 → 0.667s/req pen=10s; Ip 12:4:60 → 0.333s/req pen=60s; Ip 16:12:60 → 0.750s/req pen=60s  delay 6.000→6.000  min_gap→0  max_usage=0%
12:28:43.272  RAW   content-type: application/json
12:28:43.272  RAW   x-rate-limit-policy: trade-fetch-request-limit
12:28:43.272  RAW   x-rate-limit-rules: Account,Ip
12:28:43.272  RAW   x-rate-limit-account: 6:4:10
12:28:43.272  RAW   x-rate-limit-account-state: 1:4:0
12:28:43.272  RAW   x-rate-limit-ip: 12:4:60,16:12:60
12:28:43.272  RAW   x-rate-limit-ip-state: 1:4:0,1:12:0
12:28:43.272  RAW   cf-cache-status: DYNAMIC
12:28:43.272  RAW   cf-ray: a1e98538ca72e32e-WAW
12:28:43.272  RESP  GET /api/trade/fetch/607193030c211a809dbbe5cb336a8523f3c7de15b876fcdd42523942a8f340e2%2C561487a3e34eefd9c49906c94dbdaf443bf47c74a5635a8db8f0fbabbfa91594%2C56e027565bb7aff849d08574a0735fb517bcc827f5f09832867c4179cad1fc9f%2Cb88582e6dd8c666617a64d68ee370fa0540314b13b7114215544dbd2ea230955%2Cd3e81763bdec8fdc359835925644b229082a770826b83cec466c7f432e52e1c8 → 200  12.128s  delay=6.000 min_gap=0.000 last=1784629723.272
12:28:43.272  PRE   POST /api/trade/search/Standard  delay=6.000 min_gap=0.000 last=1784629723.272
12:28:43.272  ENF   delay=6.000 min_gap=0.000 jitter=5.276 gap=11.276 since_last=0.000 sleep=11.276
12:28:54.829  PARSE Account 3:5:60 → 1.667s/req pen=60s; Ip 8:10:60 → 1.250s/req pen=60s; Ip 15:60:120 → 4.000s/req pen=120s; Ip 60:300:1800 → 5.000s/req pen=1800s  delay 6.000→6.000  min_gap→0  max_usage=57%
12:28:54.829  RAW   content-type: application/json
12:28:54.829  RAW   x-rate-limit-policy: trade-search-request-limit
12:28:54.829  RAW   x-rate-limit-rules: Account,Ip
12:28:54.829  RAW   x-rate-limit-account: 3:5:60
12:28:54.829  RAW   x-rate-limit-account-state: 1:5:0
12:28:54.829  RAW   x-rate-limit-ip: 8:10:60,15:60:120,60:300:1800
12:28:54.829  RAW   x-rate-limit-ip-state: 2:10:0,7:60:0,34:300:0
12:28:54.829  RAW   cf-cache-status: DYNAMIC
12:28:54.829  RAW   cf-ray: a1e98580fd35e32e-WAW
12:28:54.829  RESP  POST /api/trade/search/Standard → 200  11.557s  delay=6.000 min_gap=0.000 last=1784629734.829
12:28:54.829  PRE   GET /api/trade/fetch/417c8ff27b123c443e2056d4477892448feabbeec92a9ca8570ebdb8d1440725%2C943c083378eb6c339a409daa0191b81bd1d8471421417674dfbd8ee4f8da3959%2C95f1c501e013e8d4cfb0be56c3bbda09bd540dcb64c236c0908167e794f54974%2C187a143540901f7d7fcdad9f98ad82e03be7adf040d6e3d5c1f283269c6d4503%2C3d48898ded709eba0a0a5494fa10e72ea015563653bd1e15405e01f6238bf864  delay=6.000 min_gap=0.000 last=1784629734.829
12:28:54.829  ENF   delay=6.000 min_gap=0.000 jitter=6.845 gap=12.845 since_last=0.000 sleep=12.845
12:29:07.949  PARSE Account 6:4:10 → 0.667s/req pen=10s; Ip 12:4:60 → 0.333s/req pen=60s; Ip 16:12:60 → 0.750s/req pen=60s  delay 6.000→6.000  min_gap→0  max_usage=0%
12:29:07.949  RAW   content-type: application/json
12:29:07.949  RAW   x-rate-limit-policy: trade-fetch-request-limit
12:29:07.949  RAW   x-rate-limit-rules: Account,Ip
12:29:07.949  RAW   x-rate-limit-account: 6:4:10
12:29:07.949  RAW   x-rate-limit-account-state: 1:4:0
12:29:07.949  RAW   x-rate-limit-ip: 12:4:60,16:12:60
12:29:07.949  RAW   x-rate-limit-ip-state: 1:4:0,2:12:0
12:29:07.949  RAW   cf-cache-status: DYNAMIC
12:29:07.949  RAW   cf-ray: a1e985d2f939e32e-WAW
12:29:07.949  RESP  GET /api/trade/fetch/417c8ff27b123c443e2056d4477892448feabbeec92a9ca8570ebdb8d1440725%2C943c083378eb6c339a409daa0191b81bd1d8471421417674dfbd8ee4f8da3959%2C95f1c501e013e8d4cfb0be56c3bbda09bd540dcb64c236c0908167e794f54974%2C187a143540901f7d7fcdad9f98ad82e03be7adf040d6e3d5c1f283269c6d4503%2C3d48898ded709eba0a0a5494fa10e72ea015563653bd1e15405e01f6238bf864 → 200  13.120s  delay=6.000 min_gap=0.000 last=1784629747.950
12:29:08.036  PRE   POST /api/trade/search/Standard  delay=6.000 min_gap=0.000 last=1784629747.950
12:29:08.036  ENF   delay=6.000 min_gap=0.000 jitter=5.990 gap=11.990 since_last=0.086 sleep=11.903
12:29:20.215  PARSE Account 3:5:60 → 1.667s/req pen=60s; Ip 8:10:60 → 1.250s/req pen=60s; Ip 15:60:120 → 4.000s/req pen=120s; Ip 60:300:1800 → 5.000s/req pen=1800s  delay 6.000→6.000  min_gap→0  max_usage=48%
12:29:20.215  RAW   content-type: application/json
12:29:20.215  RAW   x-rate-limit-policy: trade-search-request-limit
12:29:20.215  RAW   x-rate-limit-rules: Account,Ip
12:29:20.215  RAW   x-rate-limit-account: 3:5:60
12:29:20.215  RAW   x-rate-limit-account-state: 1:5:0
12:29:20.216  RAW   x-rate-limit-ip: 8:10:60,15:60:120,60:300:1800
12:29:20.216  RAW   x-rate-limit-ip-state: 1:10:0,7:60:0,29:300:0
12:29:20.216  RAW   cf-cache-status: DYNAMIC
12:29:20.216  RAW   cf-ray: a1e9861fab9ae32e-WAW
12:29:20.216  RESP  POST /api/trade/search/Standard → 200  12.180s  delay=6.000 min_gap=0.000 last=1784629760.216
12:29:20.216  PRE   GET /api/trade/fetch/d633b885e064498a824e408ef74d89e5fc0cfa6c6f1ca7b73b633e912696dba3%2C6dba7b208e5dd8a5201669821f0e850b6ab5748b3ef3c5f3e9076e939f151758%2C6e637f6a974098ab0287370da711a7cd28c2d6992c4b15ddbe3397a4283d0e0b%2C3d9a4f58ca02168890ba43cfbdb1d909b4543f8f84b2089ae8ee5eb637e26acf%2C56f2b9e9c54641f11c785cda17b21d1b0d24ebbdc47ae1f143877953be420488  delay=6.000 min_gap=0.000 last=1784629760.216
12:29:20.216  ENF   delay=6.000 min_gap=0.000 jitter=9.183 gap=15.183 since_last=0.000 sleep=15.182
12:29:35.669  PARSE Account 6:4:10 → 0.667s/req pen=10s; Ip 12:4:60 → 0.333s/req pen=60s; Ip 16:12:60 → 0.750s/req pen=60s  delay 6.000→6.000  min_gap→0  max_usage=0%
12:29:35.669  RAW   content-type: application/json
12:29:35.669  RAW   x-rate-limit-policy: trade-fetch-request-limit
12:29:35.669  RAW   x-rate-limit-rules: Account,Ip
12:29:35.669  RAW   x-rate-limit-account: 6:4:10
12:29:35.669  RAW   x-rate-limit-account-state: 1:4:0
12:29:35.669  RAW   x-rate-limit-ip: 12:4:60,16:12:60
12:29:35.669  RAW   x-rate-limit-ip-state: 1:4:0,2:12:0
12:29:35.669  RAW   cf-cache-status: DYNAMIC
12:29:35.669  RAW   cf-ray: a1e986804b5de32e-WAW
12:29:35.669  RESP  GET /api/trade/fetch/d633b885e064498a824e408ef74d89e5fc0cfa6c6f1ca7b73b633e912696dba3%2C6dba7b208e5dd8a5201669821f0e850b6ab5748b3ef3c5f3e9076e939f151758%2C6e637f6a974098ab0287370da711a7cd28c2d6992c4b15ddbe3397a4283d0e0b%2C3d9a4f58ca02168890ba43cfbdb1d909b4543f8f84b2089ae8ee5eb637e26acf%2C56f2b9e9c54641f11c785cda17b21d1b0d24ebbdc47ae1f143877953be420488 → 200  15.453s  delay=6.000 min_gap=0.000 last=1784629775.670
12:29:35.715  PRE   POST /api/trade/search/Standard  delay=6.000 min_gap=0.000 last=1784629775.670
12:29:35.715  ENF   delay=6.000 min_gap=0.000 jitter=6.374 gap=12.374 since_last=0.046 sleep=12.328
12:29:48.324  PARSE Account 3:5:60 → 1.667s/req pen=60s; Ip 8:10:60 → 1.250s/req pen=60s; Ip 15:60:120 → 4.000s/req pen=120s; Ip 60:300:1800 → 5.000s/req pen=1800s  delay 6.000→6.000  min_gap→0  max_usage=53%
12:29:48.324  RAW   content-type: application/json
12:29:48.324  RAW   x-rate-limit-policy: trade-search-request-limit
12:29:48.324  RAW   x-rate-limit-rules: Account,Ip
12:29:48.324  RAW   x-rate-limit-account: 3:5:60
12:29:48.324  RAW   x-rate-limit-account-state: 1:5:0
12:29:48.324  RAW   x-rate-limit-ip: 8:10:60,15:60:120,60:300:1800
12:29:48.324  RAW   x-rate-limit-ip-state: 2:10:0,6:60:0,32:300:0
12:29:48.324  RAW   cf-cache-status: DYNAMIC
12:29:48.324  RAW   cf-ray: a1e986cf4e8ae32e-WAW
12:29:48.324  RESP  POST /api/trade/search/Standard → 200  12.608s  delay=6.000 min_gap=0.000 last=1784629788.324
12:29:48.324  PRE   GET /api/trade/fetch/aef1091face8d267d4c900bf326846e462d03cf58ee54db8c5993ad8a7697821%2C033d070274497b7dadd764ba77eedd7af87cf092fbe8db193bca120b0235e86b%2C6833a3eac745f51cfedb36aee94ff3ffd0aac13b5bb86220c40fab1e26e94856%2C06d5cc7cc5f98dde24c86753f30fe65099b73913b46bb0f1794b92c2be577877%2Cd6460a186227c134e64368f4088d230cb13187130d938a9a3a7758f771a4900b  delay=6.000 min_gap=0.000 last=1784629788.324
12:29:48.324  ENF   delay=6.000 min_gap=0.000 jitter=5.848 gap=11.848 since_last=0.000 sleep=11.848
12:30:00.440  PARSE Account 6:4:10 → 0.667s/req pen=10s; Ip 12:4:60 → 0.333s/req pen=60s; Ip 16:12:60 → 0.750s/req pen=60s  delay 6.000→6.000  min_gap→0  max_usage=0%
12:30:00.440  RAW   content-type: application/json
12:30:00.440  RAW   x-rate-limit-policy: trade-fetch-request-limit
12:30:00.440  RAW   x-rate-limit-rules: Account,Ip
12:30:00.440  RAW   x-rate-limit-account: 6:4:10
12:30:00.440  RAW   x-rate-limit-account-state: 1:4:0
12:30:00.440  RAW   x-rate-limit-ip: 12:4:60,16:12:60
12:30:00.440  RAW   x-rate-limit-ip-state: 1:4:0,2:12:0
12:30:00.440  RAW   cf-cache-status: DYNAMIC
12:30:00.440  RAW   cf-ray: a1e9871b1d01e32e-WAW
12:30:00.440  RESP  GET /api/trade/fetch/aef1091face8d267d4c900bf326846e462d03cf58ee54db8c5993ad8a7697821%2C033d070274497b7dadd764ba77eedd7af87cf092fbe8db193bca120b0235e86b%2C6833a3eac745f51cfedb36aee94ff3ffd0aac13b5bb86220c40fab1e26e94856%2C06d5cc7cc5f98dde24c86753f30fe65099b73913b46bb0f1794b92c2be577877%2Cd6460a186227c134e64368f4088d230cb13187130d938a9a3a7758f771a4900b → 200  12.116s  delay=6.000 min_gap=0.000 last=1784629800.440
12:30:00.440  PRE   POST /api/trade/search/Standard  delay=6.000 min_gap=0.000 last=1784629800.440
12:30:00.440  ENF   delay=6.000 min_gap=0.000 jitter=7.910 gap=13.910 since_last=0.000 sleep=13.910
12:30:14.628  PARSE Account 3:5:60 → 1.667s/req pen=60s; Ip 8:10:60 → 1.250s/req pen=60s; Ip 15:60:120 → 4.000s/req pen=120s; Ip 60:300:1800 → 5.000s/req pen=1800s  delay 6.000→6.000  min_gap→0  max_usage=47%
12:30:14.628  RAW   content-type: application/json
12:30:14.628  RAW   x-rate-limit-policy: trade-search-request-limit
12:30:14.628  RAW   x-rate-limit-rules: Account,Ip
12:30:14.628  RAW   x-rate-limit-account: 3:5:60
12:30:14.628  RAW   x-rate-limit-account-state: 1:5:0
12:30:14.628  RAW   x-rate-limit-ip: 8:10:60,15:60:120,60:300:1800
12:30:14.628  RAW   x-rate-limit-ip-state: 2:10:0,7:60:0,28:300:0
12:30:14.628  RAW   cf-cache-status: DYNAMIC
12:30:14.628  RAW   cf-ray: a1e98773bcb2e32e-WAW
12:30:14.628  RESP  POST /api/trade/search/Standard → 200  14.187s  delay=6.000 min_gap=0.000 last=1784629814.628
12:30:14.628  PRE   GET /api/trade/fetch/87339a4ca0990d51aa44e3d6daf103f92aced152930fa519859885258c299cc7%2C756a43bfbbfac3baccb253489fa0d424c5057ad29635b8b8daa32f1e4b646a22%2Ca19c06473324b212f243e698bf3a32c5aa010c8c78766f262f650b3ac5cd7d9a%2Cf15089384dbb0b50304a146d709946b4060b5c8e6c8c7eb51d24284c7d811672%2C6f8a43f906f34c9f8dc0ab2b4c715a22aa002131919dcd6706945d77d47a747e  delay=6.000 min_gap=0.000 last=1784629814.628
12:30:14.628  ENF   delay=6.000 min_gap=0.000 jitter=7.756 gap=13.756 since_last=0.000 sleep=13.756
12:30:28.653  PARSE Account 6:4:10 → 0.667s/req pen=10s; Ip 12:4:60 → 0.333s/req pen=60s; Ip 16:12:60 → 0.750s/req pen=60s  delay 6.000→6.000  min_gap→0  max_usage=0%
12:30:28.653  RAW   content-type: application/json
12:30:28.653  RAW   x-rate-limit-policy: trade-fetch-request-limit
12:30:28.653  RAW   x-rate-limit-rules: Account,Ip
12:30:28.653  RAW   x-rate-limit-account: 6:4:10
12:30:28.653  RAW   x-rate-limit-account-state: 1:4:0
12:30:28.653  RAW   x-rate-limit-ip: 12:4:60,16:12:60
12:30:28.653  RAW   x-rate-limit-ip-state: 1:4:0,2:12:0
12:30:28.653  RAW   cf-cache-status: DYNAMIC
12:30:28.653  RAW   cf-ray: a1e987cb6aace32e-WAW
12:30:28.653  RESP  GET /api/trade/fetch/87339a4ca0990d51aa44e3d6daf103f92aced152930fa519859885258c299cc7%2C756a43bfbbfac3baccb253489fa0d424c5057ad29635b8b8daa32f1e4b646a22%2Ca19c06473324b212f243e698bf3a32c5aa010c8c78766f262f650b3ac5cd7d9a%2Cf15089384dbb0b50304a146d709946b4060b5c8e6c8c7eb51d24284c7d811672%2C6f8a43f906f34c9f8dc0ab2b4c715a22aa002131919dcd6706945d77d47a747e → 200  14.025s  delay=6.000 min_gap=0.000 last=1784629828.653
12:30:28.674  PRE   POST /api/trade/search/Standard  delay=6.000 min_gap=0.000 last=1784629828.653
12:30:28.675  ENF   delay=6.000 min_gap=0.000 jitter=9.954 gap=15.954 since_last=0.022 sleep=15.932
12:30:44.898  PARSE Account 3:5:60 → 1.667s/req pen=60s; Ip 8:10:60 → 1.250s/req pen=60s; Ip 15:60:120 → 4.000s/req pen=120s; Ip 60:300:1800 → 5.000s/req pen=1800s  delay 6.000→6.000  min_gap→0  max_usage=52%
12:30:44.898  RAW   content-type: application/json
12:30:44.898  RAW   x-rate-limit-policy: trade-search-request-limit
12:30:44.898  RAW   x-rate-limit-rules: Account,Ip
12:30:44.898  RAW   x-rate-limit-account: 3:5:60
12:30:44.898  RAW   x-rate-limit-account-state: 1:5:0
12:30:44.898  RAW   x-rate-limit-ip: 8:10:60,15:60:120,60:300:1800
12:30:44.898  RAW   x-rate-limit-ip-state: 2:10:0,7:60:0,31:300:0
12:30:44.898  RAW   cf-cache-status: DYNAMIC
12:30:44.898  RAW   cf-ray: a1e98830de01e32e-WAW
12:30:44.898  RESP  POST /api/trade/search/Standard → 200  16.223s  delay=6.000 min_gap=0.000 last=1784629844.899
12:30:44.898  PRE   GET /api/trade/fetch/6833a3eac745f51cfedb36aee94ff3ffd0aac13b5bb86220c40fab1e26e94856%2C53b7f72e5b2ca3948565de43be399e6096374230124d4afeb1670c01de33b9d1%2C6ef183203ebc4ba455132e333b40f7ccf5aa6e2435e8c4141385eabf27a8dd7c%2Cf9ad9772b10aece7001cd4abb138702c8dec46b92fe00bcddc790efe77bc38fc%2Cb2b00b81ba32684cc0d540da861a259f9e996dc7cc6c101999d7b26082944dc0  delay=6.000 min_gap=0.000 last=1784629844.899
12:30:44.898  ENF   delay=6.000 min_gap=0.000 jitter=6.133 gap=12.133 since_last=0.000 sleep=12.133
12:30:57.300  PARSE Account 6:4:10 → 0.667s/req pen=10s; Ip 12:4:60 → 0.333s/req pen=60s; Ip 16:12:60 → 0.750s/req pen=60s  delay 6.000→6.000  min_gap→0  max_usage=0%
12:30:57.300  RAW   content-type: application/json
12:30:57.300  RAW   x-rate-limit-policy: trade-fetch-request-limit
12:30:57.300  RAW   x-rate-limit-rules: Account,Ip
12:30:57.300  RAW   x-rate-limit-account: 6:4:10
12:30:57.300  RAW   x-rate-limit-account-state: 1:4:0
12:30:57.300  RAW   x-rate-limit-ip: 12:4:60,16:12:60
12:30:57.300  RAW   x-rate-limit-ip-state: 1:4:0,2:12:0
12:30:57.300  RAW   cf-cache-status: DYNAMIC
12:30:57.300  RAW   cf-ray: a1e9887e7c73e32e-WAW
12:30:57.300  RESP  GET /api/trade/fetch/6833a3eac745f51cfedb36aee94ff3ffd0aac13b5bb86220c40fab1e26e94856%2C53b7f72e5b2ca3948565de43be399e6096374230124d4afeb1670c01de33b9d1%2C6ef183203ebc4ba455132e333b40f7ccf5aa6e2435e8c4141385eabf27a8dd7c%2Cf9ad9772b10aece7001cd4abb138702c8dec46b92fe00bcddc790efe77bc38fc%2Cb2b00b81ba32684cc0d540da861a259f9e996dc7cc6c101999d7b26082944dc0 → 200  12.401s  delay=6.000 min_gap=0.000 last=1784629857.300
12:30:57.300  PRE   POST /api/trade/search/Standard  delay=6.000 min_gap=0.000 last=1784629857.300
12:30:57.300  ENF   delay=6.000 min_gap=0.000 jitter=7.888 gap=13.888 since_last=0.000 sleep=13.888
12:31:11.475  PARSE Account 3:5:60 → 1.667s/req pen=60s; Ip 8:10:60 → 1.250s/req pen=60s; Ip 15:60:120 → 4.000s/req pen=120s; Ip 60:300:1800 → 5.000s/req pen=1800s  delay 6.000→6.000  min_gap→0  max_usage=48%
12:31:11.475  RAW   content-type: application/json
12:31:11.475  RAW   x-rate-limit-policy: trade-search-request-limit
12:31:11.475  RAW   x-rate-limit-rules: Account,Ip
12:31:11.475  RAW   x-rate-limit-account: 3:5:60
12:31:11.475  RAW   x-rate-limit-account-state: 2:5:0
12:31:11.475  RAW   x-rate-limit-ip: 8:10:60,15:60:120,60:300:1800
12:31:11.475  RAW   x-rate-limit-ip-state: 2:10:0,7:60:0,29:300:0
12:31:11.475  RAW   cf-cache-status: DYNAMIC
12:31:11.475  RAW   cf-ray: a1e988d6f8a6e32e-WAW
12:31:11.475  RESP  POST /api/trade/search/Standard → 200  14.175s  delay=6.000 min_gap=0.000 last=1784629871.476
12:31:11.475  PRE   GET /api/trade/fetch/87339a4ca0990d51aa44e3d6daf103f92aced152930fa519859885258c299cc7%2C756a43bfbbfac3baccb253489fa0d424c5057ad29635b8b8daa32f1e4b646a22%2C7c4c23adaa48a6eb732c816275c0b179f840bc9747130228e7470a54e6f3fb50%2C3d819699501335dbd26f71e4d7dd6991a24e7124bed594ef5dec07d9f5301190%2C340cd8e561196d2e5e3bddc72c0ac71bc3bf3fddac30ca9592fe5da3fa87a949  delay=6.000 min_gap=0.000 last=1784629871.476
12:31:11.475  ENF   delay=6.000 min_gap=0.000 jitter=9.674 gap=15.674 since_last=0.000 sleep=15.674
12:31:27.419  PARSE Account 6:4:10 → 0.667s/req pen=10s; Ip 12:4:60 → 0.333s/req pen=60s; Ip 16:12:60 → 0.750s/req pen=60s  delay 6.000→6.000  min_gap→0  max_usage=0%
12:31:27.420  RAW   content-type: application/json
12:31:27.420  RAW   x-rate-limit-policy: trade-fetch-request-limit
12:31:27.420  RAW   x-rate-limit-rules: Account,Ip
12:31:27.420  RAW   x-rate-limit-account: 6:4:10
12:31:27.420  RAW   x-rate-limit-account-state: 1:4:0
12:31:27.420  RAW   x-rate-limit-ip: 12:4:60,16:12:60
12:31:27.420  RAW   x-rate-limit-ip-state: 1:4:0,2:12:0
12:31:27.420  RAW   cf-cache-status: DYNAMIC
12:31:27.420  RAW   cf-ray: a1e9893abccbe32e-WAW
12:31:27.420  RESP  GET /api/trade/fetch/87339a4ca0990d51aa44e3d6daf103f92aced152930fa519859885258c299cc7%2C756a43bfbbfac3baccb253489fa0d424c5057ad29635b8b8daa32f1e4b646a22%2C7c4c23adaa48a6eb732c816275c0b179f840bc9747130228e7470a54e6f3fb50%2C3d819699501335dbd26f71e4d7dd6991a24e7124bed594ef5dec07d9f5301190%2C340cd8e561196d2e5e3bddc72c0ac71bc3bf3fddac30ca9592fe5da3fa87a949 → 200  15.944s  delay=6.000 min_gap=0.000 last=1784629887.420
12:31:27.446  PRE   POST /api/trade/search/Standard  delay=6.000 min_gap=0.000 last=1784629887.420
12:31:27.446  ENF   delay=6.000 min_gap=0.000 jitter=9.023 gap=15.023 since_last=0.027 sleep=14.996
12:31:42.720  PARSE Account 3:5:60 → 1.667s/req pen=60s; Ip 8:10:60 → 1.250s/req pen=60s; Ip 15:60:120 → 4.000s/req pen=120s; Ip 60:300:1800 → 5.000s/req pen=1800s  delay 6.000→6.000  min_gap→0  max_usage=55%
12:31:42.720  RAW   content-type: application/json
12:31:42.720  RAW   x-rate-limit-policy: trade-search-request-limit
12:31:42.720  RAW   x-rate-limit-rules: Account,Ip
12:31:42.720  RAW   x-rate-limit-account: 3:5:60
12:31:42.720  RAW   x-rate-limit-account-state: 2:5:0
12:31:42.720  RAW   x-rate-limit-ip: 8:10:60,15:60:120,60:300:1800
12:31:42.720  RAW   x-rate-limit-ip-state: 2:10:0,8:60:0,33:300:0
12:31:42.720  RAW   cf-cache-status: DYNAMIC
12:31:42.720  RAW   cf-ray: a1e9899a484ce32e-WAW
12:31:42.720  RESP  POST /api/trade/search/Standard → 200  15.273s  delay=6.000 min_gap=0.000 last=1784629902.720
12:31:42.720  PRE   GET /api/trade/fetch/53b7f72e5b2ca3948565de43be399e6096374230124d4afeb1670c01de33b9d1%2Cb2b00b81ba32684cc0d540da861a259f9e996dc7cc6c101999d7b26082944dc0%2C756a43bfbbfac3baccb253489fa0d424c5057ad29635b8b8daa32f1e4b646a22%2C4e66b880a6f06b2a7cdee876892d97c0cddf01e074313113dd64da549f2cab63%2C3d819699501335dbd26f71e4d7dd6991a24e7124bed594ef5dec07d9f5301190  delay=6.000 min_gap=0.000 last=1784629902.720
12:31:42.720  ENF   delay=6.000 min_gap=0.000 jitter=8.875 gap=14.875 since_last=0.000 sleep=14.875
12:31:57.871  PARSE Account 6:4:10 → 0.667s/req pen=10s; Ip 12:4:60 → 0.333s/req pen=60s; Ip 16:12:60 → 0.750s/req pen=60s  delay 6.000→6.000  min_gap→0  max_usage=0%
12:31:57.871  RAW   content-type: application/json
12:31:57.871  RAW   x-rate-limit-policy: trade-fetch-request-limit
12:31:57.871  RAW   x-rate-limit-rules: Account,Ip
12:31:57.871  RAW   x-rate-limit-account: 6:4:10
12:31:57.871  RAW   x-rate-limit-account-state: 2:4:0
12:31:57.871  RAW   x-rate-limit-ip: 12:4:60,16:12:60
12:31:57.871  RAW   x-rate-limit-ip-state: 2:4:0,2:12:0
12:31:57.871  RAW   cf-cache-status: DYNAMIC
12:31:57.871  RAW   cf-ray: a1e989f8fd76e32e-WAW
12:31:57.871  RESP  GET /api/trade/fetch/53b7f72e5b2ca3948565de43be399e6096374230124d4afeb1670c01de33b9d1%2Cb2b00b81ba32684cc0d540da861a259f9e996dc7cc6c101999d7b26082944dc0%2C756a43bfbbfac3baccb253489fa0d424c5057ad29635b8b8daa32f1e4b646a22%2C4e66b880a6f06b2a7cdee876892d97c0cddf01e074313113dd64da549f2cab63%2C3d819699501335dbd26f71e4d7dd6991a24e7124bed594ef5dec07d9f5301190 → 200  15.151s  delay=6.000 min_gap=0.000 last=1784629917.872
12:31:57.871  PRE   POST /api/trade/search/Standard  delay=6.000 min_gap=0.000 last=1784629917.872
12:31:57.871  ENF   delay=6.000 min_gap=0.000 jitter=6.478 gap=12.478 since_last=0.000 sleep=12.478
12:32:10.629  PARSE Account 3:5:60 → 1.667s/req pen=60s; Ip 8:10:60 → 1.250s/req pen=60s; Ip 15:60:120 → 4.000s/req pen=120s; Ip 60:300:1800 → 5.000s/req pen=1800s  delay 6.000→6.000  min_gap→0  max_usage=50%
12:32:10.629  RAW   content-type: application/json
12:32:10.629  RAW   x-rate-limit-policy: trade-search-request-limit
12:32:10.629  RAW   x-rate-limit-rules: Account,Ip
12:32:10.629  RAW   x-rate-limit-account: 3:5:60
12:32:10.629  RAW   x-rate-limit-account-state: 2:5:0
12:32:10.629  RAW   x-rate-limit-ip: 8:10:60,15:60:120,60:300:1800
12:32:10.629  RAW   x-rate-limit-ip-state: 2:10:0,7:60:0,30:300:0
12:32:10.629  RAW   cf-cache-status: DYNAMIC
12:32:10.629  RAW   cf-ray: a1e98a48befae32e-WAW
12:32:10.629  RESP  POST /api/trade/search/Standard → 200  12.758s  delay=6.000 min_gap=0.000 last=1784629930.630
12:32:10.630  PRE   GET /api/trade/fetch/756a43bfbbfac3baccb253489fa0d424c5057ad29635b8b8daa32f1e4b646a22%2C60c87adaecb245c61b654a4668b2f71904e3b3d8ef997fbbf45372241f3d3aae%2C4e66b880a6f06b2a7cdee876892d97c0cddf01e074313113dd64da549f2cab63%2Ca19c06473324b212f243e698bf3a32c5aa010c8c78766f262f650b3ac5cd7d9a%2C6f8a43f906f34c9f8dc0ab2b4c715a22aa002131919dcd6706945d77d47a747e  delay=6.000 min_gap=0.000 last=1784629930.630
12:32:10.630  ENF   delay=6.000 min_gap=0.000 jitter=9.785 gap=15.785 since_last=0.000 sleep=15.785
12:32:26.680  PARSE Account 6:4:10 → 0.667s/req pen=10s; Ip 12:4:60 → 0.333s/req pen=60s; Ip 16:12:60 → 0.750s/req pen=60s  delay 6.000→6.000  min_gap→0  max_usage=0%
12:32:26.680  RAW   content-type: application/json
12:32:26.680  RAW   x-rate-limit-policy: trade-fetch-request-limit
12:32:26.680  RAW   x-rate-limit-rules: Account,Ip
12:32:26.680  RAW   x-rate-limit-account: 6:4:10
12:32:26.680  RAW   x-rate-limit-account-state: 2:4:0
12:32:26.680  RAW   x-rate-limit-ip: 12:4:60,16:12:60
12:32:26.680  RAW   x-rate-limit-ip-state: 2:4:0,2:12:0
12:32:26.680  RAW   cf-cache-status: DYNAMIC
12:32:26.680  RAW   cf-ray: a1e98aad1c4ee32e-WAW
12:32:26.680  RESP  GET /api/trade/fetch/756a43bfbbfac3baccb253489fa0d424c5057ad29635b8b8daa32f1e4b646a22%2C60c87adaecb245c61b654a4668b2f71904e3b3d8ef997fbbf45372241f3d3aae%2C4e66b880a6f06b2a7cdee876892d97c0cddf01e074313113dd64da549f2cab63%2Ca19c06473324b212f243e698bf3a32c5aa010c8c78766f262f650b3ac5cd7d9a%2C6f8a43f906f34c9f8dc0ab2b4c715a22aa002131919dcd6706945d77d47a747e → 200  16.051s  delay=6.000 min_gap=0.000 last=1784629946.681
12:32:26.706  PRE   POST /api/trade/search/Standard  delay=6.000 min_gap=0.000 last=1784629946.681
12:32:26.706  ENF   delay=6.000 min_gap=0.000 jitter=8.091 gap=14.091 since_last=0.025 sleep=14.065
12:32:41.055  PARSE Account 3:5:60 → 1.667s/req pen=60s; Ip 8:10:60 → 1.250s/req pen=60s; Ip 15:60:120 → 4.000s/req pen=120s; Ip 60:300:1800 → 5.000s/req pen=1800s  delay 6.000→6.000  min_gap→0  max_usage=57%
12:32:41.055  RAW   content-type: application/json
12:32:41.055  RAW   x-rate-limit-policy: trade-search-request-limit
12:32:41.055  RAW   x-rate-limit-rules: Account,Ip
12:32:41.055  RAW   x-rate-limit-account: 3:5:60
12:32:41.055  RAW   x-rate-limit-account-state: 3:5:0
12:32:41.055  RAW   x-rate-limit-ip: 8:10:60,15:60:120,60:300:1800
12:32:41.055  RAW   x-rate-limit-ip-state: 3:10:0,7:60:0,34:300:0
12:32:41.055  RAW   cf-cache-status: DYNAMIC
12:32:41.055  RAW   cf-ray: a1e98b06d8e7e32e-WAW
12:32:41.055  RESP  POST /api/trade/search/Standard → 200  14.349s  delay=6.000 min_gap=0.000 last=1784629961.056
12:32:41.055  PRE   GET /api/trade/fetch/5e1f7de57c4d42b1a4ff366bf9afc3ab93f2869b0bf6ed23e4e9bd2b07919aaa%2C88332afbc02f1b1671c7a6d9dc57bb87684ed632e4b134a5df80c52c2499e45c%2Cc9c27fdace4ccb147a53add018ed680bf88f5e00a7a0b98564d51b1dce4dd574%2Cc1c4550f7917ab34e532409c1e6ecf5ddce3e8fd1b2254fd6420f5a9de8f10fe%2C679b38b7d56ab76096a7af63060d5cf5293d2f613eba203758245d30de409f7b  delay=6.000 min_gap=0.000 last=1784629961.056
12:32:41.055  ENF   delay=6.000 min_gap=0.000 jitter=9.435 gap=15.435 since_last=0.000 sleep=15.435
12:32:56.761  PARSE Account 6:4:10 → 0.667s/req pen=10s; Ip 12:4:60 → 0.333s/req pen=60s; Ip 16:12:60 → 0.750s/req pen=60s  delay 6.000→6.000  min_gap→0  max_usage=0%
12:32:56.761  RAW   content-type: application/json
12:32:56.761  RAW   x-rate-limit-policy: trade-fetch-request-limit
12:32:56.761  RAW   x-rate-limit-rules: Account,Ip
12:32:56.761  RAW   x-rate-limit-account: 6:4:10
12:32:56.761  RAW   x-rate-limit-account-state: 1:4:0
12:32:56.761  RAW   x-rate-limit-ip: 12:4:60,16:12:60
12:32:56.761  RAW   x-rate-limit-ip-state: 1:4:0,3:12:0
12:32:56.761  RAW   cf-cache-status: DYNAMIC
12:32:56.761  RAW   cf-ray: a1e98b691905e32e-WAW
12:32:56.761  RESP  GET /api/trade/fetch/5e1f7de57c4d42b1a4ff366bf9afc3ab93f2869b0bf6ed23e4e9bd2b07919aaa%2C88332afbc02f1b1671c7a6d9dc57bb87684ed632e4b134a5df80c52c2499e45c%2Cc9c27fdace4ccb147a53add018ed680bf88f5e00a7a0b98564d51b1dce4dd574%2Cc1c4550f7917ab34e532409c1e6ecf5ddce3e8fd1b2254fd6420f5a9de8f10fe%2C679b38b7d56ab76096a7af63060d5cf5293d2f613eba203758245d30de409f7b → 200  15.706s  delay=6.000 min_gap=0.000 last=1784629976.762
12:32:56.761  PRE   POST /api/trade/search/Standard  delay=6.000 min_gap=0.000 last=1784629976.762
12:32:56.761  ENF   delay=6.000 min_gap=0.000 jitter=9.764 gap=15.764 since_last=0.000 sleep=15.763
12:33:12.807  PARSE Account 3:5:60 → 1.667s/req pen=60s; Ip 8:10:60 → 1.250s/req pen=60s; Ip 15:60:120 → 4.000s/req pen=120s; Ip 60:300:1800 → 5.000s/req pen=1800s  delay 6.000→6.000  min_gap→0  max_usage=50%
12:33:12.807  RAW   content-type: application/json
12:33:12.807  RAW   x-rate-limit-policy: trade-search-request-limit
12:33:12.807  RAW   x-rate-limit-rules: Account,Ip
12:33:12.807  RAW   x-rate-limit-account: 3:5:60
12:33:12.807  RAW   x-rate-limit-account-state: 1:5:0
12:33:12.807  RAW   x-rate-limit-ip: 8:10:60,15:60:120,60:300:1800
12:33:12.807  RAW   x-rate-limit-ip-state: 3:10:0,6:60:0,30:300:0
12:33:12.807  RAW   cf-cache-status: DYNAMIC
12:33:12.807  RAW   cf-ray: a1e98bcd4bfae32e-WAW
12:33:12.807  RESP  POST /api/trade/search/Standard → 200  16.046s  delay=6.000 min_gap=0.000 last=1784629992.808
12:33:12.807  PRE   GET /api/trade/fetch/5831c3ff142fea52a7404254c92d648d7dde33f5f8c032e686ec3a86e18f8fa1%2C6020d5f48250a65a7f514d2ab1a51b46ececde07e749a8abfb71b02cc5a4692c%2Ce14354777ac695197afa24c8b6372467674cd3ebc5f8a73938d23388c79d6dd9%2C25094c569c19611de7f93b60dcbdc78a1358dc5d64aee7f7ef7e05c9f0f8df17%2Cb2c4adbfb7bd213e32195cbdca7fd5b5a5a79ed5f429286ce39b4c7e48c69ad9  delay=6.000 min_gap=0.000 last=1784629992.808
12:33:12.807  ENF   delay=6.000 min_gap=0.000 jitter=9.173 gap=15.173 since_last=0.000 sleep=15.173
12:33:28.253  PARSE Account 6:4:10 → 0.667s/req pen=10s; Ip 12:4:60 → 0.333s/req pen=60s; Ip 16:12:60 → 0.750s/req pen=60s  delay 6.000→6.000  min_gap→0  max_usage=0%
12:33:28.253  RAW   content-type: application/json
12:33:28.253  RAW   x-rate-limit-policy: trade-fetch-request-limit
12:33:28.253  RAW   x-rate-limit-rules: Account,Ip
12:33:28.253  RAW   x-rate-limit-account: 6:4:10
12:33:28.253  RAW   x-rate-limit-account-state: 1:4:0
12:33:28.253  RAW   x-rate-limit-ip: 12:4:60,16:12:60
12:33:28.253  RAW   x-rate-limit-ip-state: 1:4:0,3:12:0
12:33:28.253  RAW   cf-cache-status: DYNAMIC
12:33:28.253  RAW   cf-ray: a1e98c2ded54e32e-WAW
12:33:28.253  RESP  GET /api/trade/fetch/5831c3ff142fea52a7404254c92d648d7dde33f5f8c032e686ec3a86e18f8fa1%2C6020d5f48250a65a7f514d2ab1a51b46ececde07e749a8abfb71b02cc5a4692c%2Ce14354777ac695197afa24c8b6372467674cd3ebc5f8a73938d23388c79d6dd9%2C25094c569c19611de7f93b60dcbdc78a1358dc5d64aee7f7ef7e05c9f0f8df17%2Cb2c4adbfb7bd213e32195cbdca7fd5b5a5a79ed5f429286ce39b4c7e48c69ad9 → 200  15.445s  delay=6.000 min_gap=0.000 last=1784630008.253
12:33:28.253  PRE   POST /api/trade/search/Standard  delay=6.000 min_gap=0.000 last=1784630008.253
12:33:28.253  ENF   delay=6.000 min_gap=0.000 jitter=9.961 gap=15.961 since_last=0.000 sleep=15.960
12:33:44.492  PARSE Account 3:5:60 → 1.667s/req pen=60s; Ip 8:10:60 → 1.250s/req pen=60s; Ip 15:60:120 → 4.000s/req pen=120s; Ip 60:300:1800 → 5.000s/req pen=1800s  delay 6.000→6.000  min_gap→0  max_usage=55%
12:33:44.492  RAW   content-type: application/json
12:33:44.492  RAW   x-rate-limit-policy: trade-search-request-limit
12:33:44.492  RAW   x-rate-limit-rules: Account,Ip
12:33:44.492  RAW   x-rate-limit-account: 3:5:60
12:33:44.492  RAW   x-rate-limit-account-state: 1:5:0
12:33:44.492  RAW   x-rate-limit-ip: 8:10:60,15:60:120,60:300:1800
12:33:44.492  RAW   x-rate-limit-ip-state: 1:10:0,6:60:0,33:300:0
12:33:44.492  RAW   cf-cache-status: DYNAMIC
12:33:44.492  RAW   cf-ray: a1e98c935988e32e-WAW
12:33:44.492  RESP  POST /api/trade/search/Standard → 200  16.238s  delay=6.000 min_gap=0.000 last=1784630024.492
12:33:44.492  PRE   GET /api/trade/fetch/cec6dbc3987f0e3b31d57684611ba227cefdf28b3bc109802b451914bc83ef4e%2C926a00afcf2ddb9eb78a6ef74c8043d32c85600f3dae6ad7210211661da61141%2Cedad0a86d817628dc0284024ab1a61ae38e7e6dd7832737b528bfda06fac22f6%2Cf1545062e35a7456a1a8ef4ebb3ba01bf7b9def3d6c85b52f9c9550d7dddd0f6%2C246f82dc9d4618642b4f2315385d8f4f8daddd5e4cf089350ebf49ee91f10303  delay=6.000 min_gap=0.000 last=1784630024.492
12:33:44.492  ENF   delay=6.000 min_gap=0.000 jitter=5.122 gap=11.122 since_last=0.000 sleep=11.122
12:33:55.882  PARSE Account 6:4:10 → 0.667s/req pen=10s; Ip 12:4:60 → 0.333s/req pen=60s; Ip 16:12:60 → 0.750s/req pen=60s  delay 6.000→6.000  min_gap→0  max_usage=0%
12:33:55.882  RAW   content-type: application/json
12:33:55.882  RAW   x-rate-limit-policy: trade-fetch-request-limit
12:33:55.882  RAW   x-rate-limit-rules: Account,Ip
12:33:55.882  RAW   x-rate-limit-account: 6:4:10
12:33:55.882  RAW   x-rate-limit-account-state: 1:4:0
12:33:55.882  RAW   x-rate-limit-ip: 12:4:60,16:12:60
12:33:55.882  RAW   x-rate-limit-ip-state: 1:4:0,3:12:0
12:33:55.882  RAW   cf-cache-status: DYNAMIC
12:33:55.882  RAW   cf-ray: a1e98cda9dabe32e-WAW
12:33:55.882  RESP  GET /api/trade/fetch/cec6dbc3987f0e3b31d57684611ba227cefdf28b3bc109802b451914bc83ef4e%2C926a00afcf2ddb9eb78a6ef74c8043d32c85600f3dae6ad7210211661da61141%2Cedad0a86d817628dc0284024ab1a61ae38e7e6dd7832737b528bfda06fac22f6%2Cf1545062e35a7456a1a8ef4ebb3ba01bf7b9def3d6c85b52f9c9550d7dddd0f6%2C246f82dc9d4618642b4f2315385d8f4f8daddd5e4cf089350ebf49ee91f10303 → 200  11.390s  delay=6.000 min_gap=0.000 last=1784630035.882
12:33:55.909  PRE   POST /api/trade/search/Standard  delay=6.000 min_gap=0.000 last=1784630035.882
12:33:55.909  ENF   delay=6.000 min_gap=0.000 jitter=8.419 gap=14.419 since_last=0.028 sleep=14.392
12:34:10.586  PARSE Account 3:5:60 → 1.667s/req pen=60s; Ip 8:10:60 → 1.250s/req pen=60s; Ip 15:60:120 → 4.000s/req pen=120s; Ip 60:300:1800 → 5.000s/req pen=1800s  delay 6.000→6.000  min_gap→0  max_usage=48%
12:34:10.586  RAW   content-type: application/json
12:34:10.586  RAW   x-rate-limit-policy: trade-search-request-limit
12:34:10.586  RAW   x-rate-limit-rules: Account,Ip
12:34:10.586  RAW   x-rate-limit-account: 3:5:60
12:34:10.586  RAW   x-rate-limit-account-state: 1:5:0
12:34:10.586  RAW   x-rate-limit-ip: 8:10:60,15:60:120,60:300:1800
12:34:10.586  RAW   x-rate-limit-ip-state: 1:10:0,6:60:0,29:300:0
12:34:10.586  RAW   cf-cache-status: DYNAMIC
12:34:10.586  RAW   cf-ray: a1e98d366e0ce32e-WAW
12:34:10.586  RESP  POST /api/trade/search/Standard → 200  14.677s  delay=6.000 min_gap=0.000 last=1784630050.587
12:34:10.586  PRE   GET /api/trade/fetch/5e1f7de57c4d42b1a4ff366bf9afc3ab93f2869b0bf6ed23e4e9bd2b07919aaa%2Cc1c4550f7917ab34e532409c1e6ecf5ddce3e8fd1b2254fd6420f5a9de8f10fe%2C860eb9045e72fce8e0ca5da7573c225393c398651396eabb532ed74d40f92d48%2C9a846f50520beeb871c5ff4c0e2dc546099f54eda78a8b243f550beb2e0c2405%2Cd697a175fd87bb04f9a9740847431b2a7f1a207db29e4aa221ed6c57f80d58f7  delay=6.000 min_gap=0.000 last=1784630050.587
12:34:10.586  ENF   delay=6.000 min_gap=0.000 jitter=5.882 gap=11.882 since_last=0.000 sleep=11.882
12:34:22.735  PARSE Account 6:4:10 → 0.667s/req pen=10s; Ip 12:4:60 → 0.333s/req pen=60s; Ip 16:12:60 → 0.750s/req pen=60s  delay 6.000→6.000  min_gap→0  max_usage=0%
12:34:22.735  RAW   content-type: application/json
12:34:22.735  RAW   x-rate-limit-policy: trade-fetch-request-limit
12:34:22.735  RAW   x-rate-limit-rules: Account,Ip
12:34:22.735  RAW   x-rate-limit-account: 6:4:10
12:34:22.735  RAW   x-rate-limit-account-state: 1:4:0
12:34:22.735  RAW   x-rate-limit-ip: 12:4:60,16:12:60
12:34:22.735  RAW   x-rate-limit-ip-state: 1:4:0,3:12:0
12:34:22.735  RAW   cf-cache-status: DYNAMIC
12:34:22.735  RAW   cf-ray: a1e98d827f28e32e-WAW
12:34:22.735  RESP  GET /api/trade/fetch/5e1f7de57c4d42b1a4ff366bf9afc3ab93f2869b0bf6ed23e4e9bd2b07919aaa%2Cc1c4550f7917ab34e532409c1e6ecf5ddce3e8fd1b2254fd6420f5a9de8f10fe%2C860eb9045e72fce8e0ca5da7573c225393c398651396eabb532ed74d40f92d48%2C9a846f50520beeb871c5ff4c0e2dc546099f54eda78a8b243f550beb2e0c2405%2Cd697a175fd87bb04f9a9740847431b2a7f1a207db29e4aa221ed6c57f80d58f7 → 200  12.148s  delay=6.000 min_gap=0.000 last=1784630062.736
12:34:22.735  PRE   POST /api/trade/search/Standard  delay=6.000 min_gap=0.000 last=1784630062.736
12:34:22.735  ENF   delay=6.000 min_gap=0.000 jitter=5.516 gap=11.516 since_last=0.000 sleep=11.516
12:34:34.558  PARSE Account 3:5:60 → 1.667s/req pen=60s; Ip 8:10:60 → 1.250s/req pen=60s; Ip 15:60:120 → 4.000s/req pen=120s; Ip 60:300:1800 → 5.000s/req pen=1800s  delay 6.000→6.000  min_gap→0  max_usage=53%
12:34:34.558  RAW   content-type: application/json
12:34:34.558  RAW   x-rate-limit-policy: trade-search-request-limit
12:34:34.558  RAW   x-rate-limit-rules: Account,Ip
12:34:34.558  RAW   x-rate-limit-account: 3:5:60
12:34:34.558  RAW   x-rate-limit-account-state: 1:5:0
12:34:34.558  RAW   x-rate-limit-ip: 8:10:60,15:60:120,60:300:1800
12:34:34.558  RAW   x-rate-limit-ip-state: 3:10:0,6:60:0,32:300:0
12:34:34.558  RAW   cf-cache-status: DYNAMIC
12:34:34.558  RAW   cf-ray: a1e98dcc1fb3e32e-WAW
12:34:34.559  RESP  POST /api/trade/search/Standard → 200  11.823s  delay=6.000 min_gap=0.000 last=1784630074.559
12:34:34.559  PRE   GET /api/trade/fetch/6020d5f48250a65a7f514d2ab1a51b46ececde07e749a8abfb71b02cc5a4692c%2C5831c3ff142fea52a7404254c92d648d7dde33f5f8c032e686ec3a86e18f8fa1%2Ce14354777ac695197afa24c8b6372467674cd3ebc5f8a73938d23388c79d6dd9%2C25094c569c19611de7f93b60dcbdc78a1358dc5d64aee7f7ef7e05c9f0f8df17%2Cb2c4adbfb7bd213e32195cbdca7fd5b5a5a79ed5f429286ce39b4c7e48c69ad9  delay=6.000 min_gap=0.000 last=1784630074.559
12:34:34.559  ENF   delay=6.000 min_gap=0.000 jitter=9.139 gap=15.139 since_last=0.000 sleep=15.139
12:34:49.973  PARSE Account 6:4:10 → 0.667s/req pen=10s; Ip 12:4:60 → 0.333s/req pen=60s; Ip 16:12:60 → 0.750s/req pen=60s  delay 6.000→6.000  min_gap→0  max_usage=0%
12:34:49.973  RAW   content-type: application/json
12:34:49.973  RAW   x-rate-limit-policy: trade-fetch-request-limit
12:34:49.973  RAW   x-rate-limit-rules: Account,Ip
12:34:49.973  RAW   x-rate-limit-account: 6:4:10
12:34:49.973  RAW   x-rate-limit-account-state: 1:4:0
12:34:49.973  RAW   x-rate-limit-ip: 12:4:60,16:12:60
12:34:49.973  RAW   x-rate-limit-ip-state: 1:4:0,3:12:0
12:34:49.973  RAW   cf-cache-status: DYNAMIC
12:34:49.973  RAW   cf-ray: a1e98e2caf5ae32e-WAW
12:34:49.973  RESP  GET /api/trade/fetch/6020d5f48250a65a7f514d2ab1a51b46ececde07e749a8abfb71b02cc5a4692c%2C5831c3ff142fea52a7404254c92d648d7dde33f5f8c032e686ec3a86e18f8fa1%2Ce14354777ac695197afa24c8b6372467674cd3ebc5f8a73938d23388c79d6dd9%2C25094c569c19611de7f93b60dcbdc78a1358dc5d64aee7f7ef7e05c9f0f8df17%2Cb2c4adbfb7bd213e32195cbdca7fd5b5a5a79ed5f429286ce39b4c7e48c69ad9 → 200  15.414s  delay=6.000 min_gap=0.000 last=1784630089.974
12:34:49.973  PRE   POST /api/trade/search/Standard  delay=6.000 min_gap=0.000 last=1784630089.974
12:34:49.973  ENF   delay=6.000 min_gap=0.000 jitter=9.956 gap=15.956 since_last=0.000 sleep=15.956
12:35:06.202  PARSE Account 3:5:60 → 1.667s/req pen=60s; Ip 8:10:60 → 1.250s/req pen=60s; Ip 15:60:120 → 4.000s/req pen=120s; Ip 60:300:1800 → 5.000s/req pen=1800s  delay 6.000→6.000  min_gap→0  max_usage=48%
12:35:06.202  RAW   content-type: application/json
12:35:06.202  RAW   x-rate-limit-policy: trade-search-request-limit
12:35:06.202  RAW   x-rate-limit-rules: Account,Ip
12:35:06.202  RAW   x-rate-limit-account: 3:5:60
12:35:06.202  RAW   x-rate-limit-account-state: 1:5:0
12:35:06.202  RAW   x-rate-limit-ip: 8:10:60,15:60:120,60:300:1800
12:35:06.202  RAW   x-rate-limit-ip-state: 1:10:0,6:60:0,29:300:0
12:35:06.202  RAW   cf-cache-status: DYNAMIC
12:35:06.202  RAW   cf-ray: a1e98e9218a7e32e-WAW
12:35:06.203  RESP  POST /api/trade/search/Standard → 200  16.229s  delay=6.000 min_gap=0.000 last=1784630106.203
12:35:06.203  PRE   GET /api/trade/fetch/246f82dc9d4618642b4f2315385d8f4f8daddd5e4cf089350ebf49ee91f10303%2Cf1545062e35a7456a1a8ef4ebb3ba01bf7b9def3d6c85b52f9c9550d7dddd0f6%2Caf2a34fa76187ac163cfeacad5a4b274327ba6027c637161248842f162e94ec9%2Ca2271da15e96db00c9fb7e5ee8618e977967217b888f5f4990e2158ed052f81d%2C2008c71ff02a0a68b7eaf31f4c0b8c24095bbf47407537a5b17781c825fd3b9f  delay=6.000 min_gap=0.000 last=1784630106.203
12:35:06.203  ENF   delay=6.000 min_gap=0.000 jitter=5.485 gap=11.485 since_last=0.000 sleep=11.485
12:35:17.958  PARSE Account 6:4:10 → 0.667s/req pen=10s; Ip 12:4:60 → 0.333s/req pen=60s; Ip 16:12:60 → 0.750s/req pen=60s  delay 6.000→6.000  min_gap→0  max_usage=0%
12:35:17.958  RAW   content-type: application/json
12:35:17.958  RAW   x-rate-limit-policy: trade-fetch-request-limit
12:35:17.958  RAW   x-rate-limit-rules: Account,Ip
12:35:17.958  RAW   x-rate-limit-account: 6:4:10
12:35:17.958  RAW   x-rate-limit-account-state: 1:4:0
12:35:17.958  RAW   x-rate-limit-ip: 12:4:60,16:12:60
12:35:17.958  RAW   x-rate-limit-ip-state: 1:4:0,2:12:0
12:35:17.958  RAW   cf-cache-status: DYNAMIC
12:35:17.958  RAW   cf-ray: a1e98edb9eb9e32e-WAW
12:35:17.958  RESP  GET /api/trade/fetch/246f82dc9d4618642b4f2315385d8f4f8daddd5e4cf089350ebf49ee91f10303%2Cf1545062e35a7456a1a8ef4ebb3ba01bf7b9def3d6c85b52f9c9550d7dddd0f6%2Caf2a34fa76187ac163cfeacad5a4b274327ba6027c637161248842f162e94ec9%2Ca2271da15e96db00c9fb7e5ee8618e977967217b888f5f4990e2158ed052f81d%2C2008c71ff02a0a68b7eaf31f4c0b8c24095bbf47407537a5b17781c825fd3b9f → 200  11.755s  delay=6.000 min_gap=0.000 last=1784630117.959
12:35:17.985  PRE   POST /api/trade/search/Standard  delay=6.000 min_gap=0.000 last=1784630117.959
12:35:17.985  ENF   delay=6.000 min_gap=0.000 jitter=6.678 gap=12.678 since_last=0.027 sleep=12.651
12:35:30.908  PARSE Account 3:5:60 → 1.667s/req pen=60s; Ip 8:10:60 → 1.250s/req pen=60s; Ip 15:60:120 → 4.000s/req pen=120s; Ip 60:300:1800 → 5.000s/req pen=1800s  delay 6.000→6.000  min_gap→0  max_usage=52%
12:35:30.908  RAW   content-type: application/json
12:35:30.908  RAW   x-rate-limit-policy: trade-search-request-limit
12:35:30.908  RAW   x-rate-limit-rules: Account,Ip
12:35:30.908  RAW   x-rate-limit-account: 3:5:60
12:35:30.908  RAW   x-rate-limit-account-state: 1:5:0
12:35:30.908  RAW   x-rate-limit-ip: 8:10:60,15:60:120,60:300:1800
12:35:30.908  RAW   x-rate-limit-ip-state: 1:10:0,5:60:0,31:300:0
12:35:30.908  RAW   cf-cache-status: DYNAMIC
12:35:30.908  RAW   cf-ray: a1e98f2c8e07e32e-WAW
12:35:30.908  RESP  POST /api/trade/search/Standard → 200  12.923s  delay=6.000 min_gap=0.000 last=1784630130.908
12:35:30.908  PRE   GET /api/trade/fetch/4fa5fe884d8484a50abb13ead9ff525dcb087c5f9547b9084f70bee5da747e97%2C9528bf9b70b22e4ee48d5097c140d605f68208ff8ccd5a39d0bc11336d4b664f%2Cdeb3ac8990dc0e3c1745c9c5d181c41f3da207a98f4535501d64352ec92c0b29%2C0d80ae40c1aa564d55ff12477d4d35e991587158c33f06c4a4ae30297d8b189a%2C034247cfc865542451b3c8edbeb7c2e769972a07fd698e1316fc382031b2d909  delay=6.000 min_gap=0.000 last=1784630130.908
12:35:30.908  ENF   delay=6.000 min_gap=0.000 jitter=5.936 gap=11.936 since_last=0.000 sleep=11.936
12:35:43.109  PARSE Account 6:4:10 → 0.667s/req pen=10s; Ip 12:4:60 → 0.333s/req pen=60s; Ip 16:12:60 → 0.750s/req pen=60s  delay 6.000→6.000  min_gap→0  max_usage=0%
12:35:43.109  RAW   content-type: application/json
12:35:43.109  RAW   x-rate-limit-policy: trade-fetch-request-limit
12:35:43.109  RAW   x-rate-limit-rules: Account,Ip
12:35:43.109  RAW   x-rate-limit-account: 6:4:10
12:35:43.109  RAW   x-rate-limit-account-state: 1:4:0
12:35:43.109  RAW   x-rate-limit-ip: 12:4:60,16:12:60
12:35:43.109  RAW   x-rate-limit-ip-state: 1:4:0,2:12:0
12:35:43.109  RAW   cf-cache-status: DYNAMIC
12:35:43.109  RAW   cf-ray: a1e98f78cf58e32e-WAW
12:35:43.110  RESP  GET /api/trade/fetch/4fa5fe884d8484a50abb13ead9ff525dcb087c5f9547b9084f70bee5da747e97%2C9528bf9b70b22e4ee48d5097c140d605f68208ff8ccd5a39d0bc11336d4b664f%2Cdeb3ac8990dc0e3c1745c9c5d181c41f3da207a98f4535501d64352ec92c0b29%2C0d80ae40c1aa564d55ff12477d4d35e991587158c33f06c4a4ae30297d8b189a%2C034247cfc865542451b3c8edbeb7c2e769972a07fd698e1316fc382031b2d909 → 200  12.201s  delay=6.000 min_gap=0.000 last=1784630143.110
12:35:43.110  PRE   POST /api/trade/search/Standard  delay=6.000 min_gap=0.000 last=1784630143.110
12:35:43.110  ENF   delay=6.000 min_gap=0.000 jitter=5.681 gap=11.681 since_last=0.000 sleep=11.681
12:35:55.075  PARSE Account 3:5:60 → 1.667s/req pen=60s; Ip 8:10:60 → 1.250s/req pen=60s; Ip 15:60:120 → 4.000s/req pen=120s; Ip 60:300:1800 → 5.000s/req pen=1800s  delay 6.000→6.000  min_gap→0  max_usage=55%
12:35:55.075  RAW   content-type: application/json
12:35:55.075  RAW   x-rate-limit-policy: trade-search-request-limit
12:35:55.075  RAW   x-rate-limit-rules: Account,Ip
12:35:55.075  RAW   x-rate-limit-account: 3:5:60
12:35:55.075  RAW   x-rate-limit-account-state: 2:5:0
12:35:55.076  RAW   x-rate-limit-ip: 8:10:60,15:60:120,60:300:1800
12:35:55.076  RAW   x-rate-limit-ip-state: 2:10:0,5:60:0,33:300:0
12:35:55.076  RAW   cf-cache-status: DYNAMIC
12:35:55.076  RAW   cf-ray: a1e98fc37baee32e-WAW
12:35:55.076  RESP  POST /api/trade/search/Standard → 200  11.966s  delay=6.000 min_gap=0.000 last=1784630155.076
12:35:55.076  PRE   GET /api/trade/fetch/6020d5f48250a65a7f514d2ab1a51b46ececde07e749a8abfb71b02cc5a4692c%2C5831c3ff142fea52a7404254c92d648d7dde33f5f8c032e686ec3a86e18f8fa1%2Ce14354777ac695197afa24c8b6372467674cd3ebc5f8a73938d23388c79d6dd9%2C25094c569c19611de7f93b60dcbdc78a1358dc5d64aee7f7ef7e05c9f0f8df17%2Cb2c4adbfb7bd213e32195cbdca7fd5b5a5a79ed5f429286ce39b4c7e48c69ad9  delay=6.000 min_gap=0.000 last=1784630155.076
12:35:55.076  ENF   delay=6.000 min_gap=0.000 jitter=9.755 gap=15.755 since_last=0.000 sleep=15.755
12:36:11.098  PARSE Account 6:4:10 → 0.667s/req pen=10s; Ip 12:4:60 → 0.333s/req pen=60s; Ip 16:12:60 → 0.750s/req pen=60s  delay 6.000→6.000  min_gap→0  max_usage=0%
12:36:11.098  RAW   content-type: application/json
12:36:11.098  RAW   x-rate-limit-policy: trade-fetch-request-limit
12:36:11.098  RAW   x-rate-limit-rules: Account,Ip
12:36:11.098  RAW   x-rate-limit-account: 6:4:10
12:36:11.098  RAW   x-rate-limit-account-state: 2:4:0
12:36:11.098  RAW   x-rate-limit-ip: 12:4:60,16:12:60
12:36:11.098  RAW   x-rate-limit-ip-state: 2:4:0,2:12:0
12:36:11.098  RAW   cf-cache-status: DYNAMIC
12:36:11.098  RAW   cf-ray: a1e99027bfc6e32e-WAW
12:36:11.098  RESP  GET /api/trade/fetch/6020d5f48250a65a7f514d2ab1a51b46ececde07e749a8abfb71b02cc5a4692c%2C5831c3ff142fea52a7404254c92d648d7dde33f5f8c032e686ec3a86e18f8fa1%2Ce14354777ac695197afa24c8b6372467674cd3ebc5f8a73938d23388c79d6dd9%2C25094c569c19611de7f93b60dcbdc78a1358dc5d64aee7f7ef7e05c9f0f8df17%2Cb2c4adbfb7bd213e32195cbdca7fd5b5a5a79ed5f429286ce39b4c7e48c69ad9 → 200  16.023s  delay=6.000 min_gap=0.000 last=1784630171.099
12:36:11.099  PRE   POST /api/trade/search/Standard  delay=6.000 min_gap=0.000 last=1784630171.099
12:36:11.099  ENF   delay=6.000 min_gap=0.000 jitter=5.568 gap=11.568 since_last=0.000 sleep=11.568
12:36:22.956  PARSE Account 3:5:60 → 1.667s/req pen=60s; Ip 8:10:60 → 1.250s/req pen=60s; Ip 15:60:120 → 4.000s/req pen=120s; Ip 60:300:1800 → 5.000s/req pen=1800s  delay 6.000→6.000  min_gap→0  max_usage=45%
12:36:22.956  RAW   content-type: application/json
12:36:22.956  RAW   x-rate-limit-policy: trade-search-request-limit
12:36:22.956  RAW   x-rate-limit-rules: Account,Ip
12:36:22.956  RAW   x-rate-limit-account: 3:5:60
12:36:22.956  RAW   x-rate-limit-account-state: 1:5:0
12:36:22.956  RAW   x-rate-limit-ip: 8:10:60,15:60:120,60:300:1800
12:36:22.956  RAW   x-rate-limit-ip-state: 1:10:0,5:60:0,27:300:0
12:36:22.956  RAW   cf-cache-status: DYNAMIC
12:36:22.956  RAW   cf-ray: a1e99071b861e32e-WAW
12:36:22.956  RESP  POST /api/trade/search/Standard → 200  11.857s  delay=6.000 min_gap=0.000 last=1784630182.956
12:36:22.956  PRE   GET /api/trade/fetch/983b2c4cf8c68116f6e0fc8972ff0769df8c639e13fcc61bceace3f64f1b6d60%2Ca81a1258cd50774c4beebee4b14340666a774ad6c5fbd0bf402ebbc205316d86%2Cd28b6951edf2e13516fa81ec515f58a2e6de09a5aa6c7a0724e8d5365dadd2d7%2C1ab788dda5a3ab13840e74622299a91bdb28e5a1429240c825f2ea752eeadf64%2C91cb46d2f40b3d239d36a896a6b065aa313a68ad0bff4f564ca9f5c9780be47d  delay=6.000 min_gap=0.000 last=1784630182.956
12:36:22.956  ENF   delay=6.000 min_gap=0.000 jitter=7.377 gap=13.377 since_last=0.000 sleep=13.377
12:36:36.603  PARSE Account 6:4:10 → 0.667s/req pen=10s; Ip 12:4:60 → 0.333s/req pen=60s; Ip 16:12:60 → 0.750s/req pen=60s  delay 6.000→6.000  min_gap→0  max_usage=0%
12:36:36.603  RAW   content-type: application/json
12:36:36.603  RAW   x-rate-limit-policy: trade-fetch-request-limit
12:36:36.603  RAW   x-rate-limit-rules: Account,Ip
12:36:36.603  RAW   x-rate-limit-account: 6:4:10
12:36:36.603  RAW   x-rate-limit-account-state: 1:4:0
12:36:36.603  RAW   x-rate-limit-ip: 12:4:60,16:12:60
12:36:36.603  RAW   x-rate-limit-ip-state: 1:4:0,1:12:0
12:36:36.603  RAW   cf-cache-status: DYNAMIC
12:36:36.603  RAW   cf-ray: a1e990c71ce7e32e-WAW
12:36:36.603  RESP  GET /api/trade/fetch/983b2c4cf8c68116f6e0fc8972ff0769df8c639e13fcc61bceace3f64f1b6d60%2Ca81a1258cd50774c4beebee4b14340666a774ad6c5fbd0bf402ebbc205316d86%2Cd28b6951edf2e13516fa81ec515f58a2e6de09a5aa6c7a0724e8d5365dadd2d7%2C1ab788dda5a3ab13840e74622299a91bdb28e5a1429240c825f2ea752eeadf64%2C91cb46d2f40b3d239d36a896a6b065aa313a68ad0bff4f564ca9f5c9780be47d → 200  13.647s  delay=6.000 min_gap=0.000 last=1784630196.603
12:36:36.630  PRE   POST /api/trade/search/Standard  delay=6.000 min_gap=0.000 last=1784630196.603
12:36:36.630  ENF   delay=6.000 min_gap=0.000 jitter=7.355 gap=13.355 since_last=0.027 sleep=13.328
12:36:50.237  PARSE Account 3:5:60 → 1.667s/req pen=60s; Ip 8:10:60 → 1.250s/req pen=60s; Ip 15:60:120 → 4.000s/req pen=120s; Ip 60:300:1800 → 5.000s/req pen=1800s  delay 6.000→6.000  min_gap→0  max_usage=50%
12:36:50.237  RAW   content-type: application/json
12:36:50.237  RAW   x-rate-limit-policy: trade-search-request-limit
12:36:50.237  RAW   x-rate-limit-rules: Account,Ip
12:36:50.237  RAW   x-rate-limit-account: 3:5:60
12:36:50.237  RAW   x-rate-limit-account-state: 1:5:0
12:36:50.237  RAW   x-rate-limit-ip: 8:10:60,15:60:120,60:300:1800
12:36:50.237  RAW   x-rate-limit-ip-state: 1:10:0,5:60:0,30:300:0
12:36:50.237  RAW   cf-cache-status: DYNAMIC
12:36:50.237  RAW   cf-ray: a1e9911c4e7ae32e-WAW
12:36:50.237  RESP  POST /api/trade/search/Standard → 200  13.607s  delay=6.000 min_gap=0.000 last=1784630210.238
12:36:50.237  PRE   GET /api/trade/fetch/c3fc1b642cda3527325e715b4c91981a6ed519397e87a2a97c2c7b5a7b56eed0%2Ce0a23dca6e334aa45019330481383181ba8a45645a9a79998ded41d581680051%2C914bb767b8f5b6b5e34612d4743469dac85cf82c85d09c6d52a48f8f68dab145%2Cffbcbb5f6ec7462b3dcc92d8b3df419bc7b495c05b24175ed4332492a6f45bfb%2C116c6a48b65eb68b6a886c609dc76ad5d148570e69f9aaad554ad6b2f7ca25b5  delay=6.000 min_gap=0.000 last=1784630210.238
12:36:50.237  ENF   delay=6.000 min_gap=0.000 jitter=5.789 gap=11.789 since_last=0.000 sleep=11.789
12:37:02.290  PARSE Account 6:4:10 → 0.667s/req pen=10s; Ip 12:4:60 → 0.333s/req pen=60s; Ip 16:12:60 → 0.750s/req pen=60s  delay 6.000→6.000  min_gap→0  max_usage=0%
12:37:02.290  RAW   content-type: application/json
12:37:02.290  RAW   x-rate-limit-policy: trade-fetch-request-limit
12:37:02.290  RAW   x-rate-limit-rules: Account,Ip
12:37:02.290  RAW   x-rate-limit-account: 6:4:10
12:37:02.290  RAW   x-rate-limit-account-state: 1:4:0
12:37:02.290  RAW   x-rate-limit-ip: 12:4:60,16:12:60
12:37:02.290  RAW   x-rate-limit-ip-state: 1:4:0,1:12:0
12:37:02.290  RAW   cf-cache-status: DYNAMIC
12:37:02.290  RAW   cf-ray: a1e99167bb49e32e-WAW
12:37:02.290  RESP  GET /api/trade/fetch/c3fc1b642cda3527325e715b4c91981a6ed519397e87a2a97c2c7b5a7b56eed0%2Ce0a23dca6e334aa45019330481383181ba8a45645a9a79998ded41d581680051%2C914bb767b8f5b6b5e34612d4743469dac85cf82c85d09c6d52a48f8f68dab145%2Cffbcbb5f6ec7462b3dcc92d8b3df419bc7b495c05b24175ed4332492a6f45bfb%2C116c6a48b65eb68b6a886c609dc76ad5d148570e69f9aaad554ad6b2f7ca25b5 → 200  12.052s  delay=6.000 min_gap=0.000 last=1784630222.290
12:37:02.290  PRE   POST /api/trade/search/Standard  delay=6.000 min_gap=0.000 last=1784630222.290
12:37:02.290  ENF   delay=6.000 min_gap=0.000 jitter=8.179 gap=14.179 since_last=0.000 sleep=14.179
12:37:16.743  PARSE Account 3:5:60 → 1.667s/req pen=60s; Ip 8:10:60 → 1.250s/req pen=60s; Ip 15:60:120 → 4.000s/req pen=120s; Ip 60:300:1800 → 5.000s/req pen=1800s  delay 6.000→6.000  min_gap→0  max_usage=47%
12:37:16.743  RAW   content-type: application/json
12:37:16.743  RAW   x-rate-limit-policy: trade-search-request-limit
12:37:16.743  RAW   x-rate-limit-rules: Account,Ip
12:37:16.743  RAW   x-rate-limit-account: 3:5:60
12:37:16.743  RAW   x-rate-limit-account-state: 2:5:0
12:37:16.743  RAW   x-rate-limit-ip: 8:10:60,15:60:120,60:300:1800
12:37:16.743  RAW   x-rate-limit-ip-state: 2:10:0,6:60:0,28:300:0
12:37:16.743  RAW   cf-cache-status: DYNAMIC
12:37:16.743  RAW   cf-ray: a1e991c1ff93e32e-WAW
12:37:16.743  RESP  POST /api/trade/search/Standard → 200  14.453s  delay=6.000 min_gap=0.000 last=1784630236.744
12:37:16.743  PRE   GET /api/trade/fetch/90a0b5092d198208cbc3e92c375fde8ae5da194b259fbe5ee96efebc91f7d79e%2Cbd03e74b97e5908ba16c077516d759e7f78be405dbb2e03532fabeaaa9b3cbe2%2C793c702d3df0cc770f7a45759cc5446bb867f60ea4c21afa5590388e27b14a23%2C97d862b93280495d4d8ce298f931ac7fe751feee1339f00a68e48d1218ebce4e%2Cce6f8da8170bd3b5b9212cdf5429bcccfb5b7f10de715318c2ec5aea119c9ef7  delay=6.000 min_gap=0.000 last=1784630236.744
12:37:16.743  ENF   delay=6.000 min_gap=0.000 jitter=5.933 gap=11.933 since_last=0.000 sleep=11.933
12:37:28.945  PARSE Account 6:4:10 → 0.667s/req pen=10s; Ip 12:4:60 → 0.333s/req pen=60s; Ip 16:12:60 → 0.750s/req pen=60s  delay 6.000→6.000  min_gap→0  max_usage=0%
12:37:28.945  RAW   content-type: application/json
12:37:28.945  RAW   x-rate-limit-policy: trade-fetch-request-limit
12:37:28.945  RAW   x-rate-limit-rules: Account,Ip
12:37:28.945  RAW   x-rate-limit-account: 6:4:10
12:37:28.945  RAW   x-rate-limit-account-state: 1:4:0
12:37:28.945  RAW   x-rate-limit-ip: 12:4:60,16:12:60
12:37:28.945  RAW   x-rate-limit-ip-state: 1:4:0,1:12:0
12:37:28.945  RAW   cf-cache-status: DYNAMIC
12:37:28.946  RAW   cf-ray: a1e9920e4b37e32e-WAW
12:37:28.946  RESP  GET /api/trade/fetch/90a0b5092d198208cbc3e92c375fde8ae5da194b259fbe5ee96efebc91f7d79e%2Cbd03e74b97e5908ba16c077516d759e7f78be405dbb2e03532fabeaaa9b3cbe2%2C793c702d3df0cc770f7a45759cc5446bb867f60ea4c21afa5590388e27b14a23%2C97d862b93280495d4d8ce298f931ac7fe751feee1339f00a68e48d1218ebce4e%2Cce6f8da8170bd3b5b9212cdf5429bcccfb5b7f10de715318c2ec5aea119c9ef7 → 200  12.202s  delay=6.000 min_gap=0.000 last=1784630248.946
12:37:28.971  PRE   POST /api/trade/search/Standard  delay=6.000 min_gap=0.000 last=1784630248.946
12:37:28.971  ENF   delay=6.000 min_gap=0.000 jitter=8.804 gap=14.804 since_last=0.026 sleep=14.778
12:37:44.030  PARSE Account 3:5:60 → 1.667s/req pen=60s; Ip 8:10:60 → 1.250s/req pen=60s; Ip 15:60:120 → 4.000s/req pen=120s; Ip 60:300:1800 → 5.000s/req pen=1800s  delay 6.000→6.000  min_gap→0  max_usage=53%
12:37:44.030  RAW   content-type: application/json
12:37:44.030  RAW   x-rate-limit-policy: trade-search-request-limit
12:37:44.030  RAW   x-rate-limit-rules: Account,Ip
12:37:44.030  RAW   x-rate-limit-account: 3:5:60
12:37:44.030  RAW   x-rate-limit-account-state: 1:5:0
12:37:44.030  RAW   x-rate-limit-ip: 8:10:60,15:60:120,60:300:1800
12:37:44.030  RAW   x-rate-limit-ip-state: 2:10:0,8:60:0,31:300:0
12:37:44.030  RAW   cf-cache-status: DYNAMIC
12:37:44.030  RAW   cf-ray: a1e9926c7cd2e32e-WAW
12:37:44.030  RESP  POST /api/trade/search/Standard → 200  15.058s  delay=6.000 min_gap=0.000 last=1784630264.030
12:37:44.030  PRE   GET /api/trade/fetch/e0a23dca6e334aa45019330481383181ba8a45645a9a79998ded41d581680051%2Cffbcbb5f6ec7462b3dcc92d8b3df419bc7b495c05b24175ed4332492a6f45bfb%2C4dc601c1e8a6c051f66603f78a4c2a6ed59be5eee59d7517d205c02385cfb197%2C1720ac7a7e8895416c016d014d6bb45e653a9923a63369d2d21ebdfd21144b2e%2C976d939c73f83f29bdb4b6ffacc5299c78614580ef3e2c413a195cf86724720b  delay=6.000 min_gap=0.000 last=1784630264.030
12:37:44.030  ENF   delay=6.000 min_gap=0.000 jitter=6.326 gap=12.326 since_last=0.000 sleep=12.326
12:37:56.629  PARSE Account 6:4:10 → 0.667s/req pen=10s; Ip 12:4:60 → 0.333s/req pen=60s; Ip 16:12:60 → 0.750s/req pen=60s  delay 6.000→6.000  min_gap→0  max_usage=0%
12:37:56.629  RAW   content-type: application/json
12:37:56.629  RAW   x-rate-limit-policy: trade-fetch-request-limit
12:37:56.629  RAW   x-rate-limit-rules: Account,Ip
12:37:56.629  RAW   x-rate-limit-account: 6:4:10
12:37:56.629  RAW   x-rate-limit-account-state: 1:4:0
12:37:56.629  RAW   x-rate-limit-ip: 12:4:60,16:12:60
12:37:56.629  RAW   x-rate-limit-ip-state: 1:4:0,2:12:0
12:37:56.629  RAW   cf-cache-status: DYNAMIC
12:37:56.629  RAW   cf-ray: a1e992bb3daee32e-WAW
12:37:56.629  RESP  GET /api/trade/fetch/e0a23dca6e334aa45019330481383181ba8a45645a9a79998ded41d581680051%2Cffbcbb5f6ec7462b3dcc92d8b3df419bc7b495c05b24175ed4332492a6f45bfb%2C4dc601c1e8a6c051f66603f78a4c2a6ed59be5eee59d7517d205c02385cfb197%2C1720ac7a7e8895416c016d014d6bb45e653a9923a63369d2d21ebdfd21144b2e%2C976d939c73f83f29bdb4b6ffacc5299c78614580ef3e2c413a195cf86724720b → 200  12.599s  delay=6.000 min_gap=0.000 last=1784630276.630
12:37:56.629  PRE   POST /api/trade/search/Standard  delay=6.000 min_gap=0.000 last=1784630276.630
12:37:56.629  ENF   delay=6.000 min_gap=0.000 jitter=6.854 gap=12.854 since_last=0.000 sleep=12.854
12:38:09.773  PARSE Account 3:5:60 → 1.667s/req pen=60s; Ip 8:10:60 → 1.250s/req pen=60s; Ip 15:60:120 → 4.000s/req pen=120s; Ip 60:300:1800 → 5.000s/req pen=1800s  delay 6.000→6.000  min_gap→0  max_usage=53%
12:38:09.773  RAW   content-type: application/json
12:38:09.773  RAW   x-rate-limit-policy: trade-search-request-limit
12:38:09.773  RAW   x-rate-limit-rules: Account,Ip
12:38:09.773  RAW   x-rate-limit-account: 3:5:60
12:38:09.773  RAW   x-rate-limit-account-state: 1:5:0
12:38:09.773  RAW   x-rate-limit-ip: 8:10:60,15:60:120,60:300:1800
12:38:09.773  RAW   x-rate-limit-ip-state: 1:10:0,8:60:0,26:300:0
12:38:09.773  RAW   cf-cache-status: DYNAMIC
12:38:09.773  RAW   cf-ray: a1e9930d4a08e32e-WAW
12:38:09.773  RESP  POST /api/trade/search/Standard → 200  13.143s  delay=6.000 min_gap=0.000 last=1784630289.774
12:38:09.773  PRE   GET /api/trade/fetch/a39e701e6cdc80302b2d57163e059a71c4c037812c6b887bb481ca36f71c3d8b%2C58fa9a3946869ccd50a43c0f64214f7beba6943ea47112cb47f6390ea3fa9fc7%2Cb1af26e4938854a5f99aee022f22f0072b49eb7a91f45e5159061fb0b90a360d%2Cd7319200feb148cf79e351f5df80da65086dcc2374c81d13077ef961926e842c%2Cfc20a3f4fb5afad680c4235ca08ae2530593f5eda6ba460fc1b42d07374df059  delay=6.000 min_gap=0.000 last=1784630289.774
12:38:09.773  ENF   delay=6.000 min_gap=0.000 jitter=6.029 gap=12.029 since_last=0.000 sleep=12.029
12:38:22.069  PARSE Account 6:4:10 → 0.667s/req pen=10s; Ip 12:4:60 → 0.333s/req pen=60s; Ip 16:12:60 → 0.750s/req pen=60s  delay 6.000→6.000  min_gap→0  max_usage=0%
12:38:22.069  RAW   content-type: application/json
12:38:22.069  RAW   x-rate-limit-policy: trade-fetch-request-limit
12:38:22.069  RAW   x-rate-limit-rules: Account,Ip
12:38:22.069  RAW   x-rate-limit-account: 6:4:10
12:38:22.069  RAW   x-rate-limit-account-state: 1:4:0
12:38:22.069  RAW   x-rate-limit-ip: 12:4:60,16:12:60
12:38:22.069  RAW   x-rate-limit-ip-state: 1:4:0,2:12:0
12:38:22.069  RAW   cf-cache-status: DYNAMIC
12:38:22.069  RAW   cf-ray: a1e9935a4f66e32e-WAW
12:38:22.069  RESP  GET /api/trade/fetch/a39e701e6cdc80302b2d57163e059a71c4c037812c6b887bb481ca36f71c3d8b%2C58fa9a3946869ccd50a43c0f64214f7beba6943ea47112cb47f6390ea3fa9fc7%2Cb1af26e4938854a5f99aee022f22f0072b49eb7a91f45e5159061fb0b90a360d%2Cd7319200feb148cf79e351f5df80da65086dcc2374c81d13077ef961926e842c%2Cfc20a3f4fb5afad680c4235ca08ae2530593f5eda6ba460fc1b42d07374df059 → 200  12.295s  delay=6.000 min_gap=0.000 last=1784630302.069
12:38:22.097  PRE   POST /api/trade/search/Standard  delay=6.000 min_gap=0.000 last=1784630302.069
12:38:22.097  ENF   delay=6.000 min_gap=0.000 jitter=7.818 gap=13.818 since_last=0.028 sleep=13.790
12:38:36.223  PARSE Account 3:5:60 → 1.667s/req pen=60s; Ip 8:10:60 → 1.250s/req pen=60s; Ip 15:60:120 → 4.000s/req pen=120s; Ip 60:300:1800 → 5.000s/req pen=1800s  delay 6.000→6.000  min_gap→0  max_usage=48%
12:38:36.223  RAW   content-type: application/json
12:38:36.223  RAW   x-rate-limit-policy: trade-search-request-limit
12:38:36.223  RAW   x-rate-limit-rules: Account,Ip
12:38:36.223  RAW   x-rate-limit-account: 3:5:60
12:38:36.223  RAW   x-rate-limit-account-state: 1:5:0
12:38:36.224  RAW   x-rate-limit-ip: 8:10:60,15:60:120,60:300:1800
12:38:36.224  RAW   x-rate-limit-ip-state: 1:10:0,6:60:0,29:300:0
12:38:36.224  RAW   cf-cache-status: DYNAMIC
12:38:36.224  RAW   cf-ray: a1e993b25bb9e32e-WAW
12:38:36.224  RESP  POST /api/trade/search/Standard → 200  14.126s  delay=6.000 min_gap=0.000 last=1784630316.224
12:38:36.224  PRE   GET /api/trade/fetch/a5abcc70f3951a754cec88b0d4c15a614c4981e43b4b9a6a774fd6fdd3968dd2%2C6fe93da0ed2dcf4f868efdde8acd885ad7c830291eec04375928443e60804d88%2C6f6995878dd5bb2bb2395bc85d9633d84f585856c29cbb50019b762bbfa1cc56%2C2a81487b6fea9d345da2541efcb018da8eb76ab9f6ce9021c9d0e7476c1e2ad9%2Ca4da14e351cfd6e4bad3df65e0541a6b2b18fe095ed60a2592d8294aee212580  delay=6.000 min_gap=0.000 last=1784630316.224
12:38:36.224  ENF   delay=6.000 min_gap=0.000 jitter=5.950 gap=11.950 since_last=0.000 sleep=11.950
12:38:48.446  PARSE Account 6:4:10 → 0.667s/req pen=10s; Ip 12:4:60 → 0.333s/req pen=60s; Ip 16:12:60 → 0.750s/req pen=60s  delay 6.000→6.000  min_gap→0  max_usage=0%
12:38:48.446  RAW   content-type: application/json
12:38:48.446  RAW   x-rate-limit-policy: trade-fetch-request-limit
12:38:48.446  RAW   x-rate-limit-rules: Account,Ip
12:38:48.446  RAW   x-rate-limit-account: 6:4:10
12:38:48.446  RAW   x-rate-limit-account-state: 1:4:0
12:38:48.446  RAW   x-rate-limit-ip: 12:4:60,16:12:60
12:38:48.446  RAW   x-rate-limit-ip-state: 1:4:0,1:12:0
12:38:48.446  RAW   cf-cache-status: DYNAMIC
12:38:48.446  RAW   cf-ray: a1e993ff1e4de32e-WAW
12:38:48.446  RESP  GET /api/trade/fetch/a5abcc70f3951a754cec88b0d4c15a614c4981e43b4b9a6a774fd6fdd3968dd2%2C6fe93da0ed2dcf4f868efdde8acd885ad7c830291eec04375928443e60804d88%2C6f6995878dd5bb2bb2395bc85d9633d84f585856c29cbb50019b762bbfa1cc56%2C2a81487b6fea9d345da2541efcb018da8eb76ab9f6ce9021c9d0e7476c1e2ad9%2Ca4da14e351cfd6e4bad3df65e0541a6b2b18fe095ed60a2592d8294aee212580 → 200  12.222s  delay=6.000 min_gap=0.000 last=1784630328.447
12:38:48.447  PRE   POST /api/trade/search/Standard  delay=6.000 min_gap=0.000 last=1784630328.447
12:38:48.447  ENF   delay=6.000 min_gap=0.000 jitter=7.088 gap=13.088 since_last=0.000 sleep=13.088
12:39:01.812  PARSE Account 3:5:60 → 1.667s/req pen=60s; Ip 8:10:60 → 1.250s/req pen=60s; Ip 15:60:120 → 4.000s/req pen=120s; Ip 60:300:1800 → 5.000s/req pen=1800s  delay 6.000→6.000  min_gap→0  max_usage=43%
12:39:01.812  RAW   content-type: application/json
12:39:01.812  RAW   x-rate-limit-policy: trade-search-request-limit
12:39:01.812  RAW   x-rate-limit-rules: Account,Ip
12:39:01.812  RAW   x-rate-limit-account: 3:5:60
12:39:01.812  RAW   x-rate-limit-account-state: 1:5:0
12:39:01.812  RAW   x-rate-limit-ip: 8:10:60,15:60:120,60:300:1800
12:39:01.812  RAW   x-rate-limit-ip-state: 1:10:0,5:60:0,26:300:0
12:39:01.812  RAW   cf-cache-status: DYNAMIC
12:39:01.812  RAW   cf-ray: a1e994529caee32e-WAW
12:39:01.812  RESP  POST /api/trade/search/Standard → 200  13.365s  delay=6.000 min_gap=0.000 last=1784630341.812
12:39:01.812  PRE   GET /api/trade/fetch/b1af26e4938854a5f99aee022f22f0072b49eb7a91f45e5159061fb0b90a360d%2C7bf620c9408144ee3f93e105fc5286801b62aa13fa616febaa5f0abc00678eac%2Cff7553ca19303f9e3d06d591a975aaa369b668732206bc6c41c81e2b1d7ff546%2C58fa9a3946869ccd50a43c0f64214f7beba6943ea47112cb47f6390ea3fa9fc7%2Cfc20a3f4fb5afad680c4235ca08ae2530593f5eda6ba460fc1b42d07374df059  delay=6.000 min_gap=0.000 last=1784630341.812
12:39:01.812  ENF   delay=6.000 min_gap=0.000 jitter=9.619 gap=15.619 since_last=0.000 sleep=15.619
12:39:17.702  PARSE Account 6:4:10 → 0.667s/req pen=10s; Ip 12:4:60 → 0.333s/req pen=60s; Ip 16:12:60 → 0.750s/req pen=60s  delay 6.000→6.000  min_gap→0  max_usage=0%
12:39:17.702  RAW   content-type: application/json
12:39:17.702  RAW   x-rate-limit-policy: trade-fetch-request-limit
12:39:17.702  RAW   x-rate-limit-rules: Account,Ip
12:39:17.702  RAW   x-rate-limit-account: 6:4:10
12:39:17.702  RAW   x-rate-limit-account-state: 2:4:0
12:39:17.702  RAW   x-rate-limit-ip: 12:4:60,16:12:60
12:39:17.702  RAW   x-rate-limit-ip-state: 2:4:0,2:12:0
12:39:17.702  RAW   cf-cache-status: DYNAMIC
12:39:17.702  RAW   cf-ray: a1e994b5fcbfe32e-WAW
12:39:17.702  RESP  GET /api/trade/fetch/b1af26e4938854a5f99aee022f22f0072b49eb7a91f45e5159061fb0b90a360d%2C7bf620c9408144ee3f93e105fc5286801b62aa13fa616febaa5f0abc00678eac%2Cff7553ca19303f9e3d06d591a975aaa369b668732206bc6c41c81e2b1d7ff546%2C58fa9a3946869ccd50a43c0f64214f7beba6943ea47112cb47f6390ea3fa9fc7%2Cfc20a3f4fb5afad680c4235ca08ae2530593f5eda6ba460fc1b42d07374df059 → 200  15.890s  delay=6.000 min_gap=0.000 last=1784630357.702
12:39:17.729  PRE   POST /api/trade/search/Standard  delay=6.000 min_gap=0.000 last=1784630357.702
12:39:17.729  ENF   delay=6.000 min_gap=0.000 jitter=9.686 gap=15.686 since_last=0.027 sleep=15.659
12:39:33.671  PARSE Account 3:5:60 → 1.667s/req pen=60s; Ip 8:10:60 → 1.250s/req pen=60s; Ip 15:60:120 → 4.000s/req pen=120s; Ip 60:300:1800 → 5.000s/req pen=1800s  delay 6.000→6.000  min_gap→0  max_usage=50%
12:39:33.671  RAW   content-type: application/json
12:39:33.671  RAW   x-rate-limit-policy: trade-search-request-limit
12:39:33.671  RAW   x-rate-limit-rules: Account,Ip
12:39:33.671  RAW   x-rate-limit-account: 3:5:60
12:39:33.671  RAW   x-rate-limit-account-state: 2:5:0
12:39:33.671  RAW   x-rate-limit-ip: 8:10:60,15:60:120,60:300:1800
12:39:33.671  RAW   x-rate-limit-ip-state: 2:10:0,5:60:0,30:300:0
12:39:33.671  RAW   cf-cache-status: DYNAMIC
12:39:33.671  RAW   cf-ray: a1e99519bf01e32e-WAW
12:39:33.671  RESP  POST /api/trade/search/Standard → 200  15.942s  delay=6.000 min_gap=0.000 last=1784630373.672
12:39:33.671  PRE   GET /api/trade/fetch/e2bb2b64082579449435b6609a257c5e6385ce28c892640fd0e0fe0db9f6d5ca%2C71480238fda5435314f2788ca3ec52129b4676538a1db96233b3b1e492724608%2Cc650b35e5fef6065bb4fefa180162c688c815c911ad939d946fc2df27807728c%2C9f5459dd4d9b50fa263e5ee8d7867fc2b56fb9410dce2e938d913554e3795374%2C838643d764660d286cfd811e11c9b4c86fa431668adc764dcf2bff3725d36f77  delay=6.000 min_gap=0.000 last=1784630373.672
12:39:33.671  ENF   delay=6.000 min_gap=0.000 jitter=6.250 gap=12.250 since_last=0.000 sleep=12.250
12:39:46.186  PARSE Account 6:4:10 → 0.667s/req pen=10s; Ip 12:4:60 → 0.333s/req pen=60s; Ip 16:12:60 → 0.750s/req pen=60s  delay 6.000→6.000  min_gap→0  max_usage=0%
12:39:46.186  RAW   content-type: application/json
12:39:46.186  RAW   x-rate-limit-policy: trade-fetch-request-limit
12:39:46.186  RAW   x-rate-limit-rules: Account,Ip
12:39:46.186  RAW   x-rate-limit-account: 6:4:10
12:39:46.186  RAW   x-rate-limit-account-state: 1:4:0
12:39:46.186  RAW   x-rate-limit-ip: 12:4:60,16:12:60
12:39:46.186  RAW   x-rate-limit-ip-state: 1:4:0,2:12:0
12:39:46.186  RAW   cf-cache-status: DYNAMIC
12:39:46.186  RAW   cf-ray: a1e9956808c2e32e-WAW
12:39:46.186  RESP  GET /api/trade/fetch/e2bb2b64082579449435b6609a257c5e6385ce28c892640fd0e0fe0db9f6d5ca%2C71480238fda5435314f2788ca3ec52129b4676538a1db96233b3b1e492724608%2Cc650b35e5fef6065bb4fefa180162c688c815c911ad939d946fc2df27807728c%2C9f5459dd4d9b50fa263e5ee8d7867fc2b56fb9410dce2e938d913554e3795374%2C838643d764660d286cfd811e11c9b4c86fa431668adc764dcf2bff3725d36f77 → 200  12.515s  delay=6.000 min_gap=0.000 last=1784630386.187
12:39:46.187  PRE   POST /api/trade/search/Standard  delay=6.000 min_gap=0.000 last=1784630386.187
12:39:46.187  ENF   delay=6.000 min_gap=0.000 jitter=5.104 gap=11.104 since_last=0.000 sleep=11.104
12:39:57.568  PARSE Account 3:5:60 → 1.667s/req pen=60s; Ip 8:10:60 → 1.250s/req pen=60s; Ip 15:60:120 → 4.000s/req pen=120s; Ip 60:300:1800 → 5.000s/req pen=1800s  delay 6.000→6.000  min_gap→0  max_usage=55%
12:39:57.568  RAW   content-type: application/json
12:39:57.568  RAW   x-rate-limit-policy: trade-search-request-limit
12:39:57.568  RAW   x-rate-limit-rules: Account,Ip
12:39:57.568  RAW   x-rate-limit-account: 3:5:60
12:39:57.568  RAW   x-rate-limit-account-state: 2:5:0
12:39:57.568  RAW   x-rate-limit-ip: 8:10:60,15:60:120,60:300:1800
12:39:57.568  RAW   x-rate-limit-ip-state: 2:10:0,8:60:0,33:300:0
12:39:57.568  RAW   cf-cache-status: DYNAMIC
12:39:57.568  RAW   cf-ray: a1e995af1905e32e-WAW
12:39:57.568  RESP  POST /api/trade/search/Standard → 200  11.381s  delay=6.000 min_gap=0.000 last=1784630397.569
12:39:57.568  PRE   GET /api/trade/fetch/b004ea8dc95a3cc88a017284c9a91a951c900f90e876348e51b4e3a3c7aa29b8%2Cb9c772eb91556a0c7f4b02094ab322107b8faf0a7a8f01ca83817db945ff077f%2Cda8ad6626e3af9e28a2e1ea62a1dc9993651f6789d2fdb3243f141ec1b4a0379%2C7b7c3e163710bfc21611c766056ca588d6f673c3938b5dbd45a9af3ba1457f12%2Cbf641d0b5a77d1fb8beee794b4b4d133c35338ca82510bb1f913043a10ec850d  delay=6.000 min_gap=0.000 last=1784630397.569
12:39:57.568  ENF   delay=6.000 min_gap=0.000 jitter=9.560 gap=15.560 since_last=0.000 sleep=15.560
12:40:13.396  PARSE Account 6:4:10 → 0.667s/req pen=10s; Ip 12:4:60 → 0.333s/req pen=60s; Ip 16:12:60 → 0.750s/req pen=60s  delay 6.000→6.000  min_gap→0  max_usage=0%
12:40:13.396  RAW   content-type: application/json
12:40:13.396  RAW   x-rate-limit-policy: trade-fetch-request-limit
12:40:13.396  RAW   x-rate-limit-rules: Account,Ip
12:40:13.396  RAW   x-rate-limit-account: 6:4:10
12:40:13.397  RAW   x-rate-limit-account-state: 1:4:0
12:40:13.397  RAW   x-rate-limit-ip: 12:4:60,16:12:60
12:40:13.397  RAW   x-rate-limit-ip-state: 1:4:0,2:12:0
12:40:13.397  RAW   cf-cache-status: DYNAMIC
12:40:13.397  RAW   cf-ray: a1e996121e6fe32e-WAW
12:40:13.397  RESP  GET /api/trade/fetch/b004ea8dc95a3cc88a017284c9a91a951c900f90e876348e51b4e3a3c7aa29b8%2Cb9c772eb91556a0c7f4b02094ab322107b8faf0a7a8f01ca83817db945ff077f%2Cda8ad6626e3af9e28a2e1ea62a1dc9993651f6789d2fdb3243f141ec1b4a0379%2C7b7c3e163710bfc21611c766056ca588d6f673c3938b5dbd45a9af3ba1457f12%2Cbf641d0b5a77d1fb8beee794b4b4d133c35338ca82510bb1f913043a10ec850d → 200  15.828s  delay=6.000 min_gap=0.000 last=1784630413.397
12:40:13.417  PRE   POST /api/trade/search/Standard  delay=6.000 min_gap=0.000 last=1784630413.397
12:40:13.417  ENF   delay=6.000 min_gap=0.000 jitter=7.890 gap=13.890 since_last=0.020 sleep=13.870
12:40:27.571  PARSE Account 3:5:60 → 1.667s/req pen=60s; Ip 8:10:60 → 1.250s/req pen=60s; Ip 15:60:120 → 4.000s/req pen=120s; Ip 60:300:1800 → 5.000s/req pen=1800s  delay 6.000→6.000  min_gap→0  max_usage=52%
12:40:27.571  RAW   content-type: application/json
12:40:27.571  RAW   x-rate-limit-policy: trade-search-request-limit
12:40:27.571  RAW   x-rate-limit-rules: Account,Ip
12:40:27.571  RAW   x-rate-limit-account: 3:5:60
12:40:27.571  RAW   x-rate-limit-account-state: 1:5:0
12:40:27.571  RAW   x-rate-limit-ip: 8:10:60,15:60:120,60:300:1800
12:40:27.571  RAW   x-rate-limit-ip-state: 1:10:0,7:60:0,31:300:0
12:40:27.571  RAW   cf-cache-status: DYNAMIC
12:40:27.571  RAW   cf-ray: a1e9966a9fbbe32e-WAW
12:40:27.571  RESP  POST /api/trade/search/Standard → 200  14.154s  delay=6.000 min_gap=0.000 last=1784630427.572
12:40:27.571  PRE   GET /api/trade/fetch/ede33cef5a96184838e590269d2a87fc4da089b4080ab70fbdd3462ac25b4bc2%2Ce8ef24277cdcd59b03149e7521c4250e366d00a6df84a01985d9ba74908ca948%2C2bdb4f8ac171171ad57314cfefd985e0782012a063a6b42101e53c096ebf93bf%2C196cac5afb5afd58e8b9075f7d322f0ff66ba547d8d16408322254d142544d63%2Cc6c81246a18930281473e8d853f7d923e9cac0d9c841870ca237b10134acf975  delay=6.000 min_gap=0.000 last=1784630427.572
12:40:27.571  ENF   delay=6.000 min_gap=0.000 jitter=5.827 gap=11.827 since_last=0.000 sleep=11.827
12:40:39.671  PARSE Account 6:4:10 → 0.667s/req pen=10s; Ip 12:4:60 → 0.333s/req pen=60s; Ip 16:12:60 → 0.750s/req pen=60s  delay 6.000→6.000  min_gap→0  max_usage=0%
12:40:39.671  RAW   content-type: application/json
12:40:39.671  RAW   x-rate-limit-policy: trade-fetch-request-limit
12:40:39.671  RAW   x-rate-limit-rules: Account,Ip
12:40:39.671  RAW   x-rate-limit-account: 6:4:10
12:40:39.671  RAW   x-rate-limit-account-state: 1:4:0
12:40:39.671  RAW   x-rate-limit-ip: 12:4:60,16:12:60
12:40:39.671  RAW   x-rate-limit-ip-state: 1:4:0,1:12:0
12:40:39.671  RAW   cf-cache-status: DYNAMIC
12:40:39.671  RAW   cf-ray: a1e996b64e5ce32e-WAW
12:40:39.671  RESP  GET /api/trade/fetch/ede33cef5a96184838e590269d2a87fc4da089b4080ab70fbdd3462ac25b4bc2%2Ce8ef24277cdcd59b03149e7521c4250e366d00a6df84a01985d9ba74908ca948%2C2bdb4f8ac171171ad57314cfefd985e0782012a063a6b42101e53c096ebf93bf%2C196cac5afb5afd58e8b9075f7d322f0ff66ba547d8d16408322254d142544d63%2Cc6c81246a18930281473e8d853f7d923e9cac0d9c841870ca237b10134acf975 → 200  12.099s  delay=6.000 min_gap=0.000 last=1784630439.671
12:40:39.671  PRE   POST /api/trade/search/Standard  delay=6.000 min_gap=0.000 last=1784630439.671
12:40:39.671  ENF   delay=6.000 min_gap=0.000 jitter=9.427 gap=15.427 since_last=0.000 sleep=15.426
12:40:55.380  PARSE Account 3:5:60 → 1.667s/req pen=60s; Ip 8:10:60 → 1.250s/req pen=60s; Ip 15:60:120 → 4.000s/req pen=120s; Ip 60:300:1800 → 5.000s/req pen=1800s  delay 6.000→6.000  min_gap→0  max_usage=58%
12:40:55.380  RAW   content-type: application/json
12:40:55.380  RAW   x-rate-limit-policy: trade-search-request-limit
12:40:55.380  RAW   x-rate-limit-rules: Account,Ip
12:40:55.380  RAW   x-rate-limit-account: 3:5:60
12:40:55.380  RAW   x-rate-limit-account-state: 2:5:0
12:40:55.380  RAW   x-rate-limit-ip: 8:10:60,15:60:120,60:300:1800
12:40:55.380  RAW   x-rate-limit-ip-state: 2:10:0,7:60:0,35:300:0
12:40:55.380  RAW   cf-cache-status: DYNAMIC
12:40:55.380  RAW   cf-ray: a1e99718681ae32e-WAW
12:40:55.380  RESP  POST /api/trade/search/Standard → 200  15.709s  delay=6.000 min_gap=0.000 last=1784630455.381
12:40:55.380  PRE   GET /api/trade/fetch/b004ea8dc95a3cc88a017284c9a91a951c900f90e876348e51b4e3a3c7aa29b8%2Cb9c772eb91556a0c7f4b02094ab322107b8faf0a7a8f01ca83817db945ff077f%2Cbf641d0b5a77d1fb8beee794b4b4d133c35338ca82510bb1f913043a10ec850d%2Ccda26fc0c78977349e697b6fa28224ac5d666bcb5196091adb352e04df302fa6%2C651bec6f2f757166aed24efdc59b444dc93e227fbd8616125148e08849ea12d0  delay=6.000 min_gap=0.000 last=1784630455.381
12:40:55.380  ENF   delay=6.000 min_gap=0.000 jitter=9.813 gap=15.813 since_last=0.000 sleep=15.813
12:41:11.468  PARSE Account 6:4:10 → 0.667s/req pen=10s; Ip 12:4:60 → 0.333s/req pen=60s; Ip 16:12:60 → 0.750s/req pen=60s  delay 6.000→6.000  min_gap→0  max_usage=0%
12:41:11.468  RAW   content-type: application/json
12:41:11.468  RAW   x-rate-limit-policy: trade-fetch-request-limit
12:41:11.468  RAW   x-rate-limit-rules: Account,Ip
12:41:11.468  RAW   x-rate-limit-account: 6:4:10
12:41:11.468  RAW   x-rate-limit-account-state: 1:4:0
12:41:11.468  RAW   x-rate-limit-ip: 12:4:60,16:12:60
12:41:11.468  RAW   x-rate-limit-ip-state: 1:4:0,2:12:0
12:41:11.468  RAW   cf-cache-status: DYNAMIC
12:41:11.468  RAW   cf-ray: a1e9977cfe53e32e-WAW
12:41:11.468  RESP  GET /api/trade/fetch/b004ea8dc95a3cc88a017284c9a91a951c900f90e876348e51b4e3a3c7aa29b8%2Cb9c772eb91556a0c7f4b02094ab322107b8faf0a7a8f01ca83817db945ff077f%2Cbf641d0b5a77d1fb8beee794b4b4d133c35338ca82510bb1f913043a10ec850d%2Ccda26fc0c78977349e697b6fa28224ac5d666bcb5196091adb352e04df302fa6%2C651bec6f2f757166aed24efdc59b444dc93e227fbd8616125148e08849ea12d0 → 200  16.087s  delay=6.000 min_gap=0.000 last=1784630471.468
12:41:11.493  PRE   POST /api/trade/search/Standard  delay=6.000 min_gap=0.000 last=1784630471.468
12:41:11.494  ENF   delay=6.000 min_gap=0.000 jitter=9.594 gap=15.594 since_last=0.026 sleep=15.568
12:41:27.339  PARSE Account 3:5:60 → 1.667s/req pen=60s; Ip 8:10:60 → 1.250s/req pen=60s; Ip 15:60:120 → 4.000s/req pen=120s; Ip 60:300:1800 → 5.000s/req pen=1800s  delay 6.000→6.000  min_gap→0  max_usage=52%
12:41:27.339  RAW   content-type: application/json
12:41:27.339  RAW   x-rate-limit-policy: trade-search-request-limit
12:41:27.339  RAW   x-rate-limit-rules: Account,Ip
12:41:27.339  RAW   x-rate-limit-account: 3:5:60
12:41:27.339  RAW   x-rate-limit-account-state: 1:5:0
12:41:27.339  RAW   x-rate-limit-ip: 8:10:60,15:60:120,60:300:1800
12:41:27.339  RAW   x-rate-limit-ip-state: 1:10:0,6:60:0,31:300:0
12:41:27.339  RAW   cf-cache-status: DYNAMIC
12:41:27.339  RAW   cf-ray: a1e997e02b8ae32e-WAW
12:41:27.339  RESP  POST /api/trade/search/Standard → 200  15.845s  delay=6.000 min_gap=0.000 last=1784630487.339
12:41:27.339  PRE   GET /api/trade/fetch/26a1ab38f6df14c59dadb2c180c8e11f335af197866f36c8fdeca85af1f8e779%2Ce860dc2e57aa429b4283236eb3e91833a01d9e4366964b3eb117f9b4f0f2cd73%2C4051482ae6923154ad644e018081f488a18dcdce83074ea5518d11f41380ef9d%2Ca8bfd5cf348c3f59a0f9de4254bd4ac092723d2454aa8b4ea9ab21c13a271f3d%2Ccca66464673c692e27e524e0ffeb7bb61d21f9f7a3c30ecafe4c0c90487a36a8  delay=6.000 min_gap=0.000 last=1784630487.339
12:41:27.339  ENF   delay=6.000 min_gap=0.000 jitter=6.075 gap=12.075 since_last=0.000 sleep=12.075
12:41:39.743  PARSE Account 6:4:10 → 0.667s/req pen=10s; Ip 12:4:60 → 0.333s/req pen=60s; Ip 16:12:60 → 0.750s/req pen=60s  delay 6.000→6.000  min_gap→0  max_usage=0%
12:41:39.743  RAW   content-type: application/json
12:41:39.743  RAW   x-rate-limit-policy: trade-fetch-request-limit
12:41:39.743  RAW   x-rate-limit-rules: Account,Ip
12:41:39.743  RAW   x-rate-limit-account: 6:4:10
12:41:39.743  RAW   x-rate-limit-account-state: 1:4:0
12:41:39.743  RAW   x-rate-limit-ip: 12:4:60,16:12:60
12:41:39.743  RAW   x-rate-limit-ip-state: 1:4:0,1:12:0
12:41:39.743  RAW   cf-cache-status: DYNAMIC
12:41:39.743  RAW   cf-ray: a1e9982d5fcbe32e-WAW
12:41:39.743  RESP  GET /api/trade/fetch/26a1ab38f6df14c59dadb2c180c8e11f335af197866f36c8fdeca85af1f8e779%2Ce860dc2e57aa429b4283236eb3e91833a01d9e4366964b3eb117f9b4f0f2cd73%2C4051482ae6923154ad644e018081f488a18dcdce83074ea5518d11f41380ef9d%2Ca8bfd5cf348c3f59a0f9de4254bd4ac092723d2454aa8b4ea9ab21c13a271f3d%2Ccca66464673c692e27e524e0ffeb7bb61d21f9f7a3c30ecafe4c0c90487a36a8 → 200  12.404s  delay=6.000 min_gap=0.000 last=1784630499.744
12:41:39.744  PRE   POST /api/trade/search/Standard  delay=6.000 min_gap=0.000 last=1784630499.744
12:41:39.744  ENF   delay=6.000 min_gap=0.000 jitter=7.142 gap=13.142 since_last=0.000 sleep=13.142
12:41:53.160  PARSE Account 3:5:60 → 1.667s/req pen=60s; Ip 8:10:60 → 1.250s/req pen=60s; Ip 15:60:120 → 4.000s/req pen=120s; Ip 60:300:1800 → 5.000s/req pen=1800s  delay 6.000→6.000  min_gap→0  max_usage=58%
12:41:53.160  RAW   content-type: application/json
12:41:53.160  RAW   x-rate-limit-policy: trade-search-request-limit
12:41:53.160  RAW   x-rate-limit-rules: Account,Ip
12:41:53.160  RAW   x-rate-limit-account: 3:5:60
12:41:53.160  RAW   x-rate-limit-account-state: 1:5:0
12:41:53.160  RAW   x-rate-limit-ip: 8:10:60,15:60:120,60:300:1800
12:41:53.160  RAW   x-rate-limit-ip-state: 2:10:0,6:60:0,35:300:0
12:41:53.160  RAW   cf-cache-status: DYNAMIC
12:41:53.160  RAW   cf-ray: a1e998819efde32e-WAW
12:41:53.160  RESP  POST /api/trade/search/Standard → 200  13.416s  delay=6.000 min_gap=0.000 last=1784630513.161
12:41:53.191  PRE   POST /api/trade/search/Standard  delay=6.000 min_gap=0.000 last=1784630513.161
12:41:53.191  ENF   delay=6.000 min_gap=0.000 jitter=7.727 gap=13.727 since_last=0.031 sleep=13.696
12:42:07.164  PARSE Account 3:5:60 → 1.667s/req pen=60s; Ip 8:10:60 → 1.250s/req pen=60s; Ip 15:60:120 → 4.000s/req pen=120s; Ip 60:300:1800 → 5.000s/req pen=1800s  delay 6.000→6.000  min_gap→0  max_usage=50%
12:42:07.164  RAW   content-type: application/json
12:42:07.164  RAW   x-rate-limit-policy: trade-search-request-limit
12:42:07.164  RAW   x-rate-limit-rules: Account,Ip
12:42:07.164  RAW   x-rate-limit-account: 3:5:60
12:42:07.164  RAW   x-rate-limit-account-state: 2:5:0
12:42:07.164  RAW   x-rate-limit-ip: 8:10:60,15:60:120,60:300:1800
12:42:07.164  RAW   x-rate-limit-ip-state: 2:10:0,7:60:0,30:300:0
12:42:07.164  RAW   cf-cache-status: DYNAMIC
12:42:07.164  RAW   cf-ray: a1e998d91c24e32e-WAW
12:42:07.164  RESP  POST /api/trade/search/Standard → 200  13.973s  delay=6.000 min_gap=0.000 last=1784630527.165
12:42:07.164  PRE   GET /api/trade/fetch/cd0989697442cd3dd03bb2ed8ae814d8548280fdd92ef12dd24ff01ece2d9d69%2C3708407721e82170add528bff0d3a55f986a726ebfbfe7dce53a20ad303d0748%2Cbe6c1d0497ec43a6a9d6fbe4c0dac8e0ec19c0ddf396059a182f0fe82bc4aa10%2C37590bfb5508a17838cb89e0ace5774cca9984ee800f083d1093c21a4035e21d%2Ca4b510131506e5e40fe9930070dbab39347205955cf1ea066e589a04e50f88e9  delay=6.000 min_gap=0.000 last=1784630527.165
12:42:07.164  ENF   delay=6.000 min_gap=0.000 jitter=7.085 gap=13.085 since_last=0.000 sleep=13.085
12:42:20.518  PARSE Account 6:4:10 → 0.667s/req pen=10s; Ip 12:4:60 → 0.333s/req pen=60s; Ip 16:12:60 → 0.750s/req pen=60s  delay 6.000→6.000  min_gap→0  max_usage=0%
12:42:20.518  RAW   content-type: application/json
12:42:20.518  RAW   x-rate-limit-policy: trade-fetch-request-limit
12:42:20.518  RAW   x-rate-limit-rules: Account,Ip
12:42:20.518  RAW   x-rate-limit-account: 6:4:10
12:42:20.518  RAW   x-rate-limit-account-state: 1:4:0
12:42:20.518  RAW   x-rate-limit-ip: 12:4:60,16:12:60
12:42:20.518  RAW   x-rate-limit-ip-state: 1:4:0,1:12:0
12:42:20.519  RAW   cf-cache-status: DYNAMIC
12:42:20.519  RAW   cf-ray: a1e9992c9cdee32e-WAW
12:42:20.519  RESP  GET /api/trade/fetch/cd0989697442cd3dd03bb2ed8ae814d8548280fdd92ef12dd24ff01ece2d9d69%2C3708407721e82170add528bff0d3a55f986a726ebfbfe7dce53a20ad303d0748%2Cbe6c1d0497ec43a6a9d6fbe4c0dac8e0ec19c0ddf396059a182f0fe82bc4aa10%2C37590bfb5508a17838cb89e0ace5774cca9984ee800f083d1093c21a4035e21d%2Ca4b510131506e5e40fe9930070dbab39347205955cf1ea066e589a04e50f88e9 → 200  13.354s  delay=6.000 min_gap=0.000 last=1784630540.519
12:42:20.519  PRE   POST /api/trade/search/Standard  delay=6.000 min_gap=0.000 last=1784630540.519
12:42:20.519  ENF   delay=6.000 min_gap=0.000 jitter=9.541 gap=15.541 since_last=0.000 sleep=15.541
12:42:36.341  PARSE Account 3:5:60 → 1.667s/req pen=60s; Ip 8:10:60 → 1.250s/req pen=60s; Ip 15:60:120 → 4.000s/req pen=120s; Ip 60:300:1800 → 5.000s/req pen=1800s  delay 6.000→6.000  min_gap→0  max_usage=55%
12:42:36.341  RAW   content-type: application/json
12:42:36.341  RAW   x-rate-limit-policy: trade-search-request-limit
12:42:36.341  RAW   x-rate-limit-rules: Account,Ip
12:42:36.341  RAW   x-rate-limit-account: 3:5:60
12:42:36.341  RAW   x-rate-limit-account-state: 1:5:0
12:42:36.341  RAW   x-rate-limit-ip: 8:10:60,15:60:120,60:300:1800
12:42:36.341  RAW   x-rate-limit-ip-state: 1:10:0,7:60:0,33:300:0
12:42:36.341  RAW   cf-cache-status: DYNAMIC
12:42:36.341  RAW   cf-ray: a1e9998f6affe32e-WAW
12:42:36.341  RESP  POST /api/trade/search/Standard → 200  15.822s  delay=6.000 min_gap=0.000 last=1784630556.341
12:42:36.341  PRE   GET /api/trade/fetch/cd0989697442cd3dd03bb2ed8ae814d8548280fdd92ef12dd24ff01ece2d9d69%2C410ff436076eb8818c0179ff51574e03ea2318fd315e5d5153a592984ba89863%2C727da76cbf2f5fbe6674008dfc02b8b75a196567274dbec79cf2224b24dc5ac5%2Cffc8a566e87bd0eaa09436b264987bd8013fca73d0d33ffcf76d4be622893865%2Cbe7b793defd8ed0fe64d4d710cac1f41c4f87c4d25b3d54b89a9459aa4fe05f7  delay=6.000 min_gap=0.000 last=1784630556.341
12:42:36.341  ENF   delay=6.000 min_gap=0.000 jitter=5.680 gap=11.680 since_last=0.000 sleep=11.680
12:42:48.291  PARSE Account 6:4:10 → 0.667s/req pen=10s; Ip 12:4:60 → 0.333s/req pen=60s; Ip 16:12:60 → 0.750s/req pen=60s  delay 6.000→6.000  min_gap→0  max_usage=0%
12:42:48.291  RAW   content-type: application/json
12:42:48.291  RAW   x-rate-limit-policy: trade-fetch-request-limit
12:42:48.291  RAW   x-rate-limit-rules: Account,Ip
12:42:48.291  RAW   x-rate-limit-account: 6:4:10
12:42:48.291  RAW   x-rate-limit-account-state: 1:4:0
12:42:48.291  RAW   x-rate-limit-ip: 12:4:60,16:12:60
12:42:48.291  RAW   x-rate-limit-ip-state: 1:4:0,1:12:0
12:42:48.291  RAW   cf-cache-status: DYNAMIC
12:42:48.291  RAW   cf-ray: a1e999da2a15e32e-WAW
12:42:48.291  RESP  GET /api/trade/fetch/cd0989697442cd3dd03bb2ed8ae814d8548280fdd92ef12dd24ff01ece2d9d69%2C410ff436076eb8818c0179ff51574e03ea2318fd315e5d5153a592984ba89863%2C727da76cbf2f5fbe6674008dfc02b8b75a196567274dbec79cf2224b24dc5ac5%2Cffc8a566e87bd0eaa09436b264987bd8013fca73d0d33ffcf76d4be622893865%2Cbe7b793defd8ed0fe64d4d710cac1f41c4f87c4d25b3d54b89a9459aa4fe05f7 → 200  11.950s  delay=6.000 min_gap=0.000 last=1784630568.292
12:42:48.313  PRE   POST /api/trade/search/Standard  delay=6.000 min_gap=0.000 last=1784630568.292
12:42:48.313  ENF   delay=6.000 min_gap=0.000 jitter=6.497 gap=12.497 since_last=0.022 sleep=12.476
12:43:01.074  PARSE Account 3:5:60 → 1.667s/req pen=60s; Ip 8:10:60 → 1.250s/req pen=60s; Ip 15:60:120 → 4.000s/req pen=120s; Ip 60:300:1800 → 5.000s/req pen=1800s  delay 6.000→6.000  min_gap→0  max_usage=50%
12:43:01.074  RAW   content-type: application/json
12:43:01.074  RAW   x-rate-limit-policy: trade-search-request-limit
12:43:01.074  RAW   x-rate-limit-rules: Account,Ip
12:43:01.074  RAW   x-rate-limit-account: 3:5:60
12:43:01.074  RAW   x-rate-limit-account-state: 1:5:0
12:43:01.074  RAW   x-rate-limit-ip: 8:10:60,15:60:120,60:300:1800
12:43:01.074  RAW   x-rate-limit-ip-state: 1:10:0,5:60:0,30:300:0
12:43:01.074  RAW   cf-cache-status: DYNAMIC
12:43:01.074  RAW   cf-ray: a1e99a29fda5e32e-WAW
12:43:01.074  RESP  POST /api/trade/search/Standard → 200  12.761s  delay=6.000 min_gap=0.000 last=1784630581.074
12:43:01.074  PRE   GET /api/trade/fetch/cd0989697442cd3dd03bb2ed8ae814d8548280fdd92ef12dd24ff01ece2d9d69%2C3708407721e82170add528bff0d3a55f986a726ebfbfe7dce53a20ad303d0748%2C37590bfb5508a17838cb89e0ace5774cca9984ee800f083d1093c21a4035e21d%2C581ccd29364dd38b8f35e6813b5e643f9dadace4a3c6da83e77e50df47ccea76%2C2bc8422a2c19a6b10974c87982974dc3ec55533a35860755d80494f89f0f79a4  delay=6.000 min_gap=0.000 last=1784630581.074
12:43:01.074  ENF   delay=6.000 min_gap=0.000 jitter=5.018 gap=11.018 since_last=0.000 sleep=11.018
12:43:12.366  PARSE Account 6:4:10 → 0.667s/req pen=10s; Ip 12:4:60 → 0.333s/req pen=60s; Ip 16:12:60 → 0.750s/req pen=60s  delay 6.000→6.000  min_gap→0  max_usage=0%
12:43:12.367  RAW   content-type: application/json
12:43:12.367  RAW   x-rate-limit-policy: trade-fetch-request-limit
12:43:12.367  RAW   x-rate-limit-rules: Account,Ip
12:43:12.367  RAW   x-rate-limit-account: 6:4:10
12:43:12.367  RAW   x-rate-limit-account-state: 1:4:0
12:43:12.367  RAW   x-rate-limit-ip: 12:4:60,16:12:60
12:43:12.367  RAW   x-rate-limit-ip-state: 1:4:0,1:12:0
12:43:12.367  RAW   cf-cache-status: DYNAMIC
12:43:12.367  RAW   cf-ray: a1e99a709870e32e-WAW
12:43:12.367  RESP  GET /api/trade/fetch/cd0989697442cd3dd03bb2ed8ae814d8548280fdd92ef12dd24ff01ece2d9d69%2C3708407721e82170add528bff0d3a55f986a726ebfbfe7dce53a20ad303d0748%2C37590bfb5508a17838cb89e0ace5774cca9984ee800f083d1093c21a4035e21d%2C581ccd29364dd38b8f35e6813b5e643f9dadace4a3c6da83e77e50df47ccea76%2C2bc8422a2c19a6b10974c87982974dc3ec55533a35860755d80494f89f0f79a4 → 200  11.293s  delay=6.000 min_gap=0.000 last=1784630592.367
12:43:12.367  PRE   POST /api/trade/search/Standard  delay=6.000 min_gap=0.000 last=1784630592.367
12:43:12.367  ENF   delay=6.000 min_gap=0.000 jitter=6.656 gap=12.656 since_last=0.000 sleep=12.656
12:43:25.303  PARSE Account 3:5:60 → 1.667s/req pen=60s; Ip 8:10:60 → 1.250s/req pen=60s; Ip 15:60:120 → 4.000s/req pen=120s; Ip 60:300:1800 → 5.000s/req pen=1800s  delay 6.000→6.000  min_gap→0  max_usage=55%
12:43:25.303  RAW   content-type: application/json
12:43:25.303  RAW   x-rate-limit-policy: trade-search-request-limit
12:43:25.303  RAW   x-rate-limit-rules: Account,Ip
12:43:25.303  RAW   x-rate-limit-account: 3:5:60
12:43:25.303  RAW   x-rate-limit-account-state: 1:5:0
12:43:25.303  RAW   x-rate-limit-ip: 8:10:60,15:60:120,60:300:1800
12:43:25.303  RAW   x-rate-limit-ip-state: 1:10:0,7:60:0,33:300:0
12:43:25.303  RAW   cf-cache-status: DYNAMIC
12:43:25.303  RAW   cf-ray: a1e99ac16d96e32e-WAW
12:43:25.303  RESP  POST /api/trade/search/Standard → 200  12.936s  delay=6.000 min_gap=0.000 last=1784630605.303
12:43:25.303  PRE   GET /api/trade/fetch/cd0989697442cd3dd03bb2ed8ae814d8548280fdd92ef12dd24ff01ece2d9d69%2C8f87a0ad7177fc72086c407cd061aa9f9d042e148957fefbc4fc7ef60d9362f8%2Cff75bb9ce8261987832b8c767913e324fde4ecc41ab09ea0a67b5f2898756106%2C50dd2018e27ad1e4faeae04d920ca2a94edb9921918cd1ad6dd118650d430413%2Caa7da2a4cac7ba0fa118e5a853a93a71609debe8d98e3bf95b5817d0cb593745  delay=6.000 min_gap=0.000 last=1784630605.303
12:43:25.303  ENF   delay=6.000 min_gap=0.000 jitter=7.094 gap=13.094 since_last=0.000 sleep=13.094
12:43:38.661  PARSE Account 6:4:10 → 0.667s/req pen=10s; Ip 12:4:60 → 0.333s/req pen=60s; Ip 16:12:60 → 0.750s/req pen=60s  delay 6.000→6.000  min_gap→0  max_usage=0%
12:43:38.661  RAW   content-type: application/json
12:43:38.661  RAW   x-rate-limit-policy: trade-fetch-request-limit
12:43:38.661  RAW   x-rate-limit-rules: Account,Ip
12:43:38.661  RAW   x-rate-limit-account: 6:4:10
12:43:38.661  RAW   x-rate-limit-account-state: 1:4:0
12:43:38.661  RAW   x-rate-limit-ip: 12:4:60,16:12:60
12:43:38.661  RAW   x-rate-limit-ip-state: 1:4:0,1:12:0
12:43:38.661  RAW   cf-cache-status: DYNAMIC
12:43:38.661  RAW   cf-ray: a1e99b150cfae32e-WAW
12:43:38.661  RESP  GET /api/trade/fetch/cd0989697442cd3dd03bb2ed8ae814d8548280fdd92ef12dd24ff01ece2d9d69%2C8f87a0ad7177fc72086c407cd061aa9f9d042e148957fefbc4fc7ef60d9362f8%2Cff75bb9ce8261987832b8c767913e324fde4ecc41ab09ea0a67b5f2898756106%2C50dd2018e27ad1e4faeae04d920ca2a94edb9921918cd1ad6dd118650d430413%2Caa7da2a4cac7ba0fa118e5a853a93a71609debe8d98e3bf95b5817d0cb593745 → 200  13.358s  delay=6.000 min_gap=0.000 last=1784630618.662
12:43:38.688  PRE   POST /api/trade/search/Standard  delay=6.000 min_gap=0.000 last=1784630618.662
12:43:38.688  ENF   delay=6.000 min_gap=0.000 jitter=6.501 gap=12.501 since_last=0.027 sleep=12.475
12:43:51.436  PARSE Account 3:5:60 → 1.667s/req pen=60s; Ip 8:10:60 → 1.250s/req pen=60s; Ip 15:60:120 → 4.000s/req pen=120s; Ip 60:300:1800 → 5.000s/req pen=1800s  delay 6.000→6.000  min_gap→0  max_usage=60%
12:43:51.436  RAW   content-type: application/json
12:43:51.436  RAW   x-rate-limit-policy: trade-search-request-limit
12:43:51.436  RAW   x-rate-limit-rules: Account,Ip
12:43:51.436  RAW   x-rate-limit-account: 3:5:60
12:43:51.436  RAW   x-rate-limit-account-state: 1:5:0
12:43:51.436  RAW   x-rate-limit-ip: 8:10:60,15:60:120,60:300:1800
12:43:51.436  RAW   x-rate-limit-ip-state: 1:10:0,7:60:0,36:300:0
12:43:51.436  RAW   cf-cache-status: DYNAMIC
12:43:51.436  RAW   cf-ray: a1e99b64cb84e32e-WAW
12:43:51.436  RESP  POST /api/trade/search/Standard → 200  12.749s  delay=6.000 min_gap=0.000 last=1784630631.437
12:43:51.436  PRE   GET /api/trade/fetch/4cccd4fa74b387f4154945773aed708dfb10b1cb316111fbd246cc1e491ce327%2Ca0b6e86b690b392c27e6a4c0d7c664b484420c6fc53daad2630ef8848371f581%2Cb3ffaa706ac586279be17aed0b5124521f30c3e66d0968190dbbc983a90e7c7c%2Cabd98024e7b73853f626b1887377817560648efdcac4e11631016c2d132dacbc%2C4d8c9f581f9a16f0f70b3ce8ed9dcbbcd1c696a4d36aa3e0db88ae58960eb586  delay=6.000 min_gap=0.000 last=1784630631.437
12:43:51.437  ENF   delay=6.000 min_gap=0.000 jitter=9.914 gap=15.914 since_last=0.000 sleep=15.914
12:44:07.623  PARSE Account 6:4:10 → 0.667s/req pen=10s; Ip 12:4:60 → 0.333s/req pen=60s; Ip 16:12:60 → 0.750s/req pen=60s  delay 6.000→6.000  min_gap→0  max_usage=0%
12:44:07.623  RAW   content-type: application/json
12:44:07.623  RAW   x-rate-limit-policy: trade-fetch-request-limit
12:44:07.623  RAW   x-rate-limit-rules: Account,Ip
12:44:07.623  RAW   x-rate-limit-account: 6:4:10
12:44:07.623  RAW   x-rate-limit-account-state: 2:4:0
12:44:07.623  RAW   x-rate-limit-ip: 12:4:60,16:12:60
12:44:07.623  RAW   x-rate-limit-ip-state: 2:4:0,2:12:0
12:44:07.623  RAW   cf-cache-status: DYNAMIC
12:44:07.623  RAW   cf-ray: a1e99bc9fe6ce32e-WAW
12:44:07.623  RESP  GET /api/trade/fetch/4cccd4fa74b387f4154945773aed708dfb10b1cb316111fbd246cc1e491ce327%2Ca0b6e86b690b392c27e6a4c0d7c664b484420c6fc53daad2630ef8848371f581%2Cb3ffaa706ac586279be17aed0b5124521f30c3e66d0968190dbbc983a90e7c7c%2Cabd98024e7b73853f626b1887377817560648efdcac4e11631016c2d132dacbc%2C4d8c9f581f9a16f0f70b3ce8ed9dcbbcd1c696a4d36aa3e0db88ae58960eb586 → 200  16.187s  delay=6.000 min_gap=0.000 last=1784630647.624
12:44:07.624  PRE   POST /api/trade/search/Standard  delay=6.000 min_gap=0.000 last=1784630647.624
12:44:07.624  ENF   delay=6.000 min_gap=0.000 jitter=6.038 gap=12.038 since_last=0.000 sleep=12.037
12:44:19.936  PARSE Account 3:5:60 → 1.667s/req pen=60s; Ip 8:10:60 → 1.250s/req pen=60s; Ip 15:60:120 → 4.000s/req pen=120s; Ip 60:300:1800 → 5.000s/req pen=1800s  delay 6.000→6.000  min_gap→0  max_usage=53%
12:44:19.936  RAW   content-type: application/json
12:44:19.936  RAW   x-rate-limit-policy: trade-search-request-limit
12:44:19.936  RAW   x-rate-limit-rules: Account,Ip
12:44:19.936  RAW   x-rate-limit-account: 3:5:60
12:44:19.936  RAW   x-rate-limit-account-state: 2:5:0
12:44:19.936  RAW   x-rate-limit-ip: 8:10:60,15:60:120,60:300:1800
12:44:19.936  RAW   x-rate-limit-ip-state: 2:10:0,7:60:0,32:300:0
12:44:19.936  RAW   cf-cache-status: DYNAMIC
12:44:19.936  RAW   cf-ray: a1e99c16ea1fe32e-WAW
12:44:19.936  RESP  POST /api/trade/search/Standard → 200  12.312s  delay=6.000 min_gap=0.000 last=1784630659.937
12:44:19.936  PRE   GET /api/trade/fetch/df97f6c8aee383ea4b18ce618d705260c54f166ac57fcce792ebd1b3d6938190%2C17ee443eaa347f707c49181074dadf9936d993686b63369d74004df23e872e3d%2Ca6a65e1cb6252a43798aa552607b1caf26ee82ccd6912888ac97b32eeb3488c3%2C17429a8a163d887596ed9e0ad116cace00a2154ac7b6bd36268d039fe3ac5560%2C3ca3b438f0829948430a126d1476dbe31ad1a67652276d3e076e26b2c8732664  delay=6.000 min_gap=0.000 last=1784630659.937
12:44:19.936  ENF   delay=6.000 min_gap=0.000 jitter=7.357 gap=13.357 since_last=0.000 sleep=13.357
12:44:33.569  PARSE Account 6:4:10 → 0.667s/req pen=10s; Ip 12:4:60 → 0.333s/req pen=60s; Ip 16:12:60 → 0.750s/req pen=60s  delay 6.000→6.000  min_gap→0  max_usage=0%
12:44:33.569  RAW   content-type: application/json
12:44:33.569  RAW   x-rate-limit-policy: trade-fetch-request-limit
12:44:33.569  RAW   x-rate-limit-rules: Account,Ip
12:44:33.569  RAW   x-rate-limit-account: 6:4:10
12:44:33.569  RAW   x-rate-limit-account-state: 2:4:0
12:44:33.569  RAW   x-rate-limit-ip: 12:4:60,16:12:60
12:44:33.569  RAW   x-rate-limit-ip-state: 2:4:0,2:12:0
12:44:33.569  RAW   cf-cache-status: DYNAMIC
12:44:33.569  RAW   cf-ray: a1e99c6c1f5ee32e-WAW
12:44:33.569  RESP  GET /api/trade/fetch/df97f6c8aee383ea4b18ce618d705260c54f166ac57fcce792ebd1b3d6938190%2C17ee443eaa347f707c49181074dadf9936d993686b63369d74004df23e872e3d%2Ca6a65e1cb6252a43798aa552607b1caf26ee82ccd6912888ac97b32eeb3488c3%2C17429a8a163d887596ed9e0ad116cace00a2154ac7b6bd36268d039fe3ac5560%2C3ca3b438f0829948430a126d1476dbe31ad1a67652276d3e076e26b2c8732664 → 200  13.632s  delay=6.000 min_gap=0.000 last=1784630673.569
12:44:33.590  PRE   POST /api/trade/search/Standard  delay=6.000 min_gap=0.000 last=1784630673.569
12:44:33.590  ENF   delay=6.000 min_gap=0.000 jitter=7.793 gap=13.793 since_last=0.021 sleep=13.771
12:44:47.641  PARSE Account 3:5:60 → 1.667s/req pen=60s; Ip 8:10:60 → 1.250s/req pen=60s; Ip 15:60:120 → 4.000s/req pen=120s; Ip 60:300:1800 → 5.000s/req pen=1800s  delay 6.000→6.000  min_gap→0  max_usage=58%
12:44:47.641  RAW   content-type: application/json
12:44:47.641  RAW   x-rate-limit-policy: trade-search-request-limit
12:44:47.641  RAW   x-rate-limit-rules: Account,Ip
12:44:47.641  RAW   x-rate-limit-account: 3:5:60
12:44:47.641  RAW   x-rate-limit-account-state: 1:5:0
12:44:47.641  RAW   x-rate-limit-ip: 8:10:60,15:60:120,60:300:1800
12:44:47.641  RAW   x-rate-limit-ip-state: 2:10:0,6:60:0,35:300:0
12:44:47.641  RAW   cf-cache-status: DYNAMIC
12:44:47.641  RAW   cf-ray: a1e99cc40b07e32e-WAW
12:44:47.641  RESP  POST /api/trade/search/Standard → 200  14.050s  delay=6.000 min_gap=0.000 last=1784630687.641
12:44:47.641  PRE   GET /api/trade/fetch/f1a8889f442f49a09797efd5a7bea6e46afdf73adb700e7ffa424e56cf341eb5%2C0b16cd5451a99f4e354cf47d109b4559772fafd73e9653ed5de1df6f221d8362%2Cecccb790bab84274f451906db8df22c70dd73a8968c3f0c59a74834038a446cf%2Cd5edca147198c61ec42fd7b9d0920f6147854f69b176535911693a50741489a2%2C343edccd338d65e2e13154c096c44d296d4551ea3519d33a215e8ce90fdb275f  delay=6.000 min_gap=0.000 last=1784630687.641
12:44:47.641  ENF   delay=6.000 min_gap=0.000 jitter=5.891 gap=11.891 since_last=0.000 sleep=11.891
12:44:59.801  PARSE Account 6:4:10 → 0.667s/req pen=10s; Ip 12:4:60 → 0.333s/req pen=60s; Ip 16:12:60 → 0.750s/req pen=60s  delay 6.000→6.000  min_gap→0  max_usage=0%
12:44:59.801  RAW   content-type: application/json
12:44:59.801  RAW   x-rate-limit-policy: trade-fetch-request-limit
12:44:59.801  RAW   x-rate-limit-rules: Account,Ip
12:44:59.801  RAW   x-rate-limit-account: 6:4:10
12:44:59.801  RAW   x-rate-limit-account-state: 1:4:0
12:44:59.801  RAW   x-rate-limit-ip: 12:4:60,16:12:60
12:44:59.801  RAW   x-rate-limit-ip-state: 1:4:0,2:12:0
12:44:59.801  RAW   cf-cache-status: DYNAMIC
12:44:59.801  RAW   cf-ray: a1e99d101e6ce32e-WAW
12:44:59.801  RESP  GET /api/trade/fetch/f1a8889f442f49a09797efd5a7bea6e46afdf73adb700e7ffa424e56cf341eb5%2C0b16cd5451a99f4e354cf47d109b4559772fafd73e9653ed5de1df6f221d8362%2Cecccb790bab84274f451906db8df22c70dd73a8968c3f0c59a74834038a446cf%2Cd5edca147198c61ec42fd7b9d0920f6147854f69b176535911693a50741489a2%2C343edccd338d65e2e13154c096c44d296d4551ea3519d33a215e8ce90fdb275f → 200  12.160s  delay=6.000 min_gap=0.000 last=1784630699.801
12:44:59.801  PRE   POST /api/trade/search/Standard  delay=6.000 min_gap=0.000 last=1784630699.801
12:44:59.801  ENF   delay=6.000 min_gap=0.000 jitter=6.536 gap=12.536 since_last=0.000 sleep=12.536
12:45:12.614  PARSE Account 3:5:60 → 1.667s/req pen=60s; Ip 8:10:60 → 1.250s/req pen=60s; Ip 15:60:120 → 4.000s/req pen=120s; Ip 60:300:1800 → 5.000s/req pen=1800s  delay 6.000→6.000  min_gap→0  max_usage=53%
12:45:12.614  RAW   content-type: application/json
12:45:12.614  RAW   x-rate-limit-policy: trade-search-request-limit
12:45:12.614  RAW   x-rate-limit-rules: Account,Ip
12:45:12.614  RAW   x-rate-limit-account: 3:5:60
12:45:12.614  RAW   x-rate-limit-account-state: 1:5:0
12:45:12.614  RAW   x-rate-limit-ip: 8:10:60,15:60:120,60:300:1800
12:45:12.614  RAW   x-rate-limit-ip-state: 2:10:0,8:60:0,30:300:0
12:45:12.614  RAW   cf-cache-status: DYNAMIC
12:45:12.614  RAW   cf-ray: a1e99d602f94e32e-WAW
12:45:12.614  RESP  POST /api/trade/search/Standard → 200  12.813s  delay=6.000 min_gap=0.000 last=1784630712.615
12:45:12.614  PRE   GET /api/trade/fetch/b20dc3c88df015b8db5c3e8efae76efcfec631dfc3abf389cff84ef7d79ca048%2Cb85ba69912e0f9e18f14dfba5decdc57c125c4a3d781bd2003f4d22ca9333b27%2Cfb0096e3c96a9e9ccc3f3422a6602ccb4a6aeffc724a70ca97e1ac908d8e29c6%2C6c57ef6a149136a3b7ef8686b1bd13f95a894dc9ab7dc25f6c10207ac1193ca7%2Cb0c262d82758732e7a80850fbb81da7b97812399e5b51afdd17761b1330b85b3  delay=6.000 min_gap=0.000 last=1784630712.615
12:45:12.614  ENF   delay=6.000 min_gap=0.000 jitter=6.619 gap=12.619 since_last=0.000 sleep=12.619
12:45:25.508  PARSE Account 6:4:10 → 0.667s/req pen=10s; Ip 12:4:60 → 0.333s/req pen=60s; Ip 16:12:60 → 0.750s/req pen=60s  delay 6.000→6.000  min_gap→0  max_usage=0%
12:45:25.508  RAW   content-type: application/json
12:45:25.508  RAW   x-rate-limit-policy: trade-fetch-request-limit
12:45:25.508  RAW   x-rate-limit-rules: Account,Ip
12:45:25.508  RAW   x-rate-limit-account: 6:4:10
12:45:25.508  RAW   x-rate-limit-account-state: 1:4:0
12:45:25.508  RAW   x-rate-limit-ip: 12:4:60,16:12:60
12:45:25.508  RAW   x-rate-limit-ip-state: 1:4:0,1:12:0
12:45:25.508  RAW   cf-cache-status: DYNAMIC
12:45:25.508  RAW   cf-ray: a1e99db0b90ae32e-WAW
12:45:25.508  RESP  GET /api/trade/fetch/b20dc3c88df015b8db5c3e8efae76efcfec631dfc3abf389cff84ef7d79ca048%2Cb85ba69912e0f9e18f14dfba5decdc57c125c4a3d781bd2003f4d22ca9333b27%2Cfb0096e3c96a9e9ccc3f3422a6602ccb4a6aeffc724a70ca97e1ac908d8e29c6%2C6c57ef6a149136a3b7ef8686b1bd13f95a894dc9ab7dc25f6c10207ac1193ca7%2Cb0c262d82758732e7a80850fbb81da7b97812399e5b51afdd17761b1330b85b3 → 200  12.893s  delay=6.000 min_gap=0.000 last=1784630725.508
12:45:25.534  PRE   POST /api/trade/search/Standard  delay=6.000 min_gap=0.000 last=1784630725.508
12:45:25.534  ENF   delay=6.000 min_gap=0.000 jitter=6.932 gap=12.932 since_last=0.026 sleep=12.906
12:45:38.722  PARSE Account 3:5:60 → 1.667s/req pen=60s; Ip 8:10:60 → 1.250s/req pen=60s; Ip 15:60:120 → 4.000s/req pen=120s; Ip 60:300:1800 → 5.000s/req pen=1800s  delay 6.000→6.000  min_gap→0  max_usage=55%
12:45:38.723  RAW   content-type: application/json
12:45:38.723  RAW   x-rate-limit-policy: trade-search-request-limit
12:45:38.723  RAW   x-rate-limit-rules: Account,Ip
12:45:38.723  RAW   x-rate-limit-account: 3:5:60
12:45:38.723  RAW   x-rate-limit-account-state: 1:5:0
12:45:38.723  RAW   x-rate-limit-ip: 8:10:60,15:60:120,60:300:1800
12:45:38.723  RAW   x-rate-limit-ip-state: 1:10:0,7:60:0,33:300:0
12:45:38.723  RAW   cf-cache-status: DYNAMIC
12:45:38.723  RAW   cf-ray: a1e99e034d93e32e-WAW
12:45:38.723  RESP  POST /api/trade/search/Standard → 200  13.188s  delay=6.000 min_gap=0.000 last=1784630738.723
12:45:38.723  PRE   GET /api/trade/fetch/5e3f124aa2bf0412923b4d1eabfc448d92c9938e01e20bdeab6da4d9ba28da9c%2Cebceac240fb8ddacb5e634b78bf78ecc8a0c958e09ea0dce8e895253e110f8f7%2Cc948b5a0875d78c8206ee2d18a086ebf0e67237b8957d789c14ee664026e6dc5%2C59507b81718b626034840d82a04d63d484afeb6f85066efbe604890a068a94d1%2C5b34b77dcb84bd27beabe0af36969022ab350fdcd88d52f0063faf2fbdbcc95f  delay=6.000 min_gap=0.000 last=1784630738.723
12:45:38.723  ENF   delay=6.000 min_gap=0.000 jitter=6.878 gap=12.878 since_last=0.000 sleep=12.878
12:45:51.865  PARSE Account 6:4:10 → 0.667s/req pen=10s; Ip 12:4:60 → 0.333s/req pen=60s; Ip 16:12:60 → 0.750s/req pen=60s  delay 6.000→6.000  min_gap→0  max_usage=0%
12:45:51.865  RAW   content-type: application/json
12:45:51.865  RAW   x-rate-limit-policy: trade-fetch-request-limit
12:45:51.865  RAW   x-rate-limit-rules: Account,Ip
12:45:51.865  RAW   x-rate-limit-account: 6:4:10
12:45:51.865  RAW   x-rate-limit-account-state: 1:4:0
12:45:51.865  RAW   x-rate-limit-ip: 12:4:60,16:12:60
12:45:51.865  RAW   x-rate-limit-ip-state: 1:4:0,2:12:0
12:45:51.865  RAW   cf-cache-status: DYNAMIC
12:45:51.865  RAW   cf-ray: a1e99e558bfde32e-WAW
12:45:51.865  RESP  GET /api/trade/fetch/5e3f124aa2bf0412923b4d1eabfc448d92c9938e01e20bdeab6da4d9ba28da9c%2Cebceac240fb8ddacb5e634b78bf78ecc8a0c958e09ea0dce8e895253e110f8f7%2Cc948b5a0875d78c8206ee2d18a086ebf0e67237b8957d789c14ee664026e6dc5%2C59507b81718b626034840d82a04d63d484afeb6f85066efbe604890a068a94d1%2C5b34b77dcb84bd27beabe0af36969022ab350fdcd88d52f0063faf2fbdbcc95f → 200  13.142s  delay=6.000 min_gap=0.000 last=1784630751.866
12:45:51.866  PRE   POST /api/trade/search/Standard  delay=6.000 min_gap=0.000 last=1784630751.866
12:45:51.866  ENF   delay=6.000 min_gap=0.000 jitter=5.562 gap=11.562 since_last=0.000 sleep=11.562
12:46:03.699  PARSE Account 3:5:60 → 1.667s/req pen=60s; Ip 8:10:60 → 1.250s/req pen=60s; Ip 15:60:120 → 4.000s/req pen=120s; Ip 60:300:1800 → 5.000s/req pen=1800s  delay 6.000→6.000  min_gap→0  max_usage=50%
12:46:03.700  RAW   content-type: application/json
12:46:03.700  RAW   x-rate-limit-policy: trade-search-request-limit
12:46:03.700  RAW   x-rate-limit-rules: Account,Ip
12:46:03.700  RAW   x-rate-limit-account: 3:5:60
12:46:03.700  RAW   x-rate-limit-account-state: 1:5:0
12:46:03.700  RAW   x-rate-limit-ip: 8:10:60,15:60:120,60:300:1800
12:46:03.700  RAW   x-rate-limit-ip-state: 2:10:0,6:60:0,30:300:0
12:46:03.700  RAW   cf-cache-status: DYNAMIC
12:46:03.700  RAW   cf-ray: a1e99e9f7d98e32e-WAW
12:46:03.700  RESP  POST /api/trade/search/Standard → 200  11.834s  delay=6.000 min_gap=0.000 last=1784630763.700
12:46:03.700  PRE   GET /api/trade/fetch/6c57ef6a149136a3b7ef8686b1bd13f95a894dc9ab7dc25f6c10207ac1193ca7%2Cd49287bd2d05e9d8f7fc6fd48622252628d980b72c3388f647ef1cf4250fa33a%2C0b576e76cf55e863fbb9f3bda0e78dc792079fcbc00a9ecd96495fa0bc55ef4a%2C6d7ac9f9839a8c2ce57b47b6cd1defdc5b6142c49180d181b60eba81afd61f78%2Cb791a7d563c6c0dff1806ccbdc406f49260229e5e06a460c5f8a1cae0063e2af  delay=6.000 min_gap=0.000 last=1784630763.700
12:46:03.700  ENF   delay=6.000 min_gap=0.000 jitter=9.840 gap=15.840 since_last=0.000 sleep=15.840
12:46:19.808  PARSE Account 6:4:10 → 0.667s/req pen=10s; Ip 12:4:60 → 0.333s/req pen=60s; Ip 16:12:60 → 0.750s/req pen=60s  delay 6.000→6.000  min_gap→0  max_usage=0%
12:46:19.808  RAW   content-type: application/json
12:46:19.808  RAW   x-rate-limit-policy: trade-fetch-request-limit
12:46:19.808  RAW   x-rate-limit-rules: Account,Ip
12:46:19.808  RAW   x-rate-limit-account: 6:4:10
12:46:19.808  RAW   x-rate-limit-account-state: 2:4:0
12:46:19.808  RAW   x-rate-limit-ip: 12:4:60,16:12:60
12:46:19.808  RAW   x-rate-limit-ip-state: 2:4:0,3:12:0
12:46:19.808  RAW   cf-cache-status: DYNAMIC
12:46:19.808  RAW   cf-ray: a1e99f042fdae32e-WAW
12:46:19.808  RESP  GET /api/trade/fetch/6c57ef6a149136a3b7ef8686b1bd13f95a894dc9ab7dc25f6c10207ac1193ca7%2Cd49287bd2d05e9d8f7fc6fd48622252628d980b72c3388f647ef1cf4250fa33a%2C0b576e76cf55e863fbb9f3bda0e78dc792079fcbc00a9ecd96495fa0bc55ef4a%2C6d7ac9f9839a8c2ce57b47b6cd1defdc5b6142c49180d181b60eba81afd61f78%2Cb791a7d563c6c0dff1806ccbdc406f49260229e5e06a460c5f8a1cae0063e2af → 200  16.108s  delay=6.000 min_gap=0.000 last=1784630779.809
12:46:19.834  PRE   POST /api/trade/search/Standard  delay=6.000 min_gap=0.000 last=1784630779.809
12:46:19.834  ENF   delay=6.000 min_gap=0.000 jitter=9.500 gap=15.500 since_last=0.026 sleep=15.474
12:46:35.587  PARSE Account 3:5:60 → 1.667s/req pen=60s; Ip 8:10:60 → 1.250s/req pen=60s; Ip 15:60:120 → 4.000s/req pen=120s; Ip 60:300:1800 → 5.000s/req pen=1800s  delay 6.000→6.000  min_gap→0  max_usage=57%
12:46:35.587  RAW   content-type: application/json
12:46:35.587  RAW   x-rate-limit-policy: trade-search-request-limit
12:46:35.587  RAW   x-rate-limit-rules: Account,Ip
12:46:35.587  RAW   x-rate-limit-account: 3:5:60
12:46:35.587  RAW   x-rate-limit-account-state: 1:5:0
12:46:35.587  RAW   x-rate-limit-ip: 8:10:60,15:60:120,60:300:1800
12:46:35.587  RAW   x-rate-limit-ip-state: 1:10:0,6:60:0,34:300:0
12:46:35.587  RAW   cf-cache-status: DYNAMIC
12:46:35.587  RAW   cf-ray: a1e99f66b9dbe32e-WAW
12:46:35.587  RESP  POST /api/trade/search/Standard → 200  15.752s  delay=6.000 min_gap=0.000 last=1784630795.587
12:46:35.587  PRE   GET /api/trade/fetch/d387c522e0ae8d96454456b88e7a74f5eb6433e5f36a2657eaa03741ccb9b758%2Ce00016e2ac92f3e5561d9b146d0f33e91933a564121fbe437ee592f945bedc5b%2C3c95305987beb5732b6a5967edfb2450585263b092fae54b587805bdcfea9711%2C1b472fe660e4f18536d4471537995fdb475e1801f7ce155dc7695515f35fe380%2Cf5ed8eaa67deafdfd5947adfa56325003c3f2c89dbc7724540457d5024719b54  delay=6.000 min_gap=0.000 last=1784630795.587
12:46:35.587  ENF   delay=6.000 min_gap=0.000 jitter=6.507 gap=12.507 since_last=0.000 sleep=12.507
12:46:48.359  PARSE Account 6:4:10 → 0.667s/req pen=10s; Ip 12:4:60 → 0.333s/req pen=60s; Ip 16:12:60 → 0.750s/req pen=60s  delay 6.000→6.000  min_gap→0  max_usage=0%
12:46:48.359  RAW   content-type: application/json
12:46:48.359  RAW   x-rate-limit-policy: trade-fetch-request-limit
12:46:48.359  RAW   x-rate-limit-rules: Account,Ip
12:46:48.359  RAW   x-rate-limit-account: 6:4:10
12:46:48.359  RAW   x-rate-limit-account-state: 1:4:0
12:46:48.359  RAW   x-rate-limit-ip: 12:4:60,16:12:60
12:46:48.359  RAW   x-rate-limit-ip-state: 1:4:0,3:12:0
12:46:48.359  RAW   cf-cache-status: DYNAMIC
12:46:48.359  RAW   cf-ray: a1e99fb69bb6e32e-WAW
12:46:48.359  RESP  GET /api/trade/fetch/d387c522e0ae8d96454456b88e7a74f5eb6433e5f36a2657eaa03741ccb9b758%2Ce00016e2ac92f3e5561d9b146d0f33e91933a564121fbe437ee592f945bedc5b%2C3c95305987beb5732b6a5967edfb2450585263b092fae54b587805bdcfea9711%2C1b472fe660e4f18536d4471537995fdb475e1801f7ce155dc7695515f35fe380%2Cf5ed8eaa67deafdfd5947adfa56325003c3f2c89dbc7724540457d5024719b54 → 200  12.772s  delay=6.000 min_gap=0.000 last=1784630808.360
12:46:48.359  PRE   POST /api/trade/search/Standard  delay=6.000 min_gap=0.000 last=1784630808.360
12:46:48.359  ENF   delay=6.000 min_gap=0.000 jitter=8.205 gap=14.205 since_last=0.000 sleep=14.205
12:47:02.839  PARSE Account 3:5:60 → 1.667s/req pen=60s; Ip 8:10:60 → 1.250s/req pen=60s; Ip 15:60:120 → 4.000s/req pen=120s; Ip 60:300:1800 → 5.000s/req pen=1800s  delay 6.000→6.000  min_gap→0  max_usage=50%
12:47:02.839  RAW   content-type: application/json
12:47:02.839  RAW   x-rate-limit-policy: trade-search-request-limit
12:47:02.839  RAW   x-rate-limit-rules: Account,Ip
12:47:02.839  RAW   x-rate-limit-account: 3:5:60
12:47:02.839  RAW   x-rate-limit-account-state: 1:5:0
12:47:02.839  RAW   x-rate-limit-ip: 8:10:60,15:60:120,60:300:1800
12:47:02.839  RAW   x-rate-limit-ip-state: 1:10:0,6:60:0,30:300:0
12:47:02.839  RAW   cf-cache-status: DYNAMIC
12:47:02.839  RAW   cf-ray: a1e9a0110ccfe32e-WAW
12:47:02.839  RESP  POST /api/trade/search/Standard → 200  14.480s  delay=6.000 min_gap=0.000 last=1784630822.840
12:47:02.866  PRE   POST /api/trade/search/Standard  delay=6.000 min_gap=0.000 last=1784630822.840
12:47:02.866  ENF   delay=6.000 min_gap=0.000 jitter=9.120 gap=15.120 since_last=0.026 sleep=15.094
12:47:18.245  PARSE Account 3:5:60 → 1.667s/req pen=60s; Ip 8:10:60 → 1.250s/req pen=60s; Ip 15:60:120 → 4.000s/req pen=120s; Ip 60:300:1800 → 5.000s/req pen=1800s  delay 6.000→6.000  min_gap→0  max_usage=55%
12:47:18.245  RAW   content-type: application/json
12:47:18.245  RAW   x-rate-limit-policy: trade-search-request-limit
12:47:18.245  RAW   x-rate-limit-rules: Account,Ip
12:47:18.245  RAW   x-rate-limit-account: 3:5:60
12:47:18.245  RAW   x-rate-limit-account-state: 1:5:0
12:47:18.245  RAW   x-rate-limit-ip: 8:10:60,15:60:120,60:300:1800
12:47:18.245  RAW   x-rate-limit-ip-state: 2:10:0,7:60:0,33:300:0
12:47:18.245  RAW   cf-cache-status: DYNAMIC
12:47:18.245  RAW   cf-ray: a1e9a0714cf2e32e-WAW
12:47:18.245  RESP  POST /api/trade/search/Standard → 200  15.379s  delay=6.000 min_gap=0.000 last=1784630838.246
12:47:18.245  PRE   GET /api/trade/fetch/a68d37a44ea07709d0d17a2eb1d9ecae8fffe1fa328266a2acea7bbe70e1abfc%2C89c8c36d16f71620960f0334654349a205c0b416ca80be9d3c90a8a4b0e1cbe5%2Cc65bf7ca23c0797f36f4d13af634fa12775a148736e99e8a0ce3a0ba4849ff3b%2C379530ea5c43fa6367cb7753ec432e91a48f42adecb7c8abf0b4a5442d140ee2%2Cefc1579c9862b03a7bddae0145fcce67584ebf4a77f43612037a1a50141d9a2f  delay=6.000 min_gap=0.000 last=1784630838.246
12:47:18.245  ENF   delay=6.000 min_gap=0.000 jitter=5.215 gap=11.215 since_last=0.000 sleep=11.215
12:47:29.739  PARSE Account 6:4:10 → 0.667s/req pen=10s; Ip 12:4:60 → 0.333s/req pen=60s; Ip 16:12:60 → 0.750s/req pen=60s  delay 6.000→6.000  min_gap→0  max_usage=0%
12:47:29.739  RAW   content-type: application/json
12:47:29.739  RAW   x-rate-limit-policy: trade-fetch-request-limit
12:47:29.739  RAW   x-rate-limit-rules: Account,Ip
12:47:29.739  RAW   x-rate-limit-account: 6:4:10
12:47:29.739  RAW   x-rate-limit-account-state: 1:4:0
12:47:29.739  RAW   x-rate-limit-ip: 12:4:60,16:12:60
12:47:29.739  RAW   x-rate-limit-ip-state: 1:4:0,3:12:0
12:47:29.739  RAW   cf-cache-status: DYNAMIC
12:47:29.739  RAW   cf-ray: a1e9a0b928abe32e-WAW
12:47:29.739  RESP  GET /api/trade/fetch/a68d37a44ea07709d0d17a2eb1d9ecae8fffe1fa328266a2acea7bbe70e1abfc%2C89c8c36d16f71620960f0334654349a205c0b416ca80be9d3c90a8a4b0e1cbe5%2Cc65bf7ca23c0797f36f4d13af634fa12775a148736e99e8a0ce3a0ba4849ff3b%2C379530ea5c43fa6367cb7753ec432e91a48f42adecb7c8abf0b4a5442d140ee2%2Cefc1579c9862b03a7bddae0145fcce67584ebf4a77f43612037a1a50141d9a2f → 200  11.493s  delay=6.000 min_gap=0.000 last=1784630849.739
12:47:29.739  PRE   POST /api/trade/search/Standard  delay=6.000 min_gap=0.000 last=1784630849.739
12:47:29.739  ENF   delay=6.000 min_gap=0.000 jitter=8.243 gap=14.243 since_last=0.000 sleep=14.243
12:47:44.262  PARSE Account 3:5:60 → 1.667s/req pen=60s; Ip 8:10:60 → 1.250s/req pen=60s; Ip 15:60:120 → 4.000s/req pen=120s; Ip 60:300:1800 → 5.000s/req pen=1800s  delay 6.000→6.000  min_gap→0  max_usage=60%
12:47:44.262  RAW   content-type: application/json
12:47:44.262  RAW   x-rate-limit-policy: trade-search-request-limit
12:47:44.262  RAW   x-rate-limit-rules: Account,Ip
12:47:44.262  RAW   x-rate-limit-account: 3:5:60
12:47:44.262  RAW   x-rate-limit-account-state: 1:5:0
12:47:44.262  RAW   x-rate-limit-ip: 8:10:60,15:60:120,60:300:1800
12:47:44.262  RAW   x-rate-limit-ip-state: 1:10:0,9:60:0,36:300:0
12:47:44.262  RAW   cf-cache-status: DYNAMIC
12:47:44.262  RAW   cf-ray: a1e9a113eb29e32e-WAW
12:47:44.262  RESP  POST /api/trade/search/Standard → 200  14.522s  delay=6.000 min_gap=0.000 last=1784630864.262
12:47:44.262  PRE   GET /api/trade/fetch/2c244467a2f9bbc1fe8044d6dac03a0ca9fb1d991f428d601658a76478903346%2Cca8635f64d5f687a51b21b5175dfa23c1a0f5e724a19a3872563d33de32ff1bb%2Ceea966629ad153df419746417d0e4630a7be3868138b3d27c949875475570cf7%2C351d93d772230997ecd7407a0da3f456cf8bfa69685eee25df214740d092812d%2Cdf5d934381d2d37e864c050a35e5861fdf8c8b8e2c418a041e1dc0230d09d6a6  delay=6.000 min_gap=0.000 last=1784630864.262
12:47:44.262  ENF   delay=6.000 min_gap=0.000 jitter=5.870 gap=11.870 since_last=0.000 sleep=11.870
12:47:56.398  PARSE Account 6:4:10 → 0.667s/req pen=10s; Ip 12:4:60 → 0.333s/req pen=60s; Ip 16:12:60 → 0.750s/req pen=60s  delay 6.000→6.000  min_gap→0  max_usage=0%
12:47:56.398  RAW   content-type: application/json
12:47:56.398  RAW   x-rate-limit-policy: trade-fetch-request-limit
12:47:56.398  RAW   x-rate-limit-rules: Account,Ip
12:47:56.398  RAW   x-rate-limit-account: 6:4:10
12:47:56.398  RAW   x-rate-limit-account-state: 1:4:0
12:47:56.398  RAW   x-rate-limit-ip: 12:4:60,16:12:60
12:47:56.398  RAW   x-rate-limit-ip-state: 1:4:0,2:12:0
12:47:56.398  RAW   cf-cache-status: DYNAMIC
12:47:56.398  RAW   cf-ray: a1e9a15fdf5ee32e-WAW
12:47:56.398  RESP  GET /api/trade/fetch/2c244467a2f9bbc1fe8044d6dac03a0ca9fb1d991f428d601658a76478903346%2Cca8635f64d5f687a51b21b5175dfa23c1a0f5e724a19a3872563d33de32ff1bb%2Ceea966629ad153df419746417d0e4630a7be3868138b3d27c949875475570cf7%2C351d93d772230997ecd7407a0da3f456cf8bfa69685eee25df214740d092812d%2Cdf5d934381d2d37e864c050a35e5861fdf8c8b8e2c418a041e1dc0230d09d6a6 → 200  12.136s  delay=6.000 min_gap=0.000 last=1784630876.399
12:47:56.426  PRE   POST /api/trade/search/Standard  delay=6.000 min_gap=0.000 last=1784630876.399
12:47:56.426  ENF   delay=6.000 min_gap=0.000 jitter=7.157 gap=13.157 since_last=0.027 sleep=13.130
12:48:09.843  PARSE Account 3:5:60 → 1.667s/req pen=60s; Ip 8:10:60 → 1.250s/req pen=60s; Ip 15:60:120 → 4.000s/req pen=120s; Ip 60:300:1800 → 5.000s/req pen=1800s  delay 6.000→6.000  min_gap→0  max_usage=52%
12:48:09.843  RAW   content-type: application/json
12:48:09.843  RAW   x-rate-limit-policy: trade-search-request-limit
12:48:09.843  RAW   x-rate-limit-rules: Account,Ip
12:48:09.843  RAW   x-rate-limit-account: 3:5:60
12:48:09.843  RAW   x-rate-limit-account-state: 1:5:0
12:48:09.843  RAW   x-rate-limit-ip: 8:10:60,15:60:120,60:300:1800
12:48:09.843  RAW   x-rate-limit-ip-state: 2:10:0,7:60:0,31:300:0
12:48:09.843  RAW   cf-cache-status: DYNAMIC
12:48:09.843  RAW   cf-ray: a1e9a1b3ba66e32e-WAW
12:48:09.843  RESP  POST /api/trade/search/Standard → 200  13.417s  delay=6.000 min_gap=0.000 last=1784630889.844
12:48:09.843  PRE   GET /api/trade/fetch/a68d37a44ea07709d0d17a2eb1d9ecae8fffe1fa328266a2acea7bbe70e1abfc%2Cc65bf7ca23c0797f36f4d13af634fa12775a148736e99e8a0ce3a0ba4849ff3b%2Cde2c62b292a09713a83867d9bd9b7f0ebb1b11c38419fb6fcb365a22f2dd7b90%2C379530ea5c43fa6367cb7753ec432e91a48f42adecb7c8abf0b4a5442d140ee2%2C89c8c36d16f71620960f0334654349a205c0b416ca80be9d3c90a8a4b0e1cbe5  delay=6.000 min_gap=0.000 last=1784630889.844
12:48:09.843  ENF   delay=6.000 min_gap=0.000 jitter=9.260 gap=15.260 since_last=0.000 sleep=15.260
12:48:25.373  PARSE Account 6:4:10 → 0.667s/req pen=10s; Ip 12:4:60 → 0.333s/req pen=60s; Ip 16:12:60 → 0.750s/req pen=60s  delay 6.000→6.000  min_gap→0  max_usage=0%
12:48:25.373  RAW   content-type: application/json
12:48:25.373  RAW   x-rate-limit-policy: trade-fetch-request-limit
12:48:25.373  RAW   x-rate-limit-rules: Account,Ip
12:48:25.373  RAW   x-rate-limit-account: 6:4:10
12:48:25.373  RAW   x-rate-limit-account-state: 1:4:0
12:48:25.373  RAW   x-rate-limit-ip: 12:4:60,16:12:60
12:48:25.373  RAW   x-rate-limit-ip-state: 1:4:0,2:12:0
12:48:25.373  RAW   cf-cache-status: DYNAMIC
12:48:25.373  RAW   cf-ray: a1e9a214ef12e32e-WAW
12:48:25.373  RESP  GET /api/trade/fetch/a68d37a44ea07709d0d17a2eb1d9ecae8fffe1fa328266a2acea7bbe70e1abfc%2Cc65bf7ca23c0797f36f4d13af634fa12775a148736e99e8a0ce3a0ba4849ff3b%2Cde2c62b292a09713a83867d9bd9b7f0ebb1b11c38419fb6fcb365a22f2dd7b90%2C379530ea5c43fa6367cb7753ec432e91a48f42adecb7c8abf0b4a5442d140ee2%2C89c8c36d16f71620960f0334654349a205c0b416ca80be9d3c90a8a4b0e1cbe5 → 200  15.529s  delay=6.000 min_gap=0.000 last=1784630905.373
12:48:25.373  PRE   POST /api/trade/search/Standard  delay=6.000 min_gap=0.000 last=1784630905.373
12:48:25.373  ENF   delay=6.000 min_gap=0.000 jitter=9.408 gap=15.408 since_last=0.000 sleep=15.408
12:48:41.068  PARSE Account 3:5:60 → 1.667s/req pen=60s; Ip 8:10:60 → 1.250s/req pen=60s; Ip 15:60:120 → 4.000s/req pen=120s; Ip 60:300:1800 → 5.000s/req pen=1800s  delay 6.000→6.000  min_gap→0  max_usage=57%
12:48:41.068  RAW   content-type: application/json
12:48:41.068  RAW   x-rate-limit-policy: trade-search-request-limit
12:48:41.068  RAW   x-rate-limit-rules: Account,Ip
12:48:41.068  RAW   x-rate-limit-account: 3:5:60
12:48:41.068  RAW   x-rate-limit-account-state: 1:5:0
12:48:41.068  RAW   x-rate-limit-ip: 8:10:60,15:60:120,60:300:1800
12:48:41.068  RAW   x-rate-limit-ip-state: 1:10:0,6:60:0,34:300:0
12:48:41.068  RAW   cf-cache-status: DYNAMIC
12:48:41.068  RAW   cf-ray: a1e9a276ed1be32e-WAW
12:48:41.068  RESP  POST /api/trade/search/Standard → 200  15.695s  delay=6.000 min_gap=0.000 last=1784630921.069
12:48:41.068  PRE   GET /api/trade/fetch/2c244467a2f9bbc1fe8044d6dac03a0ca9fb1d991f428d601658a76478903346%2C23837e984ce863868ae028982e3022a56e152036627499899094ad7a478a5080%2C23ae2cf245dc7669f1ddc5f199eb1e6eb8907abd21f89c4c995138d416a81b33%2C6d2040dc5e2229d68fdcd2b43fc1fbd78f46c7136ff2b80b1a56da2908e4e16e%2Cf42ff2deaa114d0b4f628ceeaa2276c92ea21314790b8f4a13b2328097ea024a  delay=6.000 min_gap=0.000 last=1784630921.069
12:48:41.068  ENF   delay=6.000 min_gap=0.000 jitter=8.740 gap=14.740 since_last=0.000 sleep=14.740
12:48:56.070  PARSE Account 6:4:10 → 0.667s/req pen=10s; Ip 12:4:60 → 0.333s/req pen=60s; Ip 16:12:60 → 0.750s/req pen=60s  delay 6.000→6.000  min_gap→0  max_usage=0%
12:48:56.070  RAW   content-type: application/json
12:48:56.070  RAW   x-rate-limit-policy: trade-fetch-request-limit
12:48:56.071  RAW   x-rate-limit-rules: Account,Ip
12:48:56.071  RAW   x-rate-limit-account: 6:4:10
12:48:56.071  RAW   x-rate-limit-account-state: 2:4:0
12:48:56.071  RAW   x-rate-limit-ip: 12:4:60,16:12:60
12:48:56.071  RAW   x-rate-limit-ip-state: 2:4:0,2:12:0
12:48:56.071  RAW   cf-cache-status: DYNAMIC
12:48:56.071  RAW   cf-ray: a1e9a2d4dd97e32e-WAW
12:48:56.071  RESP  GET /api/trade/fetch/2c244467a2f9bbc1fe8044d6dac03a0ca9fb1d991f428d601658a76478903346%2C23837e984ce863868ae028982e3022a56e152036627499899094ad7a478a5080%2C23ae2cf245dc7669f1ddc5f199eb1e6eb8907abd21f89c4c995138d416a81b33%2C6d2040dc5e2229d68fdcd2b43fc1fbd78f46c7136ff2b80b1a56da2908e4e16e%2Cf42ff2deaa114d0b4f628ceeaa2276c92ea21314790b8f4a13b2328097ea024a → 200  15.002s  delay=6.000 min_gap=0.000 last=1784630936.071
12:48:56.097  PRE   POST /api/trade/search/Standard  delay=6.000 min_gap=0.000 last=1784630936.071
12:48:56.097  ENF   delay=6.000 min_gap=0.000 jitter=7.610 gap=13.610 since_last=0.027 sleep=13.583
12:49:09.954  PARSE Account 3:5:60 → 1.667s/req pen=60s; Ip 8:10:60 → 1.250s/req pen=60s; Ip 15:60:120 → 4.000s/req pen=120s; Ip 60:300:1800 → 5.000s/req pen=1800s  delay 6.000→6.000  min_gap→0  max_usage=52%
12:49:09.954  RAW   content-type: application/json
12:49:09.954  RAW   x-rate-limit-policy: trade-search-request-limit
12:49:09.954  RAW   x-rate-limit-rules: Account,Ip
12:49:09.954  RAW   x-rate-limit-account: 3:5:60
12:49:09.954  RAW   x-rate-limit-account-state: 1:5:0
12:49:09.954  RAW   x-rate-limit-ip: 8:10:60,15:60:120,60:300:1800
12:49:09.954  RAW   x-rate-limit-ip-state: 2:10:0,7:60:0,31:300:0
12:49:09.954  RAW   cf-cache-status: DYNAMIC
12:49:09.954  RAW   cf-ray: a1e9a32b8d6fe32e-WAW
12:49:09.954  RESP  POST /api/trade/search/Standard → 200  13.856s  delay=6.000 min_gap=0.000 last=1784630949.954
12:49:09.954  PRE   GET /api/trade/fetch/7f9ee6fd40b19b0c73ce31132cdfd55361c9186d96976f76e49556b966913d5c%2Ca7435d7e76fbd06aec4ed05d2e2af78f215f880ae2498a7c68b50930eba209e9%2C872870360fd88bdb1f45d5c0776eb7e9c51e2ada6b9d24825be5fdd507b63680%2Cc639595f3ab6e3cf3df89796979b5998fdfb6fef58db72525468beb4437add92%2C0d09cdd4363b155575b4e1c3bd88a542789e505aa4ee139cef6932c73d703421  delay=6.000 min_gap=0.000 last=1784630949.954
12:49:09.954  ENF   delay=6.000 min_gap=0.000 jitter=7.451 gap=13.451 since_last=0.000 sleep=13.451
12:49:23.669  PARSE Account 6:4:10 → 0.667s/req pen=10s; Ip 12:4:60 → 0.333s/req pen=60s; Ip 16:12:60 → 0.750s/req pen=60s  delay 6.000→6.000  min_gap→0  max_usage=0%
12:49:23.669  RAW   content-type: application/json
12:49:23.669  RAW   x-rate-limit-policy: trade-fetch-request-limit
12:49:23.669  RAW   x-rate-limit-rules: Account,Ip
12:49:23.669  RAW   x-rate-limit-account: 6:4:10
12:49:23.669  RAW   x-rate-limit-account-state: 1:4:0
12:49:23.669  RAW   x-rate-limit-ip: 12:4:60,16:12:60
12:49:23.669  RAW   x-rate-limit-ip-state: 1:4:0,2:12:0
12:49:23.669  RAW   cf-cache-status: DYNAMIC
12:49:23.669  RAW   cf-ray: a1e9a3814f7ae32e-WAW
12:49:23.669  RESP  GET /api/trade/fetch/7f9ee6fd40b19b0c73ce31132cdfd55361c9186d96976f76e49556b966913d5c%2Ca7435d7e76fbd06aec4ed05d2e2af78f215f880ae2498a7c68b50930eba209e9%2C872870360fd88bdb1f45d5c0776eb7e9c51e2ada6b9d24825be5fdd507b63680%2Cc639595f3ab6e3cf3df89796979b5998fdfb6fef58db72525468beb4437add92%2C0d09cdd4363b155575b4e1c3bd88a542789e505aa4ee139cef6932c73d703421 → 200  13.715s  delay=6.000 min_gap=0.000 last=1784630963.669
12:49:23.669  PRE   POST /api/trade/search/Standard  delay=6.000 min_gap=0.000 last=1784630963.669
12:49:23.669  ENF   delay=6.000 min_gap=0.000 jitter=9.760 gap=15.760 since_last=0.000 sleep=15.760
12:49:39.702  PARSE Account 3:5:60 → 1.667s/req pen=60s; Ip 8:10:60 → 1.250s/req pen=60s; Ip 15:60:120 → 4.000s/req pen=120s; Ip 60:300:1800 → 5.000s/req pen=1800s  delay 6.000→6.000  min_gap→0  max_usage=57%
12:49:39.702  RAW   content-type: application/json
12:49:39.702  RAW   x-rate-limit-policy: trade-search-request-limit
12:49:39.702  RAW   x-rate-limit-rules: Account,Ip
12:49:39.702  RAW   x-rate-limit-account: 3:5:60
12:49:39.702  RAW   x-rate-limit-account-state: 1:5:0
12:49:39.702  RAW   x-rate-limit-ip: 8:10:60,15:60:120,60:300:1800
12:49:39.702  RAW   x-rate-limit-ip-state: 1:10:0,6:60:0,34:300:0
12:49:39.702  RAW   cf-cache-status: DYNAMIC
12:49:39.702  RAW   cf-ray: a1e9a3e57df4e32e-WAW
12:49:39.702  RESP  POST /api/trade/search/Standard → 200  16.033s  delay=6.000 min_gap=0.000 last=1784630979.703
12:49:39.702  PRE   GET /api/trade/fetch/02ed028d512cc9346fd3d868329bb8ba4aa7cf416de42ae4b546734ce5f279fa%2Cf42ff2deaa114d0b4f628ceeaa2276c92ea21314790b8f4a13b2328097ea024a%2Ca90818948bc60a53a1cf9e048c667ea8ccc2914f6ac4837992b35b0b77f11324%2Ce7996139a89f72be7ba54b959f2b9cb0eea2e7a9e2c0d864818c0a47a300c563%2C9acbbed53a71bb1208987f49227a269948871878fe87921f4ffb44082c456a5c  delay=6.000 min_gap=0.000 last=1784630979.703
12:49:39.702  ENF   delay=6.000 min_gap=0.000 jitter=6.523 gap=12.523 since_last=0.000 sleep=12.522
12:49:52.491  PARSE Account 6:4:10 → 0.667s/req pen=10s; Ip 12:4:60 → 0.333s/req pen=60s; Ip 16:12:60 → 0.750s/req pen=60s  delay 6.000→6.000  min_gap→0  max_usage=0%
12:49:52.491  RAW   content-type: application/json
12:49:52.491  RAW   x-rate-limit-policy: trade-fetch-request-limit
12:49:52.491  RAW   x-rate-limit-rules: Account,Ip
12:49:52.491  RAW   x-rate-limit-account: 6:4:10
12:49:52.491  RAW   x-rate-limit-account-state: 1:4:0
12:49:52.491  RAW   x-rate-limit-ip: 12:4:60,16:12:60
12:49:52.491  RAW   x-rate-limit-ip-state: 1:4:0,1:12:0
12:49:52.491  RAW   cf-cache-status: DYNAMIC
12:49:52.491  RAW   cf-ray: a1e9a4356e0ce32e-WAW
12:49:52.491  RESP  GET /api/trade/fetch/02ed028d512cc9346fd3d868329bb8ba4aa7cf416de42ae4b546734ce5f279fa%2Cf42ff2deaa114d0b4f628ceeaa2276c92ea21314790b8f4a13b2328097ea024a%2Ca90818948bc60a53a1cf9e048c667ea8ccc2914f6ac4837992b35b0b77f11324%2Ce7996139a89f72be7ba54b959f2b9cb0eea2e7a9e2c0d864818c0a47a300c563%2C9acbbed53a71bb1208987f49227a269948871878fe87921f4ffb44082c456a5c → 200  12.789s  delay=6.000 min_gap=0.000 last=1784630992.492
12:49:52.518  PRE   POST /api/trade/search/Standard  delay=6.000 min_gap=0.000 last=1784630992.492
12:49:52.518  ENF   delay=6.000 min_gap=0.000 jitter=5.736 gap=11.736 since_last=0.027 sleep=11.710
12:50:04.511  PARSE Account 3:5:60 → 1.667s/req pen=60s; Ip 8:10:60 → 1.250s/req pen=60s; Ip 15:60:120 → 4.000s/req pen=120s; Ip 60:300:1800 → 5.000s/req pen=1800s  delay 6.000→6.000  min_gap→0  max_usage=50%
12:50:04.511  RAW   content-type: application/json
12:50:04.511  RAW   x-rate-limit-policy: trade-search-request-limit
12:50:04.511  RAW   x-rate-limit-rules: Account,Ip
12:50:04.511  RAW   x-rate-limit-account: 3:5:60
12:50:04.511  RAW   x-rate-limit-account-state: 1:5:0
12:50:04.511  RAW   x-rate-limit-ip: 8:10:60,15:60:120,60:300:1800
12:50:04.511  RAW   x-rate-limit-ip-state: 1:10:0,6:60:0,30:300:0
12:50:04.511  RAW   cf-cache-status: DYNAMIC
12:50:04.511  RAW   cf-ray: a1e9a48079d1e32e-WAW
12:50:04.511  RESP  POST /api/trade/search/Standard → 200  11.993s  delay=6.000 min_gap=0.000 last=1784631004.512
12:50:04.512  PRE   GET /api/trade/fetch/cbbde2c018a67fe4c44ecbd16eaaa9fb3f538c927420e68a029f38d41e8b70ee%2C7ddd6471ce0031bb263963292b3354a78769fc0e089236bcf13fce9aca832dd1%2C8c1a5a1e4d12a1d88549e2521c0d29248c41c5795aa119441073f0f0ac3f236e%2C91acb2828a450701f1e642f0d6832a778bbdaff20ce7d2d626d21a194d054aec%2C95a51205b08a62c86761efe57f59a79ed3016a472ce5b54ddae1a1b9f5b5f83d  delay=6.000 min_gap=0.000 last=1784631004.512
12:50:04.512  ENF   delay=6.000 min_gap=0.000 jitter=7.405 gap=13.405 since_last=0.000 sleep=13.405
12:50:18.192  PARSE Account 6:4:10 → 0.667s/req pen=10s; Ip 12:4:60 → 0.333s/req pen=60s; Ip 16:12:60 → 0.750s/req pen=60s  delay 6.000→6.000  min_gap→0  max_usage=0%
12:50:18.192  RAW   content-type: application/json
12:50:18.192  RAW   x-rate-limit-policy: trade-fetch-request-limit
12:50:18.193  RAW   x-rate-limit-rules: Account,Ip
12:50:18.193  RAW   x-rate-limit-account: 6:4:10
12:50:18.193  RAW   x-rate-limit-account-state: 1:4:0
12:50:18.193  RAW   x-rate-limit-ip: 12:4:60,16:12:60
12:50:18.193  RAW   x-rate-limit-ip-state: 1:4:0,1:12:0
12:50:18.193  RAW   cf-cache-status: DYNAMIC
12:50:18.193  RAW   cf-ray: a1e9a4d608dee32e-WAW
12:50:18.193  RESP  GET /api/trade/fetch/cbbde2c018a67fe4c44ecbd16eaaa9fb3f538c927420e68a029f38d41e8b70ee%2C7ddd6471ce0031bb263963292b3354a78769fc0e089236bcf13fce9aca832dd1%2C8c1a5a1e4d12a1d88549e2521c0d29248c41c5795aa119441073f0f0ac3f236e%2C91acb2828a450701f1e642f0d6832a778bbdaff20ce7d2d626d21a194d054aec%2C95a51205b08a62c86761efe57f59a79ed3016a472ce5b54ddae1a1b9f5b5f83d → 200  13.681s  delay=6.000 min_gap=0.000 last=1784631018.193
12:50:18.193  PRE   POST /api/trade/search/Standard  delay=6.000 min_gap=0.000 last=1784631018.193
12:50:18.193  ENF   delay=6.000 min_gap=0.000 jitter=5.167 gap=11.167 since_last=0.000 sleep=11.167
12:50:29.638  PARSE Account 3:5:60 → 1.667s/req pen=60s; Ip 8:10:60 → 1.250s/req pen=60s; Ip 15:60:120 → 4.000s/req pen=120s; Ip 60:300:1800 → 5.000s/req pen=1800s  delay 6.000→6.000  min_gap→0  max_usage=55%
12:50:29.638  RAW   content-type: application/json
12:50:29.638  RAW   x-rate-limit-policy: trade-search-request-limit
12:50:29.638  RAW   x-rate-limit-rules: Account,Ip
12:50:29.638  RAW   x-rate-limit-account: 3:5:60
12:50:29.638  RAW   x-rate-limit-account-state: 1:5:0
12:50:29.638  RAW   x-rate-limit-ip: 8:10:60,15:60:120,60:300:1800
12:50:29.638  RAW   x-rate-limit-ip-state: 1:10:0,7:60:0,33:300:0
12:50:29.638  RAW   cf-cache-status: DYNAMIC
12:50:29.638  RAW   cf-ray: a1e9a51d8fb9e32e-WAW
12:50:29.638  RESP  POST /api/trade/search/Standard → 200  11.445s  delay=6.000 min_gap=0.000 last=1784631029.639
12:50:29.638  PRE   GET /api/trade/fetch/94efe02d13e7554ef3312a199c4e2e5583af09f3d140ede9fa00153de359b754%2Cac544fc5ad803a7c41e6e6de7a2a4a791def16b5c03cd18873be9ceb811f8d1e%2C834e3eb6dc305746cdd8379b202158d55eed164b0ce5f911a17688775c174c5a%2Cbcead71b56baca02ebf04270a000312a9162823c5fcf31f2e541f380c5187981%2C371384f88930033c86f78aa104bdc3649d86a058b207a95f59133ceb6a8d0315  delay=6.000 min_gap=0.000 last=1784631029.639
12:50:29.638  ENF   delay=6.000 min_gap=0.000 jitter=8.683 gap=14.683 since_last=0.000 sleep=14.683
12:50:44.588  PARSE Account 6:4:10 → 0.667s/req pen=10s; Ip 12:4:60 → 0.333s/req pen=60s; Ip 16:12:60 → 0.750s/req pen=60s  delay 6.000→6.000  min_gap→0  max_usage=0%
12:50:44.589  RAW   content-type: application/json
12:50:44.589  RAW   x-rate-limit-policy: trade-fetch-request-limit
12:50:44.589  RAW   x-rate-limit-rules: Account,Ip
12:50:44.589  RAW   x-rate-limit-account: 6:4:10
12:50:44.589  RAW   x-rate-limit-account-state: 2:4:0
12:50:44.589  RAW   x-rate-limit-ip: 12:4:60,16:12:60
12:50:44.589  RAW   x-rate-limit-ip-state: 2:4:0,2:12:0
12:50:44.589  RAW   cf-cache-status: DYNAMIC
12:50:44.589  RAW   cf-ray: a1e9a57b0c62e32e-WAW
12:50:44.589  RESP  GET /api/trade/fetch/94efe02d13e7554ef3312a199c4e2e5583af09f3d140ede9fa00153de359b754%2Cac544fc5ad803a7c41e6e6de7a2a4a791def16b5c03cd18873be9ceb811f8d1e%2C834e3eb6dc305746cdd8379b202158d55eed164b0ce5f911a17688775c174c5a%2Cbcead71b56baca02ebf04270a000312a9162823c5fcf31f2e541f380c5187981%2C371384f88930033c86f78aa104bdc3649d86a058b207a95f59133ceb6a8d0315 → 200  14.950s  delay=6.000 min_gap=0.000 last=1784631044.589
12:50:44.615  PRE   POST /api/trade/search/Standard  delay=6.000 min_gap=0.000 last=1784631044.589
12:50:44.616  ENF   delay=6.000 min_gap=0.000 jitter=5.521 gap=11.521 since_last=0.027 sleep=11.495
12:50:56.401  PARSE Account 3:5:60 → 1.667s/req pen=60s; Ip 8:10:60 → 1.250s/req pen=60s; Ip 15:60:120 → 4.000s/req pen=120s; Ip 60:300:1800 → 5.000s/req pen=1800s  delay 6.000→6.000  min_gap→0  max_usage=60%
12:50:56.401  RAW   content-type: application/json
12:50:56.401  RAW   x-rate-limit-policy: trade-search-request-limit
12:50:56.401  RAW   x-rate-limit-rules: Account,Ip
12:50:56.401  RAW   x-rate-limit-account: 3:5:60
12:50:56.401  RAW   x-rate-limit-account-state: 1:5:0
12:50:56.401  RAW   x-rate-limit-ip: 8:10:60,15:60:120,60:300:1800
12:50:56.401  RAW   x-rate-limit-ip-state: 1:10:0,7:60:0,36:300:0
12:50:56.401  RAW   cf-cache-status: DYNAMIC
12:50:56.401  RAW   cf-ray: a1e9a5c4ba26e32e-WAW
12:50:56.401  RESP  POST /api/trade/search/Standard → 200  11.785s  delay=6.000 min_gap=0.000 last=1784631056.402
12:50:56.401  PRE   GET /api/trade/fetch/4612ffa5afc0e34a9cd153ed6885a1ab1b33728c128e5edd4f0028c5d02dfce6%2C2b223eacd33d9319cba840cf175cddedf173f28bd5d37f2b5b30299ea774f926%2C3d9da963c90aed9d943982916ba618dcae670f28311bfcbff3330db9b21acca8%2Cd1b9e76f4b6fd51f56caeba877b891b7b6f7ddbbe318dfaab6b23662faa97976%2Cbaa1e87f17d714d746fe66edfadca0faadf421f4d8214bb014e6a360d4466ce1  delay=6.000 min_gap=0.000 last=1784631056.402
12:50:56.401  ENF   delay=6.000 min_gap=0.000 jitter=7.284 gap=13.284 since_last=0.000 sleep=13.284
12:51:09.955  PARSE Account 6:4:10 → 0.667s/req pen=10s; Ip 12:4:60 → 0.333s/req pen=60s; Ip 16:12:60 → 0.750s/req pen=60s  delay 6.000→6.000  min_gap→0  max_usage=0%
12:51:09.955  RAW   content-type: application/json
12:51:09.955  RAW   x-rate-limit-policy: trade-fetch-request-limit
12:51:09.955  RAW   x-rate-limit-rules: Account,Ip
12:51:09.955  RAW   x-rate-limit-account: 6:4:10
12:51:09.955  RAW   x-rate-limit-account-state: 2:4:0
12:51:09.955  RAW   x-rate-limit-ip: 12:4:60,16:12:60
12:51:09.955  RAW   x-rate-limit-ip-state: 2:4:0,2:12:0
12:51:09.955  RAW   cf-cache-status: DYNAMIC
12:51:09.955  RAW   cf-ray: a1e9a6198950e32e-WAW
12:51:09.955  RESP  GET /api/trade/fetch/4612ffa5afc0e34a9cd153ed6885a1ab1b33728c128e5edd4f0028c5d02dfce6%2C2b223eacd33d9319cba840cf175cddedf173f28bd5d37f2b5b30299ea774f926%2C3d9da963c90aed9d943982916ba618dcae670f28311bfcbff3330db9b21acca8%2Cd1b9e76f4b6fd51f56caeba877b891b7b6f7ddbbe318dfaab6b23662faa97976%2Cbaa1e87f17d714d746fe66edfadca0faadf421f4d8214bb014e6a360d4466ce1 → 200  13.554s  delay=6.000 min_gap=0.000 last=1784631069.956
12:51:09.955  PRE   POST /api/trade/search/Standard  delay=6.000 min_gap=0.000 last=1784631069.956
12:51:09.955  ENF   delay=6.000 min_gap=0.000 jitter=9.636 gap=15.636 since_last=0.000 sleep=15.636
12:51:25.867  PARSE Account 3:5:60 → 1.667s/req pen=60s; Ip 8:10:60 → 1.250s/req pen=60s; Ip 15:60:120 → 4.000s/req pen=120s; Ip 60:300:1800 → 5.000s/req pen=1800s  delay 6.000→6.000  min_gap→0  max_usage=55%
12:51:25.867  RAW   content-type: application/json
12:51:25.867  RAW   x-rate-limit-policy: trade-search-request-limit
12:51:25.867  RAW   x-rate-limit-rules: Account,Ip
12:51:25.867  RAW   x-rate-limit-account: 3:5:60
12:51:25.867  RAW   x-rate-limit-account-state: 1:5:0
12:51:25.867  RAW   x-rate-limit-ip: 8:10:60,15:60:120,60:300:1800
12:51:25.867  RAW   x-rate-limit-ip-state: 2:10:0,7:60:0,33:300:0
12:51:25.867  RAW   cf-cache-status: DYNAMIC
12:51:25.867  RAW   cf-ray: a1e9a67cff7be32e-WAW
12:51:25.867  RESP  POST /api/trade/search/Standard → 200  15.911s  delay=6.000 min_gap=0.000 last=1784631085.868
12:51:25.867  PRE   GET /api/trade/fetch/371384f88930033c86f78aa104bdc3649d86a058b207a95f59133ceb6a8d0315%2C46ac35e7556696fd65bc3e18445d9bec50c07f43c13046e53809052c9ba75e47%2C164b7c712bcbfcbae2778dad2b4076b5d8a94a54e821b570ddb68044dd6931c0%2Cb4105c1731c45da9501f4da31c6d3be0d4382ea1e766adf85cecf34f2e819757%2C7997d163d6e0145df69fb5338eed1dd2902bbdc2cfa887e101ed7af00a1c1bd3  delay=6.000 min_gap=0.000 last=1784631085.868
12:51:25.867  ENF   delay=6.000 min_gap=0.000 jitter=5.563 gap=11.563 since_last=0.000 sleep=11.563
12:51:37.753  PARSE Account 6:4:10 → 0.667s/req pen=10s; Ip 12:4:60 → 0.333s/req pen=60s; Ip 16:12:60 → 0.750s/req pen=60s  delay 6.000→6.000  min_gap→0  max_usage=0%
12:51:37.753  RAW   content-type: application/json
12:51:37.753  RAW   x-rate-limit-policy: trade-fetch-request-limit
12:51:37.753  RAW   x-rate-limit-rules: Account,Ip
12:51:37.753  RAW   x-rate-limit-account: 6:4:10
12:51:37.753  RAW   x-rate-limit-account-state: 1:4:0
12:51:37.753  RAW   x-rate-limit-ip: 12:4:60,16:12:60
12:51:37.753  RAW   x-rate-limit-ip-state: 1:4:0,2:12:0
12:51:37.753  RAW   cf-cache-status: DYNAMIC
12:51:37.753  RAW   cf-ray: a1e9a6c6fd78e32e-WAW
12:51:37.753  RESP  GET /api/trade/fetch/371384f88930033c86f78aa104bdc3649d86a058b207a95f59133ceb6a8d0315%2C46ac35e7556696fd65bc3e18445d9bec50c07f43c13046e53809052c9ba75e47%2C164b7c712bcbfcbae2778dad2b4076b5d8a94a54e821b570ddb68044dd6931c0%2Cb4105c1731c45da9501f4da31c6d3be0d4382ea1e766adf85cecf34f2e819757%2C7997d163d6e0145df69fb5338eed1dd2902bbdc2cfa887e101ed7af00a1c1bd3 → 200  11.886s  delay=6.000 min_gap=0.000 last=1784631097.754
12:51:37.773  PRE   POST /api/trade/search/Standard  delay=6.000 min_gap=0.000 last=1784631097.754
12:51:37.773  ENF   delay=6.000 min_gap=0.000 jitter=7.613 gap=13.613 since_last=0.020 sleep=13.593
12:51:51.640  PARSE Account 3:5:60 → 1.667s/req pen=60s; Ip 8:10:60 → 1.250s/req pen=60s; Ip 15:60:120 → 4.000s/req pen=120s; Ip 60:300:1800 → 5.000s/req pen=1800s  delay 6.000→6.000  min_gap→0  max_usage=60%
12:51:51.640  RAW   content-type: application/json
12:51:51.640  RAW   x-rate-limit-policy: trade-search-request-limit
12:51:51.640  RAW   x-rate-limit-rules: Account,Ip
12:51:51.640  RAW   x-rate-limit-account: 3:5:60
12:51:51.640  RAW   x-rate-limit-account-state: 1:5:0
12:51:51.640  RAW   x-rate-limit-ip: 8:10:60,15:60:120,60:300:1800
12:51:51.640  RAW   x-rate-limit-ip-state: 2:10:0,6:60:0,36:300:0
12:51:51.640  RAW   cf-cache-status: DYNAMIC
12:51:51.640  RAW   cf-ray: a1e9a71e0e7ae32e-WAW
12:51:51.640  RESP  POST /api/trade/search/Standard → 200  13.867s  delay=6.000 min_gap=0.000 last=1784631111.641
12:51:51.640  PRE   GET /api/trade/fetch/b9e6cf3264ebb89bc1679186286a289141d77e2acf7ca82efb2663094eda37ce%2Cf9aab5a43984b3d5d7edfe8610cd1387dcdb89eab499d388a0fc6cce05cab61f%2Ccf3fc7c30b3f8fe7c42968b8c72d7f8b1ccce5927986ae4e44472c3a7eaced3b%2C3c148fbbe4a7f1bc0d64c42fd800bc4a43f8d47f4c44d14b3b888ff58cdd9058%2C679ae65f20e2619f00e300777cb462c5c6dc753d0cca92fb7d213bfb97037f97  delay=6.000 min_gap=0.000 last=1784631111.641
12:51:51.640  ENF   delay=6.000 min_gap=0.000 jitter=6.184 gap=12.184 since_last=0.000 sleep=12.184
12:52:04.095  PARSE Account 6:4:10 → 0.667s/req pen=10s; Ip 12:4:60 → 0.333s/req pen=60s; Ip 16:12:60 → 0.750s/req pen=60s  delay 6.000→6.000  min_gap→0  max_usage=0%
12:52:04.095  RAW   content-type: application/json
12:52:04.095  RAW   x-rate-limit-policy: trade-fetch-request-limit
12:52:04.095  RAW   x-rate-limit-rules: Account,Ip
12:52:04.095  RAW   x-rate-limit-account: 6:4:10
12:52:04.095  RAW   x-rate-limit-account-state: 1:4:0
12:52:04.095  RAW   x-rate-limit-ip: 12:4:60,16:12:60
12:52:04.095  RAW   x-rate-limit-ip-state: 1:4:0,3:12:0
12:52:04.095  RAW   cf-cache-status: DYNAMIC
12:52:04.095  RAW   cf-ray: a1e9a76bef9ee32e-WAW
12:52:04.095  RESP  GET /api/trade/fetch/b9e6cf3264ebb89bc1679186286a289141d77e2acf7ca82efb2663094eda37ce%2Cf9aab5a43984b3d5d7edfe8610cd1387dcdb89eab499d388a0fc6cce05cab61f%2Ccf3fc7c30b3f8fe7c42968b8c72d7f8b1ccce5927986ae4e44472c3a7eaced3b%2C3c148fbbe4a7f1bc0d64c42fd800bc4a43f8d47f4c44d14b3b888ff58cdd9058%2C679ae65f20e2619f00e300777cb462c5c6dc753d0cca92fb7d213bfb97037f97 → 200  12.454s  delay=6.000 min_gap=0.000 last=1784631124.095
12:52:04.095  PRE   POST /api/trade/search/Standard  delay=6.000 min_gap=0.000 last=1784631124.095
12:52:04.095  ENF   delay=6.000 min_gap=0.000 jitter=9.660 gap=15.660 since_last=0.000 sleep=15.660
12:52:20.031  PARSE Account 3:5:60 → 1.667s/req pen=60s; Ip 8:10:60 → 1.250s/req pen=60s; Ip 15:60:120 → 4.000s/req pen=120s; Ip 60:300:1800 → 5.000s/req pen=1800s  delay 6.000→6.000  min_gap→0  max_usage=52%
12:52:20.031  RAW   content-type: application/json
12:52:20.031  RAW   x-rate-limit-policy: trade-search-request-limit
12:52:20.031  RAW   x-rate-limit-rules: Account,Ip
12:52:20.031  RAW   x-rate-limit-account: 3:5:60
12:52:20.031  RAW   x-rate-limit-account-state: 1:5:0
12:52:20.031  RAW   x-rate-limit-ip: 8:10:60,15:60:120,60:300:1800
12:52:20.031  RAW   x-rate-limit-ip-state: 1:10:0,6:60:0,31:300:0
12:52:20.031  RAW   cf-cache-status: DYNAMIC
12:52:20.031  RAW   cf-ray: a1e9a7cf7932e32e-WAW
12:52:20.031  RESP  POST /api/trade/search/Standard → 200  15.936s  delay=6.000 min_gap=0.000 last=1784631140.032
12:52:20.032  PRE   GET /api/trade/fetch/3396d52e9009926023f468259cb39e3b8b9aaa557ef6f9ef11a94c2f67518261%2C69145f270eab2d1b2fc36b9b9e00a7ad44a814f3c338ec5c09f6ea058767d7c1%2Cb8fee0f3c7470c8a700496d18e096fbe3ec577c94ac254e2bcab9025982356cf%2C91f35ca2c16b53ef55837b01881f320b75392e1168a43b83a507bf8fec4f78dd%2C830219d72d20a91935d04ae3144e8f00510f68b7db2fcb9f85b2cbe85992c345  delay=6.000 min_gap=0.000 last=1784631140.032
12:52:20.032  ENF   delay=6.000 min_gap=0.000 jitter=8.502 gap=14.502 since_last=0.000 sleep=14.502
12:52:34.805  PARSE Account 6:4:10 → 0.667s/req pen=10s; Ip 12:4:60 → 0.333s/req pen=60s; Ip 16:12:60 → 0.750s/req pen=60s  delay 6.000→6.000  min_gap→0  max_usage=0%
12:52:34.805  RAW   content-type: application/json
12:52:34.805  RAW   x-rate-limit-policy: trade-fetch-request-limit
12:52:34.805  RAW   x-rate-limit-rules: Account,Ip
12:52:34.805  RAW   x-rate-limit-account: 6:4:10
12:52:34.805  RAW   x-rate-limit-account-state: 1:4:0
12:52:34.805  RAW   x-rate-limit-ip: 12:4:60,16:12:60
12:52:34.805  RAW   x-rate-limit-ip-state: 1:4:0,1:12:0
12:52:34.805  RAW   cf-cache-status: DYNAMIC
12:52:34.805  RAW   cf-ray: a1e9a82bda51e32e-WAW
12:52:34.805  RESP  GET /api/trade/fetch/3396d52e9009926023f468259cb39e3b8b9aaa557ef6f9ef11a94c2f67518261%2C69145f270eab2d1b2fc36b9b9e00a7ad44a814f3c338ec5c09f6ea058767d7c1%2Cb8fee0f3c7470c8a700496d18e096fbe3ec577c94ac254e2bcab9025982356cf%2C91f35ca2c16b53ef55837b01881f320b75392e1168a43b83a507bf8fec4f78dd%2C830219d72d20a91935d04ae3144e8f00510f68b7db2fcb9f85b2cbe85992c345 → 200  14.774s  delay=6.000 min_gap=0.000 last=1784631154.806
12:52:34.832  PRE   POST /api/trade/search/Standard  delay=6.000 min_gap=0.000 last=1784631154.806
12:52:34.832  ENF   delay=6.000 min_gap=0.000 jitter=9.314 gap=15.314 since_last=0.026 sleep=15.287
12:52:50.402  PARSE Account 3:5:60 → 1.667s/req pen=60s; Ip 8:10:60 → 1.250s/req pen=60s; Ip 15:60:120 → 4.000s/req pen=120s; Ip 60:300:1800 → 5.000s/req pen=1800s  delay 6.000→6.000  min_gap→0  max_usage=58%
12:52:50.402  RAW   content-type: application/json
12:52:50.402  RAW   x-rate-limit-policy: trade-search-request-limit
12:52:50.402  RAW   x-rate-limit-rules: Account,Ip
12:52:50.402  RAW   x-rate-limit-account: 3:5:60
12:52:50.402  RAW   x-rate-limit-account-state: 2:5:0
12:52:50.402  RAW   x-rate-limit-ip: 8:10:60,15:60:120,60:300:1800
12:52:50.402  RAW   x-rate-limit-ip-state: 2:10:0,7:60:0,35:300:0
12:52:50.402  RAW   cf-cache-status: DYNAMIC
12:52:50.402  RAW   cf-ray: a1e9a88d4952e32e-WAW
12:52:50.402  RESP  POST /api/trade/search/Standard → 200  15.570s  delay=6.000 min_gap=0.000 last=1784631170.403
12:52:50.403  PRE   GET /api/trade/fetch/69430e2ee003621edbd1a59e6994f544518dc9c1e5f27e18f65f3daef41a2b11%2Cb9164d499f217358bc8f7f72c2e3f87389f552b54602395cb01a52365257fdfe%2C4285869a7a10029865a07d69cff19f2aa2fd0022fd3635ad5f87f89dcb24a0cb%2Ce5cead4dcc2da764e88b86cdb5f3f3db6dcb7e4ef84b24524624ed36ec403f35%2Ca67918518f69db5849396f9911cbe5d1dd8dac5e14d102a679f795fffda09526  delay=6.000 min_gap=0.000 last=1784631170.403
12:52:50.403  ENF   delay=6.000 min_gap=0.000 jitter=7.981 gap=13.981 since_last=0.000 sleep=13.981
12:53:04.723  PARSE Account 6:4:10 → 0.667s/req pen=10s; Ip 12:4:60 → 0.333s/req pen=60s; Ip 16:12:60 → 0.750s/req pen=60s  delay 6.000→6.000  min_gap→0  max_usage=0%
12:53:04.723  RAW   content-type: application/json
12:53:04.723  RAW   x-rate-limit-policy: trade-fetch-request-limit
12:53:04.723  RAW   x-rate-limit-rules: Account,Ip
12:53:04.723  RAW   x-rate-limit-account: 6:4:10
12:53:04.723  RAW   x-rate-limit-account-state: 2:4:0
12:53:04.723  RAW   x-rate-limit-ip: 12:4:60,16:12:60
12:53:04.723  RAW   x-rate-limit-ip-state: 2:4:0,2:12:0
12:53:04.723  RAW   cf-cache-status: DYNAMIC
12:53:04.723  RAW   cf-ray: a1e9a8e66f81e32e-WAW
12:53:04.723  RESP  GET /api/trade/fetch/69430e2ee003621edbd1a59e6994f544518dc9c1e5f27e18f65f3daef41a2b11%2Cb9164d499f217358bc8f7f72c2e3f87389f552b54602395cb01a52365257fdfe%2C4285869a7a10029865a07d69cff19f2aa2fd0022fd3635ad5f87f89dcb24a0cb%2Ce5cead4dcc2da764e88b86cdb5f3f3db6dcb7e4ef84b24524624ed36ec403f35%2Ca67918518f69db5849396f9911cbe5d1dd8dac5e14d102a679f795fffda09526 → 200  14.320s  delay=6.000 min_gap=0.000 last=1784631184.723
12:53:04.723  PRE   POST /api/trade/search/Standard  delay=6.000 min_gap=0.000 last=1784631184.723
12:53:04.723  ENF   delay=6.000 min_gap=0.000 jitter=7.279 gap=13.279 since_last=0.000 sleep=13.279
12:53:18.282  PARSE Account 3:5:60 → 1.667s/req pen=60s; Ip 8:10:60 → 1.250s/req pen=60s; Ip 15:60:120 → 4.000s/req pen=120s; Ip 60:300:1800 → 5.000s/req pen=1800s  delay 6.000→6.000  min_gap→0  max_usage=52%
12:53:18.282  RAW   content-type: application/json
12:53:18.282  RAW   x-rate-limit-policy: trade-search-request-limit
12:53:18.282  RAW   x-rate-limit-rules: Account,Ip
12:53:18.282  RAW   x-rate-limit-account: 3:5:60
12:53:18.282  RAW   x-rate-limit-account-state: 1:5:0
12:53:18.282  RAW   x-rate-limit-ip: 8:10:60,15:60:120,60:300:1800
12:53:18.282  RAW   x-rate-limit-ip-state: 2:10:0,6:60:0,31:300:0
12:53:18.282  RAW   cf-cache-status: DYNAMIC
12:53:18.282  RAW   cf-ray: a1e9a93b8cdde32e-WAW
12:53:18.282  RESP  POST /api/trade/search/Standard → 200  13.559s  delay=6.000 min_gap=0.000 last=1784631198.282
12:53:18.282  PRE   GET /api/trade/fetch/06b09b3782807013d8f973dd20ef73e25f59c2b1c0d37f18eef7c74ad49669c3%2Cc4e78f4885dca6ed982284507ef85d8f79a508cc1e800714d11a08f37e0070c3%2Ca59fd69d164712097041444c8f4ecd912f16201c7ae62e616816bbd2d44a6597%2Cbda00b74160ac490a68fff5ef4bc1dcb0540e60d0844362f06993cabaa9e85a4%2Cb1e361c6211bc4a9c951085fdd42581f6806f27c0cb8ce3c74a3b0b3bbe142e5  delay=6.000 min_gap=0.000 last=1784631198.282
12:53:18.282  ENF   delay=6.000 min_gap=0.000 jitter=8.091 gap=14.091 since_last=0.000 sleep=14.091
12:53:32.643  PARSE Account 6:4:10 → 0.667s/req pen=10s; Ip 12:4:60 → 0.333s/req pen=60s; Ip 16:12:60 → 0.750s/req pen=60s  delay 6.000→6.000  min_gap→0  max_usage=0%
12:53:32.643  RAW   content-type: application/json
12:53:32.643  RAW   x-rate-limit-policy: trade-fetch-request-limit
12:53:32.643  RAW   x-rate-limit-rules: Account,Ip
12:53:32.643  RAW   x-rate-limit-account: 6:4:10
12:53:32.643  RAW   x-rate-limit-account-state: 1:4:0
12:53:32.643  RAW   x-rate-limit-ip: 12:4:60,16:12:60
12:53:32.643  RAW   x-rate-limit-ip-state: 1:4:0,2:12:0
12:53:32.643  RAW   cf-cache-status: DYNAMIC
12:53:32.643  RAW   cf-ray: a1e9a9955f45e32e-WAW
12:53:32.643  RESP  GET /api/trade/fetch/06b09b3782807013d8f973dd20ef73e25f59c2b1c0d37f18eef7c74ad49669c3%2Cc4e78f4885dca6ed982284507ef85d8f79a508cc1e800714d11a08f37e0070c3%2Ca59fd69d164712097041444c8f4ecd912f16201c7ae62e616816bbd2d44a6597%2Cbda00b74160ac490a68fff5ef4bc1dcb0540e60d0844362f06993cabaa9e85a4%2Cb1e361c6211bc4a9c951085fdd42581f6806f27c0cb8ce3c74a3b0b3bbe142e5 → 200  14.361s  delay=6.000 min_gap=0.000 last=1784631212.643
12:53:32.658  PRE   POST /api/trade/search/Standard  delay=6.000 min_gap=0.000 last=1784631212.643
12:53:32.658  ENF   delay=6.000 min_gap=0.000 jitter=6.280 gap=12.280 since_last=0.015 sleep=12.265
12:53:45.207  PARSE Account 3:5:60 → 1.667s/req pen=60s; Ip 8:10:60 → 1.250s/req pen=60s; Ip 15:60:120 → 4.000s/req pen=120s; Ip 60:300:1800 → 5.000s/req pen=1800s  delay 6.000→6.000  min_gap→0  max_usage=57%
12:53:45.207  RAW   content-type: application/json
12:53:45.207  RAW   x-rate-limit-policy: trade-search-request-limit
12:53:45.207  RAW   x-rate-limit-rules: Account,Ip
12:53:45.207  RAW   x-rate-limit-account: 3:5:60
12:53:45.207  RAW   x-rate-limit-account-state: 1:5:0
12:53:45.207  RAW   x-rate-limit-ip: 8:10:60,15:60:120,60:300:1800
12:53:45.207  RAW   x-rate-limit-ip-state: 1:10:0,6:60:0,34:300:0
12:53:45.207  RAW   cf-cache-status: DYNAMIC
12:53:45.207  RAW   cf-ray: a1e9a9e3c938e32e-WAW
12:53:45.207  RESP  POST /api/trade/search/Standard → 200  12.548s  delay=6.000 min_gap=0.000 last=1784631225.208
12:53:45.207  PRE   GET /api/trade/fetch/4285869a7a10029865a07d69cff19f2aa2fd0022fd3635ad5f87f89dcb24a0cb%2Cb9164d499f217358bc8f7f72c2e3f87389f552b54602395cb01a52365257fdfe%2Cf472b92b0e09c9024cda5dfde116cef39c4456c270c9fed284366a883780a1f7%2C06b09b3782807013d8f973dd20ef73e25f59c2b1c0d37f18eef7c74ad49669c3%2Cec317331a21cd96af4ed3a250b92c7437be8c2ac918085552a497d0d25a79895  delay=6.000 min_gap=0.000 last=1784631225.208
12:53:45.207  ENF   delay=6.000 min_gap=0.000 jitter=9.211 gap=15.211 since_last=0.000 sleep=15.211
12:54:00.684  PARSE Account 6:4:10 → 0.667s/req pen=10s; Ip 12:4:60 → 0.333s/req pen=60s; Ip 16:12:60 → 0.750s/req pen=60s  delay 6.000→6.000  min_gap→0  max_usage=0%
12:54:00.684  RAW   content-type: application/json
12:54:00.684  RAW   x-rate-limit-policy: trade-fetch-request-limit
12:54:00.684  RAW   x-rate-limit-rules: Account,Ip
12:54:00.684  RAW   x-rate-limit-account: 6:4:10
12:54:00.684  RAW   x-rate-limit-account-state: 1:4:0
12:54:00.684  RAW   x-rate-limit-ip: 12:4:60,16:12:60
12:54:00.684  RAW   x-rate-limit-ip-state: 1:4:0,1:12:0
12:54:00.684  RAW   cf-cache-status: DYNAMIC
12:54:00.684  RAW   cf-ray: a1e9aa44ab2ee32e-WAW
12:54:00.684  RESP  GET /api/trade/fetch/4285869a7a10029865a07d69cff19f2aa2fd0022fd3635ad5f87f89dcb24a0cb%2Cb9164d499f217358bc8f7f72c2e3f87389f552b54602395cb01a52365257fdfe%2Cf472b92b0e09c9024cda5dfde116cef39c4456c270c9fed284366a883780a1f7%2C06b09b3782807013d8f973dd20ef73e25f59c2b1c0d37f18eef7c74ad49669c3%2Cec317331a21cd96af4ed3a250b92c7437be8c2ac918085552a497d0d25a79895 → 200  15.477s  delay=6.000 min_gap=0.000 last=1784631240.684
12:54:00.684  PRE   POST /api/trade/search/Standard  delay=6.000 min_gap=0.000 last=1784631240.684
12:54:00.684  ENF   delay=6.000 min_gap=0.000 jitter=6.939 gap=12.939 since_last=0.000 sleep=12.938
12:54:13.915  PARSE Account 3:5:60 → 1.667s/req pen=60s; Ip 8:10:60 → 1.250s/req pen=60s; Ip 15:60:120 → 4.000s/req pen=120s; Ip 60:300:1800 → 5.000s/req pen=1800s  delay 6.000→6.000  min_gap→0  max_usage=50%
12:54:13.915  RAW   content-type: application/json
12:54:13.915  RAW   x-rate-limit-policy: trade-search-request-limit
12:54:13.915  RAW   x-rate-limit-rules: Account,Ip
12:54:13.916  RAW   x-rate-limit-account: 3:5:60
12:54:13.916  RAW   x-rate-limit-account-state: 1:5:0
12:54:13.916  RAW   x-rate-limit-ip: 8:10:60,15:60:120,60:300:1800
12:54:13.916  RAW   x-rate-limit-ip-state: 1:10:0,7:60:0,30:300:0
12:54:13.916  RAW   cf-cache-status: DYNAMIC
12:54:13.916  RAW   cf-ray: a1e9aa97295ee32e-WAW
12:54:13.916  RESP  POST /api/trade/search/Standard → 200  13.231s  delay=6.000 min_gap=0.000 last=1784631253.916
12:54:13.916  PRE   GET /api/trade/fetch/06b09b3782807013d8f973dd20ef73e25f59c2b1c0d37f18eef7c74ad49669c3%2C25de835f1cab17cc55f9a34ae959075b0bb07d6bf92f6b84cd11578df246c4fb%2Cb1e361c6211bc4a9c951085fdd42581f6806f27c0cb8ce3c74a3b0b3bbe142e5%2C4a3ad75d619b954492d8d09b2ad777ed76092fcccb6084ab42913de88e6ea186%2C3fc4c405c99f5c4ae9283e9d5e83ef5573b998c6d20abdc088817cabf03c81b5  delay=6.000 min_gap=0.000 last=1784631253.916
12:54:13.916  ENF   delay=6.000 min_gap=0.000 jitter=6.037 gap=12.037 since_last=0.000 sleep=12.037
12:54:26.219  PARSE Account 6:4:10 → 0.667s/req pen=10s; Ip 12:4:60 → 0.333s/req pen=60s; Ip 16:12:60 → 0.750s/req pen=60s  delay 6.000→6.000  min_gap→0  max_usage=0%
12:54:26.219  RAW   content-type: application/json
12:54:26.219  RAW   x-rate-limit-policy: trade-fetch-request-limit
12:54:26.219  RAW   x-rate-limit-rules: Account,Ip
12:54:26.219  RAW   x-rate-limit-account: 6:4:10
12:54:26.219  RAW   x-rate-limit-account-state: 1:4:0
12:54:26.219  RAW   x-rate-limit-ip: 12:4:60,16:12:60
12:54:26.219  RAW   x-rate-limit-ip-state: 1:4:0,1:12:0
12:54:26.219  RAW   cf-cache-status: DYNAMIC
12:54:26.219  RAW   cf-ray: a1e9aae43d14e32e-WAW
12:54:26.219  RESP  GET /api/trade/fetch/06b09b3782807013d8f973dd20ef73e25f59c2b1c0d37f18eef7c74ad49669c3%2C25de835f1cab17cc55f9a34ae959075b0bb07d6bf92f6b84cd11578df246c4fb%2Cb1e361c6211bc4a9c951085fdd42581f6806f27c0cb8ce3c74a3b0b3bbe142e5%2C4a3ad75d619b954492d8d09b2ad777ed76092fcccb6084ab42913de88e6ea186%2C3fc4c405c99f5c4ae9283e9d5e83ef5573b998c6d20abdc088817cabf03c81b5 → 200  12.303s  delay=6.000 min_gap=0.000 last=1784631266.219
12:54:26.244  PRE   POST /api/trade/search/Standard  delay=6.000 min_gap=0.000 last=1784631266.219
12:54:26.244  ENF   delay=6.000 min_gap=0.000 jitter=6.604 gap=12.604 since_last=0.026 sleep=12.578
12:54:39.098  PARSE Account 3:5:60 → 1.667s/req pen=60s; Ip 8:10:60 → 1.250s/req pen=60s; Ip 15:60:120 → 4.000s/req pen=120s; Ip 60:300:1800 → 5.000s/req pen=1800s  delay 6.000→6.000  min_gap→0  max_usage=55%
12:54:39.098  RAW   content-type: application/json
12:54:39.098  RAW   x-rate-limit-policy: trade-search-request-limit
12:54:39.098  RAW   x-rate-limit-rules: Account,Ip
12:54:39.098  RAW   x-rate-limit-account: 3:5:60
12:54:39.098  RAW   x-rate-limit-account-state: 1:5:0
12:54:39.098  RAW   x-rate-limit-ip: 8:10:60,15:60:120,60:300:1800
12:54:39.098  RAW   x-rate-limit-ip-state: 1:10:0,7:60:0,33:300:0
12:54:39.098  RAW   cf-cache-status: DYNAMIC
12:54:39.098  RAW   cf-ray: a1e9ab34a8f2e32e-WAW
12:54:39.098  RESP  POST /api/trade/search/Standard → 200  12.853s  delay=6.000 min_gap=0.000 last=1784631279.099
12:54:39.098  PRE   GET /api/trade/fetch/06b09b3782807013d8f973dd20ef73e25f59c2b1c0d37f18eef7c74ad49669c3%2Cec317331a21cd96af4ed3a250b92c7437be8c2ac918085552a497d0d25a79895%2C4a3ad75d619b954492d8d09b2ad777ed76092fcccb6084ab42913de88e6ea186%2Cc3561e585ba831ad5959ae33de80d37525ce5410206fc89b1adc72db4c61cc33%2Cb1e361c6211bc4a9c951085fdd42581f6806f27c0cb8ce3c74a3b0b3bbe142e5  delay=6.000 min_gap=0.000 last=1784631279.099
12:54:39.098  ENF   delay=6.000 min_gap=0.000 jitter=6.968 gap=12.968 since_last=0.000 sleep=12.968
12:54:52.335  PARSE Account 6:4:10 → 0.667s/req pen=10s; Ip 12:4:60 → 0.333s/req pen=60s; Ip 16:12:60 → 0.750s/req pen=60s  delay 6.000→6.000  min_gap→0  max_usage=0%
12:54:52.335  RAW   content-type: application/json
12:54:52.335  RAW   x-rate-limit-policy: trade-fetch-request-limit
12:54:52.335  RAW   x-rate-limit-rules: Account,Ip
12:54:52.335  RAW   x-rate-limit-account: 6:4:10
12:54:52.335  RAW   x-rate-limit-account-state: 1:4:0
12:54:52.335  RAW   x-rate-limit-ip: 12:4:60,16:12:60
12:54:52.335  RAW   x-rate-limit-ip-state: 1:4:0,1:12:0
12:54:52.335  RAW   cf-cache-status: DYNAMIC
12:54:52.336  RAW   cf-ray: a1e9ab87781ee32e-WAW
12:54:52.336  RESP  GET /api/trade/fetch/06b09b3782807013d8f973dd20ef73e25f59c2b1c0d37f18eef7c74ad49669c3%2Cec317331a21cd96af4ed3a250b92c7437be8c2ac918085552a497d0d25a79895%2C4a3ad75d619b954492d8d09b2ad777ed76092fcccb6084ab42913de88e6ea186%2Cc3561e585ba831ad5959ae33de80d37525ce5410206fc89b1adc72db4c61cc33%2Cb1e361c6211bc4a9c951085fdd42581f6806f27c0cb8ce3c74a3b0b3bbe142e5 → 200  13.237s  delay=6.000 min_gap=0.000 last=1784631292.336
12:54:52.336  PRE   POST /api/trade/search/Standard  delay=6.000 min_gap=0.000 last=1784631292.336
12:54:52.336  ENF   delay=6.000 min_gap=0.000 jitter=7.574 gap=13.574 since_last=0.000 sleep=13.573
12:55:06.186  PARSE Account 3:5:60 → 1.667s/req pen=60s; Ip 8:10:60 → 1.250s/req pen=60s; Ip 15:60:120 → 4.000s/req pen=120s; Ip 60:300:1800 → 5.000s/req pen=1800s  delay 6.000→6.000  min_gap→0  max_usage=47%
12:55:06.187  RAW   content-type: application/json
12:55:06.187  RAW   x-rate-limit-policy: trade-search-request-limit
12:55:06.187  RAW   x-rate-limit-rules: Account,Ip
12:55:06.187  RAW   x-rate-limit-account: 3:5:60
12:55:06.187  RAW   x-rate-limit-account-state: 1:5:0
12:55:06.187  RAW   x-rate-limit-ip: 8:10:60,15:60:120,60:300:1800
12:55:06.187  RAW   x-rate-limit-ip-state: 1:10:0,6:60:0,28:300:0
12:55:06.187  RAW   cf-cache-status: DYNAMIC
12:55:06.187  RAW   cf-ray: a1e9abddf81de32e-WAW
12:55:06.187  RESP  POST /api/trade/search/Standard → 200  13.851s  delay=6.000 min_gap=0.000 last=1784631306.187
12:55:06.187  PRE   GET /api/trade/fetch/06b09b3782807013d8f973dd20ef73e25f59c2b1c0d37f18eef7c74ad49669c3%2Cb1e361c6211bc4a9c951085fdd42581f6806f27c0cb8ce3c74a3b0b3bbe142e5%2C4a3ad75d619b954492d8d09b2ad777ed76092fcccb6084ab42913de88e6ea186%2C3fc4c405c99f5c4ae9283e9d5e83ef5573b998c6d20abdc088817cabf03c81b5%2C0eeca3cacbb37f9eb3a2adda4f33e3c4726f705a5c2fa18c8e7ffe6527c14c76  delay=6.000 min_gap=0.000 last=1784631306.187
12:55:06.187  ENF   delay=6.000 min_gap=0.000 jitter=5.301 gap=11.301 since_last=0.000 sleep=11.301
12:55:17.758  PARSE Account 6:4:10 → 0.667s/req pen=10s; Ip 12:4:60 → 0.333s/req pen=60s; Ip 16:12:60 → 0.750s/req pen=60s  delay 6.000→6.000  min_gap→0  max_usage=0%
12:55:17.758  RAW   content-type: application/json
12:55:17.758  RAW   x-rate-limit-policy: trade-fetch-request-limit
12:55:17.758  RAW   x-rate-limit-rules: Account,Ip
12:55:17.758  RAW   x-rate-limit-account: 6:4:10
12:55:17.758  RAW   x-rate-limit-account-state: 2:4:0
12:55:17.758  RAW   x-rate-limit-ip: 12:4:60,16:12:60
12:55:17.758  RAW   x-rate-limit-ip-state: 2:4:0,3:12:0
12:55:17.758  RAW   cf-cache-status: DYNAMIC
12:55:17.758  RAW   cf-ray: a1e9ac265e66e32e-WAW
12:55:17.758  RESP  GET /api/trade/fetch/06b09b3782807013d8f973dd20ef73e25f59c2b1c0d37f18eef7c74ad49669c3%2Cb1e361c6211bc4a9c951085fdd42581f6806f27c0cb8ce3c74a3b0b3bbe142e5%2C4a3ad75d619b954492d8d09b2ad777ed76092fcccb6084ab42913de88e6ea186%2C3fc4c405c99f5c4ae9283e9d5e83ef5573b998c6d20abdc088817cabf03c81b5%2C0eeca3cacbb37f9eb3a2adda4f33e3c4726f705a5c2fa18c8e7ffe6527c14c76 → 200  11.571s  delay=6.000 min_gap=0.000 last=1784631317.759
12:55:17.783  PRE   POST /api/trade/search/Standard  delay=6.000 min_gap=0.000 last=1784631317.759
12:55:17.783  ENF   delay=6.000 min_gap=0.000 jitter=9.515 gap=15.515 since_last=0.025 sleep=15.490
12:55:33.555  PARSE Account 3:5:60 → 1.667s/req pen=60s; Ip 8:10:60 → 1.250s/req pen=60s; Ip 15:60:120 → 4.000s/req pen=120s; Ip 60:300:1800 → 5.000s/req pen=1800s  delay 6.000→6.000  min_gap→0  max_usage=53%
12:55:33.555  RAW   content-type: application/json
12:55:33.555  RAW   x-rate-limit-policy: trade-search-request-limit
12:55:33.555  RAW   x-rate-limit-rules: Account,Ip
12:55:33.555  RAW   x-rate-limit-account: 3:5:60
12:55:33.555  RAW   x-rate-limit-account-state: 1:5:0
12:55:33.555  RAW   x-rate-limit-ip: 8:10:60,15:60:120,60:300:1800
12:55:33.555  RAW   x-rate-limit-ip-state: 2:10:0,7:60:0,32:300:0
12:55:33.555  RAW   cf-cache-status: DYNAMIC
12:55:33.555  RAW   cf-ray: a1e9ac88fa3fe32e-WAW
12:55:33.555  RESP  POST /api/trade/search/Standard → 200  15.772s  delay=6.000 min_gap=0.000 last=1784631333.556
12:55:33.555  PRE   GET /api/trade/fetch/aef1091face8d267d4c900bf326846e462d03cf58ee54db8c5993ad8a7697821%2C033d070274497b7dadd764ba77eedd7af87cf092fbe8db193bca120b0235e86b%2C6833a3eac745f51cfedb36aee94ff3ffd0aac13b5bb86220c40fab1e26e94856%2C06d5cc7cc5f98dde24c86753f30fe65099b73913b46bb0f1794b92c2be577877%2Cd6460a186227c134e64368f4088d230cb13187130d938a9a3a7758f771a4900b  delay=6.000 min_gap=0.000 last=1784631333.556
12:55:33.555  ENF   delay=6.000 min_gap=0.000 jitter=9.608 gap=15.608 since_last=0.000 sleep=15.608
12:55:49.442  PARSE Account 6:4:10 → 0.667s/req pen=10s; Ip 12:4:60 → 0.333s/req pen=60s; Ip 16:12:60 → 0.750s/req pen=60s  delay 6.000→6.000  min_gap→0  max_usage=0%
12:55:49.442  RAW   content-type: application/json
12:55:49.442  RAW   x-rate-limit-policy: trade-fetch-request-limit
12:55:49.442  RAW   x-rate-limit-rules: Account,Ip
12:55:49.442  RAW   x-rate-limit-account: 6:4:10
12:55:49.442  RAW   x-rate-limit-account-state: 1:4:0
12:55:49.442  RAW   x-rate-limit-ip: 12:4:60,16:12:60
12:55:49.442  RAW   x-rate-limit-ip-state: 1:4:0,1:12:0
12:55:49.442  RAW   cf-cache-status: DYNAMIC
12:55:49.442  RAW   cf-ray: a1e9acec483ae32e-WAW
12:55:49.442  RESP  GET /api/trade/fetch/aef1091face8d267d4c900bf326846e462d03cf58ee54db8c5993ad8a7697821%2C033d070274497b7dadd764ba77eedd7af87cf092fbe8db193bca120b0235e86b%2C6833a3eac745f51cfedb36aee94ff3ffd0aac13b5bb86220c40fab1e26e94856%2C06d5cc7cc5f98dde24c86753f30fe65099b73913b46bb0f1794b92c2be577877%2Cd6460a186227c134e64368f4088d230cb13187130d938a9a3a7758f771a4900b → 200  15.886s  delay=6.000 min_gap=0.000 last=1784631349.443
12:55:49.442  PRE   POST /api/trade/search/Standard  delay=6.000 min_gap=0.000 last=1784631349.443
12:55:49.442  ENF   delay=6.000 min_gap=0.000 jitter=7.601 gap=13.601 since_last=0.000 sleep=13.601
12:56:03.324  PARSE Account 3:5:60 → 1.667s/req pen=60s; Ip 8:10:60 → 1.250s/req pen=60s; Ip 15:60:120 → 4.000s/req pen=120s; Ip 60:300:1800 → 5.000s/req pen=1800s  delay 6.000→6.000  min_gap→0  max_usage=48%
12:56:03.324  RAW   content-type: application/json
12:56:03.324  RAW   x-rate-limit-policy: trade-search-request-limit
12:56:03.324  RAW   x-rate-limit-rules: Account,Ip
12:56:03.324  RAW   x-rate-limit-account: 3:5:60
12:56:03.324  RAW   x-rate-limit-account-state: 1:5:0
12:56:03.325  RAW   x-rate-limit-ip: 8:10:60,15:60:120,60:300:1800
12:56:03.325  RAW   x-rate-limit-ip-state: 1:10:0,6:60:0,29:300:0
12:56:03.325  RAW   cf-cache-status: DYNAMIC
12:56:03.325  RAW   cf-ray: a1e9ad430b88e32e-WAW
12:56:03.325  RESP  POST /api/trade/search/Standard → 200  13.882s  delay=6.000 min_gap=0.000 last=1784631363.325
12:56:03.325  PRE   GET /api/trade/fetch/87339a4ca0990d51aa44e3d6daf103f92aced152930fa519859885258c299cc7%2C756a43bfbbfac3baccb253489fa0d424c5057ad29635b8b8daa32f1e4b646a22%2C60c87adaecb245c61b654a4668b2f71904e3b3d8ef997fbbf45372241f3d3aae%2C7c4c23adaa48a6eb732c816275c0b179f840bc9747130228e7470a54e6f3fb50%2C4e66b880a6f06b2a7cdee876892d97c0cddf01e074313113dd64da549f2cab63  delay=6.000 min_gap=0.000 last=1784631363.325
12:56:03.325  ENF   delay=6.000 min_gap=0.000 jitter=9.707 gap=15.707 since_last=0.000 sleep=15.707
12:56:19.298  PARSE Account 6:4:10 → 0.667s/req pen=10s; Ip 12:4:60 → 0.333s/req pen=60s; Ip 16:12:60 → 0.750s/req pen=60s  delay 6.000→6.000  min_gap→0  max_usage=0%
12:56:19.299  RAW   content-type: application/json
12:56:19.299  RAW   x-rate-limit-policy: trade-fetch-request-limit
12:56:19.299  RAW   x-rate-limit-rules: Account,Ip
12:56:19.299  RAW   x-rate-limit-account: 6:4:10
12:56:19.299  RAW   x-rate-limit-account-state: 2:4:0
12:56:19.299  RAW   x-rate-limit-ip: 12:4:60,16:12:60
12:56:19.299  RAW   x-rate-limit-ip-state: 2:4:0,2:12:0
12:56:19.299  RAW   cf-cache-status: DYNAMIC
12:56:19.299  RAW   cf-ray: a1e9ada6f962e32e-WAW
12:56:19.299  RESP  GET /api/trade/fetch/87339a4ca0990d51aa44e3d6daf103f92aced152930fa519859885258c299cc7%2C756a43bfbbfac3baccb253489fa0d424c5057ad29635b8b8daa32f1e4b646a22%2C60c87adaecb245c61b654a4668b2f71904e3b3d8ef997fbbf45372241f3d3aae%2C7c4c23adaa48a6eb732c816275c0b179f840bc9747130228e7470a54e6f3fb50%2C4e66b880a6f06b2a7cdee876892d97c0cddf01e074313113dd64da549f2cab63 → 200  15.974s  delay=6.000 min_gap=0.000 last=1784631379.299
12:56:19.324  PRE   POST /api/trade/search/Standard  delay=6.000 min_gap=0.000 last=1784631379.299
12:56:19.324  ENF   delay=6.000 min_gap=0.000 jitter=7.374 gap=13.374 since_last=0.026 sleep=13.349
12:56:32.952  PARSE Account 3:5:60 → 1.667s/req pen=60s; Ip 8:10:60 → 1.250s/req pen=60s; Ip 15:60:120 → 4.000s/req pen=120s; Ip 60:300:1800 → 5.000s/req pen=1800s  delay 6.000→6.000  min_gap→0  max_usage=55%
12:56:32.952  RAW   content-type: application/json
12:56:32.952  RAW   x-rate-limit-policy: trade-search-request-limit
12:56:32.952  RAW   x-rate-limit-rules: Account,Ip
12:56:32.952  RAW   x-rate-limit-account: 3:5:60
12:56:32.952  RAW   x-rate-limit-account-state: 2:5:0
12:56:32.952  RAW   x-rate-limit-ip: 8:10:60,15:60:120,60:300:1800
12:56:32.952  RAW   x-rate-limit-ip-state: 2:10:0,7:60:0,33:300:0
12:56:32.952  RAW   cf-cache-status: DYNAMIC
12:56:32.952  RAW   cf-ray: a1e9adfc3f46e32e-WAW
12:56:32.952  RESP  POST /api/trade/search/Standard → 200  13.628s  delay=6.000 min_gap=0.000 last=1784631392.953
12:56:32.952  PRE   GET /api/trade/fetch/6833a3eac745f51cfedb36aee94ff3ffd0aac13b5bb86220c40fab1e26e94856%2C53b7f72e5b2ca3948565de43be399e6096374230124d4afeb1670c01de33b9d1%2C6ef183203ebc4ba455132e333b40f7ccf5aa6e2435e8c4141385eabf27a8dd7c%2Cf9ad9772b10aece7001cd4abb138702c8dec46b92fe00bcddc790efe77bc38fc%2Cb2b00b81ba32684cc0d540da861a259f9e996dc7cc6c101999d7b26082944dc0  delay=6.000 min_gap=0.000 last=1784631392.953
12:56:32.952  ENF   delay=6.000 min_gap=0.000 jitter=8.169 gap=14.169 since_last=0.000 sleep=14.169
12:56:47.390  PARSE Account 6:4:10 → 0.667s/req pen=10s; Ip 12:4:60 → 0.333s/req pen=60s; Ip 16:12:60 → 0.750s/req pen=60s  delay 6.000→6.000  min_gap→0  max_usage=0%
12:56:47.390  RAW   content-type: application/json
12:56:47.390  RAW   x-rate-limit-policy: trade-fetch-request-limit
12:56:47.390  RAW   x-rate-limit-rules: Account,Ip
12:56:47.390  RAW   x-rate-limit-account: 6:4:10
12:56:47.390  RAW   x-rate-limit-account-state: 1:4:0
12:56:47.390  RAW   x-rate-limit-ip: 12:4:60,16:12:60
12:56:47.390  RAW   x-rate-limit-ip-state: 1:4:0,2:12:0
12:56:47.390  RAW   cf-cache-status: DYNAMIC
12:56:47.390  RAW   cf-ray: a1e9ae56890ee32e-WAW
12:56:47.390  RESP  GET /api/trade/fetch/6833a3eac745f51cfedb36aee94ff3ffd0aac13b5bb86220c40fab1e26e94856%2C53b7f72e5b2ca3948565de43be399e6096374230124d4afeb1670c01de33b9d1%2C6ef183203ebc4ba455132e333b40f7ccf5aa6e2435e8c4141385eabf27a8dd7c%2Cf9ad9772b10aece7001cd4abb138702c8dec46b92fe00bcddc790efe77bc38fc%2Cb2b00b81ba32684cc0d540da861a259f9e996dc7cc6c101999d7b26082944dc0 → 200  14.437s  delay=6.000 min_gap=0.000 last=1784631407.391
12:56:47.390  PRE   POST /api/trade/search/Standard  delay=6.000 min_gap=0.000 last=1784631407.391
12:56:47.390  ENF   delay=6.000 min_gap=0.000 jitter=5.406 gap=11.406 since_last=0.000 sleep=11.406
12:56:59.076  PARSE Account 3:5:60 → 1.667s/req pen=60s; Ip 8:10:60 → 1.250s/req pen=60s; Ip 15:60:120 → 4.000s/req pen=120s; Ip 60:300:1800 → 5.000s/req pen=1800s  delay 6.000→6.000  min_gap→0  max_usage=60%
12:56:59.076  RAW   content-type: application/json
12:56:59.076  RAW   x-rate-limit-policy: trade-search-request-limit
12:56:59.076  RAW   x-rate-limit-rules: Account,Ip
12:56:59.076  RAW   x-rate-limit-account: 3:5:60
12:56:59.076  RAW   x-rate-limit-account-state: 1:5:0
12:56:59.076  RAW   x-rate-limit-ip: 8:10:60,15:60:120,60:300:1800
12:56:59.076  RAW   x-rate-limit-ip-state: 2:10:0,8:60:0,36:300:0
12:56:59.076  RAW   cf-cache-status: DYNAMIC
12:56:59.076  RAW   cf-ray: a1e9ae9f8813e32e-WAW
12:56:59.076  RESP  POST /api/trade/search/Standard → 200  11.686s  delay=6.000 min_gap=0.000 last=1784631419.077
12:56:59.076  PRE   GET /api/trade/fetch/87339a4ca0990d51aa44e3d6daf103f92aced152930fa519859885258c299cc7%2C756a43bfbbfac3baccb253489fa0d424c5057ad29635b8b8daa32f1e4b646a22%2C60c87adaecb245c61b654a4668b2f71904e3b3d8ef997fbbf45372241f3d3aae%2C340cd8e561196d2e5e3bddc72c0ac71bc3bf3fddac30ca9592fe5da3fa87a949%2C7c4c23adaa48a6eb732c816275c0b179f840bc9747130228e7470a54e6f3fb50  delay=6.000 min_gap=0.000 last=1784631419.077
12:56:59.076  ENF   delay=6.000 min_gap=0.000 jitter=5.590 gap=11.590 since_last=0.000 sleep=11.590
12:57:10.930  PARSE Account 6:4:10 → 0.667s/req pen=10s; Ip 12:4:60 → 0.333s/req pen=60s; Ip 16:12:60 → 0.750s/req pen=60s  delay 6.000→6.000  min_gap→0  max_usage=0%
12:57:10.930  RAW   content-type: application/json
12:57:10.930  RAW   x-rate-limit-policy: trade-fetch-request-limit
12:57:10.930  RAW   x-rate-limit-rules: Account,Ip
12:57:10.930  RAW   x-rate-limit-account: 6:4:10
12:57:10.930  RAW   x-rate-limit-account-state: 1:4:0
12:57:10.930  RAW   x-rate-limit-ip: 12:4:60,16:12:60
12:57:10.930  RAW   x-rate-limit-ip-state: 1:4:0,3:12:0
12:57:10.930  RAW   cf-cache-status: DYNAMIC
12:57:10.930  RAW   cf-ray: a1e9aee9bfc5e32e-WAW
12:57:10.930  RESP  GET /api/trade/fetch/87339a4ca0990d51aa44e3d6daf103f92aced152930fa519859885258c299cc7%2C756a43bfbbfac3baccb253489fa0d424c5057ad29635b8b8daa32f1e4b646a22%2C60c87adaecb245c61b654a4668b2f71904e3b3d8ef997fbbf45372241f3d3aae%2C340cd8e561196d2e5e3bddc72c0ac71bc3bf3fddac30ca9592fe5da3fa87a949%2C7c4c23adaa48a6eb732c816275c0b179f840bc9747130228e7470a54e6f3fb50 → 200  11.854s  delay=6.000 min_gap=0.000 last=1784631430.931
12:57:10.951  PRE   POST /api/trade/search/Standard  delay=6.000 min_gap=0.000 last=1784631430.931
12:57:10.951  ENF   delay=6.000 min_gap=0.000 jitter=6.704 gap=12.704 since_last=0.020 sleep=12.683
12:57:23.910  PARSE Account 3:5:60 → 1.667s/req pen=60s; Ip 8:10:60 → 1.250s/req pen=60s; Ip 15:60:120 → 4.000s/req pen=120s; Ip 60:300:1800 → 5.000s/req pen=1800s  delay 6.000→6.000  min_gap→0  max_usage=53%
12:57:23.910  RAW   content-type: application/json
12:57:23.910  RAW   x-rate-limit-policy: trade-search-request-limit
12:57:23.910  RAW   x-rate-limit-rules: Account,Ip
12:57:23.910  RAW   x-rate-limit-account: 3:5:60
12:57:23.910  RAW   x-rate-limit-account-state: 1:5:0
12:57:23.910  RAW   x-rate-limit-ip: 8:10:60,15:60:120,60:300:1800
12:57:23.910  RAW   x-rate-limit-ip-state: 2:10:0,7:60:0,32:300:0
12:57:23.910  RAW   cf-cache-status: DYNAMIC
12:57:23.910  RAW   cf-ray: a1e9af3ab9fde32e-WAW
12:57:23.910  RESP  POST /api/trade/search/Standard → 200  12.959s  delay=6.000 min_gap=0.000 last=1784631443.910
12:57:23.910  PRE   GET /api/trade/fetch/53b7f72e5b2ca3948565de43be399e6096374230124d4afeb1670c01de33b9d1%2Cb2b00b81ba32684cc0d540da861a259f9e996dc7cc6c101999d7b26082944dc0%2C756a43bfbbfac3baccb253489fa0d424c5057ad29635b8b8daa32f1e4b646a22%2C4e66b880a6f06b2a7cdee876892d97c0cddf01e074313113dd64da549f2cab63%2C60c87adaecb245c61b654a4668b2f71904e3b3d8ef997fbbf45372241f3d3aae  delay=6.000 min_gap=0.000 last=1784631443.910
12:57:23.910  ENF   delay=6.000 min_gap=0.000 jitter=6.387 gap=12.387 since_last=0.000 sleep=12.387
12:57:36.631  PARSE Account 6:4:10 → 0.667s/req pen=10s; Ip 12:4:60 → 0.333s/req pen=60s; Ip 16:12:60 → 0.750s/req pen=60s  delay 6.000→6.000  min_gap→0  max_usage=0%
12:57:36.631  RAW   content-type: application/json
12:57:36.631  RAW   x-rate-limit-policy: trade-fetch-request-limit
12:57:36.631  RAW   x-rate-limit-rules: Account,Ip
12:57:36.631  RAW   x-rate-limit-account: 6:4:10
12:57:36.631  RAW   x-rate-limit-account-state: 1:4:0
12:57:36.631  RAW   x-rate-limit-ip: 12:4:60,16:12:60
12:57:36.631  RAW   x-rate-limit-ip-state: 1:4:0,3:12:0
12:57:36.631  RAW   cf-cache-status: DYNAMIC
12:57:36.632  RAW   cf-ray: a1e9af89eafae32e-WAW
12:57:36.632  RESP  GET /api/trade/fetch/53b7f72e5b2ca3948565de43be399e6096374230124d4afeb1670c01de33b9d1%2Cb2b00b81ba32684cc0d540da861a259f9e996dc7cc6c101999d7b26082944dc0%2C756a43bfbbfac3baccb253489fa0d424c5057ad29635b8b8daa32f1e4b646a22%2C4e66b880a6f06b2a7cdee876892d97c0cddf01e074313113dd64da549f2cab63%2C60c87adaecb245c61b654a4668b2f71904e3b3d8ef997fbbf45372241f3d3aae → 200  12.721s  delay=6.000 min_gap=0.000 last=1784631456.632
12:57:36.632  PRE   POST /api/trade/search/Standard  delay=6.000 min_gap=0.000 last=1784631456.632
12:57:36.632  ENF   delay=6.000 min_gap=0.000 jitter=8.387 gap=14.387 since_last=0.000 sleep=14.387
12:57:51.297  PARSE Account 3:5:60 → 1.667s/req pen=60s; Ip 8:10:60 → 1.250s/req pen=60s; Ip 15:60:120 → 4.000s/req pen=120s; Ip 60:300:1800 → 5.000s/req pen=1800s  delay 6.000→6.000  min_gap→0  max_usage=58%
12:57:51.298  RAW   content-type: application/json
12:57:51.298  RAW   x-rate-limit-policy: trade-search-request-limit
12:57:51.298  RAW   x-rate-limit-rules: Account,Ip
12:57:51.298  RAW   x-rate-limit-account: 3:5:60
12:57:51.298  RAW   x-rate-limit-account-state: 1:5:0
12:57:51.298  RAW   x-rate-limit-ip: 8:10:60,15:60:120,60:300:1800
12:57:51.298  RAW   x-rate-limit-ip-state: 2:10:0,6:60:0,35:300:0
12:57:51.298  RAW   cf-cache-status: DYNAMIC
12:57:51.298  RAW   cf-ray: a1e9afe5eb90e32e-WAW
12:57:51.298  RESP  POST /api/trade/search/Standard → 200  14.666s  delay=6.000 min_gap=0.000 last=1784631471.298
12:57:51.298  PRE   GET /api/trade/fetch/756a43bfbbfac3baccb253489fa0d424c5057ad29635b8b8daa32f1e4b646a22%2C60c87adaecb245c61b654a4668b2f71904e3b3d8ef997fbbf45372241f3d3aae%2C6f8a43f906f34c9f8dc0ab2b4c715a22aa002131919dcd6706945d77d47a747e%2Cf15089384dbb0b50304a146d709946b4060b5c8e6c8c7eb51d24284c7d811672%2Ca19c06473324b212f243e698bf3a32c5aa010c8c78766f262f650b3ac5cd7d9a  delay=6.000 min_gap=0.000 last=1784631471.298
12:57:51.298  ENF   delay=6.000 min_gap=0.000 jitter=7.890 gap=13.890 since_last=0.000 sleep=13.890
12:58:05.456  PARSE Account 6:4:10 → 0.667s/req pen=10s; Ip 12:4:60 → 0.333s/req pen=60s; Ip 16:12:60 → 0.750s/req pen=60s  delay 6.000→6.000  min_gap→0  max_usage=0%
12:58:05.456  RAW   content-type: application/json
12:58:05.456  RAW   x-rate-limit-policy: trade-fetch-request-limit
12:58:05.456  RAW   x-rate-limit-rules: Account,Ip
12:58:05.456  RAW   x-rate-limit-account: 6:4:10
12:58:05.456  RAW   x-rate-limit-account-state: 1:4:0
12:58:05.456  RAW   x-rate-limit-ip: 12:4:60,16:12:60
12:58:05.456  RAW   x-rate-limit-ip-state: 1:4:0,2:12:0
12:58:05.456  RAW   cf-cache-status: DYNAMIC
12:58:05.456  RAW   cf-ray: a1e9b03e7b7ee32e-WAW
12:58:05.456  RESP  GET /api/trade/fetch/756a43bfbbfac3baccb253489fa0d424c5057ad29635b8b8daa32f1e4b646a22%2C60c87adaecb245c61b654a4668b2f71904e3b3d8ef997fbbf45372241f3d3aae%2C6f8a43f906f34c9f8dc0ab2b4c715a22aa002131919dcd6706945d77d47a747e%2Cf15089384dbb0b50304a146d709946b4060b5c8e6c8c7eb51d24284c7d811672%2Ca19c06473324b212f243e698bf3a32c5aa010c8c78766f262f650b3ac5cd7d9a → 200  14.158s  delay=6.000 min_gap=0.000 last=1784631485.457
12:58:05.483  PRE   POST /api/trade/search/Standard  delay=6.000 min_gap=0.000 last=1784631485.457
12:58:05.483  ENF   delay=6.000 min_gap=0.000 jitter=9.697 gap=15.697 since_last=0.027 sleep=15.670
12:58:21.430  PARSE Account 3:5:60 → 1.667s/req pen=60s; Ip 8:10:60 → 1.250s/req pen=60s; Ip 15:60:120 → 4.000s/req pen=120s; Ip 60:300:1800 → 5.000s/req pen=1800s  delay 6.000→6.000  min_gap→0  max_usage=50%
12:58:21.430  RAW   content-type: application/json
12:58:21.430  RAW   x-rate-limit-policy: trade-search-request-limit
12:58:21.430  RAW   x-rate-limit-rules: Account,Ip
12:58:21.430  RAW   x-rate-limit-account: 3:5:60
12:58:21.430  RAW   x-rate-limit-account-state: 1:5:0
12:58:21.430  RAW   x-rate-limit-ip: 8:10:60,15:60:120,60:300:1800
12:58:21.431  RAW   x-rate-limit-ip-state: 1:10:0,6:60:0,30:300:0
12:58:21.431  RAW   cf-cache-status: DYNAMIC
12:58:21.431  RAW   cf-ray: a1e9b0a23930e32e-WAW
12:58:21.431  RESP  POST /api/trade/search/Standard → 200  15.947s  delay=6.000 min_gap=0.000 last=1784631501.431
12:58:21.431  PRE   GET /api/trade/fetch/c9c27fdace4ccb147a53add018ed680bf88f5e00a7a0b98564d51b1dce4dd574%2C88332afbc02f1b1671c7a6d9dc57bb87684ed632e4b134a5df80c52c2499e45c%2Cc1c4550f7917ab34e532409c1e6ecf5ddce3e8fd1b2254fd6420f5a9de8f10fe%2C860eb9045e72fce8e0ca5da7573c225393c398651396eabb532ed74d40f92d48%2C679b38b7d56ab76096a7af63060d5cf5293d2f613eba203758245d30de409f7b  delay=6.000 min_gap=0.000 last=1784631501.431
12:58:21.431  ENF   delay=6.000 min_gap=0.000 jitter=5.381 gap=11.381 since_last=0.000 sleep=11.381
12:58:33.080  PARSE Account 6:4:10 → 0.667s/req pen=10s; Ip 12:4:60 → 0.333s/req pen=60s; Ip 16:12:60 → 0.750s/req pen=60s  delay 6.000→6.000  min_gap→0  max_usage=0%
12:58:33.080  RAW   content-type: application/json
12:58:33.080  RAW   x-rate-limit-policy: trade-fetch-request-limit
12:58:33.080  RAW   x-rate-limit-rules: Account,Ip
12:58:33.081  RAW   x-rate-limit-account: 6:4:10
12:58:33.081  RAW   x-rate-limit-account-state: 1:4:0
12:58:33.081  RAW   x-rate-limit-ip: 12:4:60,16:12:60
12:58:33.081  RAW   x-rate-limit-ip-state: 1:4:0,2:12:0
12:58:33.081  RAW   cf-cache-status: DYNAMIC
12:58:33.081  RAW   cf-ray: a1e9b0eb1ec6e32e-WAW
12:58:33.081  RESP  GET /api/trade/fetch/c9c27fdace4ccb147a53add018ed680bf88f5e00a7a0b98564d51b1dce4dd574%2C88332afbc02f1b1671c7a6d9dc57bb87684ed632e4b134a5df80c52c2499e45c%2Cc1c4550f7917ab34e532409c1e6ecf5ddce3e8fd1b2254fd6420f5a9de8f10fe%2C860eb9045e72fce8e0ca5da7573c225393c398651396eabb532ed74d40f92d48%2C679b38b7d56ab76096a7af63060d5cf5293d2f613eba203758245d30de409f7b → 200  11.650s  delay=6.000 min_gap=0.000 last=1784631513.081
12:58:33.081  PRE   POST /api/trade/search/Standard  delay=6.000 min_gap=0.000 last=1784631513.081
12:58:33.081  ENF   delay=6.000 min_gap=0.000 jitter=9.695 gap=15.695 since_last=0.000 sleep=15.695
12:58:49.056  PARSE Account 3:5:60 → 1.667s/req pen=60s; Ip 8:10:60 → 1.250s/req pen=60s; Ip 15:60:120 → 4.000s/req pen=120s; Ip 60:300:1800 → 5.000s/req pen=1800s  delay 6.000→6.000  min_gap→0  max_usage=57%
12:58:49.057  RAW   content-type: application/json
12:58:49.057  RAW   x-rate-limit-policy: trade-search-request-limit
12:58:49.057  RAW   x-rate-limit-rules: Account,Ip
12:58:49.057  RAW   x-rate-limit-account: 3:5:60
12:58:49.057  RAW   x-rate-limit-account-state: 2:5:0
12:58:49.057  RAW   x-rate-limit-ip: 8:10:60,15:60:120,60:300:1800
12:58:49.057  RAW   x-rate-limit-ip-state: 2:10:0,6:60:0,34:300:0
12:58:49.057  RAW   cf-cache-status: DYNAMIC
12:58:49.057  RAW   cf-ray: a1e9b14edaa7e32e-WAW
12:58:49.057  RESP  POST /api/trade/search/Standard → 200  15.976s  delay=6.000 min_gap=0.000 last=1784631529.057
12:58:49.057  PRE   GET /api/trade/fetch/5831c3ff142fea52a7404254c92d648d7dde33f5f8c032e686ec3a86e18f8fa1%2C6020d5f48250a65a7f514d2ab1a51b46ececde07e749a8abfb71b02cc5a4692c%2Ce14354777ac695197afa24c8b6372467674cd3ebc5f8a73938d23388c79d6dd9%2C25094c569c19611de7f93b60dcbdc78a1358dc5d64aee7f7ef7e05c9f0f8df17%2Cb2c4adbfb7bd213e32195cbdca7fd5b5a5a79ed5f429286ce39b4c7e48c69ad9  delay=6.000 min_gap=0.000 last=1784631529.057
12:58:49.057  ENF   delay=6.000 min_gap=0.000 jitter=9.122 gap=15.122 since_last=0.000 sleep=15.122
12:59:04.449  PARSE Account 6:4:10 → 0.667s/req pen=10s; Ip 12:4:60 → 0.333s/req pen=60s; Ip 16:12:60 → 0.750s/req pen=60s  delay 6.000→6.000  min_gap→0  max_usage=0%
12:59:04.449  RAW   content-type: application/json
12:59:04.449  RAW   x-rate-limit-policy: trade-fetch-request-limit
12:59:04.449  RAW   x-rate-limit-rules: Account,Ip
12:59:04.449  RAW   x-rate-limit-account: 6:4:10
12:59:04.449  RAW   x-rate-limit-account-state: 1:4:0
12:59:04.449  RAW   x-rate-limit-ip: 12:4:60,16:12:60
12:59:04.449  RAW   x-rate-limit-ip-state: 1:4:0,2:12:0
12:59:04.449  RAW   cf-cache-status: DYNAMIC
12:59:04.449  RAW   cf-ray: a1e9b1af2fb3e32e-WAW
12:59:04.449  RESP  GET /api/trade/fetch/5831c3ff142fea52a7404254c92d648d7dde33f5f8c032e686ec3a86e18f8fa1%2C6020d5f48250a65a7f514d2ab1a51b46ececde07e749a8abfb71b02cc5a4692c%2Ce14354777ac695197afa24c8b6372467674cd3ebc5f8a73938d23388c79d6dd9%2C25094c569c19611de7f93b60dcbdc78a1358dc5d64aee7f7ef7e05c9f0f8df17%2Cb2c4adbfb7bd213e32195cbdca7fd5b5a5a79ed5f429286ce39b4c7e48c69ad9 → 200  15.392s  delay=6.000 min_gap=0.000 last=1784631544.449
12:59:04.449  PRE   POST /api/trade/search/Standard  delay=6.000 min_gap=0.000 last=1784631544.449
12:59:04.449  ENF   delay=6.000 min_gap=0.000 jitter=6.269 gap=12.269 since_last=0.000 sleep=12.269
12:59:16.995  PARSE Account 3:5:60 → 1.667s/req pen=60s; Ip 8:10:60 → 1.250s/req pen=60s; Ip 15:60:120 → 4.000s/req pen=120s; Ip 60:300:1800 → 5.000s/req pen=1800s  delay 6.000→6.000  min_gap→0  max_usage=52%
12:59:16.995  RAW   content-type: application/json
12:59:16.995  RAW   x-rate-limit-policy: trade-search-request-limit
12:59:16.995  RAW   x-rate-limit-rules: Account,Ip
12:59:16.995  RAW   x-rate-limit-account: 3:5:60
12:59:16.995  RAW   x-rate-limit-account-state: 1:5:0
12:59:16.995  RAW   x-rate-limit-ip: 8:10:60,15:60:120,60:300:1800
12:59:16.995  RAW   x-rate-limit-ip-state: 1:10:0,6:60:0,31:300:0
12:59:16.995  RAW   cf-cache-status: DYNAMIC
12:59:16.995  RAW   cf-ray: a1e9b1fd8ce5e32e-WAW
12:59:16.995  RESP  POST /api/trade/search/Standard → 200  12.546s  delay=6.000 min_gap=0.000 last=1784631556.996
12:59:16.995  PRE   GET /api/trade/fetch/926a00afcf2ddb9eb78a6ef74c8043d32c85600f3dae6ad7210211661da61141%2Ccec6dbc3987f0e3b31d57684611ba227cefdf28b3bc109802b451914bc83ef4e%2Cedad0a86d817628dc0284024ab1a61ae38e7e6dd7832737b528bfda06fac22f6%2C246f82dc9d4618642b4f2315385d8f4f8daddd5e4cf089350ebf49ee91f10303%2Cf1545062e35a7456a1a8ef4ebb3ba01bf7b9def3d6c85b52f9c9550d7dddd0f6  delay=6.000 min_gap=0.000 last=1784631556.996
12:59:16.995  ENF   delay=6.000 min_gap=0.000 jitter=6.539 gap=12.539 since_last=0.000 sleep=12.539
12:59:29.810  PARSE Account 6:4:10 → 0.667s/req pen=10s; Ip 12:4:60 → 0.333s/req pen=60s; Ip 16:12:60 → 0.750s/req pen=60s  delay 6.000→6.000  min_gap→0  max_usage=0%
12:59:29.810  RAW   content-type: application/json
12:59:29.810  RAW   x-rate-limit-policy: trade-fetch-request-limit
12:59:29.810  RAW   x-rate-limit-rules: Account,Ip
12:59:29.810  RAW   x-rate-limit-account: 6:4:10
12:59:29.810  RAW   x-rate-limit-account-state: 1:4:0
12:59:29.810  RAW   x-rate-limit-ip: 12:4:60,16:12:60
12:59:29.810  RAW   x-rate-limit-ip-state: 1:4:0,2:12:0
12:59:29.810  RAW   cf-cache-status: DYNAMIC
12:59:29.810  RAW   cf-ray: a1e9b24d9959e32e-WAW
12:59:29.810  RESP  GET /api/trade/fetch/926a00afcf2ddb9eb78a6ef74c8043d32c85600f3dae6ad7210211661da61141%2Ccec6dbc3987f0e3b31d57684611ba227cefdf28b3bc109802b451914bc83ef4e%2Cedad0a86d817628dc0284024ab1a61ae38e7e6dd7832737b528bfda06fac22f6%2C246f82dc9d4618642b4f2315385d8f4f8daddd5e4cf089350ebf49ee91f10303%2Cf1545062e35a7456a1a8ef4ebb3ba01bf7b9def3d6c85b52f9c9550d7dddd0f6 → 200  12.814s  delay=6.000 min_gap=0.000 last=1784631569.810
12:59:29.837  PRE   POST /api/trade/search/Standard  delay=6.000 min_gap=0.000 last=1784631569.810
12:59:29.837  ENF   delay=6.000 min_gap=0.000 jitter=7.658 gap=13.658 since_last=0.027 sleep=13.631
12:59:43.754  PARSE Account 3:5:60 → 1.667s/req pen=60s; Ip 8:10:60 → 1.250s/req pen=60s; Ip 15:60:120 → 4.000s/req pen=120s; Ip 60:300:1800 → 5.000s/req pen=1800s  delay 6.000→6.000  min_gap→0  max_usage=57%
12:59:43.754  RAW   content-type: application/json
12:59:43.754  RAW   x-rate-limit-policy: trade-search-request-limit
12:59:43.754  RAW   x-rate-limit-rules: Account,Ip
12:59:43.754  RAW   x-rate-limit-account: 3:5:60
12:59:43.754  RAW   x-rate-limit-account-state: 1:5:0
12:59:43.754  RAW   x-rate-limit-ip: 8:10:60,15:60:120,60:300:1800
12:59:43.754  RAW   x-rate-limit-ip-state: 1:10:0,8:60:0,34:300:0
12:59:43.754  RAW   cf-cache-status: DYNAMIC
12:59:43.754  RAW   cf-ray: a1e9b2a4b831e32e-WAW
12:59:43.754  RESP  POST /api/trade/search/Standard → 200  13.917s  delay=6.000 min_gap=0.000 last=1784631583.754
12:59:43.754  PRE   GET /api/trade/fetch/c1c4550f7917ab34e532409c1e6ecf5ddce3e8fd1b2254fd6420f5a9de8f10fe%2C860eb9045e72fce8e0ca5da7573c225393c398651396eabb532ed74d40f92d48%2C9a846f50520beeb871c5ff4c0e2dc546099f54eda78a8b243f550beb2e0c2405%2Cd697a175fd87bb04f9a9740847431b2a7f1a207db29e4aa221ed6c57f80d58f7%2C6109bb6c6ced1b0e45ecc66f84c8d008d2cde7ba83d80d3e5fc3c6ca6a7638f7  delay=6.000 min_gap=0.000 last=1784631583.754
12:59:43.754  ENF   delay=6.000 min_gap=0.000 jitter=5.414 gap=11.414 since_last=0.000 sleep=11.414
12:59:55.436  PARSE Account 6:4:10 → 0.667s/req pen=10s; Ip 12:4:60 → 0.333s/req pen=60s; Ip 16:12:60 → 0.750s/req pen=60s  delay 6.000→6.000  min_gap→0  max_usage=0%
12:59:55.436  RAW   content-type: application/json
12:59:55.436  RAW   x-rate-limit-policy: trade-fetch-request-limit
12:59:55.436  RAW   x-rate-limit-rules: Account,Ip
12:59:55.436  RAW   x-rate-limit-account: 6:4:10
12:59:55.436  RAW   x-rate-limit-account-state: 1:4:0
12:59:55.436  RAW   x-rate-limit-ip: 12:4:60,16:12:60
12:59:55.436  RAW   x-rate-limit-ip-state: 1:4:0,1:12:0
12:59:55.436  RAW   cf-cache-status: DYNAMIC
12:59:55.436  RAW   cf-ray: a1e9b2eddd18e32e-WAW
12:59:55.436  RESP  GET /api/trade/fetch/c1c4550f7917ab34e532409c1e6ecf5ddce3e8fd1b2254fd6420f5a9de8f10fe%2C860eb9045e72fce8e0ca5da7573c225393c398651396eabb532ed74d40f92d48%2C9a846f50520beeb871c5ff4c0e2dc546099f54eda78a8b243f550beb2e0c2405%2Cd697a175fd87bb04f9a9740847431b2a7f1a207db29e4aa221ed6c57f80d58f7%2C6109bb6c6ced1b0e45ecc66f84c8d008d2cde7ba83d80d3e5fc3c6ca6a7638f7 → 200  11.682s  delay=6.000 min_gap=0.000 last=1784631595.436
12:59:55.436  PRE   POST /api/trade/search/Standard  delay=6.000 min_gap=0.000 last=1784631595.436
12:59:55.436  ENF   delay=6.000 min_gap=0.000 jitter=9.804 gap=15.804 since_last=0.000 sleep=15.804
13:00:11.527  PARSE Account 3:5:60 → 1.667s/req pen=60s; Ip 8:10:60 → 1.250s/req pen=60s; Ip 15:60:120 → 4.000s/req pen=120s; Ip 60:300:1800 → 5.000s/req pen=1800s  delay 6.000→6.000  min_gap→0  max_usage=50%
13:00:11.528  RAW   content-type: application/json
13:00:11.528  RAW   x-rate-limit-policy: trade-search-request-limit
13:00:11.528  RAW   x-rate-limit-rules: Account,Ip
13:00:11.528  RAW   x-rate-limit-account: 3:5:60
13:00:11.528  RAW   x-rate-limit-account-state: 1:5:0
13:00:11.528  RAW   x-rate-limit-ip: 8:10:60,15:60:120,60:300:1800
13:00:11.528  RAW   x-rate-limit-ip-state: 1:10:0,7:60:0,30:300:0
13:00:11.528  RAW   cf-cache-status: DYNAMIC
13:00:11.528  RAW   cf-ray: a1e9b3524ffbe32e-WAW
13:00:11.528  RESP  POST /api/trade/search/Standard → 200  16.091s  delay=6.000 min_gap=0.000 last=1784631611.528
13:00:11.528  PRE   GET /api/trade/fetch/5831c3ff142fea52a7404254c92d648d7dde33f5f8c032e686ec3a86e18f8fa1%2C6020d5f48250a65a7f514d2ab1a51b46ececde07e749a8abfb71b02cc5a4692c%2Ce14354777ac695197afa24c8b6372467674cd3ebc5f8a73938d23388c79d6dd9%2C25094c569c19611de7f93b60dcbdc78a1358dc5d64aee7f7ef7e05c9f0f8df17%2Cb2c4adbfb7bd213e32195cbdca7fd5b5a5a79ed5f429286ce39b4c7e48c69ad9  delay=6.000 min_gap=0.000 last=1784631611.528
13:00:11.528  ENF   delay=6.000 min_gap=0.000 jitter=6.019 gap=12.019 since_last=0.000 sleep=12.019
13:00:23.819  PARSE Account 6:4:10 → 0.667s/req pen=10s; Ip 12:4:60 → 0.333s/req pen=60s; Ip 16:12:60 → 0.750s/req pen=60s  delay 6.000→6.000  min_gap→0  max_usage=0%
13:00:23.819  RAW   content-type: application/json
13:00:23.820  RAW   x-rate-limit-policy: trade-fetch-request-limit
13:00:23.820  RAW   x-rate-limit-rules: Account,Ip
13:00:23.820  RAW   x-rate-limit-account: 6:4:10
13:00:23.820  RAW   x-rate-limit-account-state: 1:4:0
13:00:23.820  RAW   x-rate-limit-ip: 12:4:60,16:12:60
13:00:23.820  RAW   x-rate-limit-ip-state: 1:4:0,1:12:0
13:00:23.820  RAW   cf-cache-status: DYNAMIC
13:00:23.820  RAW   cf-ray: a1e9b39f3face32e-WAW
13:00:23.820  RESP  GET /api/trade/fetch/5831c3ff142fea52a7404254c92d648d7dde33f5f8c032e686ec3a86e18f8fa1%2C6020d5f48250a65a7f514d2ab1a51b46ececde07e749a8abfb71b02cc5a4692c%2Ce14354777ac695197afa24c8b6372467674cd3ebc5f8a73938d23388c79d6dd9%2C25094c569c19611de7f93b60dcbdc78a1358dc5d64aee7f7ef7e05c9f0f8df17%2Cb2c4adbfb7bd213e32195cbdca7fd5b5a5a79ed5f429286ce39b4c7e48c69ad9 → 200  12.291s  delay=6.000 min_gap=0.000 last=1784631623.820
13:00:23.820  PRE   POST /api/trade/search/Standard  delay=6.000 min_gap=0.000 last=1784631623.820
13:00:23.820  ENF   delay=6.000 min_gap=0.000 jitter=7.409 gap=13.409 since_last=0.000 sleep=13.409
13:00:37.508  PARSE Account 3:5:60 → 1.667s/req pen=60s; Ip 8:10:60 → 1.250s/req pen=60s; Ip 15:60:120 → 4.000s/req pen=120s; Ip 60:300:1800 → 5.000s/req pen=1800s  delay 6.000→6.000  min_gap→0  max_usage=55%
13:00:37.508  RAW   content-type: application/json
13:00:37.508  RAW   x-rate-limit-policy: trade-search-request-limit
13:00:37.508  RAW   x-rate-limit-rules: Account,Ip
13:00:37.508  RAW   x-rate-limit-account: 3:5:60
13:00:37.508  RAW   x-rate-limit-account-state: 1:5:0
13:00:37.508  RAW   x-rate-limit-ip: 8:10:60,15:60:120,60:300:1800
13:00:37.508  RAW   x-rate-limit-ip-state: 1:10:0,6:60:0,33:300:0
13:00:37.508  RAW   cf-cache-status: DYNAMIC
13:00:37.508  RAW   cf-ray: a1e9b3f4ba45e32e-WAW
13:00:37.508  RESP  POST /api/trade/search/Standard → 200  13.688s  delay=6.000 min_gap=0.000 last=1784631637.509
13:00:37.508  PRE   GET /api/trade/fetch/246f82dc9d4618642b4f2315385d8f4f8daddd5e4cf089350ebf49ee91f10303%2Cf1545062e35a7456a1a8ef4ebb3ba01bf7b9def3d6c85b52f9c9550d7dddd0f6%2Caf2a34fa76187ac163cfeacad5a4b274327ba6027c637161248842f162e94ec9%2Ca2271da15e96db00c9fb7e5ee8618e977967217b888f5f4990e2158ed052f81d%2C2008c71ff02a0a68b7eaf31f4c0b8c24095bbf47407537a5b17781c825fd3b9f  delay=6.000 min_gap=0.000 last=1784631637.509
13:00:37.508  ENF   delay=6.000 min_gap=0.000 jitter=8.844 gap=14.844 since_last=0.000 sleep=14.844
13:00:52.625  PARSE Account 6:4:10 → 0.667s/req pen=10s; Ip 12:4:60 → 0.333s/req pen=60s; Ip 16:12:60 → 0.750s/req pen=60s  delay 6.000→6.000  min_gap→0  max_usage=0%
13:00:52.625  RAW   content-type: application/json
13:00:52.625  RAW   x-rate-limit-policy: trade-fetch-request-limit
13:00:52.625  RAW   x-rate-limit-rules: Account,Ip
13:00:52.625  RAW   x-rate-limit-account: 6:4:10
13:00:52.625  RAW   x-rate-limit-account-state: 1:4:0
13:00:52.625  RAW   x-rate-limit-ip: 12:4:60,16:12:60
13:00:52.625  RAW   x-rate-limit-ip-state: 1:4:0,1:12:0
13:00:52.625  RAW   cf-cache-status: DYNAMIC
13:00:52.625  RAW   cf-ray: a1e9b4533aa7e32e-WAW
13:00:52.625  RESP  GET /api/trade/fetch/246f82dc9d4618642b4f2315385d8f4f8daddd5e4cf089350ebf49ee91f10303%2Cf1545062e35a7456a1a8ef4ebb3ba01bf7b9def3d6c85b52f9c9550d7dddd0f6%2Caf2a34fa76187ac163cfeacad5a4b274327ba6027c637161248842f162e94ec9%2Ca2271da15e96db00c9fb7e5ee8618e977967217b888f5f4990e2158ed052f81d%2C2008c71ff02a0a68b7eaf31f4c0b8c24095bbf47407537a5b17781c825fd3b9f → 200  15.116s  delay=6.000 min_gap=0.000 last=1784631652.625
13:00:52.651  PRE   POST /api/trade/search/Standard  delay=6.000 min_gap=0.000 last=1784631652.626
13:00:52.652  ENF   delay=6.000 min_gap=0.000 jitter=6.502 gap=12.502 since_last=0.026 sleep=12.475
13:01:05.418  PARSE Account 3:5:60 → 1.667s/req pen=60s; Ip 8:10:60 → 1.250s/req pen=60s; Ip 15:60:120 → 4.000s/req pen=120s; Ip 60:300:1800 → 5.000s/req pen=1800s  delay 6.000→6.000  min_gap→0  max_usage=48%
13:01:05.418  RAW   content-type: application/json
13:01:05.418  RAW   x-rate-limit-policy: trade-search-request-limit
13:01:05.419  RAW   x-rate-limit-rules: Account,Ip
13:01:05.419  RAW   x-rate-limit-account: 3:5:60
13:01:05.419  RAW   x-rate-limit-account-state: 1:5:0
13:01:05.419  RAW   x-rate-limit-ip: 8:10:60,15:60:120,60:300:1800
13:01:05.419  RAW   x-rate-limit-ip-state: 1:10:0,7:60:0,29:300:0
13:01:05.419  RAW   cf-cache-status: DYNAMIC
13:01:05.419  RAW   cf-ray: a1e9b4a31f6be32e-WAW
13:01:05.419  RESP  POST /api/trade/search/Standard → 200  12.767s  delay=6.000 min_gap=0.000 last=1784631665.419
13:01:05.419  PRE   GET /api/trade/fetch/4fa5fe884d8484a50abb13ead9ff525dcb087c5f9547b9084f70bee5da747e97%2C9528bf9b70b22e4ee48d5097c140d605f68208ff8ccd5a39d0bc11336d4b664f%2Cdeb3ac8990dc0e3c1745c9c5d181c41f3da207a98f4535501d64352ec92c0b29%2C0d80ae40c1aa564d55ff12477d4d35e991587158c33f06c4a4ae30297d8b189a%2C034247cfc865542451b3c8edbeb7c2e769972a07fd698e1316fc382031b2d909  delay=6.000 min_gap=0.000 last=1784631665.419
13:01:05.419  ENF   delay=6.000 min_gap=0.000 jitter=9.923 gap=15.923 since_last=0.000 sleep=15.922
13:01:21.606  PARSE Account 6:4:10 → 0.667s/req pen=10s; Ip 12:4:60 → 0.333s/req pen=60s; Ip 16:12:60 → 0.750s/req pen=60s  delay 6.000→6.000  min_gap→0  max_usage=0%
13:01:21.607  RAW   content-type: application/json
13:01:21.607  RAW   x-rate-limit-policy: trade-fetch-request-limit
13:01:21.607  RAW   x-rate-limit-rules: Account,Ip
13:01:21.607  RAW   x-rate-limit-account: 6:4:10
13:01:21.607  RAW   x-rate-limit-account-state: 1:4:0
13:01:21.607  RAW   x-rate-limit-ip: 12:4:60,16:12:60
13:01:21.607  RAW   x-rate-limit-ip-state: 1:4:0,1:12:0
13:01:21.607  RAW   cf-cache-status: DYNAMIC
13:01:21.607  RAW   cf-ray: a1e9b5086a48e32e-WAW
13:01:21.607  RESP  GET /api/trade/fetch/4fa5fe884d8484a50abb13ead9ff525dcb087c5f9547b9084f70bee5da747e97%2C9528bf9b70b22e4ee48d5097c140d605f68208ff8ccd5a39d0bc11336d4b664f%2Cdeb3ac8990dc0e3c1745c9c5d181c41f3da207a98f4535501d64352ec92c0b29%2C0d80ae40c1aa564d55ff12477d4d35e991587158c33f06c4a4ae30297d8b189a%2C034247cfc865542451b3c8edbeb7c2e769972a07fd698e1316fc382031b2d909 → 200  16.188s  delay=6.000 min_gap=0.000 last=1784631681.607
13:01:21.607  PRE   POST /api/trade/search/Standard  delay=6.000 min_gap=0.000 last=1784631681.607
13:01:21.607  ENF   delay=6.000 min_gap=0.000 jitter=7.541 gap=13.541 since_last=0.000 sleep=13.541
13:01:35.429  PARSE Account 3:5:60 → 1.667s/req pen=60s; Ip 8:10:60 → 1.250s/req pen=60s; Ip 15:60:120 → 4.000s/req pen=120s; Ip 60:300:1800 → 5.000s/req pen=1800s  delay 6.000→6.000  min_gap→0  max_usage=55%
13:01:35.429  RAW   content-type: application/json
13:01:35.429  RAW   x-rate-limit-policy: trade-search-request-limit
13:01:35.429  RAW   x-rate-limit-rules: Account,Ip
13:01:35.429  RAW   x-rate-limit-account: 3:5:60
13:01:35.429  RAW   x-rate-limit-account-state: 2:5:0
13:01:35.429  RAW   x-rate-limit-ip: 8:10:60,15:60:120,60:300:1800
13:01:35.429  RAW   x-rate-limit-ip-state: 2:10:0,7:60:0,33:300:0
13:01:35.429  RAW   cf-cache-status: DYNAMIC
13:01:35.429  RAW   cf-ray: a1e9b55eba1ae32e-WAW
13:01:35.429  RESP  POST /api/trade/search/Standard → 200  13.822s  delay=6.000 min_gap=0.000 last=1784631695.430
13:01:35.429  PRE   GET /api/trade/fetch/5831c3ff142fea52a7404254c92d648d7dde33f5f8c032e686ec3a86e18f8fa1%2C6020d5f48250a65a7f514d2ab1a51b46ececde07e749a8abfb71b02cc5a4692c%2Ce14354777ac695197afa24c8b6372467674cd3ebc5f8a73938d23388c79d6dd9%2C25094c569c19611de7f93b60dcbdc78a1358dc5d64aee7f7ef7e05c9f0f8df17%2Cb2c4adbfb7bd213e32195cbdca7fd5b5a5a79ed5f429286ce39b4c7e48c69ad9  delay=6.000 min_gap=0.000 last=1784631695.430
13:01:35.429  ENF   delay=6.000 min_gap=0.000 jitter=5.420 gap=11.420 since_last=0.000 sleep=11.420
13:01:47.180  PARSE Account 6:4:10 → 0.667s/req pen=10s; Ip 12:4:60 → 0.333s/req pen=60s; Ip 16:12:60 → 0.750s/req pen=60s  delay 6.000→6.000  min_gap→0  max_usage=0%
13:01:47.180  RAW   content-type: application/json
13:01:47.180  RAW   x-rate-limit-policy: trade-fetch-request-limit
13:01:47.180  RAW   x-rate-limit-rules: Account,Ip
13:01:47.180  RAW   x-rate-limit-account: 6:4:10
13:01:47.180  RAW   x-rate-limit-account-state: 1:4:0
13:01:47.180  RAW   x-rate-limit-ip: 12:4:60,16:12:60
13:01:47.180  RAW   x-rate-limit-ip-state: 1:4:0,1:12:0
13:01:47.180  RAW   cf-cache-status: DYNAMIC
13:01:47.180  RAW   cf-ray: a1e9b5a7de9ee32e-WAW
13:01:47.180  RESP  GET /api/trade/fetch/5831c3ff142fea52a7404254c92d648d7dde33f5f8c032e686ec3a86e18f8fa1%2C6020d5f48250a65a7f514d2ab1a51b46ececde07e749a8abfb71b02cc5a4692c%2Ce14354777ac695197afa24c8b6372467674cd3ebc5f8a73938d23388c79d6dd9%2C25094c569c19611de7f93b60dcbdc78a1358dc5d64aee7f7ef7e05c9f0f8df17%2Cb2c4adbfb7bd213e32195cbdca7fd5b5a5a79ed5f429286ce39b4c7e48c69ad9 → 200  11.751s  delay=6.000 min_gap=0.000 last=1784631707.180
13:01:47.180  PRE   POST /api/trade/search/Standard  delay=6.000 min_gap=0.000 last=1784631707.180
13:01:47.180  ENF   delay=6.000 min_gap=0.000 jitter=5.756 gap=11.756 since_last=0.000 sleep=11.756
13:01:59.853  PARSE Account 3:5:60 → 1.667s/req pen=60s; Ip 8:10:60 → 1.250s/req pen=60s; Ip 15:60:120 → 4.000s/req pen=120s; Ip 60:300:1800 → 5.000s/req pen=1800s  delay 6.000→6.000  min_gap→0  max_usage=58%
13:01:59.853  RAW   content-type: application/json
13:01:59.853  RAW   x-rate-limit-policy: trade-search-request-limit
13:01:59.853  RAW   x-rate-limit-rules: Account,Ip
13:01:59.853  RAW   x-rate-limit-account: 3:5:60
13:01:59.853  RAW   x-rate-limit-account-state: 1:5:0
13:01:59.853  RAW   x-rate-limit-ip: 8:10:60,15:60:120,60:300:1800
13:01:59.853  RAW   x-rate-limit-ip-state: 1:10:0,7:60:0,35:300:0
13:01:59.853  RAW   cf-cache-status: DYNAMIC
13:01:59.853  RAW   cf-ray: a1e9b5f358a1e32e-WAW
13:01:59.853  RESP  POST /api/trade/search/Standard → 200  12.673s  delay=6.000 min_gap=0.000 last=1784631719.853
13:01:59.853  PRE   GET /api/trade/fetch/983b2c4cf8c68116f6e0fc8972ff0769df8c639e13fcc61bceace3f64f1b6d60%2Ca81a1258cd50774c4beebee4b14340666a774ad6c5fbd0bf402ebbc205316d86%2Cd28b6951edf2e13516fa81ec515f58a2e6de09a5aa6c7a0724e8d5365dadd2d7%2C91cb46d2f40b3d239d36a896a6b065aa313a68ad0bff4f564ca9f5c9780be47d%2C1ab788dda5a3ab13840e74622299a91bdb28e5a1429240c825f2ea752eeadf64  delay=6.000 min_gap=0.000 last=1784631719.853
13:01:59.853  ENF   delay=6.000 min_gap=0.000 jitter=8.429 gap=14.429 since_last=0.000 sleep=14.429
13:02:14.547  PARSE Account 6:4:10 → 0.667s/req pen=10s; Ip 12:4:60 → 0.333s/req pen=60s; Ip 16:12:60 → 0.750s/req pen=60s  delay 6.000→6.000  min_gap→0  max_usage=0%
13:02:14.547  RAW   content-type: application/json
13:02:14.547  RAW   x-rate-limit-policy: trade-fetch-request-limit
13:02:14.547  RAW   x-rate-limit-rules: Account,Ip
13:02:14.547  RAW   x-rate-limit-account: 6:4:10
13:02:14.547  RAW   x-rate-limit-account-state: 2:4:0
13:02:14.547  RAW   x-rate-limit-ip: 12:4:60,16:12:60
13:02:14.547  RAW   x-rate-limit-ip-state: 2:4:0,2:12:0
13:02:14.547  RAW   cf-cache-status: DYNAMIC
13:02:14.547  RAW   cf-ray: a1e9b6534c43e32e-WAW
13:02:14.547  RESP  GET /api/trade/fetch/983b2c4cf8c68116f6e0fc8972ff0769df8c639e13fcc61bceace3f64f1b6d60%2Ca81a1258cd50774c4beebee4b14340666a774ad6c5fbd0bf402ebbc205316d86%2Cd28b6951edf2e13516fa81ec515f58a2e6de09a5aa6c7a0724e8d5365dadd2d7%2C91cb46d2f40b3d239d36a896a6b065aa313a68ad0bff4f564ca9f5c9780be47d%2C1ab788dda5a3ab13840e74622299a91bdb28e5a1429240c825f2ea752eeadf64 → 200  14.694s  delay=6.000 min_gap=0.000 last=1784631734.547
13:02:14.572  PRE   POST /api/trade/search/Standard  delay=6.000 min_gap=0.000 last=1784631734.547
13:02:14.572  ENF   delay=6.000 min_gap=0.000 jitter=8.639 gap=14.639 since_last=0.025 sleep=14.614
13:02:29.463  PARSE Account 3:5:60 → 1.667s/req pen=60s; Ip 8:10:60 → 1.250s/req pen=60s; Ip 15:60:120 → 4.000s/req pen=120s; Ip 60:300:1800 → 5.000s/req pen=1800s  delay 6.000→6.000  min_gap→0  max_usage=53%
13:02:29.463  RAW   content-type: application/json
13:02:29.463  RAW   x-rate-limit-policy: trade-search-request-limit
13:02:29.463  RAW   x-rate-limit-rules: Account,Ip
13:02:29.463  RAW   x-rate-limit-account: 3:5:60
13:02:29.463  RAW   x-rate-limit-account-state: 1:5:0
13:02:29.463  RAW   x-rate-limit-ip: 8:10:60,15:60:120,60:300:1800
13:02:29.463  RAW   x-rate-limit-ip-state: 2:10:0,8:60:0,32:300:0
13:02:29.463  RAW   cf-cache-status: DYNAMIC
13:02:29.463  RAW   cf-ray: a1e9b6b07f62e32e-WAW
13:02:29.463  RESP  POST /api/trade/search/Standard → 200  14.891s  delay=6.000 min_gap=0.000 last=1784631749.464
13:02:29.463  PRE   GET /api/trade/fetch/687902972681420041bf0186061af6105a06272bf589f0de1cb97d2f36164989%2C0f03b92927bb84f3806ba9bd111269928a328320abebf23e0f9152a28a4c43c4%2C20b486a157b4b46b593975770d76a6636e05ce151a0618e7b048840bb88e11ae%2Cb1f2937caa5c77ff35dc7786372cafbf364d39121f8aa8b1c0b6ef13bdefa341%2C8a379f8b14d9ace6ff5be4d11cf32e17c4b327fe503952cb5e6428845f21555d  delay=6.000 min_gap=0.000 last=1784631749.464
13:02:29.463  ENF   delay=6.000 min_gap=0.000 jitter=8.484 gap=14.484 since_last=0.000 sleep=14.484
13:02:44.213  PARSE Account 6:4:10 → 0.667s/req pen=10s; Ip 12:4:60 → 0.333s/req pen=60s; Ip 16:12:60 → 0.750s/req pen=60s  delay 6.000→6.000  min_gap→0  max_usage=0%
13:02:44.213  RAW   content-type: application/json
13:02:44.213  RAW   x-rate-limit-policy: trade-fetch-request-limit
13:02:44.213  RAW   x-rate-limit-rules: Account,Ip
13:02:44.213  RAW   x-rate-limit-account: 6:4:10
13:02:44.213  RAW   x-rate-limit-account-state: 1:4:0
13:02:44.213  RAW   x-rate-limit-ip: 12:4:60,16:12:60
13:02:44.213  RAW   x-rate-limit-ip-state: 1:4:0,1:12:0
13:02:44.213  RAW   cf-cache-status: DYNAMIC
13:02:44.213  RAW   cf-ray: a1e9b70cbd48e32e-WAW
13:02:44.213  RESP  GET /api/trade/fetch/687902972681420041bf0186061af6105a06272bf589f0de1cb97d2f36164989%2C0f03b92927bb84f3806ba9bd111269928a328320abebf23e0f9152a28a4c43c4%2C20b486a157b4b46b593975770d76a6636e05ce151a0618e7b048840bb88e11ae%2Cb1f2937caa5c77ff35dc7786372cafbf364d39121f8aa8b1c0b6ef13bdefa341%2C8a379f8b14d9ace6ff5be4d11cf32e17c4b327fe503952cb5e6428845f21555d → 200  14.749s  delay=6.000 min_gap=0.000 last=1784631764.214
13:02:44.213  PRE   POST /api/trade/search/Standard  delay=6.000 min_gap=0.000 last=1784631764.214
13:02:44.213  ENF   delay=6.000 min_gap=0.000 jitter=6.241 gap=12.241 since_last=0.000 sleep=12.241
13:02:56.742  PARSE Account 3:5:60 → 1.667s/req pen=60s; Ip 8:10:60 → 1.250s/req pen=60s; Ip 15:60:120 → 4.000s/req pen=120s; Ip 60:300:1800 → 5.000s/req pen=1800s  delay 6.000→6.000  min_gap→0  max_usage=58%
13:02:56.742  RAW   content-type: application/json
13:02:56.742  RAW   x-rate-limit-policy: trade-search-request-limit
13:02:56.742  RAW   x-rate-limit-rules: Account,Ip
13:02:56.742  RAW   x-rate-limit-account: 3:5:60
13:02:56.742  RAW   x-rate-limit-account-state: 1:5:0
13:02:56.742  RAW   x-rate-limit-ip: 8:10:60,15:60:120,60:300:1800
13:02:56.742  RAW   x-rate-limit-ip-state: 1:10:0,7:60:0,35:300:0
13:02:56.743  RAW   cf-cache-status: DYNAMIC
13:02:56.743  RAW   cf-ray: a1e9b75ad91ce32e-WAW
13:02:56.743  RESP  POST /api/trade/search/Standard → 200  12.529s  delay=6.000 min_gap=0.000 last=1784631776.743
13:02:56.743  PRE   GET /api/trade/fetch/5831c3ff142fea52a7404254c92d648d7dde33f5f8c032e686ec3a86e18f8fa1%2C6020d5f48250a65a7f514d2ab1a51b46ececde07e749a8abfb71b02cc5a4692c%2Ce14354777ac695197afa24c8b6372467674cd3ebc5f8a73938d23388c79d6dd9%2C25094c569c19611de7f93b60dcbdc78a1358dc5d64aee7f7ef7e05c9f0f8df17%2Cb2c4adbfb7bd213e32195cbdca7fd5b5a5a79ed5f429286ce39b4c7e48c69ad9  delay=6.000 min_gap=0.000 last=1784631776.743
13:02:56.743  ENF   delay=6.000 min_gap=0.000 jitter=5.375 gap=11.375 since_last=0.000 sleep=11.375
13:03:08.395  PARSE Account 6:4:10 → 0.667s/req pen=10s; Ip 12:4:60 → 0.333s/req pen=60s; Ip 16:12:60 → 0.750s/req pen=60s  delay 6.000→6.000  min_gap→0  max_usage=0%
13:03:08.395  RAW   content-type: application/json
13:03:08.395  RAW   x-rate-limit-policy: trade-fetch-request-limit
13:03:08.395  RAW   x-rate-limit-rules: Account,Ip
13:03:08.395  RAW   x-rate-limit-account: 6:4:10
13:03:08.395  RAW   x-rate-limit-account-state: 1:4:0
13:03:08.395  RAW   x-rate-limit-ip: 12:4:60,16:12:60
13:03:08.395  RAW   x-rate-limit-ip-state: 1:4:0,1:12:0
13:03:08.395  RAW   cf-cache-status: DYNAMIC
13:03:08.395  RAW   cf-ray: a1e9b7a3cf6be32e-WAW
13:03:08.395  RESP  GET /api/trade/fetch/5831c3ff142fea52a7404254c92d648d7dde33f5f8c032e686ec3a86e18f8fa1%2C6020d5f48250a65a7f514d2ab1a51b46ececde07e749a8abfb71b02cc5a4692c%2Ce14354777ac695197afa24c8b6372467674cd3ebc5f8a73938d23388c79d6dd9%2C25094c569c19611de7f93b60dcbdc78a1358dc5d64aee7f7ef7e05c9f0f8df17%2Cb2c4adbfb7bd213e32195cbdca7fd5b5a5a79ed5f429286ce39b4c7e48c69ad9 → 200  11.652s  delay=6.000 min_gap=0.000 last=1784631788.395
13:03:08.395  PRE   POST /api/trade/search/Standard  delay=6.000 min_gap=0.000 last=1784631788.395
13:03:08.395  ENF   delay=6.000 min_gap=0.000 jitter=9.507 gap=15.507 since_last=0.000 sleep=15.507
13:03:24.188  PARSE Account 3:5:60 → 1.667s/req pen=60s; Ip 8:10:60 → 1.250s/req pen=60s; Ip 15:60:120 → 4.000s/req pen=120s; Ip 60:300:1800 → 5.000s/req pen=1800s  delay 6.000→6.000  min_gap→0  max_usage=53%
13:03:24.188  RAW   content-type: application/json
13:03:24.188  RAW   x-rate-limit-policy: trade-search-request-limit
13:03:24.188  RAW   x-rate-limit-rules: Account,Ip
13:03:24.188  RAW   x-rate-limit-account: 3:5:60
13:03:24.188  RAW   x-rate-limit-account-state: 1:5:0
13:03:24.188  RAW   x-rate-limit-ip: 8:10:60,15:60:120,60:300:1800
13:03:24.188  RAW   x-rate-limit-ip-state: 1:10:0,6:60:0,32:300:0
13:03:24.188  RAW   cf-cache-status: DYNAMIC
13:03:24.188  RAW   cf-ray: a1e9b8066c8ce32e-WAW
13:03:24.188  RESP  POST /api/trade/search/Standard → 200  15.793s  delay=6.000 min_gap=0.000 last=1784631804.188
13:03:24.188  PRE   GET /api/trade/fetch/e087f8dea73e3561859beeaab11ea647705742d6a077ea7401d042564a0955bf%2Cfa0955f4647ca5dce613b34fdf952d5f9a98b2604ca4f551e2c81245d4ae64f3%2Cf0af1ebf8e84c02d23e00310c60b68e8be103cb175d1e59ed5e65122fbdd0432%2Ca54bf19cb27484743f501a321b3f240a8e8ecf22000a772e657057a1316b5921%2Cbeabefb79a00999ba8f64d085c891b81b1fc032cd841a3144266945983af3aab  delay=6.000 min_gap=0.000 last=1784631804.189
13:03:24.188  ENF   delay=6.000 min_gap=0.000 jitter=8.803 gap=14.803 since_last=0.000 sleep=14.803
13:03:39.259  PARSE Account 6:4:10 → 0.667s/req pen=10s; Ip 12:4:60 → 0.333s/req pen=60s; Ip 16:12:60 → 0.750s/req pen=60s  delay 6.000→6.000  min_gap→0  max_usage=0%
13:03:39.259  RAW   content-type: application/json
13:03:39.259  RAW   x-rate-limit-policy: trade-fetch-request-limit
13:03:39.259  RAW   x-rate-limit-rules: Account,Ip
13:03:39.259  RAW   x-rate-limit-account: 6:4:10
13:03:39.259  RAW   x-rate-limit-account-state: 2:4:0
13:03:39.259  RAW   x-rate-limit-ip: 12:4:60,16:12:60
13:03:39.259  RAW   x-rate-limit-ip-state: 2:4:0,2:12:0
13:03:39.259  RAW   cf-cache-status: DYNAMIC
13:03:39.259  RAW   cf-ray: a1e9b864bae0e32e-WAW
13:03:39.259  RESP  GET /api/trade/fetch/e087f8dea73e3561859beeaab11ea647705742d6a077ea7401d042564a0955bf%2Cfa0955f4647ca5dce613b34fdf952d5f9a98b2604ca4f551e2c81245d4ae64f3%2Cf0af1ebf8e84c02d23e00310c60b68e8be103cb175d1e59ed5e65122fbdd0432%2Ca54bf19cb27484743f501a321b3f240a8e8ecf22000a772e657057a1316b5921%2Cbeabefb79a00999ba8f64d085c891b81b1fc032cd841a3144266945983af3aab → 200  15.071s  delay=6.000 min_gap=0.000 last=1784631819.260
13:03:39.282  PRE   POST /api/trade/search/Standard  delay=6.000 min_gap=0.000 last=1784631819.260
13:03:39.282  ENF   delay=6.000 min_gap=0.000 jitter=8.296 gap=14.296 since_last=0.023 sleep=14.273
13:03:53.835  PARSE Account 3:5:60 → 1.667s/req pen=60s; Ip 8:10:60 → 1.250s/req pen=60s; Ip 15:60:120 → 4.000s/req pen=120s; Ip 60:300:1800 → 5.000s/req pen=1800s  delay 6.000→6.000  min_gap→0  max_usage=60%
13:03:53.835  RAW   content-type: application/json
13:03:53.835  RAW   x-rate-limit-policy: trade-search-request-limit
13:03:53.835  RAW   x-rate-limit-rules: Account,Ip
13:03:53.835  RAW   x-rate-limit-account: 3:5:60
13:03:53.835  RAW   x-rate-limit-account-state: 2:5:0
13:03:53.835  RAW   x-rate-limit-ip: 8:10:60,15:60:120,60:300:1800
13:03:53.835  RAW   x-rate-limit-ip-state: 2:10:0,7:60:0,36:300:0
13:03:53.835  RAW   cf-cache-status: DYNAMIC
13:03:53.835  RAW   cf-ray: a1e9b8bfbb6ce32e-WAW
13:03:53.835  RESP  POST /api/trade/search/Standard → 200  14.553s  delay=6.000 min_gap=0.000 last=1784631833.836
13:03:53.835  PRE   GET /api/trade/fetch/e84b1db1a7f39dd809762af23f60cc6ebda72b97f3bb7688ca41c1138f381e88%2Cbeabefb79a00999ba8f64d085c891b81b1fc032cd841a3144266945983af3aab%2C46a6e2a19f43f879eb5b0deb0a83d60184061d09eb8058f837c49e62487987c2%2Cf0af1ebf8e84c02d23e00310c60b68e8be103cb175d1e59ed5e65122fbdd0432%2C7de420fe4f4e1f0dc00a2d8d231e053e02308dad64004c4582bab8de0e634750  delay=6.000 min_gap=0.000 last=1784631833.836
13:03:53.835  ENF   delay=6.000 min_gap=0.000 jitter=5.313 gap=11.313 since_last=0.000 sleep=11.313
13:04:05.418  PARSE Account 6:4:10 → 0.667s/req pen=10s; Ip 12:4:60 → 0.333s/req pen=60s; Ip 16:12:60 → 0.750s/req pen=60s  delay 6.000→6.000  min_gap→0  max_usage=0%
13:04:05.418  RAW   content-type: application/json
13:04:05.418  RAW   x-rate-limit-policy: trade-fetch-request-limit
13:04:05.418  RAW   x-rate-limit-rules: Account,Ip
13:04:05.418  RAW   x-rate-limit-account: 6:4:10
13:04:05.418  RAW   x-rate-limit-account-state: 1:4:0
13:04:05.418  RAW   x-rate-limit-ip: 12:4:60,16:12:60
13:04:05.418  RAW   x-rate-limit-ip-state: 1:4:0,2:12:0
13:04:05.418  RAW   cf-cache-status: DYNAMIC
13:04:05.418  RAW   cf-ray: a1e9b9083cf9e32e-WAW
13:04:05.418  RESP  GET /api/trade/fetch/e84b1db1a7f39dd809762af23f60cc6ebda72b97f3bb7688ca41c1138f381e88%2Cbeabefb79a00999ba8f64d085c891b81b1fc032cd841a3144266945983af3aab%2C46a6e2a19f43f879eb5b0deb0a83d60184061d09eb8058f837c49e62487987c2%2Cf0af1ebf8e84c02d23e00310c60b68e8be103cb175d1e59ed5e65122fbdd0432%2C7de420fe4f4e1f0dc00a2d8d231e053e02308dad64004c4582bab8de0e634750 → 200  11.583s  delay=6.000 min_gap=0.000 last=1784631845.419
13:04:05.419  PRE   POST /api/trade/search/Standard  delay=6.000 min_gap=0.000 last=1784631845.419
13:04:05.419  ENF   delay=6.000 min_gap=0.000 jitter=6.648 gap=12.648 since_last=0.000 sleep=12.648
13:04:18.358  PARSE Account 3:5:60 → 1.667s/req pen=60s; Ip 8:10:60 → 1.250s/req pen=60s; Ip 15:60:120 → 4.000s/req pen=120s; Ip 60:300:1800 → 5.000s/req pen=1800s  delay 6.000→6.000  min_gap→0  max_usage=52%
13:04:18.358  RAW   content-type: application/json
13:04:18.358  RAW   x-rate-limit-policy: trade-search-request-limit
13:04:18.358  RAW   x-rate-limit-rules: Account,Ip
13:04:18.358  RAW   x-rate-limit-account: 3:5:60
13:04:18.358  RAW   x-rate-limit-account-state: 1:5:0
13:04:18.358  RAW   x-rate-limit-ip: 8:10:60,15:60:120,60:300:1800
13:04:18.358  RAW   x-rate-limit-ip-state: 2:10:0,6:60:0,31:300:0
13:04:18.358  RAW   cf-cache-status: DYNAMIC
13:04:18.358  RAW   cf-ray: a1e9b958f9ffe32e-WAW
13:04:18.358  RESP  POST /api/trade/search/Standard → 200  12.939s  delay=6.000 min_gap=0.000 last=1784631858.358
13:04:18.358  PRE   GET /api/trade/fetch/6020d5f48250a65a7f514d2ab1a51b46ececde07e749a8abfb71b02cc5a4692c%2C5831c3ff142fea52a7404254c92d648d7dde33f5f8c032e686ec3a86e18f8fa1%2Ce14354777ac695197afa24c8b6372467674cd3ebc5f8a73938d23388c79d6dd9%2C25094c569c19611de7f93b60dcbdc78a1358dc5d64aee7f7ef7e05c9f0f8df17%2Cb2c4adbfb7bd213e32195cbdca7fd5b5a5a79ed5f429286ce39b4c7e48c69ad9  delay=6.000 min_gap=0.000 last=1784631858.358
13:04:18.358  ENF   delay=6.000 min_gap=0.000 jitter=9.158 gap=15.158 since_last=0.000 sleep=15.158
13:04:33.786  PARSE Account 6:4:10 → 0.667s/req pen=10s; Ip 12:4:60 → 0.333s/req pen=60s; Ip 16:12:60 → 0.750s/req pen=60s  delay 6.000→6.000  min_gap→0  max_usage=0%
13:04:33.786  RAW   content-type: application/json
13:04:33.786  RAW   x-rate-limit-policy: trade-fetch-request-limit
13:04:33.786  RAW   x-rate-limit-rules: Account,Ip
13:04:33.786  RAW   x-rate-limit-account: 6:4:10
13:04:33.786  RAW   x-rate-limit-account-state: 1:4:0
13:04:33.786  RAW   x-rate-limit-ip: 12:4:60,16:12:60
13:04:33.786  RAW   x-rate-limit-ip-state: 1:4:0,2:12:0
13:04:33.786  RAW   cf-cache-status: DYNAMIC
13:04:33.786  RAW   cf-ray: a1e9b9b98a37e32e-WAW
13:04:33.786  RESP  GET /api/trade/fetch/6020d5f48250a65a7f514d2ab1a51b46ececde07e749a8abfb71b02cc5a4692c%2C5831c3ff142fea52a7404254c92d648d7dde33f5f8c032e686ec3a86e18f8fa1%2Ce14354777ac695197afa24c8b6372467674cd3ebc5f8a73938d23388c79d6dd9%2C25094c569c19611de7f93b60dcbdc78a1358dc5d64aee7f7ef7e05c9f0f8df17%2Cb2c4adbfb7bd213e32195cbdca7fd5b5a5a79ed5f429286ce39b4c7e48c69ad9 → 200  15.428s  delay=6.000 min_gap=0.000 last=1784631873.786
13:04:33.786  PRE   POST /api/trade/search/Standard  delay=6.000 min_gap=0.000 last=1784631873.787
13:04:33.786  ENF   delay=6.000 min_gap=0.000 jitter=8.562 gap=14.562 since_last=0.000 sleep=14.562
13:04:48.640  PARSE Account 3:5:60 → 1.667s/req pen=60s; Ip 8:10:60 → 1.250s/req pen=60s; Ip 15:60:120 → 4.000s/req pen=120s; Ip 60:300:1800 → 5.000s/req pen=1800s  delay 6.000→6.000  min_gap→0  max_usage=57%
13:04:48.640  RAW   content-type: application/json
13:04:48.640  RAW   x-rate-limit-policy: trade-search-request-limit
13:04:48.640  RAW   x-rate-limit-rules: Account,Ip
13:04:48.640  RAW   x-rate-limit-account: 3:5:60
13:04:48.640  RAW   x-rate-limit-account-state: 1:5:0
13:04:48.640  RAW   x-rate-limit-ip: 8:10:60,15:60:120,60:300:1800
13:04:48.640  RAW   x-rate-limit-ip-state: 1:10:0,6:60:0,34:300:0
13:04:48.640  RAW   cf-cache-status: DYNAMIC
13:04:48.640  RAW   cf-ray: a1e9ba163d98e32e-WAW
13:04:48.640  RESP  POST /api/trade/search/Standard → 200  14.854s  delay=6.000 min_gap=0.000 last=1784631888.641
13:04:48.641  PRE   GET /api/trade/fetch/f0af1ebf8e84c02d23e00310c60b68e8be103cb175d1e59ed5e65122fbdd0432%2Cbeabefb79a00999ba8f64d085c891b81b1fc032cd841a3144266945983af3aab%2C699309d6f52598105767c603f0bdee6d0fa3af73b78d70204c5fb116afe60d1b%2Cdb61b19942705d7cccaa61d96db45772aaa3479349706c2af403027211a2962f%2Cfd38f93dcaf63e66082b396866173cf4f4d4e02dbd29dbb07960fe0574fc1500  delay=6.000 min_gap=0.000 last=1784631888.641
13:04:48.641  ENF   delay=6.000 min_gap=0.000 jitter=8.908 gap=14.908 since_last=0.000 sleep=14.908
13:05:03.812  PARSE Account 6:4:10 → 0.667s/req pen=10s; Ip 12:4:60 → 0.333s/req pen=60s; Ip 16:12:60 → 0.750s/req pen=60s  delay 6.000→6.000  min_gap→0  max_usage=0%
13:05:03.812  RAW   content-type: application/json
13:05:03.812  RAW   x-rate-limit-policy: trade-fetch-request-limit
13:05:03.812  RAW   x-rate-limit-rules: Account,Ip
13:05:03.812  RAW   x-rate-limit-account: 6:4:10
13:05:03.812  RAW   x-rate-limit-account-state: 1:4:0
13:05:03.812  RAW   x-rate-limit-ip: 12:4:60,16:12:60
13:05:03.812  RAW   x-rate-limit-ip-state: 1:4:0,1:12:0
13:05:03.812  RAW   cf-cache-status: DYNAMIC
13:05:03.812  RAW   cf-ray: a1e9ba753971e32e-WAW
13:05:03.812  RESP  GET /api/trade/fetch/f0af1ebf8e84c02d23e00310c60b68e8be103cb175d1e59ed5e65122fbdd0432%2Cbeabefb79a00999ba8f64d085c891b81b1fc032cd841a3144266945983af3aab%2C699309d6f52598105767c603f0bdee6d0fa3af73b78d70204c5fb116afe60d1b%2Cdb61b19942705d7cccaa61d96db45772aaa3479349706c2af403027211a2962f%2Cfd38f93dcaf63e66082b396866173cf4f4d4e02dbd29dbb07960fe0574fc1500 → 200  15.171s  delay=6.000 min_gap=0.000 last=1784631903.813
13:05:03.839  PRE   POST /api/trade/search/Standard  delay=6.000 min_gap=0.000 last=1784631903.813
13:05:03.839  ENF   delay=6.000 min_gap=0.000 jitter=6.361 gap=12.361 since_last=0.026 sleep=12.334
13:05:16.448  PARSE Account 3:5:60 → 1.667s/req pen=60s; Ip 8:10:60 → 1.250s/req pen=60s; Ip 15:60:120 → 4.000s/req pen=120s; Ip 60:300:1800 → 5.000s/req pen=1800s  delay 6.000→6.000  min_gap→0  max_usage=50%
13:05:16.448  RAW   content-type: application/json
13:05:16.448  RAW   x-rate-limit-policy: trade-search-request-limit
13:05:16.448  RAW   x-rate-limit-rules: Account,Ip
13:05:16.448  RAW   x-rate-limit-account: 3:5:60
13:05:16.448  RAW   x-rate-limit-account-state: 1:5:0
13:05:16.448  RAW   x-rate-limit-ip: 8:10:60,15:60:120,60:300:1800
13:05:16.448  RAW   x-rate-limit-ip-state: 1:10:0,5:60:0,30:300:0
13:05:16.448  RAW   cf-cache-status: DYNAMIC
13:05:16.448  RAW   cf-ray: a1e9bac41b70e32e-WAW
13:05:16.449  RESP  POST /api/trade/search/Standard → 200  12.610s  delay=6.000 min_gap=0.000 last=1784631916.449
13:05:16.449  PRE   GET /api/trade/fetch/3224efb2a0cb722fa123255a564b01d6d85190384ebbfe06cacfaad9b796c50d%2C83da4c3837dafd2c43ca797c25f0dd613d4682391d337edf80a2113b1203a249%2Cf2bfd0c0bdef743e5fa0778c8f967bafea9673e2096a45573325220e84c3a6f3%2C72461b5540f9498f38ab5b495a8e20c5b0a8dbd22c8384dd0ff7e6120f2082b2%2Cf692977b052e98d4564a6b92a2d05092c46a6278aa70230a91dac844c128c09b  delay=6.000 min_gap=0.000 last=1784631916.449
13:05:16.449  ENF   delay=6.000 min_gap=0.000 jitter=5.090 gap=11.090 since_last=0.000 sleep=11.090
13:05:27.803  PARSE Account 6:4:10 → 0.667s/req pen=10s; Ip 12:4:60 → 0.333s/req pen=60s; Ip 16:12:60 → 0.750s/req pen=60s  delay 6.000→6.000  min_gap→0  max_usage=0%
13:05:27.803  RAW   content-type: application/json
13:05:27.803  RAW   x-rate-limit-policy: trade-fetch-request-limit
13:05:27.803  RAW   x-rate-limit-rules: Account,Ip
13:05:27.803  RAW   x-rate-limit-account: 6:4:10
13:05:27.803  RAW   x-rate-limit-account-state: 1:4:0
13:05:27.803  RAW   x-rate-limit-ip: 12:4:60,16:12:60
13:05:27.803  RAW   x-rate-limit-ip-state: 1:4:0,1:12:0
13:05:27.803  RAW   cf-cache-status: DYNAMIC
13:05:27.803  RAW   cf-ray: a1e9bb0b2932e32e-WAW
13:05:27.803  RESP  GET /api/trade/fetch/3224efb2a0cb722fa123255a564b01d6d85190384ebbfe06cacfaad9b796c50d%2C83da4c3837dafd2c43ca797c25f0dd613d4682391d337edf80a2113b1203a249%2Cf2bfd0c0bdef743e5fa0778c8f967bafea9673e2096a45573325220e84c3a6f3%2C72461b5540f9498f38ab5b495a8e20c5b0a8dbd22c8384dd0ff7e6120f2082b2%2Cf692977b052e98d4564a6b92a2d05092c46a6278aa70230a91dac844c128c09b → 200  11.354s  delay=6.000 min_gap=0.000 last=1784631927.803
13:05:27.803  PRE   POST /api/trade/search/Standard  delay=6.000 min_gap=0.000 last=1784631927.803
13:05:27.803  ENF   delay=6.000 min_gap=0.000 jitter=6.181 gap=12.181 since_last=0.000 sleep=12.181
13:05:40.268  PARSE Account 3:5:60 → 1.667s/req pen=60s; Ip 8:10:60 → 1.250s/req pen=60s; Ip 15:60:120 → 4.000s/req pen=120s; Ip 60:300:1800 → 5.000s/req pen=1800s  delay 6.000→6.000  min_gap→0  max_usage=57%
13:05:40.268  RAW   content-type: application/json
13:05:40.268  RAW   x-rate-limit-policy: trade-search-request-limit
13:05:40.268  RAW   x-rate-limit-rules: Account,Ip
13:05:40.268  RAW   x-rate-limit-account: 3:5:60
13:05:40.268  RAW   x-rate-limit-account-state: 2:5:0
13:05:40.269  RAW   x-rate-limit-ip: 8:10:60,15:60:120,60:300:1800
13:05:40.269  RAW   x-rate-limit-ip-state: 2:10:0,8:60:0,34:300:0
13:05:40.269  RAW   cf-cache-status: DYNAMIC
13:05:40.269  RAW   cf-ray: a1e9bb58ef12e32e-WAW
13:05:40.269  RESP  POST /api/trade/search/Standard → 200  12.465s  delay=6.000 min_gap=0.000 last=1784631940.269
13:05:40.269  PRE   GET /api/trade/fetch/6020d5f48250a65a7f514d2ab1a51b46ececde07e749a8abfb71b02cc5a4692c%2C5831c3ff142fea52a7404254c92d648d7dde33f5f8c032e686ec3a86e18f8fa1%2Ce14354777ac695197afa24c8b6372467674cd3ebc5f8a73938d23388c79d6dd9%2C25094c569c19611de7f93b60dcbdc78a1358dc5d64aee7f7ef7e05c9f0f8df17%2Cb2c4adbfb7bd213e32195cbdca7fd5b5a5a79ed5f429286ce39b4c7e48c69ad9  delay=6.000 min_gap=0.000 last=1784631940.269
13:05:40.269  ENF   delay=6.000 min_gap=0.000 jitter=6.850 gap=12.850 since_last=0.000 sleep=12.850
13:05:53.382  PARSE Account 6:4:10 → 0.667s/req pen=10s; Ip 12:4:60 → 0.333s/req pen=60s; Ip 16:12:60 → 0.750s/req pen=60s  delay 6.000→6.000  min_gap→0  max_usage=0%
13:05:53.382  RAW   content-type: application/json
13:05:53.382  RAW   x-rate-limit-policy: trade-fetch-request-limit
13:05:53.383  RAW   x-rate-limit-rules: Account,Ip
13:05:53.383  RAW   x-rate-limit-account: 6:4:10
13:05:53.383  RAW   x-rate-limit-account-state: 1:4:0
13:05:53.383  RAW   x-rate-limit-ip: 12:4:60,16:12:60
13:05:53.383  RAW   x-rate-limit-ip-state: 1:4:0,2:12:0
13:05:53.383  RAW   cf-cache-status: DYNAMIC
13:05:53.383  RAW   cf-ray: a1e9bbab0caee32e-WAW
13:05:53.383  RESP  GET /api/trade/fetch/6020d5f48250a65a7f514d2ab1a51b46ececde07e749a8abfb71b02cc5a4692c%2C5831c3ff142fea52a7404254c92d648d7dde33f5f8c032e686ec3a86e18f8fa1%2Ce14354777ac695197afa24c8b6372467674cd3ebc5f8a73938d23388c79d6dd9%2C25094c569c19611de7f93b60dcbdc78a1358dc5d64aee7f7ef7e05c9f0f8df17%2Cb2c4adbfb7bd213e32195cbdca7fd5b5a5a79ed5f429286ce39b4c7e48c69ad9 → 200  13.114s  delay=6.000 min_gap=0.000 last=1784631953.383
13:05:53.383  PRE   POST /api/trade/search/Standard  delay=6.000 min_gap=0.000 last=1784631953.383
13:05:53.383  ENF   delay=6.000 min_gap=0.000 jitter=5.214 gap=11.214 since_last=0.000 sleep=11.213
13:06:04.875  PARSE Account 3:5:60 → 1.667s/req pen=60s; Ip 8:10:60 → 1.250s/req pen=60s; Ip 15:60:120 → 4.000s/req pen=120s; Ip 60:300:1800 → 5.000s/req pen=1800s  delay 6.000→6.000  min_gap→0  max_usage=53%
13:06:04.875  RAW   content-type: application/json
13:06:04.876  RAW   x-rate-limit-policy: trade-search-request-limit
13:06:04.876  RAW   x-rate-limit-rules: Account,Ip
13:06:04.876  RAW   x-rate-limit-account: 3:5:60
13:06:04.876  RAW   x-rate-limit-account-state: 2:5:0
13:06:04.876  RAW   x-rate-limit-ip: 8:10:60,15:60:120,60:300:1800
13:06:04.876  RAW   x-rate-limit-ip-state: 2:10:0,8:60:0,30:300:0
13:06:04.876  RAW   cf-cache-status: DYNAMIC
13:06:04.876  RAW   cf-ray: a1e9bbf2ccb5e32e-WAW
13:06:04.876  RESP  POST /api/trade/search/Standard → 200  11.493s  delay=6.000 min_gap=0.000 last=1784631964.876
13:06:04.901  PRE   POST /api/trade/search/Standard  delay=6.000 min_gap=0.000 last=1784631964.876
13:06:04.901  ENF   delay=6.000 min_gap=0.000 jitter=7.463 gap=13.463 since_last=0.025 sleep=13.437
13:06:18.628  PARSE Account 3:5:60 → 1.667s/req pen=60s; Ip 8:10:60 → 1.250s/req pen=60s; Ip 15:60:120 → 4.000s/req pen=120s; Ip 60:300:1800 → 5.000s/req pen=1800s  delay 6.000→6.000  min_gap→0  max_usage=53%
13:06:18.628  RAW   content-type: application/json
13:06:18.628  RAW   x-rate-limit-policy: trade-search-request-limit
13:06:18.628  RAW   x-rate-limit-rules: Account,Ip
13:06:18.628  RAW   x-rate-limit-account: 3:5:60
13:06:18.628  RAW   x-rate-limit-account-state: 1:5:0
13:06:18.628  RAW   x-rate-limit-ip: 8:10:60,15:60:120,60:300:1800
13:06:18.628  RAW   x-rate-limit-ip-state: 1:10:0,7:60:0,32:300:0
13:06:18.628  RAW   cf-cache-status: DYNAMIC
13:06:18.628  RAW   cf-ray: a1e9bc48ae33e32e-WAW
13:06:18.628  RESP  POST /api/trade/search/Standard → 200  13.727s  delay=6.000 min_gap=0.000 last=1784631978.629
13:06:18.628  PRE   GET /api/trade/fetch/e3f5e5418a4e4dfeafc0757224d563e0d5dddc86e1956a0d35031ef687eb161d%2Ce7767e7e742f96167a2b1d1163c89de2e1a926710717c51245df31729f5bb3f8%2Cc19b5dd0ce246006dea3d2051c5a56bc440f5933db99ccc626a6221f267431f9%2C1f32d8e3bbf89df7779c2381c78b8b29a0260312a7219e9aa20c4b412f4f7e83%2Cc9cb5f968a40b52f3001594e9b69b71e191284e101363ebc84a992e62fbb61f0  delay=6.000 min_gap=0.000 last=1784631978.629
13:06:18.628  ENF   delay=6.000 min_gap=0.000 jitter=8.631 gap=14.631 since_last=0.000 sleep=14.631
13:06:33.523  PARSE Account 6:4:10 → 0.667s/req pen=10s; Ip 12:4:60 → 0.333s/req pen=60s; Ip 16:12:60 → 0.750s/req pen=60s  delay 6.000→6.000  min_gap→0  max_usage=0%
13:06:33.523  RAW   content-type: application/json
13:06:33.523  RAW   x-rate-limit-policy: trade-fetch-request-limit
13:06:33.523  RAW   x-rate-limit-rules: Account,Ip
13:06:33.523  RAW   x-rate-limit-account: 6:4:10
13:06:33.523  RAW   x-rate-limit-account-state: 1:4:0
13:06:33.523  RAW   x-rate-limit-ip: 12:4:60,16:12:60
13:06:33.523  RAW   x-rate-limit-ip-state: 1:4:0,2:12:0
13:06:33.523  RAW   cf-cache-status: DYNAMIC
13:06:33.523  RAW   cf-ray: a1e9bca5e8ebe32e-WAW
13:06:33.523  RESP  GET /api/trade/fetch/e3f5e5418a4e4dfeafc0757224d563e0d5dddc86e1956a0d35031ef687eb161d%2Ce7767e7e742f96167a2b1d1163c89de2e1a926710717c51245df31729f5bb3f8%2Cc19b5dd0ce246006dea3d2051c5a56bc440f5933db99ccc626a6221f267431f9%2C1f32d8e3bbf89df7779c2381c78b8b29a0260312a7219e9aa20c4b412f4f7e83%2Cc9cb5f968a40b52f3001594e9b69b71e191284e101363ebc84a992e62fbb61f0 → 200  14.895s  delay=6.000 min_gap=0.000 last=1784631993.524
13:06:33.523  PRE   POST /api/trade/search/Standard  delay=6.000 min_gap=0.000 last=1784631993.524
13:06:33.524  ENF   delay=6.000 min_gap=0.000 jitter=5.689 gap=11.689 since_last=0.000 sleep=11.688
13:06:45.513  PARSE Account 3:5:60 → 1.667s/req pen=60s; Ip 8:10:60 → 1.250s/req pen=60s; Ip 15:60:120 → 4.000s/req pen=120s; Ip 60:300:1800 → 5.000s/req pen=1800s  delay 6.000→6.000  min_gap→0  max_usage=58%
13:06:45.513  RAW   content-type: application/json
13:06:45.513  RAW   x-rate-limit-policy: trade-search-request-limit
13:06:45.513  RAW   x-rate-limit-rules: Account,Ip
13:06:45.513  RAW   x-rate-limit-account: 3:5:60
13:06:45.513  RAW   x-rate-limit-account-state: 1:5:0
13:06:45.514  RAW   x-rate-limit-ip: 8:10:60,15:60:120,60:300:1800
13:06:45.514  RAW   x-rate-limit-ip-state: 1:10:0,7:60:0,35:300:0
13:06:45.514  RAW   cf-cache-status: DYNAMIC
13:06:45.514  RAW   cf-ray: a1e9bcf09846e32e-WAW
13:06:45.514  RESP  POST /api/trade/search/Standard → 200  11.990s  delay=6.000 min_gap=0.000 last=1784632005.514
13:06:45.514  PRE   GET /api/trade/fetch/6020d5f48250a65a7f514d2ab1a51b46ececde07e749a8abfb71b02cc5a4692c%2C5831c3ff142fea52a7404254c92d648d7dde33f5f8c032e686ec3a86e18f8fa1%2Ce14354777ac695197afa24c8b6372467674cd3ebc5f8a73938d23388c79d6dd9%2C25094c569c19611de7f93b60dcbdc78a1358dc5d64aee7f7ef7e05c9f0f8df17%2Cb2c4adbfb7bd213e32195cbdca7fd5b5a5a79ed5f429286ce39b4c7e48c69ad9  delay=6.000 min_gap=0.000 last=1784632005.514
13:06:45.514  ENF   delay=6.000 min_gap=0.000 jitter=7.454 gap=13.454 since_last=0.000 sleep=13.454
13:06:59.239  PARSE Account 6:4:10 → 0.667s/req pen=10s; Ip 12:4:60 → 0.333s/req pen=60s; Ip 16:12:60 → 0.750s/req pen=60s  delay 6.000→6.000  min_gap→0  max_usage=0%
13:06:59.239  RAW   content-type: application/json
13:06:59.239  RAW   x-rate-limit-policy: trade-fetch-request-limit
13:06:59.239  RAW   x-rate-limit-rules: Account,Ip
13:06:59.239  RAW   x-rate-limit-account: 6:4:10
13:06:59.239  RAW   x-rate-limit-account-state: 2:4:0
13:06:59.239  RAW   x-rate-limit-ip: 12:4:60,16:12:60
13:06:59.239  RAW   x-rate-limit-ip-state: 2:4:0,2:12:0
13:06:59.239  RAW   cf-cache-status: DYNAMIC
13:06:59.239  RAW   cf-ray: a1e9bd469911e32e-WAW
13:06:59.239  RESP  GET /api/trade/fetch/6020d5f48250a65a7f514d2ab1a51b46ececde07e749a8abfb71b02cc5a4692c%2C5831c3ff142fea52a7404254c92d648d7dde33f5f8c032e686ec3a86e18f8fa1%2Ce14354777ac695197afa24c8b6372467674cd3ebc5f8a73938d23388c79d6dd9%2C25094c569c19611de7f93b60dcbdc78a1358dc5d64aee7f7ef7e05c9f0f8df17%2Cb2c4adbfb7bd213e32195cbdca7fd5b5a5a79ed5f429286ce39b4c7e48c69ad9 → 200  13.725s  delay=6.000 min_gap=0.000 last=1784632019.240
13:06:59.239  PRE   POST /api/trade/search/Standard  delay=6.000 min_gap=0.000 last=1784632019.240
13:06:59.239  ENF   delay=6.000 min_gap=0.000 jitter=9.287 gap=15.287 since_last=0.000 sleep=15.287
13:07:14.807  PARSE Account 3:5:60 → 1.667s/req pen=60s; Ip 8:10:60 → 1.250s/req pen=60s; Ip 15:60:120 → 4.000s/req pen=120s; Ip 60:300:1800 → 5.000s/req pen=1800s  delay 6.000→6.000  min_gap→0  max_usage=53%
13:07:14.807  RAW   content-type: application/json
13:07:14.807  RAW   x-rate-limit-policy: trade-search-request-limit
13:07:14.807  RAW   x-rate-limit-rules: Account,Ip
13:07:14.807  RAW   x-rate-limit-account: 3:5:60
13:07:14.807  RAW   x-rate-limit-account-state: 1:5:0
13:07:14.807  RAW   x-rate-limit-ip: 8:10:60,15:60:120,60:300:1800
13:07:14.807  RAW   x-rate-limit-ip-state: 2:10:0,8:60:0,32:300:0
13:07:14.807  RAW   cf-cache-status: DYNAMIC
13:07:14.807  RAW   cf-ray: a1e9bda7dc56e32e-WAW
13:07:14.807  RESP  POST /api/trade/search/Standard → 200  15.568s  delay=6.000 min_gap=0.000 last=1784632034.808
13:07:14.807  PRE   GET /api/trade/fetch/91a59d7499c6378bb3d31eda1998b6972dc695367bf23a8e40d0cb585a9a4c4b%2Cef5dd98cb07e4a0badbd14d97bbe6d6f9889381e0886038145c3e9133f6f68f9%2C1271beb124eef7f9fb99b83e21c294e7bccef958cd0a17c295e911de1015d8ed%2Cd1c5bb00cd188ea0a1bd900fbb5229c4cc6a75c705e7accb543066369be17ff0%2C895509329dbab9ab9333e81cb63c2cccb4194f9fc0c0badf84a4f9795089f86e  delay=6.000 min_gap=0.000 last=1784632034.808
13:07:14.807  ENF   delay=6.000 min_gap=0.000 jitter=9.703 gap=15.703 since_last=0.000 sleep=15.703
13:07:30.780  PARSE Account 6:4:10 → 0.667s/req pen=10s; Ip 12:4:60 → 0.333s/req pen=60s; Ip 16:12:60 → 0.750s/req pen=60s  delay 6.000→6.000  min_gap→0  max_usage=0%
13:07:30.780  RAW   content-type: application/json
13:07:30.780  RAW   x-rate-limit-policy: trade-fetch-request-limit
13:07:30.780  RAW   x-rate-limit-rules: Account,Ip
13:07:30.780  RAW   x-rate-limit-account: 6:4:10
13:07:30.780  RAW   x-rate-limit-account-state: 1:4:0
13:07:30.780  RAW   x-rate-limit-ip: 12:4:60,16:12:60
13:07:30.780  RAW   x-rate-limit-ip-state: 1:4:0,1:12:0
13:07:30.780  RAW   cf-cache-status: DYNAMIC
13:07:30.780  RAW   cf-ray: a1e9be0bbfc6e32e-WAW
13:07:30.780  RESP  GET /api/trade/fetch/91a59d7499c6378bb3d31eda1998b6972dc695367bf23a8e40d0cb585a9a4c4b%2Cef5dd98cb07e4a0badbd14d97bbe6d6f9889381e0886038145c3e9133f6f68f9%2C1271beb124eef7f9fb99b83e21c294e7bccef958cd0a17c295e911de1015d8ed%2Cd1c5bb00cd188ea0a1bd900fbb5229c4cc6a75c705e7accb543066369be17ff0%2C895509329dbab9ab9333e81cb63c2cccb4194f9fc0c0badf84a4f9795089f86e → 200  15.972s  delay=6.000 min_gap=0.000 last=1784632050.780
13:07:30.806  PRE   POST /api/trade/search/Standard  delay=6.000 min_gap=0.000 last=1784632050.780
13:07:30.806  ENF   delay=6.000 min_gap=0.000 jitter=8.241 gap=14.241 since_last=0.026 sleep=14.214
13:07:45.298  PARSE Account 3:5:60 → 1.667s/req pen=60s; Ip 8:10:60 → 1.250s/req pen=60s; Ip 15:60:120 → 4.000s/req pen=120s; Ip 60:300:1800 → 5.000s/req pen=1800s  delay 6.000→6.000  min_gap→0  max_usage=58%
13:07:45.298  RAW   content-type: application/json
13:07:45.298  RAW   x-rate-limit-policy: trade-search-request-limit
13:07:45.298  RAW   x-rate-limit-rules: Account,Ip
13:07:45.298  RAW   x-rate-limit-account: 3:5:60
13:07:45.298  RAW   x-rate-limit-account-state: 1:5:0
13:07:45.298  RAW   x-rate-limit-ip: 8:10:60,15:60:120,60:300:1800
13:07:45.298  RAW   x-rate-limit-ip-state: 1:10:0,6:60:0,35:300:0
13:07:45.298  RAW   cf-cache-status: DYNAMIC
13:07:45.298  RAW   cf-ray: a1e9be666979e32e-WAW
13:07:45.298  RESP  POST /api/trade/search/Standard → 200  14.491s  delay=6.000 min_gap=0.000 last=1784632065.298
13:07:45.298  PRE   GET /api/trade/fetch/e7767e7e742f96167a2b1d1163c89de2e1a926710717c51245df31729f5bb3f8%2Cc19b5dd0ce246006dea3d2051c5a56bc440f5933db99ccc626a6221f267431f9%2Ce3f5e5418a4e4dfeafc0757224d563e0d5dddc86e1956a0d35031ef687eb161d%2C1f361ae570d67f26764f634646a3284861be5888b6a2963d99b6b60912e30be6%2Ceac3f39f5c466560ef37818774c32d2c3ad1a079570d360ca3dc5c227c22e890  delay=6.000 min_gap=0.000 last=1784632065.298
13:07:45.298  ENF   delay=6.000 min_gap=0.000 jitter=9.713 gap=15.713 since_last=0.000 sleep=15.713
13:08:01.277  PARSE Account 6:4:10 → 0.667s/req pen=10s; Ip 12:4:60 → 0.333s/req pen=60s; Ip 16:12:60 → 0.750s/req pen=60s  delay 6.000→6.000  min_gap→0  max_usage=0%
13:08:01.277  RAW   content-type: application/json
13:08:01.277  RAW   x-rate-limit-policy: trade-fetch-request-limit
13:08:01.277  RAW   x-rate-limit-rules: Account,Ip
13:08:01.277  RAW   x-rate-limit-account: 6:4:10
13:08:01.277  RAW   x-rate-limit-account-state: 1:4:0
13:08:01.277  RAW   x-rate-limit-ip: 12:4:60,16:12:60
13:08:01.277  RAW   x-rate-limit-ip-state: 1:4:0,1:12:0
13:08:01.277  RAW   cf-cache-status: DYNAMIC
13:08:01.277  RAW   cf-ray: a1e9beca5fa5e32e-WAW
13:08:01.277  RESP  GET /api/trade/fetch/e7767e7e742f96167a2b1d1163c89de2e1a926710717c51245df31729f5bb3f8%2Cc19b5dd0ce246006dea3d2051c5a56bc440f5933db99ccc626a6221f267431f9%2Ce3f5e5418a4e4dfeafc0757224d563e0d5dddc86e1956a0d35031ef687eb161d%2C1f361ae570d67f26764f634646a3284861be5888b6a2963d99b6b60912e30be6%2Ceac3f39f5c466560ef37818774c32d2c3ad1a079570d360ca3dc5c227c22e890 → 200  15.979s  delay=6.000 min_gap=0.000 last=1784632081.278
13:08:01.277  PRE   POST /api/trade/search/Standard  delay=6.000 min_gap=0.000 last=1784632081.278
13:08:01.278  ENF   delay=6.000 min_gap=0.000 jitter=6.368 gap=12.368 since_last=0.000 sleep=12.368
13:08:13.937  PARSE Account 3:5:60 → 1.667s/req pen=60s; Ip 8:10:60 → 1.250s/req pen=60s; Ip 15:60:120 → 4.000s/req pen=120s; Ip 60:300:1800 → 5.000s/req pen=1800s  delay 6.000→6.000  min_gap→0  max_usage=52%
13:08:13.937  RAW   content-type: application/json
13:08:13.937  RAW   x-rate-limit-policy: trade-search-request-limit
13:08:13.937  RAW   x-rate-limit-rules: Account,Ip
13:08:13.937  RAW   x-rate-limit-account: 3:5:60
13:08:13.937  RAW   x-rate-limit-account-state: 1:5:0
13:08:13.937  RAW   x-rate-limit-ip: 8:10:60,15:60:120,60:300:1800
13:08:13.937  RAW   x-rate-limit-ip-state: 1:10:0,6:60:0,31:300:0
13:08:13.937  RAW   cf-cache-status: DYNAMIC
13:08:13.937  RAW   cf-ray: a1e9bf194fede32e-WAW
13:08:13.937  RESP  POST /api/trade/search/Standard → 200  12.659s  delay=6.000 min_gap=0.000 last=1784632093.937
13:08:13.937  PRE   GET /api/trade/fetch/6020d5f48250a65a7f514d2ab1a51b46ececde07e749a8abfb71b02cc5a4692c%2C5831c3ff142fea52a7404254c92d648d7dde33f5f8c032e686ec3a86e18f8fa1%2Ce14354777ac695197afa24c8b6372467674cd3ebc5f8a73938d23388c79d6dd9%2C25094c569c19611de7f93b60dcbdc78a1358dc5d64aee7f7ef7e05c9f0f8df17%2Cb2c4adbfb7bd213e32195cbdca7fd5b5a5a79ed5f429286ce39b4c7e48c69ad9  delay=6.000 min_gap=0.000 last=1784632093.937
13:08:13.937  ENF   delay=6.000 min_gap=0.000 jitter=6.962 gap=12.962 since_last=0.000 sleep=12.962
13:08:27.175  PARSE Account 6:4:10 → 0.667s/req pen=10s; Ip 12:4:60 → 0.333s/req pen=60s; Ip 16:12:60 → 0.750s/req pen=60s  delay 6.000→6.000  min_gap→0  max_usage=0%
13:08:27.175  RAW   content-type: application/json
13:08:27.176  RAW   x-rate-limit-policy: trade-fetch-request-limit
13:08:27.176  RAW   x-rate-limit-rules: Account,Ip
13:08:27.176  RAW   x-rate-limit-account: 6:4:10
13:08:27.176  RAW   x-rate-limit-account-state: 1:4:0
13:08:27.176  RAW   x-rate-limit-ip: 12:4:60,16:12:60
13:08:27.176  RAW   x-rate-limit-ip-state: 1:4:0,1:12:0
13:08:27.176  RAW   cf-cache-status: DYNAMIC
13:08:27.176  RAW   cf-ray: a1e9bf6c2b01e32e-WAW
13:08:27.176  RESP  GET /api/trade/fetch/6020d5f48250a65a7f514d2ab1a51b46ececde07e749a8abfb71b02cc5a4692c%2C5831c3ff142fea52a7404254c92d648d7dde33f5f8c032e686ec3a86e18f8fa1%2Ce14354777ac695197afa24c8b6372467674cd3ebc5f8a73938d23388c79d6dd9%2C25094c569c19611de7f93b60dcbdc78a1358dc5d64aee7f7ef7e05c9f0f8df17%2Cb2c4adbfb7bd213e32195cbdca7fd5b5a5a79ed5f429286ce39b4c7e48c69ad9 → 200  13.238s  delay=6.000 min_gap=0.000 last=1784632107.176
13:08:27.176  PRE   POST /api/trade/search/Standard  delay=6.000 min_gap=0.000 last=1784632107.176
13:08:27.176  ENF   delay=6.000 min_gap=0.000 jitter=5.698 gap=11.698 since_last=0.000 sleep=11.698
13:08:39.152  PARSE Account 3:5:60 → 1.667s/req pen=60s; Ip 8:10:60 → 1.250s/req pen=60s; Ip 15:60:120 → 4.000s/req pen=120s; Ip 60:300:1800 → 5.000s/req pen=1800s  delay 6.000→6.000  min_gap→0  max_usage=57%
13:08:39.152  RAW   content-type: application/json
13:08:39.152  RAW   x-rate-limit-policy: trade-search-request-limit
13:08:39.152  RAW   x-rate-limit-rules: Account,Ip
13:08:39.152  RAW   x-rate-limit-account: 3:5:60
13:08:39.152  RAW   x-rate-limit-account-state: 1:5:0
13:08:39.152  RAW   x-rate-limit-ip: 8:10:60,15:60:120,60:300:1800
13:08:39.152  RAW   x-rate-limit-ip-state: 1:10:0,7:60:0,34:300:0
13:08:39.152  RAW   cf-cache-status: DYNAMIC
13:08:39.152  RAW   cf-ray: a1e9bfb6fc58e32e-WAW
13:08:39.152  RESP  POST /api/trade/search/Standard → 200  11.976s  delay=6.000 min_gap=0.000 last=1784632119.153
13:08:39.152  PRE   GET /api/trade/fetch/92e965e69c02947b0ce14aef408324af1b3e9d00c01e02bdaf85148f7fbc8ebe%2C00360a86573def8b240403dfa89e5b6b5d3ee9e65d8ad7427720884f923e4262%2Cc776ff91faa5d9a4b576641915cc840d52fc665b918111abb59e4f18da70ce5c%2C17263fb4dd44aa34a299844cabb19e0881c16870b8d0f0d30febf502d609fd65%2C8711b7af1553ca9a23ff26308f0cf786c4439ee1a7fbc58a708ae8adcc7bb97a  delay=6.000 min_gap=0.000 last=1784632119.153
13:08:39.152  ENF   delay=6.000 min_gap=0.000 jitter=9.781 gap=15.781 since_last=0.000 sleep=15.781
13:08:55.253  PARSE Account 6:4:10 → 0.667s/req pen=10s; Ip 12:4:60 → 0.333s/req pen=60s; Ip 16:12:60 → 0.750s/req pen=60s  delay 6.000→6.000  min_gap→0  max_usage=0%
13:08:55.253  RAW   content-type: application/json
13:08:55.253  RAW   x-rate-limit-policy: trade-fetch-request-limit
13:08:55.253  RAW   x-rate-limit-rules: Account,Ip
13:08:55.253  RAW   x-rate-limit-account: 6:4:10
13:08:55.253  RAW   x-rate-limit-account-state: 2:4:0
13:08:55.253  RAW   x-rate-limit-ip: 12:4:60,16:12:60
13:08:55.254  RAW   x-rate-limit-ip-state: 2:4:0,2:12:0
13:08:55.254  RAW   cf-cache-status: DYNAMIC
13:08:55.254  RAW   cf-ray: a1e9c01b5eb7e32e-WAW
13:08:55.254  RESP  GET /api/trade/fetch/92e965e69c02947b0ce14aef408324af1b3e9d00c01e02bdaf85148f7fbc8ebe%2C00360a86573def8b240403dfa89e5b6b5d3ee9e65d8ad7427720884f923e4262%2Cc776ff91faa5d9a4b576641915cc840d52fc665b918111abb59e4f18da70ce5c%2C17263fb4dd44aa34a299844cabb19e0881c16870b8d0f0d30febf502d609fd65%2C8711b7af1553ca9a23ff26308f0cf786c4439ee1a7fbc58a708ae8adcc7bb97a → 200  16.101s  delay=6.000 min_gap=0.000 last=1784632135.254
13:08:55.278  PRE   POST /api/trade/search/Standard  delay=6.000 min_gap=0.000 last=1784632135.254
13:08:55.278  ENF   delay=6.000 min_gap=0.000 jitter=6.513 gap=12.513 since_last=0.025 sleep=12.488
13:09:08.042  PARSE Account 3:5:60 → 1.667s/req pen=60s; Ip 8:10:60 → 1.250s/req pen=60s; Ip 15:60:120 → 4.000s/req pen=120s; Ip 60:300:1800 → 5.000s/req pen=1800s  delay 6.000→6.000  min_gap→0  max_usage=50%
13:09:08.042  RAW   content-type: application/json
13:09:08.042  RAW   x-rate-limit-policy: trade-search-request-limit
13:09:08.042  RAW   x-rate-limit-rules: Account,Ip
13:09:08.042  RAW   x-rate-limit-account: 3:5:60
13:09:08.042  RAW   x-rate-limit-account-state: 2:5:0
13:09:08.042  RAW   x-rate-limit-ip: 8:10:60,15:60:120,60:300:1800
13:09:08.042  RAW   x-rate-limit-ip-state: 2:10:0,7:60:0,30:300:0
13:09:08.042  RAW   cf-cache-status: DYNAMIC
13:09:08.042  RAW   cf-ray: a1e9c06b9dfde32e-WAW
13:09:08.042  RESP  POST /api/trade/search/Standard → 200  12.763s  delay=6.000 min_gap=0.000 last=1784632148.042
13:09:08.042  PRE   GET /api/trade/fetch/2a37e677e30640f4318dfa0a3438f0f2eb6ad8c57f06c99be1677265030e2a1c%2C0f603681e4e4e8895a1c1db1376c49116b7bf704c55098f93be862ad2a7f2c2f%2C2a4c0f00f8056edc2fecd642188bbd86ec4cbd676af598e014929db1e7aa657d%2Cf5ed5b718670f2060bc83915ef0513c0e4e22eff7d5004f85732cc299b739d71%2Cf33c012b0254a0b15985f69a86c40c45b8754f3be821c09af32ba3fb075f8cab  delay=6.000 min_gap=0.000 last=1784632148.042
13:09:08.042  ENF   delay=6.000 min_gap=0.000 jitter=6.351 gap=12.351 since_last=0.000 sleep=12.351
13:09:20.656  PARSE Account 6:4:10 → 0.667s/req pen=10s; Ip 12:4:60 → 0.333s/req pen=60s; Ip 16:12:60 → 0.750s/req pen=60s  delay 6.000→6.000  min_gap→0  max_usage=0%
13:09:20.656  RAW   content-type: application/json
13:09:20.656  RAW   x-rate-limit-policy: trade-fetch-request-limit
13:09:20.656  RAW   x-rate-limit-rules: Account,Ip
13:09:20.656  RAW   x-rate-limit-account: 6:4:10
13:09:20.656  RAW   x-rate-limit-account-state: 1:4:0
13:09:20.656  RAW   x-rate-limit-ip: 12:4:60,16:12:60
13:09:20.656  RAW   x-rate-limit-ip-state: 1:4:0,2:12:0
13:09:20.656  RAW   cf-cache-status: DYNAMIC
13:09:20.656  RAW   cf-ray: a1e9c0ba79b2e32e-WAW
13:09:20.656  RESP  GET /api/trade/fetch/2a37e677e30640f4318dfa0a3438f0f2eb6ad8c57f06c99be1677265030e2a1c%2C0f603681e4e4e8895a1c1db1376c49116b7bf704c55098f93be862ad2a7f2c2f%2C2a4c0f00f8056edc2fecd642188bbd86ec4cbd676af598e014929db1e7aa657d%2Cf5ed5b718670f2060bc83915ef0513c0e4e22eff7d5004f85732cc299b739d71%2Cf33c012b0254a0b15985f69a86c40c45b8754f3be821c09af32ba3fb075f8cab → 200  12.614s  delay=6.000 min_gap=0.000 last=1784632160.657
13:09:20.656  PRE   POST /api/trade/search/Standard  delay=6.000 min_gap=0.000 last=1784632160.657
13:09:20.656  ENF   delay=6.000 min_gap=0.000 jitter=9.242 gap=15.242 since_last=0.000 sleep=15.242
13:09:36.191  PARSE Account 3:5:60 → 1.667s/req pen=60s; Ip 8:10:60 → 1.250s/req pen=60s; Ip 15:60:120 → 4.000s/req pen=120s; Ip 60:300:1800 → 5.000s/req pen=1800s  delay 6.000→6.000  min_gap→0  max_usage=55%
13:09:36.191  RAW   content-type: application/json
13:09:36.191  RAW   x-rate-limit-policy: trade-search-request-limit
13:09:36.191  RAW   x-rate-limit-rules: Account,Ip
13:09:36.191  RAW   x-rate-limit-account: 3:5:60
13:09:36.191  RAW   x-rate-limit-account-state: 1:5:0
13:09:36.191  RAW   x-rate-limit-ip: 8:10:60,15:60:120,60:300:1800
13:09:36.191  RAW   x-rate-limit-ip-state: 1:10:0,6:60:0,33:300:0
13:09:36.191  RAW   cf-cache-status: DYNAMIC
13:09:36.191  RAW   cf-ray: a1e9c11b6936e32e-WAW
13:09:36.191  RESP  POST /api/trade/search/Standard → 200  15.534s  delay=6.000 min_gap=0.000 last=1784632176.192
13:09:36.191  PRE   GET /api/trade/fetch/6020d5f48250a65a7f514d2ab1a51b46ececde07e749a8abfb71b02cc5a4692c%2C5831c3ff142fea52a7404254c92d648d7dde33f5f8c032e686ec3a86e18f8fa1%2Ce14354777ac695197afa24c8b6372467674cd3ebc5f8a73938d23388c79d6dd9%2C25094c569c19611de7f93b60dcbdc78a1358dc5d64aee7f7ef7e05c9f0f8df17%2Cb2c4adbfb7bd213e32195cbdca7fd5b5a5a79ed5f429286ce39b4c7e48c69ad9  delay=6.000 min_gap=0.000 last=1784632176.192
13:09:36.191  ENF   delay=6.000 min_gap=0.000 jitter=9.684 gap=15.684 since_last=0.000 sleep=15.684
13:09:52.139  PARSE Account 6:4:10 → 0.667s/req pen=10s; Ip 12:4:60 → 0.333s/req pen=60s; Ip 16:12:60 → 0.750s/req pen=60s  delay 6.000→6.000  min_gap→0  max_usage=0%
13:09:52.139  RAW   content-type: application/json
13:09:52.139  RAW   x-rate-limit-policy: trade-fetch-request-limit
13:09:52.139  RAW   x-rate-limit-rules: Account,Ip
13:09:52.139  RAW   x-rate-limit-account: 6:4:10
13:09:52.139  RAW   x-rate-limit-account-state: 1:4:0
13:09:52.139  RAW   x-rate-limit-ip: 12:4:60,16:12:60
13:09:52.139  RAW   x-rate-limit-ip-state: 1:4:0,2:12:0
13:09:52.139  RAW   cf-cache-status: DYNAMIC
13:09:52.139  RAW   cf-ray: a1e9c17f3f8ce32e-WAW
13:09:52.139  RESP  GET /api/trade/fetch/6020d5f48250a65a7f514d2ab1a51b46ececde07e749a8abfb71b02cc5a4692c%2C5831c3ff142fea52a7404254c92d648d7dde33f5f8c032e686ec3a86e18f8fa1%2Ce14354777ac695197afa24c8b6372467674cd3ebc5f8a73938d23388c79d6dd9%2C25094c569c19611de7f93b60dcbdc78a1358dc5d64aee7f7ef7e05c9f0f8df17%2Cb2c4adbfb7bd213e32195cbdca7fd5b5a5a79ed5f429286ce39b4c7e48c69ad9 → 200  15.948s  delay=6.000 min_gap=0.000 last=1784632192.140
13:09:52.139  PRE   POST /api/trade/search/Standard  delay=6.000 min_gap=0.000 last=1784632192.140
13:09:52.140  ENF   delay=6.000 min_gap=0.000 jitter=5.786 gap=11.786 since_last=0.000 sleep=11.786
13:10:04.204  PARSE Account 3:5:60 → 1.667s/req pen=60s; Ip 8:10:60 → 1.250s/req pen=60s; Ip 15:60:120 → 4.000s/req pen=120s; Ip 60:300:1800 → 5.000s/req pen=1800s  delay 6.000→6.000  min_gap→0  max_usage=50%
13:10:04.204  RAW   content-type: application/json
13:10:04.204  RAW   x-rate-limit-policy: trade-search-request-limit
13:10:04.204  RAW   x-rate-limit-rules: Account,Ip
13:10:04.204  RAW   x-rate-limit-account: 3:5:60
13:10:04.204  RAW   x-rate-limit-account-state: 1:5:0
13:10:04.204  RAW   x-rate-limit-ip: 8:10:60,15:60:120,60:300:1800
13:10:04.204  RAW   x-rate-limit-ip-state: 1:10:0,6:60:0,30:300:0
13:10:04.204  RAW   cf-cache-status: DYNAMIC
13:10:04.204  RAW   cf-ray: a1e9c1ca8c3ce32e-WAW
13:10:04.204  RESP  POST /api/trade/search/Standard → 200  12.065s  delay=6.000 min_gap=0.000 last=1784632204.205
13:10:04.204  PRE   GET /api/trade/fetch/0f603681e4e4e8895a1c1db1376c49116b7bf704c55098f93be862ad2a7f2c2f%2Cac15b7abf6ef058fa2b975824c2c9d821c99c839ed4aa21f7cd4a7af12bda682%2Cb33cc1edaf2c22ee9d5afffc16daccb3b74eac4f5043edac278c4b030483f7ff%2C9e3e52391237be11477bfdef3351e23d39eb3699408f3536ec477c239f581371%2C35b12b16c4d6bdef1689039bda4b1d824c8c7bf69a832fc2cadec5835cb8f8bd  delay=6.000 min_gap=0.000 last=1784632204.205
13:10:04.204  ENF   delay=6.000 min_gap=0.000 jitter=8.620 gap=14.620 since_last=0.000 sleep=14.620
13:10:19.094  PARSE Account 6:4:10 → 0.667s/req pen=10s; Ip 12:4:60 → 0.333s/req pen=60s; Ip 16:12:60 → 0.750s/req pen=60s  delay 6.000→6.000  min_gap→0  max_usage=0%
13:10:19.094  RAW   content-type: application/json
13:10:19.094  RAW   x-rate-limit-policy: trade-fetch-request-limit
13:10:19.094  RAW   x-rate-limit-rules: Account,Ip
13:10:19.094  RAW   x-rate-limit-account: 6:4:10
13:10:19.094  RAW   x-rate-limit-account-state: 1:4:0
13:10:19.094  RAW   x-rate-limit-ip: 12:4:60,16:12:60
13:10:19.094  RAW   x-rate-limit-ip-state: 1:4:0,1:12:0
13:10:19.094  RAW   cf-cache-status: DYNAMIC
13:10:19.094  RAW   cf-ray: a1e9c227a80fe32e-WAW
13:10:19.094  RESP  GET /api/trade/fetch/0f603681e4e4e8895a1c1db1376c49116b7bf704c55098f93be862ad2a7f2c2f%2Cac15b7abf6ef058fa2b975824c2c9d821c99c839ed4aa21f7cd4a7af12bda682%2Cb33cc1edaf2c22ee9d5afffc16daccb3b74eac4f5043edac278c4b030483f7ff%2C9e3e52391237be11477bfdef3351e23d39eb3699408f3536ec477c239f581371%2C35b12b16c4d6bdef1689039bda4b1d824c8c7bf69a832fc2cadec5835cb8f8bd → 200  14.889s  delay=6.000 min_gap=0.000 last=1784632219.095
13:10:19.113  PRE   POST /api/trade/search/Standard  delay=6.000 min_gap=0.000 last=1784632219.095
13:10:19.113  ENF   delay=6.000 min_gap=0.000 jitter=6.075 gap=12.075 since_last=0.019 sleep=12.056
13:10:31.445  PARSE Account 3:5:60 → 1.667s/req pen=60s; Ip 8:10:60 → 1.250s/req pen=60s; Ip 15:60:120 → 4.000s/req pen=120s; Ip 60:300:1800 → 5.000s/req pen=1800s  delay 6.000→6.000  min_gap→0  max_usage=55%
13:10:31.445  RAW   content-type: application/json
13:10:31.445  RAW   x-rate-limit-policy: trade-search-request-limit
13:10:31.445  RAW   x-rate-limit-rules: Account,Ip
13:10:31.445  RAW   x-rate-limit-account: 3:5:60
13:10:31.445  RAW   x-rate-limit-account-state: 1:5:0
13:10:31.445  RAW   x-rate-limit-ip: 8:10:60,15:60:120,60:300:1800
13:10:31.445  RAW   x-rate-limit-ip-state: 1:10:0,6:60:0,33:300:0
13:10:31.445  RAW   cf-cache-status: DYNAMIC
13:10:31.445  RAW   cf-ray: a1e9c274d8afe32e-WAW
13:10:31.445  RESP  POST /api/trade/search/Standard → 200  12.332s  delay=6.000 min_gap=0.000 last=1784632231.446
13:10:31.445  PRE   GET /api/trade/fetch/451379584c63c8eb509c9656b819722b5e7748e94edfe519fe23c7cbf123fe06%2C340eb6a11f5c1bc64f7da852b73d1f1d7ba0becf9f6b77997a8c5126c9925ae3%2C90d2fa0b84a1fee078f041dc067fa021051e794b22be9635fc83b08fe769051e%2C3a5df0383d6f716275553ac971214463887bf6dbe030bae51cbef4d730720088%2Cdc5393e3ff98aec28cc1661dd5eb36d7a44efea67d29949279761ddef0b9d8e9  delay=6.000 min_gap=0.000 last=1784632231.446
13:10:31.445  ENF   delay=6.000 min_gap=0.000 jitter=6.382 gap=12.382 since_last=0.000 sleep=12.382
13:10:44.095  PARSE Account 6:4:10 → 0.667s/req pen=10s; Ip 12:4:60 → 0.333s/req pen=60s; Ip 16:12:60 → 0.750s/req pen=60s  delay 6.000→6.000  min_gap→0  max_usage=0%
13:10:44.095  RAW   content-type: application/json
13:10:44.095  RAW   x-rate-limit-policy: trade-fetch-request-limit
13:10:44.095  RAW   x-rate-limit-rules: Account,Ip
13:10:44.095  RAW   x-rate-limit-account: 6:4:10
13:10:44.095  RAW   x-rate-limit-account-state: 1:4:0
13:10:44.095  RAW   x-rate-limit-ip: 12:4:60,16:12:60
13:10:44.095  RAW   x-rate-limit-ip-state: 1:4:0,1:12:0
13:10:44.095  RAW   cf-cache-status: DYNAMIC
13:10:44.095  RAW   cf-ray: a1e9c2c3fb9ce32e-WAW
13:10:44.095  RESP  GET /api/trade/fetch/451379584c63c8eb509c9656b819722b5e7748e94edfe519fe23c7cbf123fe06%2C340eb6a11f5c1bc64f7da852b73d1f1d7ba0becf9f6b77997a8c5126c9925ae3%2C90d2fa0b84a1fee078f041dc067fa021051e794b22be9635fc83b08fe769051e%2C3a5df0383d6f716275553ac971214463887bf6dbe030bae51cbef4d730720088%2Cdc5393e3ff98aec28cc1661dd5eb36d7a44efea67d29949279761ddef0b9d8e9 → 200  12.649s  delay=6.000 min_gap=0.000 last=1784632244.095
13:10:44.095  PRE   POST /api/trade/search/Standard  delay=6.000 min_gap=0.000 last=1784632244.095
13:10:44.095  ENF   delay=6.000 min_gap=0.000 jitter=5.646 gap=11.646 since_last=0.000 sleep=11.646
13:10:56.029  PARSE Account 3:5:60 → 1.667s/req pen=60s; Ip 8:10:60 → 1.250s/req pen=60s; Ip 15:60:120 → 4.000s/req pen=120s; Ip 60:300:1800 → 5.000s/req pen=1800s  delay 6.000→6.000  min_gap→0  max_usage=62%
13:10:56.029  RAW   content-type: application/json
13:10:56.029  RAW   x-rate-limit-policy: trade-search-request-limit
13:10:56.029  RAW   x-rate-limit-rules: Account,Ip
13:10:56.029  RAW   x-rate-limit-account: 3:5:60
13:10:56.029  RAW   x-rate-limit-account-state: 2:5:0
13:10:56.029  RAW   x-rate-limit-ip: 8:10:60,15:60:120,60:300:1800
13:10:56.029  RAW   x-rate-limit-ip-state: 2:10:0,8:60:0,37:300:0
13:10:56.029  RAW   cf-cache-status: DYNAMIC
13:10:56.029  RAW   cf-ray: a1e9c30e6e9be32e-WAW
13:10:56.029  RESP  POST /api/trade/search/Standard → 200  11.934s  delay=6.000 min_gap=0.000 last=1784632256.030
13:10:56.029  PRE   GET /api/trade/fetch/6020d5f48250a65a7f514d2ab1a51b46ececde07e749a8abfb71b02cc5a4692c%2C5831c3ff142fea52a7404254c92d648d7dde33f5f8c032e686ec3a86e18f8fa1%2Ce14354777ac695197afa24c8b6372467674cd3ebc5f8a73938d23388c79d6dd9%2C25094c569c19611de7f93b60dcbdc78a1358dc5d64aee7f7ef7e05c9f0f8df17%2Cb2c4adbfb7bd213e32195cbdca7fd5b5a5a79ed5f429286ce39b4c7e48c69ad9  delay=6.000 min_gap=0.000 last=1784632256.030
13:10:56.029  ENF   delay=6.000 min_gap=0.000 jitter=7.165 gap=13.165 since_last=0.000 sleep=13.165
13:11:09.468  PARSE Account 6:4:10 → 0.667s/req pen=10s; Ip 12:4:60 → 0.333s/req pen=60s; Ip 16:12:60 → 0.750s/req pen=60s  delay 6.000→6.000  min_gap→0  max_usage=0%
13:11:09.468  RAW   content-type: application/json
13:11:09.468  RAW   x-rate-limit-policy: trade-fetch-request-limit
13:11:09.468  RAW   x-rate-limit-rules: Account,Ip
13:11:09.468  RAW   x-rate-limit-account: 6:4:10
13:11:09.468  RAW   x-rate-limit-account-state: 2:4:0
13:11:09.468  RAW   x-rate-limit-ip: 12:4:60,16:12:60
13:11:09.468  RAW   x-rate-limit-ip-state: 2:4:0,2:12:0
13:11:09.468  RAW   cf-cache-status: DYNAMIC
13:11:09.468  RAW   cf-ray: a1e9c3627c24e32e-WAW
13:11:09.468  RESP  GET /api/trade/fetch/6020d5f48250a65a7f514d2ab1a51b46ececde07e749a8abfb71b02cc5a4692c%2C5831c3ff142fea52a7404254c92d648d7dde33f5f8c032e686ec3a86e18f8fa1%2Ce14354777ac695197afa24c8b6372467674cd3ebc5f8a73938d23388c79d6dd9%2C25094c569c19611de7f93b60dcbdc78a1358dc5d64aee7f7ef7e05c9f0f8df17%2Cb2c4adbfb7bd213e32195cbdca7fd5b5a5a79ed5f429286ce39b4c7e48c69ad9 → 200  13.439s  delay=6.000 min_gap=0.000 last=1784632269.469
13:11:09.468  PRE   POST /api/trade/search/Standard  delay=6.000 min_gap=0.000 last=1784632269.469
13:11:09.468  ENF   delay=6.000 min_gap=0.000 jitter=5.582 gap=11.582 since_last=0.000 sleep=11.582
13:11:21.327  PARSE Account 3:5:60 → 1.667s/req pen=60s; Ip 8:10:60 → 1.250s/req pen=60s; Ip 15:60:120 → 4.000s/req pen=120s; Ip 60:300:1800 → 5.000s/req pen=1800s  delay 6.000→6.000  min_gap→0  max_usage=53%
13:11:21.327  RAW   content-type: application/json
13:11:21.327  RAW   x-rate-limit-policy: trade-search-request-limit
13:11:21.327  RAW   x-rate-limit-rules: Account,Ip
13:11:21.327  RAW   x-rate-limit-account: 3:5:60
13:11:21.327  RAW   x-rate-limit-account-state: 2:5:0
13:11:21.327  RAW   x-rate-limit-ip: 8:10:60,15:60:120,60:300:1800
13:11:21.327  RAW   x-rate-limit-ip-state: 2:10:0,8:60:0,32:300:0
13:11:21.327  RAW   cf-cache-status: DYNAMIC
13:11:21.327  RAW   cf-ray: a1e9c3ac9c15e32e-WAW
13:11:21.327  RESP  POST /api/trade/search/Standard → 200  11.859s  delay=6.000 min_gap=0.000 last=1784632281.327
13:11:21.327  PRE   GET /api/trade/fetch/5156c931ec3c5672810d4f2c6fe5105262aaf8736ae0e89d4c3893200a23ade7%2Cb8fdda888e4eded197e154767f253ce0852ba0e39fd74b54dfe908af699e3f1d%2Cb1e1af466c524d5a2f8fe9e724e08666dccc29143aa9339906a32050d8e3aef4%2C2687c51cfff51d256d44011633ebbf26ec994ad75a2a14abf56c814f3c141c02%2C191689c45400abe39d21b83e233e1f15271ee6c74222403bfa60b556fdc6c79a  delay=6.000 min_gap=0.000 last=1784632281.327
13:11:21.327  ENF   delay=6.000 min_gap=0.000 jitter=6.568 gap=12.568 since_last=0.000 sleep=12.568
13:11:34.164  PARSE Account 6:4:10 → 0.667s/req pen=10s; Ip 12:4:60 → 0.333s/req pen=60s; Ip 16:12:60 → 0.750s/req pen=60s  delay 6.000→6.000  min_gap→0  max_usage=0%
13:11:34.164  RAW   content-type: application/json
13:11:34.164  RAW   x-rate-limit-policy: trade-fetch-request-limit
13:11:34.164  RAW   x-rate-limit-rules: Account,Ip
13:11:34.164  RAW   x-rate-limit-account: 6:4:10
13:11:34.164  RAW   x-rate-limit-account-state: 1:4:0
13:11:34.164  RAW   x-rate-limit-ip: 12:4:60,16:12:60
13:11:34.164  RAW   x-rate-limit-ip-state: 1:4:0,3:12:0
13:11:34.164  RAW   cf-cache-status: DYNAMIC
13:11:34.164  RAW   cf-ray: a1e9c3fcdc36e32e-WAW
13:11:34.164  RESP  GET /api/trade/fetch/5156c931ec3c5672810d4f2c6fe5105262aaf8736ae0e89d4c3893200a23ade7%2Cb8fdda888e4eded197e154767f253ce0852ba0e39fd74b54dfe908af699e3f1d%2Cb1e1af466c524d5a2f8fe9e724e08666dccc29143aa9339906a32050d8e3aef4%2C2687c51cfff51d256d44011633ebbf26ec994ad75a2a14abf56c814f3c141c02%2C191689c45400abe39d21b83e233e1f15271ee6c74222403bfa60b556fdc6c79a → 200  12.837s  delay=6.000 min_gap=0.000 last=1784632294.164
13:11:34.191  PRE   POST /api/trade/search/Standard  delay=6.000 min_gap=0.000 last=1784632294.164
13:11:34.191  ENF   delay=6.000 min_gap=0.000 jitter=5.203 gap=11.203 since_last=0.027 sleep=11.176
13:11:45.644  PARSE Account 3:5:60 → 1.667s/req pen=60s; Ip 8:10:60 → 1.250s/req pen=60s; Ip 15:60:120 → 4.000s/req pen=120s; Ip 60:300:1800 → 5.000s/req pen=1800s  delay 6.000→6.000  min_gap→0  max_usage=58%
13:11:45.644  RAW   content-type: application/json
13:11:45.644  RAW   x-rate-limit-policy: trade-search-request-limit
13:11:45.644  RAW   x-rate-limit-rules: Account,Ip
13:11:45.644  RAW   x-rate-limit-account: 3:5:60
13:11:45.644  RAW   x-rate-limit-account-state: 1:5:0
13:11:45.644  RAW   x-rate-limit-ip: 8:10:60,15:60:120,60:300:1800
13:11:45.644  RAW   x-rate-limit-ip-state: 2:10:0,6:60:0,35:300:0
13:11:45.644  RAW   cf-cache-status: DYNAMIC
13:11:45.644  RAW   cf-ray: a1e9c4449abde32e-WAW
13:11:45.644  RESP  POST /api/trade/search/Standard → 200  11.453s  delay=6.000 min_gap=0.000 last=1784632305.645
13:11:45.644  PRE   GET /api/trade/fetch/dc5393e3ff98aec28cc1661dd5eb36d7a44efea67d29949279761ddef0b9d8e9%2C90d2fa0b84a1fee078f041dc067fa021051e794b22be9635fc83b08fe769051e%2C89ba9ff421cb75df3be5e4368eff8fc0a4f9b6d8b603af10eea4120c44d2d12c%2C5213f066fa9aa9ab3329cdea2746a57f64902e18bab705704a0f29a79c65504f%2C671368ae1a14204d097be9d021caf4062d9a4f21f36962b8414ec4b1f0def9a7  delay=6.000 min_gap=0.000 last=1784632305.645
13:11:45.644  ENF   delay=6.000 min_gap=0.000 jitter=5.557 gap=11.557 since_last=0.000 sleep=11.557
13:11:57.468  PARSE Account 6:4:10 → 0.667s/req pen=10s; Ip 12:4:60 → 0.333s/req pen=60s; Ip 16:12:60 → 0.750s/req pen=60s  delay 6.000→6.000  min_gap→0  max_usage=0%
13:11:57.468  RAW   content-type: application/json
13:11:57.468  RAW   x-rate-limit-policy: trade-fetch-request-limit
13:11:57.468  RAW   x-rate-limit-rules: Account,Ip
13:11:57.468  RAW   x-rate-limit-account: 6:4:10
13:11:57.468  RAW   x-rate-limit-account-state: 1:4:0
13:11:57.468  RAW   x-rate-limit-ip: 12:4:60,16:12:60
13:11:57.468  RAW   x-rate-limit-ip-state: 1:4:0,3:12:0
13:11:57.468  RAW   cf-cache-status: DYNAMIC
13:11:57.468  RAW   cf-ray: a1e9c48e8b18e32e-WAW
13:11:57.468  RESP  GET /api/trade/fetch/dc5393e3ff98aec28cc1661dd5eb36d7a44efea67d29949279761ddef0b9d8e9%2C90d2fa0b84a1fee078f041dc067fa021051e794b22be9635fc83b08fe769051e%2C89ba9ff421cb75df3be5e4368eff8fc0a4f9b6d8b603af10eea4120c44d2d12c%2C5213f066fa9aa9ab3329cdea2746a57f64902e18bab705704a0f29a79c65504f%2C671368ae1a14204d097be9d021caf4062d9a4f21f36962b8414ec4b1f0def9a7 → 200  11.823s  delay=6.000 min_gap=0.000 last=1784632317.468
13:11:57.468  PRE   POST /api/trade/search/Standard  delay=6.000 min_gap=0.000 last=1784632317.468
13:11:57.468  ENF   delay=6.000 min_gap=0.000 jitter=5.636 gap=11.636 since_last=0.000 sleep=11.636
13:12:09.390  PARSE Account 3:5:60 → 1.667s/req pen=60s; Ip 8:10:60 → 1.250s/req pen=60s; Ip 15:60:120 → 4.000s/req pen=120s; Ip 60:300:1800 → 5.000s/req pen=1800s  delay 6.000→6.000  min_gap→0  max_usage=53%
13:12:09.390  RAW   content-type: application/json
13:12:09.390  RAW   x-rate-limit-policy: trade-search-request-limit
13:12:09.390  RAW   x-rate-limit-rules: Account,Ip
13:12:09.390  RAW   x-rate-limit-account: 3:5:60
13:12:09.390  RAW   x-rate-limit-account-state: 3:5:0
13:12:09.390  RAW   x-rate-limit-ip: 8:10:60,15:60:120,60:300:1800
13:12:09.390  RAW   x-rate-limit-ip-state: 3:10:0,8:60:0,30:300:0
13:12:09.390  RAW   cf-cache-status: DYNAMIC
13:12:09.390  RAW   cf-ray: a1e9c4d8ec67e32e-WAW
13:12:09.390  RESP  POST /api/trade/search/Standard → 200  11.922s  delay=6.000 min_gap=0.000 last=1784632329.390
13:12:09.390  PRE   GET /api/trade/fetch/6020d5f48250a65a7f514d2ab1a51b46ececde07e749a8abfb71b02cc5a4692c%2C5831c3ff142fea52a7404254c92d648d7dde33f5f8c032e686ec3a86e18f8fa1%2Ce14354777ac695197afa24c8b6372467674cd3ebc5f8a73938d23388c79d6dd9%2C25094c569c19611de7f93b60dcbdc78a1358dc5d64aee7f7ef7e05c9f0f8df17%2Cb2c4adbfb7bd213e32195cbdca7fd5b5a5a79ed5f429286ce39b4c7e48c69ad9  delay=6.000 min_gap=0.000 last=1784632329.390
13:12:09.390  ENF   delay=6.000 min_gap=0.000 jitter=7.917 gap=13.917 since_last=0.000 sleep=13.917
13:12:23.575  PARSE Account 6:4:10 → 0.667s/req pen=10s; Ip 12:4:60 → 0.333s/req pen=60s; Ip 16:12:60 → 0.750s/req pen=60s  delay 6.000→6.000  min_gap→0  max_usage=0%
13:12:23.575  RAW   content-type: application/json
13:12:23.575  RAW   x-rate-limit-policy: trade-fetch-request-limit
13:12:23.575  RAW   x-rate-limit-rules: Account,Ip
13:12:23.575  RAW   x-rate-limit-account: 6:4:10
13:12:23.575  RAW   x-rate-limit-account-state: 2:4:0
13:12:23.575  RAW   x-rate-limit-ip: 12:4:60,16:12:60
13:12:23.575  RAW   x-rate-limit-ip-state: 2:4:0,3:12:0
13:12:23.575  RAW   cf-cache-status: DYNAMIC
13:12:23.575  RAW   cf-ray: a1e9c531bcaae32e-WAW
13:12:23.575  RESP  GET /api/trade/fetch/6020d5f48250a65a7f514d2ab1a51b46ececde07e749a8abfb71b02cc5a4692c%2C5831c3ff142fea52a7404254c92d648d7dde33f5f8c032e686ec3a86e18f8fa1%2Ce14354777ac695197afa24c8b6372467674cd3ebc5f8a73938d23388c79d6dd9%2C25094c569c19611de7f93b60dcbdc78a1358dc5d64aee7f7ef7e05c9f0f8df17%2Cb2c4adbfb7bd213e32195cbdca7fd5b5a5a79ed5f429286ce39b4c7e48c69ad9 → 200  14.185s  delay=6.000 min_gap=0.000 last=1784632343.576
13:12:23.575  PRE   POST /api/trade/search/Standard  delay=6.000 min_gap=0.000 last=1784632343.576
13:12:23.575  ENF   delay=6.000 min_gap=0.000 jitter=7.620 gap=13.620 since_last=0.000 sleep=13.619
13:12:37.471  PARSE Account 3:5:60 → 1.667s/req pen=60s; Ip 8:10:60 → 1.250s/req pen=60s; Ip 15:60:120 → 4.000s/req pen=120s; Ip 60:300:1800 → 5.000s/req pen=1800s  delay 6.000→6.000  min_gap→0  max_usage=55%
13:12:37.471  RAW   content-type: application/json
13:12:37.471  RAW   x-rate-limit-policy: trade-search-request-limit
13:12:37.471  RAW   x-rate-limit-rules: Account,Ip
13:12:37.471  RAW   x-rate-limit-account: 3:5:60
13:12:37.471  RAW   x-rate-limit-account-state: 2:5:0
13:12:37.471  RAW   x-rate-limit-ip: 8:10:60,15:60:120,60:300:1800
13:12:37.471  RAW   x-rate-limit-ip-state: 2:10:0,7:60:0,33:300:0
13:12:37.471  RAW   cf-cache-status: DYNAMIC
13:12:37.471  RAW   cf-ray: a1e9c5887b5be32e-WAW
13:12:37.471  RESP  POST /api/trade/search/Standard → 200  13.896s  delay=6.000 min_gap=0.000 last=1784632357.472
13:12:37.471  PRE   GET /api/trade/fetch/400062acd653b5d716065d852c0d520fcf15d2413cd8545c8ad8b565abc5f7ca%2C5931294d3cbab3c548712398e45ac660067aaf7989d3cff4f309c8a7bfac107e%2C050dc7a8551eec133f8ef7e53597df3326304e67a08591fcc0161a3c35c5de8b%2C8b4dcfdfd8b40bdbba2e73695332f74b444beb0c6a2aace018196e5aef3f75df%2C00fb5e7c7e8d5060629d8eba574ff3a0301612618b2a606673e93bf49c6a137b  delay=6.000 min_gap=0.000 last=1784632357.472
13:12:37.471  ENF   delay=6.000 min_gap=0.000 jitter=9.417 gap=15.417 since_last=0.000 sleep=15.417
13:12:53.158  PARSE Account 6:4:10 → 0.667s/req pen=10s; Ip 12:4:60 → 0.333s/req pen=60s; Ip 16:12:60 → 0.750s/req pen=60s  delay 6.000→6.000  min_gap→0  max_usage=0%
13:12:53.158  RAW   content-type: application/json
13:12:53.158  RAW   x-rate-limit-policy: trade-fetch-request-limit
13:12:53.158  RAW   x-rate-limit-rules: Account,Ip
13:12:53.158  RAW   x-rate-limit-account: 6:4:10
13:12:53.158  RAW   x-rate-limit-account-state: 1:4:0
13:12:53.158  RAW   x-rate-limit-ip: 12:4:60,16:12:60
13:12:53.158  RAW   x-rate-limit-ip-state: 1:4:0,2:12:0
13:12:53.159  RAW   cf-cache-status: DYNAMIC
13:12:53.159  RAW   cf-ray: a1e9c5ea9e7fe32e-WAW
13:12:53.159  RESP  GET /api/trade/fetch/400062acd653b5d716065d852c0d520fcf15d2413cd8545c8ad8b565abc5f7ca%2C5931294d3cbab3c548712398e45ac660067aaf7989d3cff4f309c8a7bfac107e%2C050dc7a8551eec133f8ef7e53597df3326304e67a08591fcc0161a3c35c5de8b%2C8b4dcfdfd8b40bdbba2e73695332f74b444beb0c6a2aace018196e5aef3f75df%2C00fb5e7c7e8d5060629d8eba574ff3a0301612618b2a606673e93bf49c6a137b → 200  15.687s  delay=6.000 min_gap=0.000 last=1784632373.159
13:12:53.188  PRE   POST /api/trade/search/Standard  delay=6.000 min_gap=0.000 last=1784632373.159
13:12:53.188  ENF   delay=6.000 min_gap=0.000 jitter=5.884 gap=11.884 since_last=0.029 sleep=11.855
13:13:05.315  PARSE Account 3:5:60 → 1.667s/req pen=60s; Ip 8:10:60 → 1.250s/req pen=60s; Ip 15:60:120 → 4.000s/req pen=120s; Ip 60:300:1800 → 5.000s/req pen=1800s  delay 6.000→6.000  min_gap→0  max_usage=50%
13:13:05.315  RAW   content-type: application/json
13:13:05.315  RAW   x-rate-limit-policy: trade-search-request-limit
13:13:05.315  RAW   x-rate-limit-rules: Account,Ip
13:13:05.315  RAW   x-rate-limit-account: 3:5:60
13:13:05.315  RAW   x-rate-limit-account-state: 2:5:0
13:13:05.315  RAW   x-rate-limit-ip: 8:10:60,15:60:120,60:300:1800
13:13:05.315  RAW   x-rate-limit-ip-state: 2:10:0,6:60:0,30:300:0
13:13:05.315  RAW   cf-cache-status: DYNAMIC
13:13:05.315  RAW   cf-ray: a1e9c6368fefe32e-WAW
13:13:05.315  RESP  POST /api/trade/search/Standard → 200  12.127s  delay=6.000 min_gap=0.000 last=1784632385.316
13:13:05.315  PRE   GET /api/trade/fetch/050dc7a8551eec133f8ef7e53597df3326304e67a08591fcc0161a3c35c5de8b%2C8b4dcfdfd8b40bdbba2e73695332f74b444beb0c6a2aace018196e5aef3f75df%2C89597fac8a78e1c3349d43c0ff8e1a1b55c667f02ce524eaef15f36617ab5ac0%2C551171ceea541acd49c8c8dbbfd35839a0fb90d16cb48afac60e33256801988c%2C7e395e01fa3c78851d71b48ce2a3eb23c00a1d4b09bd47761a77ccb688841b0e  delay=6.000 min_gap=0.000 last=1784632385.316
13:13:05.315  ENF   delay=6.000 min_gap=0.000 jitter=8.964 gap=14.964 since_last=0.000 sleep=14.964
13:13:20.549  PARSE Account 6:4:10 → 0.667s/req pen=10s; Ip 12:4:60 → 0.333s/req pen=60s; Ip 16:12:60 → 0.750s/req pen=60s  delay 6.000→6.000  min_gap→0  max_usage=0%
13:13:20.550  RAW   content-type: application/json
13:13:20.550  RAW   x-rate-limit-policy: trade-fetch-request-limit
13:13:20.550  RAW   x-rate-limit-rules: Account,Ip
13:13:20.550  RAW   x-rate-limit-account: 6:4:10
13:13:20.550  RAW   x-rate-limit-account-state: 2:4:0
13:13:20.550  RAW   x-rate-limit-ip: 12:4:60,16:12:60
13:13:20.550  RAW   x-rate-limit-ip-state: 2:4:0,2:12:0
13:13:20.550  RAW   cf-cache-status: DYNAMIC
13:13:20.550  RAW   cf-ray: a1e9c695cb24e32e-WAW
13:13:20.550  RESP  GET /api/trade/fetch/050dc7a8551eec133f8ef7e53597df3326304e67a08591fcc0161a3c35c5de8b%2C8b4dcfdfd8b40bdbba2e73695332f74b444beb0c6a2aace018196e5aef3f75df%2C89597fac8a78e1c3349d43c0ff8e1a1b55c667f02ce524eaef15f36617ab5ac0%2C551171ceea541acd49c8c8dbbfd35839a0fb90d16cb48afac60e33256801988c%2C7e395e01fa3c78851d71b48ce2a3eb23c00a1d4b09bd47761a77ccb688841b0e → 200  15.234s  delay=6.000 min_gap=0.000 last=1784632400.550
13:13:20.550  PRE   POST /api/trade/search/Standard  delay=6.000 min_gap=0.000 last=1784632400.550
13:13:20.550  ENF   delay=6.000 min_gap=0.000 jitter=6.624 gap=12.624 since_last=0.000 sleep=12.624
13:13:33.456  PARSE Account 3:5:60 → 1.667s/req pen=60s; Ip 8:10:60 → 1.250s/req pen=60s; Ip 15:60:120 → 4.000s/req pen=120s; Ip 60:300:1800 → 5.000s/req pen=1800s  delay 6.000→6.000  min_gap→0  max_usage=55%
13:13:33.456  RAW   content-type: application/json
13:13:33.456  RAW   x-rate-limit-policy: trade-search-request-limit
13:13:33.456  RAW   x-rate-limit-rules: Account,Ip
13:13:33.456  RAW   x-rate-limit-account: 3:5:60
13:13:33.456  RAW   x-rate-limit-account-state: 2:5:0
13:13:33.456  RAW   x-rate-limit-ip: 8:10:60,15:60:120,60:300:1800
13:13:33.456  RAW   x-rate-limit-ip-state: 2:10:0,6:60:0,33:300:0
13:13:33.456  RAW   cf-cache-status: DYNAMIC
13:13:33.456  RAW   cf-ray: a1e9c6e65ac9e32e-WAW
13:13:33.456  RESP  POST /api/trade/search/Standard → 200  12.906s  delay=6.000 min_gap=0.000 last=1784632413.457
13:13:33.456  PRE   GET /api/trade/fetch/6020d5f48250a65a7f514d2ab1a51b46ececde07e749a8abfb71b02cc5a4692c%2C5831c3ff142fea52a7404254c92d648d7dde33f5f8c032e686ec3a86e18f8fa1%2Ce14354777ac695197afa24c8b6372467674cd3ebc5f8a73938d23388c79d6dd9%2C25094c569c19611de7f93b60dcbdc78a1358dc5d64aee7f7ef7e05c9f0f8df17%2Cb2c4adbfb7bd213e32195cbdca7fd5b5a5a79ed5f429286ce39b4c7e48c69ad9  delay=6.000 min_gap=0.000 last=1784632413.457
13:13:33.456  ENF   delay=6.000 min_gap=0.000 jitter=9.442 gap=15.442 since_last=0.000 sleep=15.442
13:13:49.170  PARSE Account 6:4:10 → 0.667s/req pen=10s; Ip 12:4:60 → 0.333s/req pen=60s; Ip 16:12:60 → 0.750s/req pen=60s  delay 6.000→6.000  min_gap→0  max_usage=0%
13:13:49.170  RAW   content-type: application/json
13:13:49.170  RAW   x-rate-limit-policy: trade-fetch-request-limit
13:13:49.170  RAW   x-rate-limit-rules: Account,Ip
13:13:49.170  RAW   x-rate-limit-account: 6:4:10
13:13:49.170  RAW   x-rate-limit-account-state: 2:4:0
13:13:49.170  RAW   x-rate-limit-ip: 12:4:60,16:12:60
13:13:49.170  RAW   x-rate-limit-ip-state: 2:4:0,3:12:0
13:13:49.170  RAW   cf-cache-status: DYNAMIC
13:13:49.170  RAW   cf-ray: a1e9c748aa81e32e-WAW
13:13:49.170  RESP  GET /api/trade/fetch/6020d5f48250a65a7f514d2ab1a51b46ececde07e749a8abfb71b02cc5a4692c%2C5831c3ff142fea52a7404254c92d648d7dde33f5f8c032e686ec3a86e18f8fa1%2Ce14354777ac695197afa24c8b6372467674cd3ebc5f8a73938d23388c79d6dd9%2C25094c569c19611de7f93b60dcbdc78a1358dc5d64aee7f7ef7e05c9f0f8df17%2Cb2c4adbfb7bd213e32195cbdca7fd5b5a5a79ed5f429286ce39b4c7e48c69ad9 → 200  15.713s  delay=6.000 min_gap=0.000 last=1784632429.171
13:13:49.170  PRE   POST /api/trade/search/Standard  delay=6.000 min_gap=0.000 last=1784632429.171
13:13:49.170  ENF   delay=6.000 min_gap=0.000 jitter=8.638 gap=14.638 since_last=0.000 sleep=14.638
13:14:04.082  PARSE Account 3:5:60 → 1.667s/req pen=60s; Ip 8:10:60 → 1.250s/req pen=60s; Ip 15:60:120 → 4.000s/req pen=120s; Ip 60:300:1800 → 5.000s/req pen=1800s  delay 6.000→6.000  min_gap→0  max_usage=50%
13:14:04.082  RAW   content-type: application/json
13:14:04.082  RAW   x-rate-limit-policy: trade-search-request-limit
13:14:04.082  RAW   x-rate-limit-rules: Account,Ip
13:14:04.082  RAW   x-rate-limit-account: 3:5:60
13:14:04.082  RAW   x-rate-limit-account-state: 2:5:0
13:14:04.082  RAW   x-rate-limit-ip: 8:10:60,15:60:120,60:300:1800
13:14:04.082  RAW   x-rate-limit-ip-state: 2:10:0,6:60:0,30:300:0
13:14:04.082  RAW   cf-cache-status: DYNAMIC
13:14:04.082  RAW   cf-ray: a1e9c7a5df3ee32e-WAW
13:14:04.082  RESP  POST /api/trade/search/Standard → 200  14.912s  delay=6.000 min_gap=0.000 last=1784632444.083
13:14:04.082  PRE   GET /api/trade/fetch/050dc7a8551eec133f8ef7e53597df3326304e67a08591fcc0161a3c35c5de8b%2C8b4dcfdfd8b40bdbba2e73695332f74b444beb0c6a2aace018196e5aef3f75df%2C89597fac8a78e1c3349d43c0ff8e1a1b55c667f02ce524eaef15f36617ab5ac0%2C551171ceea541acd49c8c8dbbfd35839a0fb90d16cb48afac60e33256801988c%2C7e395e01fa3c78851d71b48ce2a3eb23c00a1d4b09bd47761a77ccb688841b0e  delay=6.000 min_gap=0.000 last=1784632444.083
13:14:04.082  ENF   delay=6.000 min_gap=0.000 jitter=9.262 gap=15.262 since_last=0.000 sleep=15.262
13:14:19.612  PARSE Account 6:4:10 → 0.667s/req pen=10s; Ip 12:4:60 → 0.333s/req pen=60s; Ip 16:12:60 → 0.750s/req pen=60s  delay 6.000→6.000  min_gap→0  max_usage=0%
13:14:19.612  RAW   content-type: application/json
13:14:19.612  RAW   x-rate-limit-policy: trade-fetch-request-limit
13:14:19.612  RAW   x-rate-limit-rules: Account,Ip
13:14:19.612  RAW   x-rate-limit-account: 6:4:10
13:14:19.612  RAW   x-rate-limit-account-state: 1:4:0
13:14:19.612  RAW   x-rate-limit-ip: 12:4:60,16:12:60
13:14:19.612  RAW   x-rate-limit-ip-state: 1:4:0,2:12:0
13:14:19.612  RAW   cf-cache-status: DYNAMIC
13:14:19.612  RAW   cf-ray: a1e9c806eaf2e32e-WAW
13:14:19.612  RESP  GET /api/trade/fetch/050dc7a8551eec133f8ef7e53597df3326304e67a08591fcc0161a3c35c5de8b%2C8b4dcfdfd8b40bdbba2e73695332f74b444beb0c6a2aace018196e5aef3f75df%2C89597fac8a78e1c3349d43c0ff8e1a1b55c667f02ce524eaef15f36617ab5ac0%2C551171ceea541acd49c8c8dbbfd35839a0fb90d16cb48afac60e33256801988c%2C7e395e01fa3c78851d71b48ce2a3eb23c00a1d4b09bd47761a77ccb688841b0e → 200  15.529s  delay=6.000 min_gap=0.000 last=1784632459.612
13:14:19.638  PRE   POST /api/trade/search/Standard  delay=6.000 min_gap=0.000 last=1784632459.612
13:14:19.638  ENF   delay=6.000 min_gap=0.000 jitter=9.740 gap=15.740 since_last=0.026 sleep=15.714
13:14:35.636  PARSE Account 3:5:60 → 1.667s/req pen=60s; Ip 8:10:60 → 1.250s/req pen=60s; Ip 15:60:120 → 4.000s/req pen=120s; Ip 60:300:1800 → 5.000s/req pen=1800s  delay 6.000→6.000  min_gap→0  max_usage=55%
13:14:35.636  RAW   content-type: application/json
13:14:35.636  RAW   x-rate-limit-policy: trade-search-request-limit
13:14:35.636  RAW   x-rate-limit-rules: Account,Ip
13:14:35.636  RAW   x-rate-limit-account: 3:5:60
13:14:35.636  RAW   x-rate-limit-account-state: 1:5:0
13:14:35.636  RAW   x-rate-limit-ip: 8:10:60,15:60:120,60:300:1800
13:14:35.636  RAW   x-rate-limit-ip-state: 1:10:0,6:60:0,33:300:0
13:14:35.636  RAW   cf-cache-status: DYNAMIC
13:14:35.636  RAW   cf-ray: a1e9c86afa29e32e-WAW
13:14:35.636  RESP  POST /api/trade/search/Standard → 200  15.997s  delay=6.000 min_gap=0.000 last=1784632475.636
13:14:35.636  PRE   GET /api/trade/fetch/b15520fc132785485c9fd3a9ea9e74193d562e3accd2e14af97c8cc8b6214a2f%2C815378d1a70335f7dcb4924176bb2309a36b4eeb9241d31308671ba87c63ff1c%2C78525a30d58b4a4c1aa778106d3f5890ebc8a47923f4367d949684ab3abbfdb9%2C2c71bede8f778011859533947ee7e309e54fcf9ecc809ea8d1011f067783a6ac%2C2d81c57211934f2cbdc064e96f5ae25e27664674205eaff69cd75a36dd40ca33  delay=6.000 min_gap=0.000 last=1784632475.636
13:14:35.636  ENF   delay=6.000 min_gap=0.000 jitter=5.760 gap=11.760 since_last=0.000 sleep=11.760
13:14:47.668  PARSE Account 6:4:10 → 0.667s/req pen=10s; Ip 12:4:60 → 0.333s/req pen=60s; Ip 16:12:60 → 0.750s/req pen=60s  delay 6.000→6.000  min_gap→0  max_usage=0%
13:14:47.668  RAW   content-type: application/json
13:14:47.668  RAW   x-rate-limit-policy: trade-fetch-request-limit
13:14:47.668  RAW   x-rate-limit-rules: Account,Ip
13:14:47.668  RAW   x-rate-limit-account: 6:4:10
13:14:47.668  RAW   x-rate-limit-account-state: 1:4:0
13:14:47.668  RAW   x-rate-limit-ip: 12:4:60,16:12:60
13:14:47.668  RAW   x-rate-limit-ip-state: 1:4:0,2:12:0
13:14:47.668  RAW   cf-cache-status: DYNAMIC
13:14:47.668  RAW   cf-ray: a1e9c8b63d41e32e-WAW
13:14:47.668  RESP  GET /api/trade/fetch/b15520fc132785485c9fd3a9ea9e74193d562e3accd2e14af97c8cc8b6214a2f%2C815378d1a70335f7dcb4924176bb2309a36b4eeb9241d31308671ba87c63ff1c%2C78525a30d58b4a4c1aa778106d3f5890ebc8a47923f4367d949684ab3abbfdb9%2C2c71bede8f778011859533947ee7e309e54fcf9ecc809ea8d1011f067783a6ac%2C2d81c57211934f2cbdc064e96f5ae25e27664674205eaff69cd75a36dd40ca33 → 200  12.032s  delay=6.000 min_gap=0.000 last=1784632487.669
13:14:47.668  PRE   POST /api/trade/search/Standard  delay=6.000 min_gap=0.000 last=1784632487.669
13:14:47.668  ENF   delay=6.000 min_gap=0.000 jitter=9.724 gap=15.724 since_last=0.000 sleep=15.724
13:15:03.684  PARSE Account 3:5:60 → 1.667s/req pen=60s; Ip 8:10:60 → 1.250s/req pen=60s; Ip 15:60:120 → 4.000s/req pen=120s; Ip 60:300:1800 → 5.000s/req pen=1800s  delay 6.000→6.000  min_gap→0  max_usage=48%
13:15:03.685  RAW   content-type: application/json
13:15:03.685  RAW   x-rate-limit-policy: trade-search-request-limit
13:15:03.685  RAW   x-rate-limit-rules: Account,Ip
13:15:03.685  RAW   x-rate-limit-account: 3:5:60
13:15:03.685  RAW   x-rate-limit-account-state: 2:5:0
13:15:03.685  RAW   x-rate-limit-ip: 8:10:60,15:60:120,60:300:1800
13:15:03.685  RAW   x-rate-limit-ip-state: 2:10:0,7:60:0,29:300:0
13:15:03.685  RAW   cf-cache-status: DYNAMIC
13:15:03.685  RAW   cf-ray: a1e9c91a3db2e32e-WAW
13:15:03.685  RESP  POST /api/trade/search/Standard → 200  16.016s  delay=6.000 min_gap=0.000 last=1784632503.685
13:15:03.685  PRE   GET /api/trade/fetch/6020d5f48250a65a7f514d2ab1a51b46ececde07e749a8abfb71b02cc5a4692c%2C5831c3ff142fea52a7404254c92d648d7dde33f5f8c032e686ec3a86e18f8fa1%2Ce14354777ac695197afa24c8b6372467674cd3ebc5f8a73938d23388c79d6dd9%2C25094c569c19611de7f93b60dcbdc78a1358dc5d64aee7f7ef7e05c9f0f8df17%2Cb2c4adbfb7bd213e32195cbdca7fd5b5a5a79ed5f429286ce39b4c7e48c69ad9  delay=6.000 min_gap=0.000 last=1784632503.685
13:15:03.685  ENF   delay=6.000 min_gap=0.000 jitter=9.832 gap=15.832 since_last=0.000 sleep=15.832
13:15:19.791  PARSE Account 6:4:10 → 0.667s/req pen=10s; Ip 12:4:60 → 0.333s/req pen=60s; Ip 16:12:60 → 0.750s/req pen=60s  delay 6.000→6.000  min_gap→0  max_usage=0%
13:15:19.791  RAW   content-type: application/json
13:15:19.791  RAW   x-rate-limit-policy: trade-fetch-request-limit
13:15:19.791  RAW   x-rate-limit-rules: Account,Ip
13:15:19.791  RAW   x-rate-limit-account: 6:4:10
13:15:19.792  RAW   x-rate-limit-account-state: 1:4:0
13:15:19.792  RAW   x-rate-limit-ip: 12:4:60,16:12:60
13:15:19.792  RAW   x-rate-limit-ip-state: 1:4:0,2:12:0
13:15:19.792  RAW   cf-cache-status: DYNAMIC
13:15:19.792  RAW   cf-ray: a1e9c97f0a6de32e-WAW
13:15:19.792  RESP  GET /api/trade/fetch/6020d5f48250a65a7f514d2ab1a51b46ececde07e749a8abfb71b02cc5a4692c%2C5831c3ff142fea52a7404254c92d648d7dde33f5f8c032e686ec3a86e18f8fa1%2Ce14354777ac695197afa24c8b6372467674cd3ebc5f8a73938d23388c79d6dd9%2C25094c569c19611de7f93b60dcbdc78a1358dc5d64aee7f7ef7e05c9f0f8df17%2Cb2c4adbfb7bd213e32195cbdca7fd5b5a5a79ed5f429286ce39b4c7e48c69ad9 → 200  16.106s  delay=6.000 min_gap=0.000 last=1784632519.792
13:15:19.792  PRE   POST /api/trade/search/Standard  delay=6.000 min_gap=0.000 last=1784632519.792
13:15:19.792  ENF   delay=6.000 min_gap=0.000 jitter=9.911 gap=15.911 since_last=0.000 sleep=15.911
13:15:35.988  PARSE Account 3:5:60 → 1.667s/req pen=60s; Ip 8:10:60 → 1.250s/req pen=60s; Ip 15:60:120 → 4.000s/req pen=120s; Ip 60:300:1800 → 5.000s/req pen=1800s  delay 6.000→6.000  min_gap→0  max_usage=53%
13:15:35.988  RAW   content-type: application/json
13:15:35.988  RAW   x-rate-limit-policy: trade-search-request-limit
13:15:35.988  RAW   x-rate-limit-rules: Account,Ip
13:15:35.988  RAW   x-rate-limit-account: 3:5:60
13:15:35.988  RAW   x-rate-limit-account-state: 1:5:0
13:15:35.988  RAW   x-rate-limit-ip: 8:10:60,15:60:120,60:300:1800
13:15:35.988  RAW   x-rate-limit-ip-state: 1:10:0,6:60:0,32:300:0
13:15:35.988  RAW   cf-cache-status: DYNAMIC
13:15:35.988  RAW   cf-ray: a1e9c9e42d60e32e-WAW
13:15:35.988  RESP  POST /api/trade/search/Standard → 200  16.196s  delay=6.000 min_gap=0.000 last=1784632535.989
13:15:35.988  PRE   GET /api/trade/fetch/b15520fc132785485c9fd3a9ea9e74193d562e3accd2e14af97c8cc8b6214a2f%2C78525a30d58b4a4c1aa778106d3f5890ebc8a47923f4367d949684ab3abbfdb9%2C815378d1a70335f7dcb4924176bb2309a36b4eeb9241d31308671ba87c63ff1c%2C2c71bede8f778011859533947ee7e309e54fcf9ecc809ea8d1011f067783a6ac%2C32e39d237cb99cf577963e306ae9097fdef28133f4fed27ba04a3048e7f9bafb  delay=6.000 min_gap=0.000 last=1784632535.989
13:15:35.988  ENF   delay=6.000 min_gap=0.000 jitter=8.224 gap=14.224 since_last=0.000 sleep=14.224
13:15:50.482  PARSE Account 6:4:10 → 0.667s/req pen=10s; Ip 12:4:60 → 0.333s/req pen=60s; Ip 16:12:60 → 0.750s/req pen=60s  delay 6.000→6.000  min_gap→0  max_usage=0%
13:15:50.482  RAW   content-type: application/json
13:15:50.482  RAW   x-rate-limit-policy: trade-fetch-request-limit
13:15:50.482  RAW   x-rate-limit-rules: Account,Ip
13:15:50.482  RAW   x-rate-limit-account: 6:4:10
13:15:50.482  RAW   x-rate-limit-account-state: 1:4:0
13:15:50.482  RAW   x-rate-limit-ip: 12:4:60,16:12:60
13:15:50.482  RAW   x-rate-limit-ip-state: 1:4:0,1:12:0
13:15:50.482  RAW   cf-cache-status: DYNAMIC
13:15:50.482  RAW   cf-ray: a1e9ca3eda45e32e-WAW
13:15:50.482  RESP  GET /api/trade/fetch/b15520fc132785485c9fd3a9ea9e74193d562e3accd2e14af97c8cc8b6214a2f%2C78525a30d58b4a4c1aa778106d3f5890ebc8a47923f4367d949684ab3abbfdb9%2C815378d1a70335f7dcb4924176bb2309a36b4eeb9241d31308671ba87c63ff1c%2C2c71bede8f778011859533947ee7e309e54fcf9ecc809ea8d1011f067783a6ac%2C32e39d237cb99cf577963e306ae9097fdef28133f4fed27ba04a3048e7f9bafb → 200  14.494s  delay=6.000 min_gap=0.000 last=1784632550.483
13:15:50.509  PRE   POST /api/trade/search/Standard  delay=6.000 min_gap=0.000 last=1784632550.483
13:15:50.509  ENF   delay=6.000 min_gap=0.000 jitter=9.018 gap=15.018 since_last=0.027 sleep=14.991
13:16:05.772  PARSE Account 3:5:60 → 1.667s/req pen=60s; Ip 8:10:60 → 1.250s/req pen=60s; Ip 15:60:120 → 4.000s/req pen=120s; Ip 60:300:1800 → 5.000s/req pen=1800s  delay 6.000→6.000  min_gap→0  max_usage=48%
13:16:05.773  RAW   content-type: application/json
13:16:05.773  RAW   x-rate-limit-policy: trade-search-request-limit
13:16:05.773  RAW   x-rate-limit-rules: Account,Ip
13:16:05.773  RAW   x-rate-limit-account: 3:5:60
13:16:05.773  RAW   x-rate-limit-account-state: 1:5:0
13:16:05.773  RAW   x-rate-limit-ip: 8:10:60,15:60:120,60:300:1800
13:16:05.773  RAW   x-rate-limit-ip-state: 1:10:0,6:60:0,29:300:0
13:16:05.773  RAW   cf-cache-status: DYNAMIC
13:16:05.773  RAW   cf-ray: a1e9ca9e6f73e32e-WAW
13:16:05.773  RESP  POST /api/trade/search/Standard → 200  15.263s  delay=6.000 min_gap=0.000 last=1784632565.773
13:16:05.773  PRE   GET /api/trade/fetch/b15520fc132785485c9fd3a9ea9e74193d562e3accd2e14af97c8cc8b6214a2f%2C78525a30d58b4a4c1aa778106d3f5890ebc8a47923f4367d949684ab3abbfdb9%2C815378d1a70335f7dcb4924176bb2309a36b4eeb9241d31308671ba87c63ff1c%2C2c71bede8f778011859533947ee7e309e54fcf9ecc809ea8d1011f067783a6ac%2C2d81c57211934f2cbdc064e96f5ae25e27664674205eaff69cd75a36dd40ca33  delay=6.000 min_gap=0.000 last=1784632565.773
13:16:05.773  ENF   delay=6.000 min_gap=0.000 jitter=9.865 gap=15.865 since_last=0.000 sleep=15.865
13:16:21.905  PARSE Account 6:4:10 → 0.667s/req pen=10s; Ip 12:4:60 → 0.333s/req pen=60s; Ip 16:12:60 → 0.750s/req pen=60s  delay 6.000→6.000  min_gap→0  max_usage=0%
13:16:21.905  RAW   content-type: application/json
13:16:21.905  RAW   x-rate-limit-policy: trade-fetch-request-limit
13:16:21.905  RAW   x-rate-limit-rules: Account,Ip
13:16:21.905  RAW   x-rate-limit-account: 6:4:10
13:16:21.905  RAW   x-rate-limit-account-state: 2:4:0
13:16:21.905  RAW   x-rate-limit-ip: 12:4:60,16:12:60
13:16:21.905  RAW   x-rate-limit-ip-state: 2:4:0,2:12:0
13:16:21.905  RAW   cf-cache-status: DYNAMIC
13:16:21.905  RAW   cf-ray: a1e9cb034cffe32e-WAW
13:16:21.905  RESP  GET /api/trade/fetch/b15520fc132785485c9fd3a9ea9e74193d562e3accd2e14af97c8cc8b6214a2f%2C78525a30d58b4a4c1aa778106d3f5890ebc8a47923f4367d949684ab3abbfdb9%2C815378d1a70335f7dcb4924176bb2309a36b4eeb9241d31308671ba87c63ff1c%2C2c71bede8f778011859533947ee7e309e54fcf9ecc809ea8d1011f067783a6ac%2C2d81c57211934f2cbdc064e96f5ae25e27664674205eaff69cd75a36dd40ca33 → 200  16.132s  delay=6.000 min_gap=0.000 last=1784632581.906
13:16:21.905  PRE   POST /api/trade/search/Standard  delay=6.000 min_gap=0.000 last=1784632581.906
13:16:21.905  ENF   delay=6.000 min_gap=0.000 jitter=8.619 gap=14.619 since_last=0.000 sleep=14.619
13:16:36.818  PARSE Account 3:5:60 → 1.667s/req pen=60s; Ip 8:10:60 → 1.250s/req pen=60s; Ip 15:60:120 → 4.000s/req pen=120s; Ip 60:300:1800 → 5.000s/req pen=1800s  delay 6.000→6.000  min_gap→0  max_usage=55%
13:16:36.818  RAW   content-type: application/json
13:16:36.818  RAW   x-rate-limit-policy: trade-search-request-limit
13:16:36.818  RAW   x-rate-limit-rules: Account,Ip
13:16:36.818  RAW   x-rate-limit-account: 3:5:60
13:16:36.818  RAW   x-rate-limit-account-state: 1:5:0
13:16:36.818  RAW   x-rate-limit-ip: 8:10:60,15:60:120,60:300:1800
13:16:36.819  RAW   x-rate-limit-ip-state: 2:10:0,7:60:0,33:300:0
13:16:36.819  RAW   cf-cache-status: DYNAMIC
13:16:36.819  RAW   cf-ray: a1e9cb604d00e32e-WAW
13:16:36.819  RESP  POST /api/trade/search/Standard → 200  14.913s  delay=6.000 min_gap=0.000 last=1784632596.819
13:16:36.819  PRE   GET /api/trade/fetch/6020d5f48250a65a7f514d2ab1a51b46ececde07e749a8abfb71b02cc5a4692c%2C5831c3ff142fea52a7404254c92d648d7dde33f5f8c032e686ec3a86e18f8fa1%2Ce14354777ac695197afa24c8b6372467674cd3ebc5f8a73938d23388c79d6dd9%2C25094c569c19611de7f93b60dcbdc78a1358dc5d64aee7f7ef7e05c9f0f8df17%2Cb2c4adbfb7bd213e32195cbdca7fd5b5a5a79ed5f429286ce39b4c7e48c69ad9  delay=6.000 min_gap=0.000 last=1784632596.819
13:16:36.819  ENF   delay=6.000 min_gap=0.000 jitter=5.623 gap=11.623 since_last=0.000 sleep=11.623
13:16:48.715  PARSE Account 6:4:10 → 0.667s/req pen=10s; Ip 12:4:60 → 0.333s/req pen=60s; Ip 16:12:60 → 0.750s/req pen=60s  delay 6.000→6.000  min_gap→0  max_usage=0%
13:16:48.715  RAW   content-type: application/json
13:16:48.715  RAW   x-rate-limit-policy: trade-fetch-request-limit
13:16:48.715  RAW   x-rate-limit-rules: Account,Ip
13:16:48.715  RAW   x-rate-limit-account: 6:4:10
13:16:48.715  RAW   x-rate-limit-account-state: 1:4:0
13:16:48.715  RAW   x-rate-limit-ip: 12:4:60,16:12:60
13:16:48.715  RAW   x-rate-limit-ip-state: 1:4:0,2:12:0
13:16:48.715  RAW   cf-cache-status: DYNAMIC
13:16:48.715  RAW   cf-ray: a1e9cbaacb42e32e-WAW
13:16:48.715  RESP  GET /api/trade/fetch/6020d5f48250a65a7f514d2ab1a51b46ececde07e749a8abfb71b02cc5a4692c%2C5831c3ff142fea52a7404254c92d648d7dde33f5f8c032e686ec3a86e18f8fa1%2Ce14354777ac695197afa24c8b6372467674cd3ebc5f8a73938d23388c79d6dd9%2C25094c569c19611de7f93b60dcbdc78a1358dc5d64aee7f7ef7e05c9f0f8df17%2Cb2c4adbfb7bd213e32195cbdca7fd5b5a5a79ed5f429286ce39b4c7e48c69ad9 → 200  11.896s  delay=6.000 min_gap=0.000 last=1784632608.716
13:16:48.715  PRE   POST /api/trade/search/Standard  delay=6.000 min_gap=0.000 last=1784632608.716
13:16:48.715  ENF   delay=6.000 min_gap=0.000 jitter=8.242 gap=14.242 since_last=0.000 sleep=14.242
13:17:03.236  PARSE Account 3:5:60 → 1.667s/req pen=60s; Ip 8:10:60 → 1.250s/req pen=60s; Ip 15:60:120 → 4.000s/req pen=120s; Ip 60:300:1800 → 5.000s/req pen=1800s  delay 6.000→6.000  min_gap→0  max_usage=48%
13:17:03.236  RAW   content-type: application/json
13:17:03.236  RAW   x-rate-limit-policy: trade-search-request-limit
13:17:03.236  RAW   x-rate-limit-rules: Account,Ip
13:17:03.236  RAW   x-rate-limit-account: 3:5:60
13:17:03.236  RAW   x-rate-limit-account-state: 1:5:0
13:17:03.236  RAW   x-rate-limit-ip: 8:10:60,15:60:120,60:300:1800
13:17:03.236  RAW   x-rate-limit-ip-state: 2:10:0,5:60:0,29:300:0
13:17:03.236  RAW   cf-cache-status: DYNAMIC
13:17:03.236  RAW   cf-ray: a1e9cc058cafe32e-WAW
13:17:03.236  RESP  POST /api/trade/search/Standard → 200  14.521s  delay=6.000 min_gap=0.000 last=1784632623.237
13:17:03.236  PRE   GET /api/trade/fetch/b15520fc132785485c9fd3a9ea9e74193d562e3accd2e14af97c8cc8b6214a2f%2C815378d1a70335f7dcb4924176bb2309a36b4eeb9241d31308671ba87c63ff1c%2C78525a30d58b4a4c1aa778106d3f5890ebc8a47923f4367d949684ab3abbfdb9%2C2c71bede8f778011859533947ee7e309e54fcf9ecc809ea8d1011f067783a6ac%2C32e39d237cb99cf577963e306ae9097fdef28133f4fed27ba04a3048e7f9bafb  delay=6.000 min_gap=0.000 last=1784632623.237
13:17:03.236  ENF   delay=6.000 min_gap=0.000 jitter=7.672 gap=13.672 since_last=0.000 sleep=13.672
13:17:17.180  PARSE Account 6:4:10 → 0.667s/req pen=10s; Ip 12:4:60 → 0.333s/req pen=60s; Ip 16:12:60 → 0.750s/req pen=60s  delay 6.000→6.000  min_gap→0  max_usage=0%
13:17:17.180  RAW   content-type: application/json
13:17:17.180  RAW   x-rate-limit-policy: trade-fetch-request-limit
13:17:17.180  RAW   x-rate-limit-rules: Account,Ip
13:17:17.180  RAW   x-rate-limit-account: 6:4:10
13:17:17.180  RAW   x-rate-limit-account-state: 1:4:0
13:17:17.180  RAW   x-rate-limit-ip: 12:4:60,16:12:60
13:17:17.180  RAW   x-rate-limit-ip-state: 1:4:0,2:12:0
13:17:17.180  RAW   cf-cache-status: DYNAMIC
13:17:17.180  RAW   cf-ray: a1e9cc5cbab2e32e-WAW
13:17:17.180  RESP  GET /api/trade/fetch/b15520fc132785485c9fd3a9ea9e74193d562e3accd2e14af97c8cc8b6214a2f%2C815378d1a70335f7dcb4924176bb2309a36b4eeb9241d31308671ba87c63ff1c%2C78525a30d58b4a4c1aa778106d3f5890ebc8a47923f4367d949684ab3abbfdb9%2C2c71bede8f778011859533947ee7e309e54fcf9ecc809ea8d1011f067783a6ac%2C32e39d237cb99cf577963e306ae9097fdef28133f4fed27ba04a3048e7f9bafb → 200  13.944s  delay=6.000 min_gap=0.000 last=1784632637.181
13:17:17.207  PRE   POST /api/trade/search/Standard  delay=6.000 min_gap=0.000 last=1784632637.181
13:17:17.207  ENF   delay=6.000 min_gap=0.000 jitter=7.388 gap=13.388 since_last=0.026 sleep=13.361
13:17:30.836  PARSE Account 3:5:60 → 1.667s/req pen=60s; Ip 8:10:60 → 1.250s/req pen=60s; Ip 15:60:120 → 4.000s/req pen=120s; Ip 60:300:1800 → 5.000s/req pen=1800s  delay 6.000→6.000  min_gap→0  max_usage=53%
13:17:30.836  RAW   content-type: application/json
13:17:30.836  RAW   x-rate-limit-policy: trade-search-request-limit
13:17:30.836  RAW   x-rate-limit-rules: Account,Ip
13:17:30.836  RAW   x-rate-limit-account: 3:5:60
13:17:30.836  RAW   x-rate-limit-account-state: 1:5:0
13:17:30.836  RAW   x-rate-limit-ip: 8:10:60,15:60:120,60:300:1800
13:17:30.836  RAW   x-rate-limit-ip-state: 1:10:0,5:60:0,32:300:0
13:17:30.836  RAW   cf-cache-status: DYNAMIC
13:17:30.836  RAW   cf-ray: a1e9ccb21d09e32e-WAW
13:17:30.837  RESP  POST /api/trade/search/Standard → 200  13.629s  delay=6.000 min_gap=0.000 last=1784632650.837
13:17:30.837  PRE   GET /api/trade/fetch/b15520fc132785485c9fd3a9ea9e74193d562e3accd2e14af97c8cc8b6214a2f%2C815378d1a70335f7dcb4924176bb2309a36b4eeb9241d31308671ba87c63ff1c%2C78525a30d58b4a4c1aa778106d3f5890ebc8a47923f4367d949684ab3abbfdb9%2C2c71bede8f778011859533947ee7e309e54fcf9ecc809ea8d1011f067783a6ac%2C2d81c57211934f2cbdc064e96f5ae25e27664674205eaff69cd75a36dd40ca33  delay=6.000 min_gap=0.000 last=1784632650.837
13:17:30.837  ENF   delay=6.000 min_gap=0.000 jitter=7.484 gap=13.484 since_last=0.000 sleep=13.484
13:17:44.598  PARSE Account 6:4:10 → 0.667s/req pen=10s; Ip 12:4:60 → 0.333s/req pen=60s; Ip 16:12:60 → 0.750s/req pen=60s  delay 6.000→6.000  min_gap→0  max_usage=0%
13:17:44.598  RAW   content-type: application/json
13:17:44.599  RAW   x-rate-limit-policy: trade-fetch-request-limit
13:17:44.599  RAW   x-rate-limit-rules: Account,Ip
13:17:44.599  RAW   x-rate-limit-account: 6:4:10
13:17:44.599  RAW   x-rate-limit-account-state: 1:4:0
13:17:44.599  RAW   x-rate-limit-ip: 12:4:60,16:12:60
13:17:44.599  RAW   x-rate-limit-ip-state: 1:4:0,2:12:0
13:17:44.599  RAW   cf-cache-status: DYNAMIC
13:17:44.599  RAW   cf-ray: a1e9cd08095fe32e-WAW
13:17:44.599  RESP  GET /api/trade/fetch/b15520fc132785485c9fd3a9ea9e74193d562e3accd2e14af97c8cc8b6214a2f%2C815378d1a70335f7dcb4924176bb2309a36b4eeb9241d31308671ba87c63ff1c%2C78525a30d58b4a4c1aa778106d3f5890ebc8a47923f4367d949684ab3abbfdb9%2C2c71bede8f778011859533947ee7e309e54fcf9ecc809ea8d1011f067783a6ac%2C2d81c57211934f2cbdc064e96f5ae25e27664674205eaff69cd75a36dd40ca33 → 200  13.762s  delay=6.000 min_gap=0.000 last=1784632664.599
13:17:44.599  PRE   POST /api/trade/search/Standard  delay=6.000 min_gap=0.000 last=1784632664.599
13:17:44.599  ENF   delay=6.000 min_gap=0.000 jitter=8.707 gap=14.707 since_last=0.000 sleep=14.707
13:17:59.594  PARSE Account 3:5:60 → 1.667s/req pen=60s; Ip 8:10:60 → 1.250s/req pen=60s; Ip 15:60:120 → 4.000s/req pen=120s; Ip 60:300:1800 → 5.000s/req pen=1800s  delay 6.000→6.000  min_gap→0  max_usage=58%
13:17:59.594  RAW   content-type: application/json
13:17:59.594  RAW   x-rate-limit-policy: trade-search-request-limit
13:17:59.594  RAW   x-rate-limit-rules: Account,Ip
13:17:59.594  RAW   x-rate-limit-account: 3:5:60
13:17:59.594  RAW   x-rate-limit-account-state: 1:5:0
13:17:59.594  RAW   x-rate-limit-ip: 8:10:60,15:60:120,60:300:1800
13:17:59.594  RAW   x-rate-limit-ip-state: 1:10:0,7:60:0,35:300:0
13:17:59.594  RAW   cf-cache-status: DYNAMIC
13:17:59.594  RAW   cf-ray: a1e9cd65ae5de32e-WAW
13:17:59.594  RESP  POST /api/trade/search/Standard → 200  14.995s  delay=6.000 min_gap=0.000 last=1784632679.594
13:17:59.594  PRE   GET /api/trade/fetch/5831c3ff142fea52a7404254c92d648d7dde33f5f8c032e686ec3a86e18f8fa1%2C6020d5f48250a65a7f514d2ab1a51b46ececde07e749a8abfb71b02cc5a4692c%2Ce14354777ac695197afa24c8b6372467674cd3ebc5f8a73938d23388c79d6dd9%2C25094c569c19611de7f93b60dcbdc78a1358dc5d64aee7f7ef7e05c9f0f8df17%2Cb2c4adbfb7bd213e32195cbdca7fd5b5a5a79ed5f429286ce39b4c7e48c69ad9  delay=6.000 min_gap=0.000 last=1784632679.594
13:17:59.594  ENF   delay=6.000 min_gap=0.000 jitter=5.537 gap=11.537 since_last=0.000 sleep=11.537
13:18:11.406  PARSE Account 6:4:10 → 0.667s/req pen=10s; Ip 12:4:60 → 0.333s/req pen=60s; Ip 16:12:60 → 0.750s/req pen=60s  delay 6.000→6.000  min_gap→0  max_usage=0%
13:18:11.406  RAW   content-type: application/json
13:18:11.406  RAW   x-rate-limit-policy: trade-fetch-request-limit
13:18:11.406  RAW   x-rate-limit-rules: Account,Ip
13:18:11.406  RAW   x-rate-limit-account: 6:4:10
13:18:11.406  RAW   x-rate-limit-account-state: 1:4:0
13:18:11.406  RAW   x-rate-limit-ip: 12:4:60,16:12:60
13:18:11.406  RAW   x-rate-limit-ip-state: 1:4:0,1:12:0
13:18:11.406  RAW   cf-cache-status: DYNAMIC
13:18:11.406  RAW   cf-ray: a1e9cdaf9ff5e32e-WAW
13:18:11.406  RESP  GET /api/trade/fetch/5831c3ff142fea52a7404254c92d648d7dde33f5f8c032e686ec3a86e18f8fa1%2C6020d5f48250a65a7f514d2ab1a51b46ececde07e749a8abfb71b02cc5a4692c%2Ce14354777ac695197afa24c8b6372467674cd3ebc5f8a73938d23388c79d6dd9%2C25094c569c19611de7f93b60dcbdc78a1358dc5d64aee7f7ef7e05c9f0f8df17%2Cb2c4adbfb7bd213e32195cbdca7fd5b5a5a79ed5f429286ce39b4c7e48c69ad9 → 200  11.812s  delay=6.000 min_gap=0.000 last=1784632691.407
13:18:11.406  PRE   POST /api/trade/search/Standard  delay=6.000 min_gap=0.000 last=1784632691.407
13:18:11.406  ENF   delay=6.000 min_gap=0.000 jitter=8.635 gap=14.635 since_last=0.000 sleep=14.635
13:18:26.322  PARSE Account 3:5:60 → 1.667s/req pen=60s; Ip 8:10:60 → 1.250s/req pen=60s; Ip 15:60:120 → 4.000s/req pen=120s; Ip 60:300:1800 → 5.000s/req pen=1800s  delay 6.000→6.000  min_gap→0  max_usage=52%
13:18:26.322  RAW   content-type: application/json
13:18:26.322  RAW   x-rate-limit-policy: trade-search-request-limit
13:18:26.322  RAW   x-rate-limit-rules: Account,Ip
13:18:26.322  RAW   x-rate-limit-account: 3:5:60
13:18:26.322  RAW   x-rate-limit-account-state: 1:5:0
13:18:26.322  RAW   x-rate-limit-ip: 8:10:60,15:60:120,60:300:1800
13:18:26.322  RAW   x-rate-limit-ip-state: 1:10:0,7:60:0,31:300:0
13:18:26.322  RAW   cf-cache-status: DYNAMIC
13:18:26.322  RAW   cf-ray: a1e9ce0cc86ee32e-WAW
13:18:26.322  RESP  POST /api/trade/search/Standard → 200  14.915s  delay=6.000 min_gap=0.000 last=1784632706.323
13:18:26.322  PRE   GET /api/trade/fetch/b15520fc132785485c9fd3a9ea9e74193d562e3accd2e14af97c8cc8b6214a2f%2C815378d1a70335f7dcb4924176bb2309a36b4eeb9241d31308671ba87c63ff1c%2C78525a30d58b4a4c1aa778106d3f5890ebc8a47923f4367d949684ab3abbfdb9%2C2c71bede8f778011859533947ee7e309e54fcf9ecc809ea8d1011f067783a6ac%2C32e39d237cb99cf577963e306ae9097fdef28133f4fed27ba04a3048e7f9bafb  delay=6.000 min_gap=0.000 last=1784632706.323
13:18:26.322  ENF   delay=6.000 min_gap=0.000 jitter=5.145 gap=11.145 since_last=0.000 sleep=11.145
13:18:37.745  PARSE Account 6:4:10 → 0.667s/req pen=10s; Ip 12:4:60 → 0.333s/req pen=60s; Ip 16:12:60 → 0.750s/req pen=60s  delay 6.000→6.000  min_gap→0  max_usage=0%
13:18:37.745  RAW   content-type: application/json
13:18:37.745  RAW   x-rate-limit-policy: trade-fetch-request-limit
13:18:37.745  RAW   x-rate-limit-rules: Account,Ip
13:18:37.745  RAW   x-rate-limit-account: 6:4:10
13:18:37.745  RAW   x-rate-limit-account-state: 1:4:0
13:18:37.745  RAW   x-rate-limit-ip: 12:4:60,16:12:60
13:18:37.746  RAW   x-rate-limit-ip-state: 1:4:0,1:12:0
13:18:37.746  RAW   cf-cache-status: DYNAMIC
13:18:37.746  RAW   cf-ray: a1e9ce543e6fe32e-WAW
13:18:37.746  RESP  GET /api/trade/fetch/b15520fc132785485c9fd3a9ea9e74193d562e3accd2e14af97c8cc8b6214a2f%2C815378d1a70335f7dcb4924176bb2309a36b4eeb9241d31308671ba87c63ff1c%2C78525a30d58b4a4c1aa778106d3f5890ebc8a47923f4367d949684ab3abbfdb9%2C2c71bede8f778011859533947ee7e309e54fcf9ecc809ea8d1011f067783a6ac%2C32e39d237cb99cf577963e306ae9097fdef28133f4fed27ba04a3048e7f9bafb → 200  11.423s  delay=6.000 min_gap=0.000 last=1784632717.746
13:18:37.772  PRE   POST /api/trade/search/Standard  delay=6.000 min_gap=0.000 last=1784632717.746
13:18:37.773  ENF   delay=6.000 min_gap=0.000 jitter=9.096 gap=15.096 since_last=0.027 sleep=15.069
13:18:53.131  PARSE Account 3:5:60 → 1.667s/req pen=60s; Ip 8:10:60 → 1.250s/req pen=60s; Ip 15:60:120 → 4.000s/req pen=120s; Ip 60:300:1800 → 5.000s/req pen=1800s  delay 6.000→6.000  min_gap→0  max_usage=58%
13:18:53.131  RAW   content-type: application/json
13:18:53.131  RAW   x-rate-limit-policy: trade-search-request-limit
13:18:53.131  RAW   x-rate-limit-rules: Account,Ip
13:18:53.131  RAW   x-rate-limit-account: 3:5:60
13:18:53.131  RAW   x-rate-limit-account-state: 2:5:0
13:18:53.131  RAW   x-rate-limit-ip: 8:10:60,15:60:120,60:300:1800
13:18:53.131  RAW   x-rate-limit-ip-state: 2:10:0,7:60:0,35:300:0
13:18:53.131  RAW   cf-cache-status: DYNAMIC
13:18:53.131  RAW   cf-ray: a1e9ceb44cbfe32e-WAW
13:18:53.131  RESP  POST /api/trade/search/Standard → 200  15.358s  delay=6.000 min_gap=0.000 last=1784632733.132
13:18:53.131  PRE   GET /api/trade/fetch/07a74606901c816dc66c6df4d7479fc39a0bf68de1f0513aa7038741cfa98e3c%2Ce37bf09c929b366a8464e8d0d5d475900326cea635e047a9510672fc4674ce37%2Cbb31055421554a85e605b52907197d669b6645465307c54441e78b3ddbbb45c1%2C2a42c6ec60d9fc098dfdbea27d23e95ad3b0eb6ab84f6691bef843575eaf2650%2Cdf85d4323d36d87b8c5c6933e9b19453a6d19e41762a1db7e29d78eeaba5857f  delay=6.000 min_gap=0.000 last=1784632733.132
13:18:53.131  ENF   delay=6.000 min_gap=0.000 jitter=9.963 gap=15.963 since_last=0.000 sleep=15.963
13:19:09.373  PARSE Account 6:4:10 → 0.667s/req pen=10s; Ip 12:4:60 → 0.333s/req pen=60s; Ip 16:12:60 → 0.750s/req pen=60s  delay 6.000→6.000  min_gap→0  max_usage=0%
13:19:09.373  RAW   content-type: application/json
13:19:09.373  RAW   x-rate-limit-policy: trade-fetch-request-limit
13:19:09.373  RAW   x-rate-limit-rules: Account,Ip
13:19:09.373  RAW   x-rate-limit-account: 6:4:10
13:19:09.373  RAW   x-rate-limit-account-state: 1:4:0
13:19:09.373  RAW   x-rate-limit-ip: 12:4:60,16:12:60
13:19:09.373  RAW   x-rate-limit-ip-state: 1:4:0,1:12:0
13:19:09.373  RAW   cf-cache-status: DYNAMIC
13:19:09.373  RAW   cf-ray: a1e9cf19db15e32e-WAW
13:19:09.373  RESP  GET /api/trade/fetch/07a74606901c816dc66c6df4d7479fc39a0bf68de1f0513aa7038741cfa98e3c%2Ce37bf09c929b366a8464e8d0d5d475900326cea635e047a9510672fc4674ce37%2Cbb31055421554a85e605b52907197d669b6645465307c54441e78b3ddbbb45c1%2C2a42c6ec60d9fc098dfdbea27d23e95ad3b0eb6ab84f6691bef843575eaf2650%2Cdf85d4323d36d87b8c5c6933e9b19453a6d19e41762a1db7e29d78eeaba5857f → 200  16.242s  delay=6.000 min_gap=0.000 last=1784632749.374
13:19:09.373  PRE   POST /api/trade/search/Standard  delay=6.000 min_gap=0.000 last=1784632749.374
13:19:09.373  ENF   delay=6.000 min_gap=0.000 jitter=6.933 gap=12.933 since_last=0.000 sleep=12.932
13:19:22.590  PARSE Account 3:5:60 → 1.667s/req pen=60s; Ip 8:10:60 → 1.250s/req pen=60s; Ip 15:60:120 → 4.000s/req pen=120s; Ip 60:300:1800 → 5.000s/req pen=1800s  delay 6.000→6.000  min_gap→0  max_usage=53%
13:19:22.590  RAW   content-type: application/json
13:19:22.590  RAW   x-rate-limit-policy: trade-search-request-limit
13:19:22.590  RAW   x-rate-limit-rules: Account,Ip
13:19:22.590  RAW   x-rate-limit-account: 3:5:60
13:19:22.590  RAW   x-rate-limit-account-state: 1:5:0
13:19:22.590  RAW   x-rate-limit-ip: 8:10:60,15:60:120,60:300:1800
13:19:22.590  RAW   x-rate-limit-ip-state: 1:10:0,8:60:0,32:300:0
13:19:22.590  RAW   cf-cache-status: DYNAMIC
13:19:22.590  RAW   cf-ray: a1e9cf6c7af4e32e-WAW
13:19:22.590  RESP  POST /api/trade/search/Standard → 200  13.216s  delay=6.000 min_gap=0.000 last=1784632762.590
13:19:22.590  PRE   GET /api/trade/fetch/5831c3ff142fea52a7404254c92d648d7dde33f5f8c032e686ec3a86e18f8fa1%2C6020d5f48250a65a7f514d2ab1a51b46ececde07e749a8abfb71b02cc5a4692c%2Ce14354777ac695197afa24c8b6372467674cd3ebc5f8a73938d23388c79d6dd9%2C25094c569c19611de7f93b60dcbdc78a1358dc5d64aee7f7ef7e05c9f0f8df17%2Cb2c4adbfb7bd213e32195cbdca7fd5b5a5a79ed5f429286ce39b4c7e48c69ad9  delay=6.000 min_gap=0.000 last=1784632762.590
13:19:22.590  ENF   delay=6.000 min_gap=0.000 jitter=5.981 gap=11.981 since_last=0.000 sleep=11.981
13:19:34.838  PARSE Account 6:4:10 → 0.667s/req pen=10s; Ip 12:4:60 → 0.333s/req pen=60s; Ip 16:12:60 → 0.750s/req pen=60s  delay 6.000→6.000  min_gap→0  max_usage=0%
13:19:34.838  RAW   content-type: application/json
13:19:34.838  RAW   x-rate-limit-policy: trade-fetch-request-limit
13:19:34.838  RAW   x-rate-limit-rules: Account,Ip
13:19:34.838  RAW   x-rate-limit-account: 6:4:10
13:19:34.838  RAW   x-rate-limit-account-state: 1:4:0
13:19:34.838  RAW   x-rate-limit-ip: 12:4:60,16:12:60
13:19:34.838  RAW   x-rate-limit-ip-state: 1:4:0,1:12:0
13:19:34.838  RAW   cf-cache-status: DYNAMIC
13:19:34.839  RAW   cf-ray: a1e9cfb91821e32e-WAW
13:19:34.839  RESP  GET /api/trade/fetch/5831c3ff142fea52a7404254c92d648d7dde33f5f8c032e686ec3a86e18f8fa1%2C6020d5f48250a65a7f514d2ab1a51b46ececde07e749a8abfb71b02cc5a4692c%2Ce14354777ac695197afa24c8b6372467674cd3ebc5f8a73938d23388c79d6dd9%2C25094c569c19611de7f93b60dcbdc78a1358dc5d64aee7f7ef7e05c9f0f8df17%2Cb2c4adbfb7bd213e32195cbdca7fd5b5a5a79ed5f429286ce39b4c7e48c69ad9 → 200  12.248s  delay=6.000 min_gap=0.000 last=1784632774.839
13:19:34.839  PRE   POST /api/trade/search/Standard  delay=6.000 min_gap=0.000 last=1784632774.839
13:19:34.839  ENF   delay=6.000 min_gap=0.000 jitter=5.618 gap=11.618 since_last=0.000 sleep=11.618
13:19:46.740  PARSE Account 3:5:60 → 1.667s/req pen=60s; Ip 8:10:60 → 1.250s/req pen=60s; Ip 15:60:120 → 4.000s/req pen=120s; Ip 60:300:1800 → 5.000s/req pen=1800s  delay 6.000→6.000  min_gap→0  max_usage=58%
13:19:46.740  RAW   content-type: application/json
13:19:46.740  RAW   x-rate-limit-policy: trade-search-request-limit
13:19:46.740  RAW   x-rate-limit-rules: Account,Ip
13:19:46.740  RAW   x-rate-limit-account: 3:5:60
13:19:46.740  RAW   x-rate-limit-account-state: 1:5:0
13:19:46.740  RAW   x-rate-limit-ip: 8:10:60,15:60:120,60:300:1800
13:19:46.740  RAW   x-rate-limit-ip-state: 1:10:0,7:60:0,35:300:0
13:19:46.740  RAW   cf-cache-status: DYNAMIC
13:19:46.740  RAW   cf-ray: a1e9d0036d9ae32e-WAW
13:19:46.740  RESP  POST /api/trade/search/Standard → 200  11.901s  delay=6.000 min_gap=0.000 last=1784632786.740
13:19:46.740  PRE   GET /api/trade/fetch/df85d4323d36d87b8c5c6933e9b19453a6d19e41762a1db7e29d78eeaba5857f%2Cbb31055421554a85e605b52907197d669b6645465307c54441e78b3ddbbb45c1%2Cc68625c1b321ce7478ea401408a5b583b22b7cafe3c244fbb2a36f1451aebfcf%2C0694814c7cfbeee2af720fe3e002727c92e7eef836020431b815c85c210a9c2c%2C3593b5719919f76676302fb22bda7c722b1fc68b095fc943a549cd1b8d71a9e2  delay=6.000 min_gap=0.000 last=1784632786.740
13:19:46.740  ENF   delay=6.000 min_gap=0.000 jitter=7.744 gap=13.744 since_last=0.000 sleep=13.744
13:20:00.757  PARSE Account 6:4:10 → 0.667s/req pen=10s; Ip 12:4:60 → 0.333s/req pen=60s; Ip 16:12:60 → 0.750s/req pen=60s  delay 6.000→6.000  min_gap→0  max_usage=0%
13:20:00.757  RAW   content-type: application/json
13:20:00.757  RAW   x-rate-limit-policy: trade-fetch-request-limit
13:20:00.757  RAW   x-rate-limit-rules: Account,Ip
13:20:00.757  RAW   x-rate-limit-account: 6:4:10
13:20:00.757  RAW   x-rate-limit-account-state: 1:4:0
13:20:00.758  RAW   x-rate-limit-ip: 12:4:60,16:12:60
13:20:00.758  RAW   x-rate-limit-ip-state: 1:4:0,2:12:0
13:20:00.758  RAW   cf-cache-status: DYNAMIC
13:20:00.758  RAW   cf-ray: a1e9d05b0c1ce32e-WAW
13:20:00.758  RESP  GET /api/trade/fetch/df85d4323d36d87b8c5c6933e9b19453a6d19e41762a1db7e29d78eeaba5857f%2Cbb31055421554a85e605b52907197d669b6645465307c54441e78b3ddbbb45c1%2Cc68625c1b321ce7478ea401408a5b583b22b7cafe3c244fbb2a36f1451aebfcf%2C0694814c7cfbeee2af720fe3e002727c92e7eef836020431b815c85c210a9c2c%2C3593b5719919f76676302fb22bda7c722b1fc68b095fc943a549cd1b8d71a9e2 → 200  14.017s  delay=6.000 min_gap=0.000 last=1784632800.758
13:20:00.783  PRE   POST /api/trade/search/Standard  delay=6.000 min_gap=0.000 last=1784632800.758
13:20:00.783  ENF   delay=6.000 min_gap=0.000 jitter=9.035 gap=15.035 since_last=0.026 sleep=15.009
13:20:16.078  PARSE Account 3:5:60 → 1.667s/req pen=60s; Ip 8:10:60 → 1.250s/req pen=60s; Ip 15:60:120 → 4.000s/req pen=120s; Ip 60:300:1800 → 5.000s/req pen=1800s  delay 6.000→6.000  min_gap→0  max_usage=53%
13:20:16.078  RAW   content-type: application/json
13:20:16.078  RAW   x-rate-limit-policy: trade-search-request-limit
13:20:16.078  RAW   x-rate-limit-rules: Account,Ip
13:20:16.078  RAW   x-rate-limit-account: 3:5:60
13:20:16.078  RAW   x-rate-limit-account-state: 1:5:0
13:20:16.078  RAW   x-rate-limit-ip: 8:10:60,15:60:120,60:300:1800
13:20:16.078  RAW   x-rate-limit-ip-state: 2:10:0,7:60:0,32:300:0
13:20:16.078  RAW   cf-cache-status: DYNAMIC
13:20:16.078  RAW   cf-ray: a1e9d0babf22e32e-WAW
13:20:16.078  RESP  POST /api/trade/search/Standard → 200  15.295s  delay=6.000 min_gap=0.000 last=1784632816.079
13:20:16.078  PRE   GET /api/trade/fetch/df85d4323d36d87b8c5c6933e9b19453a6d19e41762a1db7e29d78eeaba5857f%2Cc68625c1b321ce7478ea401408a5b583b22b7cafe3c244fbb2a36f1451aebfcf%2Cbb31055421554a85e605b52907197d669b6645465307c54441e78b3ddbbb45c1%2C4723a85fd7764ad2a066bf1e0d24ec8591e7c93d19297e64003cc11110edd082%2C030b368cbfd6ab6d66d7dcf85d99052db6d4f2f1567baf8ec52bd42e090d1170  delay=6.000 min_gap=0.000 last=1784632816.079
13:20:16.078  ENF   delay=6.000 min_gap=0.000 jitter=8.682 gap=14.682 since_last=0.000 sleep=14.682
13:20:31.024  PARSE Account 6:4:10 → 0.667s/req pen=10s; Ip 12:4:60 → 0.333s/req pen=60s; Ip 16:12:60 → 0.750s/req pen=60s  delay 6.000→6.000  min_gap→0  max_usage=0%
13:20:31.024  RAW   content-type: application/json
13:20:31.024  RAW   x-rate-limit-policy: trade-fetch-request-limit
13:20:31.024  RAW   x-rate-limit-rules: Account,Ip
13:20:31.025  RAW   x-rate-limit-account: 6:4:10
13:20:31.025  RAW   x-rate-limit-account-state: 1:4:0
13:20:31.025  RAW   x-rate-limit-ip: 12:4:60,16:12:60
13:20:31.025  RAW   x-rate-limit-ip-state: 1:4:0,2:12:0
13:20:31.025  RAW   cf-cache-status: DYNAMIC
13:20:31.025  RAW   cf-ray: a1e9d1184902e32e-WAW
13:20:31.025  RESP  GET /api/trade/fetch/df85d4323d36d87b8c5c6933e9b19453a6d19e41762a1db7e29d78eeaba5857f%2Cc68625c1b321ce7478ea401408a5b583b22b7cafe3c244fbb2a36f1451aebfcf%2Cbb31055421554a85e605b52907197d669b6645465307c54441e78b3ddbbb45c1%2C4723a85fd7764ad2a066bf1e0d24ec8591e7c93d19297e64003cc11110edd082%2C030b368cbfd6ab6d66d7dcf85d99052db6d4f2f1567baf8ec52bd42e090d1170 → 200  14.946s  delay=6.000 min_gap=0.000 last=1784632831.025
13:20:31.025  PRE   POST /api/trade/search/Standard  delay=6.000 min_gap=0.000 last=1784632831.025
13:20:31.025  ENF   delay=6.000 min_gap=0.000 jitter=9.827 gap=15.827 since_last=0.000 sleep=15.827
13:20:47.142  PARSE Account 3:5:60 → 1.667s/req pen=60s; Ip 8:10:60 → 1.250s/req pen=60s; Ip 15:60:120 → 4.000s/req pen=120s; Ip 60:300:1800 → 5.000s/req pen=1800s  delay 6.000→6.000  min_gap→0  max_usage=58%
13:20:47.142  RAW   content-type: application/json
13:20:47.142  RAW   x-rate-limit-policy: trade-search-request-limit
13:20:47.142  RAW   x-rate-limit-rules: Account,Ip
13:20:47.142  RAW   x-rate-limit-account: 3:5:60
13:20:47.142  RAW   x-rate-limit-account-state: 1:5:0
13:20:47.142  RAW   x-rate-limit-ip: 8:10:60,15:60:120,60:300:1800
13:20:47.142  RAW   x-rate-limit-ip-state: 1:10:0,5:60:0,35:300:0
13:20:47.142  RAW   cf-cache-status: DYNAMIC
13:20:47.142  RAW   cf-ray: a1e9d17cdaace32e-WAW
13:20:47.142  RESP  POST /api/trade/search/Standard → 200  16.117s  delay=6.000 min_gap=0.000 last=1784632847.143
13:20:47.142  PRE   GET /api/trade/fetch/5831c3ff142fea52a7404254c92d648d7dde33f5f8c032e686ec3a86e18f8fa1%2C6020d5f48250a65a7f514d2ab1a51b46ececde07e749a8abfb71b02cc5a4692c%2Ce14354777ac695197afa24c8b6372467674cd3ebc5f8a73938d23388c79d6dd9%2C25094c569c19611de7f93b60dcbdc78a1358dc5d64aee7f7ef7e05c9f0f8df17%2Cb2c4adbfb7bd213e32195cbdca7fd5b5a5a79ed5f429286ce39b4c7e48c69ad9  delay=6.000 min_gap=0.000 last=1784632847.143
13:20:47.142  ENF   delay=6.000 min_gap=0.000 jitter=7.690 gap=13.690 since_last=0.000 sleep=13.690
13:21:01.147  PARSE Account 6:4:10 → 0.667s/req pen=10s; Ip 12:4:60 → 0.333s/req pen=60s; Ip 16:12:60 → 0.750s/req pen=60s  delay 6.000→6.000  min_gap→0  max_usage=0%
13:21:01.147  RAW   content-type: application/json
13:21:01.147  RAW   x-rate-limit-policy: trade-fetch-request-limit
13:21:01.147  RAW   x-rate-limit-rules: Account,Ip
13:21:01.147  RAW   x-rate-limit-account: 6:4:10
13:21:01.147  RAW   x-rate-limit-account-state: 2:4:0
13:21:01.147  RAW   x-rate-limit-ip: 12:4:60,16:12:60
13:21:01.147  RAW   x-rate-limit-ip-state: 2:4:0,2:12:0
13:21:01.147  RAW   cf-cache-status: DYNAMIC
13:21:01.147  RAW   cf-ray: a1e9d1d43c0ce32e-WAW
13:21:01.147  RESP  GET /api/trade/fetch/5831c3ff142fea52a7404254c92d648d7dde33f5f8c032e686ec3a86e18f8fa1%2C6020d5f48250a65a7f514d2ab1a51b46ececde07e749a8abfb71b02cc5a4692c%2Ce14354777ac695197afa24c8b6372467674cd3ebc5f8a73938d23388c79d6dd9%2C25094c569c19611de7f93b60dcbdc78a1358dc5d64aee7f7ef7e05c9f0f8df17%2Cb2c4adbfb7bd213e32195cbdca7fd5b5a5a79ed5f429286ce39b4c7e48c69ad9 → 200  14.005s  delay=6.000 min_gap=0.000 last=1784632861.148
13:21:01.147  PRE   POST /api/trade/search/Standard  delay=6.000 min_gap=0.000 last=1784632861.148
13:21:01.147  ENF   delay=6.000 min_gap=0.000 jitter=5.669 gap=11.669 since_last=0.000 sleep=11.669
13:21:13.097  PARSE Account 3:5:60 → 1.667s/req pen=60s; Ip 8:10:60 → 1.250s/req pen=60s; Ip 15:60:120 → 4.000s/req pen=120s; Ip 60:300:1800 → 5.000s/req pen=1800s  delay 6.000→6.000  min_gap→0  max_usage=53%
13:21:13.097  RAW   content-type: application/json
13:21:13.097  RAW   x-rate-limit-policy: trade-search-request-limit
13:21:13.097  RAW   x-rate-limit-rules: Account,Ip
13:21:13.097  RAW   x-rate-limit-account: 3:5:60
13:21:13.097  RAW   x-rate-limit-account-state: 1:5:0
13:21:13.097  RAW   x-rate-limit-ip: 8:10:60,15:60:120,60:300:1800
13:21:13.097  RAW   x-rate-limit-ip-state: 2:10:0,8:60:0,32:300:0
13:21:13.097  RAW   cf-cache-status: DYNAMIC
13:21:13.097  RAW   cf-ray: a1e9d21f287ae32e-WAW
13:21:13.097  RESP  POST /api/trade/search/Standard → 200  11.949s  delay=6.000 min_gap=0.000 last=1784632873.098
13:21:13.097  PRE   GET /api/trade/fetch/c68625c1b321ce7478ea401408a5b583b22b7cafe3c244fbb2a36f1451aebfcf%2Cbb31055421554a85e605b52907197d669b6645465307c54441e78b3ddbbb45c1%2Cdf85d4323d36d87b8c5c6933e9b19453a6d19e41762a1db7e29d78eeaba5857f%2C030b368cbfd6ab6d66d7dcf85d99052db6d4f2f1567baf8ec52bd42e090d1170%2C71ac170245957271305f34a2928460e834fd6da55a97af53089f1f9fbd03692a  delay=6.000 min_gap=0.000 last=1784632873.098
13:21:13.097  ENF   delay=6.000 min_gap=0.000 jitter=8.068 gap=14.068 since_last=0.000 sleep=14.068
13:21:27.437  PARSE Account 6:4:10 → 0.667s/req pen=10s; Ip 12:4:60 → 0.333s/req pen=60s; Ip 16:12:60 → 0.750s/req pen=60s  delay 6.000→6.000  min_gap→0  max_usage=0%
13:21:27.437  RAW   content-type: application/json
13:21:27.437  RAW   x-rate-limit-policy: trade-fetch-request-limit
13:21:27.437  RAW   x-rate-limit-rules: Account,Ip
13:21:27.437  RAW   x-rate-limit-account: 6:4:10
13:21:27.437  RAW   x-rate-limit-account-state: 1:4:0
13:21:27.437  RAW   x-rate-limit-ip: 12:4:60,16:12:60
13:21:27.437  RAW   x-rate-limit-ip-state: 1:4:0,2:12:0
13:21:27.437  RAW   cf-cache-status: DYNAMIC
13:21:27.437  RAW   cf-ray: a1e9d278c80be32e-WAW
13:21:27.437  RESP  GET /api/trade/fetch/c68625c1b321ce7478ea401408a5b583b22b7cafe3c244fbb2a36f1451aebfcf%2Cbb31055421554a85e605b52907197d669b6645465307c54441e78b3ddbbb45c1%2Cdf85d4323d36d87b8c5c6933e9b19453a6d19e41762a1db7e29d78eeaba5857f%2C030b368cbfd6ab6d66d7dcf85d99052db6d4f2f1567baf8ec52bd42e090d1170%2C71ac170245957271305f34a2928460e834fd6da55a97af53089f1f9fbd03692a → 200  14.340s  delay=6.000 min_gap=0.000 last=1784632887.438
13:21:27.463  PRE   POST /api/trade/search/Standard  delay=6.000 min_gap=0.000 last=1784632887.438
13:21:27.463  ENF   delay=6.000 min_gap=0.000 jitter=6.387 gap=12.387 since_last=0.026 sleep=12.362
13:21:40.108  PARSE Account 3:5:60 → 1.667s/req pen=60s; Ip 8:10:60 → 1.250s/req pen=60s; Ip 15:60:120 → 4.000s/req pen=120s; Ip 60:300:1800 → 5.000s/req pen=1800s  delay 6.000→6.000  min_gap→0  max_usage=58%
13:21:40.108  RAW   content-type: application/json
13:21:40.108  RAW   x-rate-limit-policy: trade-search-request-limit
13:21:40.108  RAW   x-rate-limit-rules: Account,Ip
13:21:40.108  RAW   x-rate-limit-account: 3:5:60
13:21:40.108  RAW   x-rate-limit-account-state: 1:5:0
13:21:40.108  RAW   x-rate-limit-ip: 8:10:60,15:60:120,60:300:1800
13:21:40.108  RAW   x-rate-limit-ip-state: 1:10:0,8:60:0,35:300:0
13:21:40.108  RAW   cf-cache-status: DYNAMIC
13:21:40.108  RAW   cf-ray: a1e9d2c7ec9ee32e-WAW
13:21:40.108  RESP  POST /api/trade/search/Standard → 200  12.645s  delay=6.000 min_gap=0.000 last=1784632900.108
13:21:40.108  PRE   GET /api/trade/fetch/df85d4323d36d87b8c5c6933e9b19453a6d19e41762a1db7e29d78eeaba5857f%2C030b368cbfd6ab6d66d7dcf85d99052db6d4f2f1567baf8ec52bd42e090d1170%2C71ac170245957271305f34a2928460e834fd6da55a97af53089f1f9fbd03692a%2C5b66a9f35a7af7ea21745ca2b36d42ce4decf1c28fa7af7d304938f4c034faf5%2C26f9cbadbff3484bf3e605ce407bb4c0ed169777c9b3ed24aa25d78ce8fa5630  delay=6.000 min_gap=0.000 last=1784632900.108
13:21:40.108  ENF   delay=6.000 min_gap=0.000 jitter=8.874 gap=14.874 since_last=0.000 sleep=14.874
13:21:55.248  PARSE Account 6:4:10 → 0.667s/req pen=10s; Ip 12:4:60 → 0.333s/req pen=60s; Ip 16:12:60 → 0.750s/req pen=60s  delay 6.000→6.000  min_gap→0  max_usage=0%
13:21:55.249  RAW   content-type: application/json
13:21:55.249  RAW   x-rate-limit-policy: trade-fetch-request-limit
13:21:55.249  RAW   x-rate-limit-rules: Account,Ip
13:21:55.249  RAW   x-rate-limit-account: 6:4:10
13:21:55.249  RAW   x-rate-limit-account-state: 2:4:0
13:21:55.249  RAW   x-rate-limit-ip: 12:4:60,16:12:60
13:21:55.249  RAW   x-rate-limit-ip-state: 2:4:0,2:12:0
13:21:55.249  RAW   cf-cache-status: DYNAMIC
13:21:55.249  RAW   cf-ray: a1e9d326ab90e32e-WAW
13:21:55.249  RESP  GET /api/trade/fetch/df85d4323d36d87b8c5c6933e9b19453a6d19e41762a1db7e29d78eeaba5857f%2C030b368cbfd6ab6d66d7dcf85d99052db6d4f2f1567baf8ec52bd42e090d1170%2C71ac170245957271305f34a2928460e834fd6da55a97af53089f1f9fbd03692a%2C5b66a9f35a7af7ea21745ca2b36d42ce4decf1c28fa7af7d304938f4c034faf5%2C26f9cbadbff3484bf3e605ce407bb4c0ed169777c9b3ed24aa25d78ce8fa5630 → 200  15.140s  delay=6.000 min_gap=0.000 last=1784632915.249
13:21:55.249  PRE   POST /api/trade/search/Standard  delay=6.000 min_gap=0.000 last=1784632915.249
13:21:55.249  ENF   delay=6.000 min_gap=0.000 jitter=5.380 gap=11.380 since_last=0.000 sleep=11.380
13:22:06.920  PARSE Account 3:5:60 → 1.667s/req pen=60s; Ip 8:10:60 → 1.250s/req pen=60s; Ip 15:60:120 → 4.000s/req pen=120s; Ip 60:300:1800 → 5.000s/req pen=1800s  delay 6.000→6.000  min_gap→0  max_usage=53%
13:22:06.920  RAW   content-type: application/json
13:22:06.920  RAW   x-rate-limit-policy: trade-search-request-limit
13:22:06.920  RAW   x-rate-limit-rules: Account,Ip
13:22:06.920  RAW   x-rate-limit-account: 3:5:60
13:22:06.920  RAW   x-rate-limit-account-state: 1:5:0
13:22:06.920  RAW   x-rate-limit-ip: 8:10:60,15:60:120,60:300:1800
13:22:06.920  RAW   x-rate-limit-ip-state: 1:10:0,7:60:0,32:300:0
13:22:06.920  RAW   cf-cache-status: DYNAMIC
13:22:06.920  RAW   cf-ray: a1e9d36f78a3e32e-WAW
13:22:06.920  RESP  POST /api/trade/search/Standard → 200  11.671s  delay=6.000 min_gap=0.000 last=1784632926.921
13:22:06.920  PRE   GET /api/trade/fetch/5831c3ff142fea52a7404254c92d648d7dde33f5f8c032e686ec3a86e18f8fa1%2C6020d5f48250a65a7f514d2ab1a51b46ececde07e749a8abfb71b02cc5a4692c%2Ce14354777ac695197afa24c8b6372467674cd3ebc5f8a73938d23388c79d6dd9%2C25094c569c19611de7f93b60dcbdc78a1358dc5d64aee7f7ef7e05c9f0f8df17%2Cb2c4adbfb7bd213e32195cbdca7fd5b5a5a79ed5f429286ce39b4c7e48c69ad9  delay=6.000 min_gap=0.000 last=1784632926.921
13:22:06.920  ENF   delay=6.000 min_gap=0.000 jitter=9.114 gap=15.114 since_last=0.000 sleep=15.114
13:22:22.344  PARSE Account 6:4:10 → 0.667s/req pen=10s; Ip 12:4:60 → 0.333s/req pen=60s; Ip 16:12:60 → 0.750s/req pen=60s  delay 6.000→6.000  min_gap→0  max_usage=0%
13:22:22.344  RAW   content-type: application/json
13:22:22.344  RAW   x-rate-limit-policy: trade-fetch-request-limit
13:22:22.344  RAW   x-rate-limit-rules: Account,Ip
13:22:22.344  RAW   x-rate-limit-account: 6:4:10
13:22:22.344  RAW   x-rate-limit-account-state: 1:4:0
13:22:22.344  RAW   x-rate-limit-ip: 12:4:60,16:12:60
13:22:22.344  RAW   x-rate-limit-ip-state: 1:4:0,1:12:0
13:22:22.344  RAW   cf-cache-status: DYNAMIC
13:22:22.344  RAW   cf-ray: a1e9d3cfba50e32e-WAW
13:22:22.344  RESP  GET /api/trade/fetch/5831c3ff142fea52a7404254c92d648d7dde33f5f8c032e686ec3a86e18f8fa1%2C6020d5f48250a65a7f514d2ab1a51b46ececde07e749a8abfb71b02cc5a4692c%2Ce14354777ac695197afa24c8b6372467674cd3ebc5f8a73938d23388c79d6dd9%2C25094c569c19611de7f93b60dcbdc78a1358dc5d64aee7f7ef7e05c9f0f8df17%2Cb2c4adbfb7bd213e32195cbdca7fd5b5a5a79ed5f429286ce39b4c7e48c69ad9 → 200  15.424s  delay=6.000 min_gap=0.000 last=1784632942.345
13:22:22.345  PRE   POST /api/trade/search/Standard  delay=6.000 min_gap=0.000 last=1784632942.345
13:22:22.345  ENF   delay=6.000 min_gap=0.000 jitter=5.585 gap=11.585 since_last=0.000 sleep=11.585
13:22:34.200  PARSE Account 3:5:60 → 1.667s/req pen=60s; Ip 8:10:60 → 1.250s/req pen=60s; Ip 15:60:120 → 4.000s/req pen=120s; Ip 60:300:1800 → 5.000s/req pen=1800s  delay 6.000→6.000  min_gap→0  max_usage=60%
13:22:34.200  RAW   content-type: application/json
13:22:34.200  RAW   x-rate-limit-policy: trade-search-request-limit
13:22:34.200  RAW   x-rate-limit-rules: Account,Ip
13:22:34.200  RAW   x-rate-limit-account: 3:5:60
13:22:34.200  RAW   x-rate-limit-account-state: 2:5:0
13:22:34.200  RAW   x-rate-limit-ip: 8:10:60,15:60:120,60:300:1800
13:22:34.200  RAW   x-rate-limit-ip-state: 2:10:0,7:60:0,36:300:0
13:22:34.200  RAW   cf-cache-status: DYNAMIC
13:22:34.200  RAW   cf-ray: a1e9d41a1ea1e32e-WAW
13:22:34.200  RESP  POST /api/trade/search/Standard → 200  11.855s  delay=6.000 min_gap=0.000 last=1784632954.201
13:22:34.200  PRE   GET /api/trade/fetch/df85d4323d36d87b8c5c6933e9b19453a6d19e41762a1db7e29d78eeaba5857f%2C030b368cbfd6ab6d66d7dcf85d99052db6d4f2f1567baf8ec52bd42e090d1170%2C71ac170245957271305f34a2928460e834fd6da55a97af53089f1f9fbd03692a%2C26f9cbadbff3484bf3e605ce407bb4c0ed169777c9b3ed24aa25d78ce8fa5630%2C90533271d205d027f24e751c5fbdbc885ec4d03c811d48c4792ba37612dac616  delay=6.000 min_gap=0.000 last=1784632954.201
13:22:34.200  ENF   delay=6.000 min_gap=0.000 jitter=5.552 gap=11.552 since_last=0.000 sleep=11.552
